tribo_f1,tribo_f2,tribo_f3,tribo_f4,tribo_f5,tribo_f6,tribo_f7,tribo_f8,tribo_f9,tribo_f10,diff_tribo_f1,diff_tribo_f2,diff_tribo_f3,diff_tribo_f4,diff_tribo_f5,diff_tribo_f6,diff_tribo_f7,diff_tribo_f8,diff_tribo_f9,diff_tribo_f10,tribo_feature1,tribo_feature2,tribo_feature3,tribo_feature4,tribo_feature5,Temps
2090.4904266111826,951.9547934032498,966.8008309950668,572.4125785878846,570.5433000543632,288.40885233069906,377.957631224277,284.2523213154508,168.17228270283957,1011.1604705877181,55.00793308120654,11.798320986457943,252.6260516537431,84.72047366497992,276.51007021148365,287.37948374530885,101.00291807546161,418.80758708630157,207.8072179126466,1606.5423273240267,121.27272727272728,6180,205.07888623291086,6648.766484225317,2777.9637411138583,4.000000238418579
2090.4904266111826,951.9547934032498,966.8008309950668,572.4125785878846,570.5433000543632,288.40885233069906,377.957631224277,284.2523213154508,168.17228270283957,1011.1604705877181,55.00793308120654,11.798320986457943,252.6260516537431,84.72047366497992,276.51007021148365,287.37948374530885,101.00291807546161,418.80758708630157,207.8072179126466,1606.5423273240267,121.27272727272728,6180,205.07888623291086,6648.766484225317,2777.9637411138583,4.100184440612793
2052.6561286101046,955.6674757105549,816.3932853978056,596.0053785718094,380.7987805660632,47.672943970366084,327.2491916379277,494.4119479618574,79.12047337110602,974.586184287955,234.75942462862395,209.66479458709986,325.8543179791947,279.0270065503863,266.42646520850593,107.85529070397266,263.56314813368846,505.7969453389484,54.64180088321882,1441.512784151775,134.8181818181818,5934,197.43504444481738,6823.641034380406,2657.6893652256367,4.2004241943359375
2001.3820506714987,942.1153509276089,608.056545693356,560.4831485196845,126.16554621069375,221.6911736634512,174.42298088338018,523.5894216296019,253.31974254894882,1230.7924341302235,68.86638330534335,20.10594750529185,293.7657990710931,87.35442793157466,333.8435751327059,301.09514136611455,183.28764433478582,337.88872762020185,185.69215628533962,1546.6107809149505,129.79545454545456,5687,200.45451425061069,6866.972380026073,2788.646237803094,4.300469875335693
1940.5406146470834,921.7518014740417,353.1296530061861,486.5390978975622,192.04869307770682,458.723308169874,128.45086684332838,370.41214610270555,354.0375484480917,1266.1205192266423,105.33067373779222,89.60094270338209,370.7886413676023,133.29970219310337,404.435464662888,290.476877604735,259.75575924899357,382.00077994068994,88.71763119102891,1492.1009230480247,121.49242424242424,5404,192.50051149004537,6929.733034809791,2730.0035063562646,4.400707244873047
1856.8962996606995,908.3818657442889,33.83922676987555,397.96234463092935,570.661625327808,675.691269001566,397.3657754236604,21.74343778803383,326.83876754541745,887.9562272794444,80.84094461078801,56.371860110792134,224.8393279906438,25.860217526886583,380.75921414926546,411.55314427246174,280.96332234604745,228.45523782627467,202.247599555986,1377.6615993269852,119.99242424242425,5028,194.65218770478492,6970.9608899098375,2628.810969088953,4.500709056854248
1809.7185241990164,904.9962550505244,249.572859089676,372.7455345204188,725.8014306734565,691.513528414294,479.0988621556539,235.63274966537864,212.5813712354485,852.9498237868713,71.40369155218,35.920883475803954,242.85267936613482,37.646855059885745,359.43381698575547,389.25131795101174,251.96212846262114,228.8183978783051,217.9501191848683,1401.394701225326,113.36363636363637,4800,198.06495911770534,6592.676474852297,2694.710835562052,4.60090184211731
1711.2397162645436,835.6281889610196,501.97049050548026,250.8541462806147,678.8702113765692,435.9488680927892,258.9704310453604,242.42498228455145,191.97378156788812,994.9048171894847,132.2472804259538,123.17176377149619,234.98354941569033,211.22952078172625,326.92399892286085,603.6122062781965,462.0140271089518,167.49303794132197,375.45877703475634,1136.7253571705576,112.45454545454547,4499,208.69708087678674,6213.840899575334,2727.913999127737,4.701335191726685
1556.0254422141325,687.6938906365863,715.6195545779049,183.60207278395413,342.83368947148455,453.76388359467376,324.9215740023078,73.7112307732045,366.9058720412231,747.1762587510666,242.04329946943764,213.05948407396977,331.84146055701484,111.09618355329894,263.46607316644145,412.2680246357747,338.65085096474195,84.55767088744712,474.484960216717,1058.5105553205958,116.3409090909091,4127,169.14262343418977,6584.413347846318,2578.153185726581,4.8017072677612305
1535.5881740231903,663.8824000774488,718.0035012606666,178.82387420689267,322.83302012811606,487.17227987014064,343.84557970275426,71.6666662072991,328.05784618052576,786.3058661376158,208.4773907175221,180.49451854977298,293.438718423047,70.6393956941822,288.05832895954234,413.2850244719628,318.2144671856875,44.08611703139603,442.45058046653503,1085.72837435248,123.58333333333334,4080,176.47105594581657,6528.376657780405,2629.933437525966,4.901870012283325
1443.735716126446,551.1938991296877,688.5627037396378,163.03493433075892,373.377168894561,553.6350469913009,328.2493077419566,109.72777597764569,278.9695842980579,822.4249597287435,196.61602426454363,244.34149932663732,108.11642099243488,202.2923872945587,522.4547758784842,202.4428784509509,154.39636829543417,192.7798733453132,629.2273713804415,911.3200118017274,110.36363636363637,3941,170.7970258984536,6263.6426103217855,2584.9496256410566,5.002251863479614
1063.3365238737426,184.09704273848618,477.21850261624263,493.9467408807013,923.545363736037,376.61075898412753,184.64425823267229,412.33656723037643,715.8276280010031,499.619764164613,105.66910457326341,107.71243891813248,81.40143124055533,204.25382098764456,592.7237433068987,229.8227648421906,90.9054285458121,322.279750662591,764.6985250054119,812.660361475735,123.56363636363638,3340,168.18997620273328,6397.687800656008,2473.343240401698,5.102255344390869
1063.3365238737426,184.09704273848618,477.21850261624263,493.9467408807013,923.545363736037,376.61075898412753,184.64425823267229,412.33656723037643,715.8276280010031,499.619764164613,105.66910457326341,107.71243891813248,81.40143124055533,204.25382098764456,592.7237433068987,229.8227648421906,90.9054285458121,322.279750662591,764.6985250054119,812.660361475735,123.56363636363638,3340,168.18997620273328,6397.687800656008,2473.343240401698,5.2024085521698
1049.368653306729,183.28832400528665,466.7504778177165,501.9564174347873,930.76998272778,357.6539286914225,184.8853962676328,403.0444488788389,701.6568769812498,521.9164126055634,136.83143036794183,14.3210407704279,186.9850339022388,265.5441630118235,667.5511702414574,326.58249353282594,155.1199603399454,453.59138990381933,905.5277264619984,701.978683281054,125.45454545454547,3316,167.29667420007377,6535.914128161866,2594.2674352962604,5.302653551101685
929.4403891639203,207.61996030645312,343.35697287733495,491.12698266858155,873.0666019370661,220.51759741667811,92.28859740424895,239.19900294460382,567.7580516926166,518.3944847845747,197.49544672302878,205.78796515998067,211.21217983315975,71.12301421658138,486.88572774910114,457.9529830214826,183.85887155590478,508.4363181987254,998.8268469165815,542.9920389591146,112.18181818181819,3155,171.26913261144472,6293.696345349143,2625.90151983462,5.402757406234741
767.7517856474088,337.3257898893718,165.43808033846838,424.8353563926044,690.7288733540038,333.80833903972416,145.55090051855498,307.9053140519216,708.2652553112025,306.66285421398925,98.23360175674773,90.66213402962077,96.42882666575798,151.43061247417037,507.9159116581295,356.70485044125127,99.97753156535015,414.73737097197306,935.3269639045038,510.8907771682006,111.67424242424242,2930,157.09844637087122,6404.263252566956,2564.8221638634695,5.5029284954071045
646.3714804017651,457.346183309073,82.1377605794408,347.01139356904923,522.6753873180695,501.0036124606903,245.0701292665565,473.07230769932283,855.7060267551542,300.1015780081688,79.21831104972341,117.66295314530731,1.8298250031730763,183.34459287602138,421.44220562754765,432.63598215996376,219.2300661012492,526.1356201143544,1073.7915252073637,443.40670481563023,110.32575757575758,2766,143.1826626970429,6568.191886657253,2399.119361767179,5.603012561798096
596.9280414412924,495.49436321605947,90.6477023157189,294.4965929984564,491.3092713459555,527.1514043940597,232.01521897267256,470.93215194462346,821.1757839449181,357.91073822912233,146.43673559326092,98.75389604975416,146.0140801875588,195.45002312353395,560.2552843959995,295.04723671242743,114.94909444638364,392.0788287957679,983.3524851607001,362.1399214054446,110.32575757575758,2699,144.54029297852702,6470.112482753466,2281.995655392404,5.703311443328857
469.55164469925995,582.9011570601771,197.478460230474,133.0818280301241,551.18430356437,500.6142931644358,132.35456298508643,344.0675591229793,657.2295121291107,371.20603554699323,140.49995096438596,91.14993056013805,135.33848370951463,194.33936220353866,546.2074075790676,311.48730183990585,128.49093036505388,416.2158433745596,998.4125054451854,386.18148010178675,104.8939393939394,2534,150.8309060123974,6440.470071754809,2340.8606115596394,5.803548812866211
344.88386218156387,654.19173219835,318.5584207777848,67.57259302891215,716.1824043244167,360.11446997284554,30.64552113163234,237.83472412952693,708.3004127421568,215.86239777003516,41.75944194203807,175.31473554822878,121.61674231271815,51.36269255663943,524.0153365598713,345.1440760657099,6.03416623419915,291.4508675157725,899.028781063467,331.00050082977873,100.52272727272728,2362,143.3777612799609,6272.83470294325,2230.819598411225,5.90362811088562
344.88386218156387,654.19173219835,318.5584207777848,67.57259302891215,716.1824043244167,360.11446997284554,30.64552113163234,237.83472412952693,708.3004127421568,215.86239777003516,41.75944194203807,175.31473554822878,121.61674231271815,51.36269255663943,524.0153365598713,345.1440760657099,6.03416623419915,291.4508675157725,899.028781063467,331.00050082977873,100.52272727272728,2362,143.3777612799609,6272.83470294325,2230.819598411225,6.003944635391235
360.5372529033826,655.344871672673,317.1512053854485,50.468325092050165,713.6418508414923,367.64685797073054,45.76661467342774,221.2718009617139,709.8919714246523,198.7681243444052,55.29515098071451,153.90783833632003,96.37655758098686,38.74087429582711,494.7573773492309,386.4273184640382,70.52086954622398,220.3867212833949,881.2124912279538,258.0031765992763,101.58333333333333,2380,142.97655530962624,6319.8358770492505,2207.8799805840677,6.1044721603393555
289.2732690235175,630.1364625736509,294.6919170248228,112.99065881461343,669.5592402549742,409.51577806705666,48.86040558921601,232.74298581997823,630.414300005293,226.51124243231334,181.50934502612404,79.30874872710035,85.55771674799814,161.70610308544374,418.1420790335332,497.9634250672939,205.51432073552422,96.74327047363369,928.3312445480104,131.1805612873406,87.08333333333333,2305,136.18120150764324,6508.84221116745,2078.342992335043,6.20448637008667
126.49513352711747,549.2935540312068,245.41197248083319,282.78737222980885,476.0560790173805,615.0345326545576,249.23409393354052,151.49011629595714,584.8336123173535,132.61618944509564,78.46760606033486,92.32547918827986,22.060034981297107,138.34532617532153,374.945632203986,524.0837677511032,216.39994619342076,102.77926370650293,835.8947329798909,126.25589461873514,87.08333333333333,2091,130.22313868751567,6422.318433477942,1973.50857742329,6.305238485336304
101.36254630470931,505.45541587781514,234.08270891070336,346.27498210348745,387.7304432495445,677.9609285825373,298.3264090610497,79.56159061872656,680.5707603773643,38.207175507213236,4.7636889081742835,148.55648582274603,98.07992505349571,204.18711893638994,305.46208308424406,604.7009320014452,300.4865219359592,89.11827693974648,878.2474279542623,58.23059877325099,88.41666666666667,2001,127.05732935293882,5787.771375933453,1925.703780868692,6.405279874801636
101.83076079346797,500.7894303184552,231.47171016239724,347.838863823003,385.45484753563125,676.7564703890473,295.46938861503367,72.35959329164014,683.0364499102078,35.21806192640011,174.1685839316963,146.11887039594626,117.25748921831328,31.47491325927798,484.64744626758363,476.10608527915883,251.8276330926031,258.800986482039,713.1254405131551,235.71784246867327,72.58333333333334,1989,113.91322305105075,5303.63157279575,1767.1365778971744,6.505554914474487
207.1191240695914,357.19320489698055,156.87313121929128,322.04109916517774,500.99820709610174,515.6707172638588,110.33385460037795,191.38932662726845,526.1526393928967,219.06295946408923,107.74321855090669,100.32240921538039,50.77635167541024,80.82877779225942,441.39247371208603,466.6343774026971,196.5222090383218,229.58112576648105,699.7889652719431,246.18853875561163,72.37820512820514,1807,108.794496943934,5194.825779281683,1718.8539942181797,6.605761528015137
312.8916676042259,259.28298171873365,161.02649961825378,287.651898743195,623.8034485993911,400.7610251337855,103.43753729521006,287.82329415501835,442.54201908956503,260.0132205014586,47.870628596266044,79.60171069293675,72.56185244429496,175.327721207422,476.34964903676627,365.9677285284614,109.26220928788165,335.9053302856046,577.4767923358385,365.11885347747807,68.48076923076923,1681,100.29545597534826,5337.121088724669,1584.671288982283,6.705991744995117
292.42499884155785,281.5608660992243,163.72779576251327,304.09535497965294,606.7150061908301,407.2580228690232,79.09275725422405,292.94960083845314,427.1068140881143,279.47890668219213,58.87450659837015,94.26623872042293,92.73249607869874,196.65772427397243,481.05631137113687,352.54369346877485,94.69946016640861,355.1574620866067,552.8781742324106,390.6666877716224,67.84615384615384,1706,96.66100847261109,5393.5890212166205,1604.0953998932646,6.8062050342559814
280.47355096000877,298.7189393467685,174.96358187473646,321.22185446020023,607.902322316849,396.5624586213313,74.88531584617313,310.8515446445881,411.99911283896034,288.9100769152418,50.41814269684623,124.40915957961134,75.14369758397544,224.18532317946438,398.46472215937365,400.05198186438935,33.12040848566351,415.0337897551793,460.9455094371238,484.0314017082562,63.94871794871794,1726,99.5551287677333,5266.686732595175,1526.256315169103,6.906412124633789
331.2930339558593,221.46037236616485,104.05187037681587,252.73992096933958,549.633776684128,476.3241931409978,46.15498849999373,294.4034207517742,385.11906900559586,358.9679195707242,42.222245165203134,76.48086824878196,45.207381625339764,167.82833633691112,415.3524484303925,426.0421112203356,34.26172118168132,358.17587893776965,492.3082392070135,502.962493893755,65.64102564102564,1642,96.91990837108273,5278.465022512679,1467.2455833961208,7.006419658660889
341.53912102330327,207.75440019124466,87.15733681744082,248.28859910165048,532.5769088875644,485.7280558364484,36.52900382045846,310.695115510276,368.37442433689125,364.925369787271,35.599829059140305,84.96962642823318,49.14758558507695,178.59664480758642,417.7739207085187,416.2477930180652,30.223029605665552,359.3953576636035,497.17620068024263,492.12953435709755,63.0,1629,93.21100167247444,5284.95565948695,1458.2860078631961,7.106517791748047
348.4420729899429,200.20712538812597,74.30581387883731,253.08576436901535,522.7909154093785,482.5860256872285,23.560664919828103,319.80743052685114,366.8134722000569,354.3310905878332,31.804421071192234,89.84989483081281,55.91653464425496,178.81154198105168,426.95109268250286,417.46889535834805,43.725428255831225,347.2950490234782,498.8296915375062,509.93618373687383,62.358974358974365,1613,97.06833359019299,5378.990184317303,1448.96997467672,7.206650972366333
368.44357269085396,194.5542591923715,54.471307889536455,294.06392946729517,525.5086418234331,439.3540028437322,36.811375488969844,297.7073251904197,413.1905612775142,334.8315843069948,91.03163714867217,26.585200727270042,10.754346140134054,180.5616193219961,371.55655317902665,397.7061894170945,52.65300036504419,368.84662640701526,556.1454150563438,441.45617211699914,60.070512820512825,1568,91.67229620529545,5524.261908859824,1375.8599640849916,7.306672096252441
352.69284163571854,185.6507909198033,63.28426615875571,236.9085171678087,482.1352538260113,490.4706483579372,33.544938798520256,356.3456835400728,398.35909939841076,280.84922128762196,113.218387225007,9.32992045390345,32.99112635474989,183.20001345116498,352.1773837331288,399.1620072869637,69.42287066823114,383.20071823601245,567.9491559084361,419.52607726657095,58.15384615384616,1626,89.57876098504374,5567.154550607296,1412.394382091045,7.406881809234619
354.9397684952246,175.79095847641224,87.63799768074665,207.76624112784586,430.39563673298983,498.1999965770508,82.07586552372365,368.23122384002215,447.9431257979188,266.66359514807203,89.23957174297135,22.636733215108414,21.713427837618593,161.74749344213419,344.6868746961007,419.3876733664268,68.5471989974655,400.2574049301876,569.0518784814744,407.1202268567028,61.30769230769231,1677,86.86898376558392,5397.336745566345,1390.1966569531228,7.506924867630005
366.0073059045073,167.87840609060805,106.82625942333931,212.78805670414363,403.4909059486381,477.83302954796,103.4525748833692,343.16859268004833,471.07823381547564,301.98823692549973,100.90616263585862,15.792586328595002,20.29700728185765,171.50619564806797,352.99520561012923,415.2927104287274,62.50215573802246,400.1314296147548,566.7873703135857,404.34658257073164,58.52197802197802,1717,77.57723088061456,5140.720791889182,1352.246861627089,7.607173204421997
389.22565947419434,153.13254675947852,120.26198070660338,248.71362146933885,412.5176762146417,435.6708836725514,88.44571838846613,309.76970422582093,434.31721112100547,306.36865398960487,96.37346686446125,17.308140677412382,20.838735606281,168.65671412650815,350.7727074338636,416.4397166885759,62.3429254119175,402.92381037936815,564.9618010141659,396.1011584002873,56.83516483516483,1755,88.54753325060818,5212.384748782466,1332.9015719776958,7.707392930984497
407.67060135297316,142.6227519180099,125.61306667985039,274.60454907896144,433.20982873049604,419.79705112970186,67.91939490072343,314.3417566344437,413.3546187387033,286.1689071562282,60.05985455879327,114.08324403011392,131.7139283840473,208.0613541674824,327.69064628494334,308.47889958537235,105.86693437880785,333.98760621575343,464.67578883529393,383.72965542884043,56.83516483516483,1784,79.97037548313693,5962.859140334938,1292.3472153378252,7.8075902462005615
350.88727364229686,195.1019813724596,156.2989142216059,225.18403080736275,365.0737536370054,398.3115224975659,133.6790177874251,245.20386847800023,379.6811341987977,317.354596373114,97.28111594588349,155.68332709879883,174.16754471525988,253.9020088173148,365.1824129211455,279.82881190099954,102.30706896063845,374.2330402363028,454.1763615908943,332.5274020912789,48.604395604395606,1714,86.71424632446141,6502.471357499726,1318.2108892221909,7.907801866531372
260.70990819713313,306.19934510171436,264.03410638930865,245.86505192838754,322.02917407258724,298.60772645715264,199.7238070675667,236.89955170404318,266.6832997139781,236.5288871523318,72.34289639264404,102.36136928755809,128.71946745861914,126.43522958472143,208.56621977946568,278.10334418261226,246.14301765852431,254.41522172294822,313.3217924093534,341.74559621775603,45.48901098901099,1594,65.61368001539455,3482.5352907832885,1135.992709665999,8.007847785949707
304.9300187563781,253.43194009956363,211.96614219171298,202.7560926660523,299.31248872225774,350.38268823602687,214.77867624837646,184.73662512387259,270.1188673047972,286.29852177923146,84.68392509165092,107.40111211309653,132.3288203730006,119.0864455675493,197.35316938245364,283.39168180828017,254.0307534447884,245.14429626916922,312.4186575889737,354.04951842763023,48.2032967032967,1655,67.77687682890685,3662.9405143153726,1094.4121334236233,8.107932090759277
360.68439876815955,203.37624553956013,174.79183138100058,143.84780409108052,243.34749932697466,368.4812294753413,273.66811723902094,172.7655854106351,210.35287358800497,250.3368381298878,85.72057318322081,106.9906823917776,132.2808091918195,116.41706996812287,192.00062086588696,281.8449322450688,261.7280915333264,251.05902359286105,303.1134605260674,337.02466795775945,46.74175824175825,1706,71.20515298697192,3910.555478558759,1091.369479075703,8.208112478256226
416.2720002560986,173.9775329077886,175.33706906318625,102.00173713697353,190.87081612663957,349.694592647446,305.75374081251323,221.85040538802042,193.0443172290827,197.94526837298633,92.31698822677352,115.52004468915767,140.48955758888346,123.36088956541252,196.7551708880243,277.9915917297432,257.74530006807197,249.79783506230407,303.050070199778,339.12263446342195,43.92857142857143,1768,70.7131949151644,4671.5803155216145,1155.1171154422914,8.308352708816528
480.12164572509096,180.68975778987036,221.34806151399914,120.97870574492262,181.83683550050978,288.18558330835054,279.55754953688484,264.26002231982835,257.5504298922454,237.3002922455161,111.3937599843783,33.33365139218724,98.49901331965816,62.635092945343736,76.20104751645954,263.91441764044043,347.0178987402572,383.9916346042602,377.25441906877245,337.5662498562839,38.64285714285714,1829,74.69193434040409,5465.143079239539,1043.5600491308226,8.408475637435913
406.51203207861266,151.94210588131517,148.38779043330484,58.38434897261543,137.60362849661874,352.7852226183184,353.9807700904573,303.61673135226454,244.73902937207092,187.9415813491754,79.25309118686023,114.88746307133195,100.84180113545744,93.55474860837862,160.98829378696485,377.9015697165877,401.4616627215361,342.448415659296,266.83765645941236,198.5867644108911,33.785714285714285,1755,53.05927336585134,2650.866997108413,899.5308887494716,8.508604049682617
469.3287500493066,192.69257319923142,214.3906362305196,124.20655041952506,201.53413155976997,350.209027410467,321.8874795999623,242.79022452648812,179.56107179077958,135.47184963891954,102.23970439314702,50.67490021946173,124.8703220111903,97.54002950440693,167.3575359737432,276.74130746456825,288.6704385951366,245.04997246857522,216.88390936331544,200.4367213777915,34.24761904761905,1820,51.23317129110992,2543.7749242706323,789.1794022143933,8.608613014221191
402.323013667665,127.56125438917563,156.9723245839085,68.97606661227333,141.99515169937376,287.71478256767364,278.55736584473124,242.1127958979703,217.7329021934583,196.21803788302785,147.69272003768688,86.01715111190286,169.59193430586137,143.13461856627856,206.1667838199883,253.16583673852568,249.66097306450715,196.48235709142787,182.07336907409032,185.94050959110135,28.642857142857146,1747,53.81667202923178,2409.5025359179845,770.006626059247,8.708750486373901
339.4781250625379,59.22263047846096,160.28476624001718,119.77890006257894,167.78328851865092,199.06073601572314,188.86961010068205,174.4798935406361,184.05847205169226,185.9571980208963,101.6934589168388,39.54320231173249,122.78315274893357,101.87107877688838,163.71562353926157,219.95178727183966,226.36957184146684,201.83359379448788,212.23483259419334,226.82672533392602,27.861904761904764,1650,45.795178076250515,3252.084758350349,728.9216909812549,8.8088059425354
312.5934895542846,47.89174353432319,214.39259185137385,186.05995411966822,233.79614428114664,189.95226922249168,168.61602162788085,121.12390968311038,118.67969614106701,118.9913453206949,14.889461411166705,53.214179291951524,95.59002659888507,132.91482878254757,192.14834496862562,138.33971982487267,140.26529072525497,104.74193888884292,126.38490955800852,143.2392202240269,24.923809523809528,1592,40.209401657689995,2470.1317275906213,631.6303730833285,8.908958911895752
336.02026905589327,85.33553937584661,132.88432690836603,132.1509333547239,177.01873646338933,131.47164712225427,112.17124690033242,112.39980125279017,138.40570271413537,139.14824454488576,29.036254845214856,87.63133363084741,101.37410135820694,153.73710444639104,206.96819163903476,102.62443555689265,100.33200799003832,66.51058223789413,107.31047931700024,125.14392662422352,24.400000000000002,1665,46.070635228841894,2717.8536452021785,658.979294879586,9.009212255477905
345.6629473009488,115.7880704334651,103.73197253177615,137.7235838598113,182.72966772063532,100.85264972640284,81.57029875881163,91.62722293230514,121.37946949311224,119.56047477868735,19.564130711480924,54.35765901837283,79.26156949288291,118.72214297583217,171.4399607876363,111.38742239637456,109.94651100953465,106.1658455202083,152.4905801453878,172.86417872769997,25.458333333333332,1704,53.10104384782599,3784.8814671191594,692.5901431993307,9.109423875808716
369.8083674951686,197.0423163677503,85.27310525374301,209.82309553913595,258.3462148043362,75.57022211073712,83.44227071973049,36.16882902653684,58.84578369830857,83.0085579498443,122.27474156585136,99.77517801018917,35.222812080653064,141.01407597332167,212.46005020210592,43.422039111798355,81.57483651339449,38.56084145932024,20.4259447345368,83.11192235141871,19.34166666666667,1780,43.32784976863914,4471.542443491373,611.8811835802791,9.209674835205078
358.496219885517,104.31303363897949,84.58351265258199,107.24562229456727,167.45706648539743,52.37871347157863,26.056022153869844,76.33771446302111,70.78485456850785,26.839591684439196,43.43963587296359,23.52328336674631,51.46249626901726,57.79698801539257,116.5430938298234,59.6513612619439,34.0303637585503,99.52397575218511,104.24643275321708,48.97866266574207,20.4,1676,33.942041365161266,1621.3491815831158,510.66034261765986,9.309674978256226
354.8476991357969,116.21193273873564,82.38682887831183,119.0702331786265,170.39638850083568,57.20118312538995,20.432823632003203,75.38169716676333,80.03638120185974,35.709206107330395,76.2326573608127,55.70431520581544,19.284043707706182,93.71348650633185,150.88876496911863,42.70459004547425,17.232751293580623,75.28455082124093,101.24101942609536,55.06069344827441,19.395833333333336,1693,30.739517430405584,1525.2396344270712,445.3039827445993,9.409796237945557
363.2732648170984,110.46128659985212,73.2281293067222,121.67215389413535,186.27268719803018,32.390532347852854,6.7235949805602555,50.536988023118866,58.48034073444847,25.224139572374742,44.078703312961416,19.736366695611206,48.02914651607072,62.80757500921475,136.7870454828397,30.9306821160547,21.52246277653585,55.56170039043485,61.45871122369241,27.42632235156757,19.395833333333336,1673,28.620509614898058,1376.5222737531708,404.8199708528166,9.510074377059937
355.908623773596,108.30230352952789,83.61141775758922,110.76952698878081,171.32833290919473,45.187519864601775,17.407036327565333,59.20494440513167,52.23321720987572,11.020170949606626,31.66167970059664,8.539477340182257,65.73356873331005,60.07391894196678,147.4671411563862,26.29001379901437,39.073171606602315,33.430353795445505,56.3557897153723,50.0889977545045,16.616666666666667,1682,26.326275371016997,1282.3810776169894,389.98964702548614,9.610115051269531
313.0499957132787,109.42453754941339,165.15644714151483,33.25871234756622,121.84641827918551,102.93680207095825,97.58049668395998,77.36905661971099,31.929047782700387,85.23025682544495,34.02586104606622,34.79367082474742,97.15889933306322,62.33625338353243,160.24915075987136,56.95181810809055,79.98436034487021,27.750042745067205,57.26624323792379,94.48965863653822,16.5,1770,28.30014350732508,1539.2211877085506,452.4416653548087,9.710415601730347
306.06141029649154,111.0891781774001,177.1776506811423,20.51888306479773,127.90596727819,105.29133277129694,101.90153063139755,71.82122199510553,36.70865857577616,85.9698681183496,66.1755668236331,55.78464106955692,95.3072923096427,22.01555833815987,86.2469712790346,116.38481640681638,127.47373029399722,98.55439605145953,68.70120869328424,140.16180347203698,18.6875,1781,30.64431899937729,1977.4431421360503,478.9515124597739,9.810585021972656
323.2623160259165,116.9260817038265,160.50736609083708,44.02665534943705,103.62898924299608,122.85143202302615,119.38207490737634,97.04162061959084,57.929993520791086,110.90081113575155,38.8043260922442,18.19081128643077,52.64618683755071,46.32716392416163,82.35525386713778,106.93032920134141,121.58415995108857,130.52551440834063,84.21897650768251,172.179126840804,16.3375,1394,25.82938737972028,1621.553517685565,421.0408159408838,9.910813808441162
277.2061185473793,93.72792107216534,182.22696805735944,46.415269502736884,160.05096649083706,64.78361674189178,66.03604512748481,97.50216434981942,53.83830045714286,117.07896621017863,35.786230860137195,15.30242207423049,70.88513877627334,38.348682343783274,113.86578001075273,70.6772651035298,83.16211910286103,124.33328805617066,76.9250573366274,172.89479178955222,17.391666666666666,1458,25.405932683236266,1308.1289090702917,408.643736624711,10.010921239852905
247.5895269305425,86.09757608411437,189.1556783062151,83.52477862622521,182.36167154201345,64.535316689759,80.05744243967378,134.88912749552316,90.52246443679171,153.5295413159807,46.48788633238005,30.72656004523998,31.387135721896414,68.25122136012082,86.74984449851871,106.5835544074811,116.83099432919929,133.51573921983754,80.11615996033089,170.30341557782987,17.391666666666666,1492,28.842063804264136,1410.3799794108322,411.78916553874,10.111014366149902
255.82719875864115,89.33381010796109,190.92283192007542,75.01848472061748,182.76079928529734,55.76616885499452,70.4310599875309,130.92308664741495,89.98537744016129,154.44609433652195,36.87807871726929,20.214308086666094,80.29780413475349,38.89479840765669,131.24462471749732,50.64652628939009,67.12105677637025,144.4893640342077,110.57602962407026,214.04201198422487,17.329166666666666,1325,26.14543651080602,1379.1224525476744,458.02392405083856,10.21131181716919
179.05216315152623,71.01387791386941,148.97758115492977,131.94623296813816,125.46576565407518,135.82860780286566,125.02698976721689,75.24091123171253,4.434367272700385,77.29078181507396,69.8867399363981,56.30732667023697,38.494807493504396,54.12418463597578,77.62169868864888,94.42891494592374,68.88344539819465,77.87986022903132,81.25327619744489,186.8269489154276,21.366666666666667,1408,33.629938994096726,2155.7526198186297,512.9856743714483,10.311507225036621
177.3816898674417,70.88468865665057,147.5518596468345,132.11119301399754,123.76837174165489,135.7096287599039,123.95867070792146,74.08332263356715,5.605166306455192,78.90597829887662,26.61874505297357,16.301858420171193,65.79042377764834,75.7647990866387,95.60954883599067,117.3294638507112,124.87762278164283,90.86571308878545,12.457529530409328,112.49998539433001,21.804166666666667,1213,33.98548034588892,1481.937081983931,581.063860084405,10.411526679992676
87.05308375181795,105.2857502086729,67.03158132649759,144.81080446949133,60.419674739585226,122.00178089032859,50.93348225115587,103.07892063152046,102.59161226779806,168.17048355803462,77.69854128027269,60.68262586706423,67.97219458859098,14.838496472674061,127.88441851039973,36.65833411895619,66.0157561762892,153.30970816708574,99.95485928664758,168.84937596931843,25.65833333333333,1304,36.18207617397446,1873.1831624484844,611.2182876478145,10.511573314666748
30.818030906615597,153.17385786161574,27.31873842166913,148.70428174985895,116.26771813346868,90.1221719295294,19.258798392611475,165.9576278804145,128.0322063775005,155.30555617123343,76.4094690895161,57.936514847405235,68.00801224751535,11.224650841877086,124.49950714006506,46.418556204344114,70.9115253181242,139.74706233210557,85.61447431006488,164.39152997637322,26.862499999999997,1341,36.760716068726666,1667.3394691158182,544.9269722540517,10.611859798431396
75.27043325584692,216.3529136580912,87.49449511800375,149.50992655112367,200.68541568100792,48.76265496385977,96.41549055030029,193.02856890941058,103.60347574081561,72.12238064114433,48.40110117272708,48.820588950210414,45.85209609716268,40.20975637673566,131.9671132694228,16.510111955260786,74.17563275443263,175.33613225105813,99.04881000801264,133.01919634135996,26.862499999999997,1420,31.94829662897806,1660.270823896374,519.6650706334763,10.712155103683472
59.97362723938568,205.28932757239846,74.99145163136183,155.0119177616485,189.27842078437538,61.100326618605074,90.3123555393119,203.066233304409,120.20444378617769,84.64184822108537,21.5034809324426,77.21982033903906,48.31962942002975,106.2300010348996,158.75279320223063,58.313615181257674,106.92290929767543,240.45306154725583,148.92538629218902,106.29298991176381,28.066666666666663,1409,33.446281841217015,1554.3673000939598,591.6867945076012,10.812211036682129
107.82810612904264,227.5464922265001,101.07593494673866,108.19112175845721,184.26779111908004,21.237353116965956,52.34132060601984,154.5969310895139,114.51872338713645,136.08807177275273,51.85268424762221,26.01092177216043,27.733199868612594,68.05441968147062,89.04513526088037,75.2155577995422,51.60607045279711,238.3391084743886,189.6550570280121,172.11754335931076,28.53333333333333,1460,40.48625599191479,1775.4728370288078,636.5135748772391,10.91236925125122
154.98013476517946,242.92762446411828,125.14778730158854,55.41636286867789,152.10482434459735,72.15787838031076,2.010810425129013,183.54146658468895,167.714826011266,156.81492103240873,52.138344750245786,24.324782193271577,26.012980461595127,71.0397739598333,91.34895303503941,74.48195648681414,56.27608406833934,238.7679685889687,184.36882689925162,164.47319305350914,28.53333333333333,1519,40.487895512082574,1972.0020797812401,641.7437124736243,11.012590408325195
208.17235710468637,255.9441488946426,150.03945994379654,24.036050636310613,97.29936654476457,122.91689711274046,58.3911337212345,240.73033953778997,187.52062758334833,116.1163092509785,41.2866657146352,37.140860126187455,33.02620066041703,56.52839738841461,83.17098505875914,81.71097584536227,50.99187540830373,249.84907906270416,200.90673493038284,163.36297407312526,31.733333333333334,1574,46.880891716837965,1916.3524386677823,654.4518157333846,11.11290454864502
173.65802590113086,258.513595344401,149.6906141016746,25.50633550954935,138.34923122729487,120.8067796581148,55.63551368908073,241.23713314177562,222.77879026441735,153.24308895847142,44.98567935390491,101.70598077089365,90.33250460928873,14.106391731794147,95.17900457129375,127.92789559200088,73.62740417527682,299.64773862203407,285.64928187219704,196.2313424558097,31.46666666666667,1535,43.79993390248378,1869.0190732275144,738.175222280687,11.212945938110352
214.69401504011827,239.18577986420107,126.5202042451911,51.11090591274087,117.39686501216653,76.63102380569012,8.070189537752352,186.81442224939346,192.47100890198246,184.80477761963283,26.13964474698761,49.36839915460923,35.77709692852275,46.249485836383194,118.59811775977234,65.19012142657469,22.189904947272122,232.19795290469298,278.29629283642095,263.86298854868164,34.090476190476195,1827,49.12600822858032,2717.682386049184,798.7886329582016,11.313080072402954
181.92045080716022,270.8526642534256,165.60678829152536,7.53187103824197,97.99642803337167,129.65464237373075,60.207356330899444,221.73697684644327,152.59380188857452,146.93955817805664,68.24658233486902,115.52088696680099,100.23589060260007,45.44729437359573,45.18695992042521,102.38674493921546,55.74469593950185,219.45779830959899,198.92964707342767,248.68393477989727,36.11428571428572,1779,46.789374819540726,1874.9679369323549,845.8099042063727,11.413146495819092
170.93290643871435,306.09942928985237,204.88889990771384,45.93779228845214,68.02811665005724,151.65328690006473,83.94669066154262,201.79837890995688,127.07782202924363,183.1552528990866,77.49800038969923,121.05336012024173,102.83731413009833,53.6405026133654,50.381536965394666,90.74415277252534,45.41493683818727,212.55915704222855,215.81427315064747,249.1429786288605,37.214285714285715,1734,48.52807062080491,1973.7142000315293,806.0752816178167,11.513329267501831
177.02081491181008,358.4733745959062,255.7441592439633,96.55359398916124,19.57565860746781,156.21318195121026,96.36181389704339,148.67379028274908,161.72096389856085,219.31463386693517,66.56765234089522,117.67090628142707,105.26282350513378,50.99363281876557,37.18140628540102,104.21212395259313,61.332308414756994,200.70341199551285,210.03887293924132,270.5456302230339,39.233333333333334,1966,46.3561683550931,1850.3065978012341,807.1791856902896,11.613625764846802
192.29009883205114,388.2998863431525,277.6693544165366,117.06125066256527,11.535957234244318,134.17902951433732,77.14206292971555,147.05801520268548,180.96000222774398,191.33471696432653,49.81227771760953,116.13703439280806,112.72738792789787,55.21094733273856,23.193867076189928,112.9552884189869,69.66054362330327,192.5835445256175,213.2094428952071,271.9381849352965,39.42857142857143,1932,47.98263371727916,1734.098794097999,818.6246809595323,11.713849782943726
197.80182564748705,396.18981293795065,282.32857686494543,121.20809555400514,19.989309058848583,126.03491886384897,69.45008445705359,152.91225506621433,181.41192330510884,182.45199698982242,38.08722920321501,118.49078165345082,122.44444155282413,65.31651212548995,10.906319894754551,118.7271466112042,76.87747273186459,177.605686883768,231.939456213901,267.6204735457917,42.00549450549451,1925,47.3629989734322,1740.4787209203623,846.2130925387976,11.814162254333496
196.56454117698829,394.68055130816225,281.6990301762903,120.79683059613853,18.3486743071693,128.0427302420867,71.59539366020293,150.6479259608878,182.90684535136683,184.03341914131693,29.447383200754924,125.72744357663107,134.16520889230515,76.9066190482746,16.77876664492227,113.5802054496223,72.08486961759908,179.8297802356242,235.26156323198052,260.3193543592227,42.38461538461539,1927,46.4763568785837,1807.0406708130881,846.4820046824397,11.91418170928955
193.00221716443397,392.9833603506517,283.80645250268884,124.22660370775137,20.66855932825773,126.71980872276181,69.39191101217938,153.37571297469253,181.8806835619303,181.04309277436178,42.103021955384726,104.63678203971412,119.14347070069304,73.2878855042389,17.30951743224721,130.32530784159144,84.76718236017525,174.52490723466042,249.67860587674338,236.76190950558683,43.641025641025635,1930,48.30171468630293,1801.6813250328323,818.5696447787275,12.014288187026978
129.17394417778945,389.77425856482347,344.65661210256184,194.50073607817137,90.72914911037944,67.29179736253812,2.7562283975232376,221.8146703197105,111.6685318389704,237.5551202895768,65.92281107725636,193.32667995233055,191.18979635434712,119.32614259542378,81.02792447863843,78.07230783034963,69.47640497640467,213.99957277570772,197.46894478395902,326.54616040697954,45.83333333333333,2001,47.52681594361713,1859.475926564952,918.1866082512704,12.114582777023315
158.1418097492787,380.0843520687998,313.8877983089306,170.6398607793972,71.26296841573009,98.0244633424655,33.00978057856439,220.0579628005975,122.16827993769157,222.70104005687622,50.777577326950635,85.20148323069516,160.2335000658279,140.7391989949841,93.39941922134952,75.56357834272008,38.10821012888,290.92435897279995,121.11616518090112,351.7668064812626,51.08333333333333,1971,51.67333753940751,1721.6961367903982,1027.807000261926,12.214660406112671
183.39094132247888,366.2502561120123,291.58747055159404,167.72549431353235,81.91099430723268,112.48369581420822,50.17916745586145,244.14656300159325,102.44479725993487,245.48991041838616,40.908439134551124,95.02872304810627,156.2643052922013,130.5883129061514,81.85285288680319,75.70931133095367,29.744294490356115,278.6284542213466,134.60813069871105,337.4794678286829,54.25,1942,57.63817053309785,3179.548241567485,1022.9754420209924,12.314900159835815
205.9094423752016,349.85469855280076,279.20584487151183,180.36289442438778,103.89713217887497,111.21895837876858,54.16798502413776,259.0110932731062,83.79502194956228,257.73078721799584,35.208992454043155,100.4428039151848,147.4859942711488,122.04041036491039,77.47531490915003,85.64120611998023,39.520664814062606,286.7287990153954,126.57887868865555,347.6525003198485,55.484848484848484,1926,56.857452414234466,2507.509667627689,1018.3672321174296,12.415058135986328
119.1065594035567,431.99016970967347,298.1073795537626,97.28309680196729,59.28711702311399,190.67338333066746,132.60439936001535,316.5133510049805,79.7534488511808,338.6753225368784,94.27753154089824,173.614827196473,55.25947020669457,94.4777893386839,127.5388109681131,182.42549716013966,142.04899560885863,390.2989700847176,26.013238654355472,448.78950852459525,55.484848484848484,2007,59.72583485380284,2265.761664320426,1105.8802724912298,12.515303373336792
64.21333052576696,504.26387275119714,297.80438803111616,27.26460611453747,123.994866777702,252.91027461088126,188.670992350309,380.1156515315138,47.79537348412261,366.76232407272005,115.40753706834485,179.37877004304053,35.28330919204283,118.88280861886105,137.62766311836194,159.68549090920365,114.96378582607969,358.36334094947364,59.81394749226157,416.6449438820492,62.060606060606055,2088,59.837909731429605,2229.016054306623,1070.5224879312532,12.61560583114624
109.75302432503734,617.7253021153908,281.16576735477,107.35509465709423,234.76287265096113,298.70834645161443,216.9640174163583,386.341119436321,74.28502631893163,273.8193539762186,113.62139892711404,182.15821984379625,33.87480155071579,118.58691985884516,144.90465915076638,167.81660658623684,122.39758451644872,361.99391354095826,61.21068802353745,404.4159195064864,56.28787878787879,2197,57.05729811411597,2347.5348849496945,1088.219512010936,12.715607643127441
189.20718474817738,690.5813899958061,259.0035798332093,186.93133903139375,286.8415081815818,280.1230667420556,183.64278909722773,315.7050093438076,106.16463632522017,225.6338226186367,104.26309872231027,177.02874011588548,45.19858737396495,105.36265293358085,137.07505180227142,179.84668185085513,138.61951061548024,382.3589704566435,44.01815114664645,411.0194062897469,61.08333333333333,2287,60.0158207698126,2404.6483756559155,1148.7906818979518,12.815675497055054
288.50129665541243,763.8214252469351,220.39447938670443,263.2514224977375,304.9062454946169,202.3600822103026,91.58240064272931,241.42556204530524,95.85220344349007,317.6057671331963,75.129545249908,196.87063450227802,53.90848450038028,121.91052687582906,172.2416336726569,173.03935996434123,112.9781679993,344.8624442490262,67.96899754566574,425.87076422546306,63.36363636363636,2382,63.67797165900492,2367.2056759120214,1150.8996523204412,12.915996551513672
353.0146474851737,799.8957446012262,186.99224597523192,293.08082598494036,283.03998133667835,138.48530087049724,49.42103100765407,280.92312277381336,54.11549890050161,343.40797694764564,106.56302261124729,166.88262640060972,59.65218241699677,88.34560201563758,147.37618761051715,203.68481507170398,151.05107614847472,363.7911979928438,86.17322755669775,389.8074535549751,54.72727272727273,2449,64.32081599487115,2382.762489453007,1130.5274168934684,13.016045808792114
445.7419532951431,834.1301648679084,130.31153494530014,304.36327124728666,208.56831913906296,130.1207015215039,135.08539734877047,369.718193594635,42.00937010047423,265.0590508101168,78.2613171493069,205.06268408457865,35.872142814939004,129.67874868125168,146.9068660787951,165.69199120762755,135.87559763811353,388.46547359089163,55.30681447375792,384.86571053677864,60.545454545454554,2544,62.381836272006225,2325.288779275099,1107.2219579023854,13.116400718688965
519.2641294655358,845.7649223604637,88.53801731574377,286.41531794147323,131.01072962847724,204.89833931479347,194.87859101114339,376.4013668088436,98.6304532920775,224.66828847545926,112.66772289762287,151.42198846051667,78.55870538343154,86.2460225621653,176.98522613159946,192.17316918174987,115.3098250396191,342.7325143451777,56.3643827792289,425.4618206961215,51.81818181818182,2620,58.5428379775461,2377.9672099708787,1077.4343923592041,13.21657919883728
615.9434536372493,840.2125868870369,83.65920132886268,230.29187893019912,91.85696261371416,292.66832711017645,215.12160023518163,289.44856571734874,125.62974911411642,323.5683177253135,106.40987570256684,160.26785258724237,69.87843163401064,90.94122314278815,169.13070396523585,190.29709762631086,121.51573333181578,349.3830513555953,58.694836946878716,417.4626201832309,55.63636363636363,2728,58.837799318017716,2373.4296955969075,1068.8844274974742,13.316691875457764
717.7338832434453,812.9786393270376,152.54793064885828,146.30589992777766,196.59969129524598,329.8445955985669,170.49632802313465,201.29303725760136,100.6263251569709,372.9566629406606,111.26333828508609,152.78102952134927,77.74075559760166,88.53179821068687,177.94245801962936,187.85207308751174,111.51161969918651,348.176229526782,47.943349782942754,418.5121033960704,54.09090909090909,2841,57.43429957193504,2388.850791263084,1077.7942159905165,13.417009115219116
725.7668488206211,808.4801451280983,157.66590736117797,137.30075273269068,205.14047934273015,325.8120769100324,161.66902852262373,206.51053456555712,92.57965540906908,365.4320104015893,103.19077952653447,238.19336178891578,56.488580742948066,85.31574197906079,143.37268527183792,284.4772996542065,172.7580382717663,249.62084703086342,124.62020665456066,520.5480726048443,55.06060606060606,2854,57.88704146768891,2315.5746892340067,1172.2082622649136,13.517133474349976
743.8058030313222,791.3294245678971,162.35089986181262,113.39683240770943,214.26441050359375,301.8065650552445,143.35695102158218,230.56091921550785,78.17538429219873,351.05633165167507,140.55111228658345,267.163621374095,106.34799558157026,58.80746150320428,194.53462116598004,268.3886349145815,120.08159835764422,295.33970611730547,72.28506005316079,466.87039738449715,58.59848484848485,2874,62.737603510147466,3300.7203619330503,1138.5864995170123,13.61717176437378
729.0357018738264,812.5505737488446,169.00386813544011,129.53731950155384,223.85992248834918,320.1941519560942,137.30686149682117,230.34447429344826,60.82171103556311,331.6973371217941,84.87354398385904,244.87857240483027,51.63516054964255,115.01583749820347,149.16351253973548,325.6887825210564,173.81117774358586,242.16846752598104,92.32102014376147,462.7797636029632,58.59848484848485,2856,62.96993306684902,3021.000327733178,1100.0885939913708,13.717209815979004
747.7939964494542,774.6157757868272,142.78533917981136,129.13274910093855,187.5744397296226,325.2044305888655,174.34211481036422,193.63989903180394,93.64285286066044,350.9852769873863,85.89196567139453,244.61313991199586,51.560683966016114,114.35423596629938,148.66011504835575,325.8999487495764,174.51414579588,241.7197931659279,91.85204832675517,459.7787044248088,50.83333333333333,2887,55.87492948468829,3013.379643901653,1071.5415759846528,13.817513942718506
770.1278729151747,720.4697569439858,97.62214868025166,170.05013812184458,137.88510726143576,373.76841012105723,216.142099624197,164.11879753953667,104.23476172124671,313.19764322841075,98.21633936623182,234.1165607045546,40.478428655879355,114.15239072917726,126.32896882157759,338.5785591400977,202.80978058261408,216.85062556160295,112.24355240146227,443.3785365931137,51.16666666666666,2950,53.49029897375827,3138.301537971789,1058.2982990957566,13.917788743972778
805.4797784814091,630.162133417144,24.560740208230424,273.44132263619906,153.53958543236888,464.5982681876648,216.98693302777923,254.85557081433353,51.37110516953147,254.63457396495087,59.524314786722215,253.42139917870347,65.39206583842825,160.85524284441783,176.818148427003,365.32903221603243,154.18583890097366,294.30618229490403,31.76667354290596,434.10289263318384,54.33333333333333,3046,60.68452117376702,3226.5175706834466,1187.993778122504,14.017947673797607
806.0717710885604,629.0033682479731,25.59240994908936,275.00371760818774,153.6654688497664,467.06434035892914,218.67668411410258,257.56931198806063,53.41574449488545,251.75387941697187,57.741136564010205,260.03905730078105,59.973791010966245,118.36294250481996,131.138577166881,355.7314832220548,224.64783791575502,232.03882289605366,108.78727369706958,340.98886268297014,53.25,3053,66.21093069595624,3168.007099186033,1263.4725046248927,14.11804461479187
818.7067197988888,601.4333769154259,74.9212772230239,309.3485761535277,231.67781168347864,413.72391295756,141.8440117965232,225.55512531537482,69.08719549886912,299.28998929806556,122.72123400906534,193.92994256550463,32.462210593932284,185.56559373988904,173.6026688528865,372.8257110889321,153.41535403191426,261.2257691924993,89.85791490728133,417.4703838139606,54.59848484848486,3132,68.29917515767332,3165.071911930231,1217.8462608271288,14.218151330947876
823.6420855417518,606.886341991183,124.89520703294386,310.89295712932,264.01825588307025,354.56514830609404,157.7122678043651,167.21470340501017,119.93072612995348,259.265532069839,10.439096094425404,324.51758042770274,112.16056913631657,62.566009186198556,78.90518622174042,398.5771107961532,265.3377321599915,285.9276489470657,70.85816056931178,377.80170101859187,49.727272727272734,3197,64.94897241478868,3347.4085560303843,1197.5774715837438,14.318430185317993
830.4818726091092,682.2291611643302,241.4635911877623,271.38957476120424,285.31788603005697,287.1290164116696,300.6691075938602,161.9681997455491,163.38503631699774,173.66472483053246,77.55886486127086,253.0776478492273,90.96158716777107,119.30240816409365,165.48160306401658,312.834486400698,290.3695301908103,221.88446566744034,159.5095382442251,294.3695482750603,52.04545454545455,3335,61.77461728672154,3231.4902866997795,1111.539799465234,14.4185791015625
830.8933108718797,719.3665012582564,272.6220977474372,247.0798142168146,272.9400772317712,315.9158632699339,325.37248647738863,207.5173811136259,143.30442849562786,216.85147241385863,75.47962977733015,252.43296635363657,86.46325901276676,122.32828226188758,167.02563303212366,308.8230440682101,285.0856682596219,212.02139825808842,166.88701269173382,283.3009879919508,54.54545454545455,3385,62.75321150944873,3206.4582906145224,1107.6990994365365,14.518824100494385
828.4145019916413,737.6556788894736,278.4365763425035,229.61723016950054,256.37385692882583,333.93816996532826,314.4931825715696,209.2824771947657,126.65632376718162,217.79105877329422,114.37117122295965,232.88317614050854,114.3358826889576,140.51073898489005,193.6426522317205,294.4723886107566,320.3664962665601,230.92515420256353,177.8964613254456,293.65909794396606,54.54545454545455,3399,64.95002944804037,3162.221164121687,1151.8952407947445,14.619040727615356
823.7701806133114,758.5182349266418,279.28273619376637,208.68432550443734,235.31932005466422,347.1418610923925,293.47782332061485,195.5031174334027,125.47668313712184,200.11328600488756,52.98437649649403,234.7741746895984,48.79995234476324,187.4320196585579,240.47798639529944,227.41788660076784,358.5554966643499,239.0071344120039,223.7486560484092,325.3914234913374,47.36363636363636,3424,63.192473268721756,3252.1619428495883,1110.3149264034557,14.719417572021484
792.3592726579768,845.1330646110861,250.0495576831232,161.5989276221913,202.46303242519627,318.88756278915537,266.4488158589449,130.44449991917767,217.0220401509171,191.72244755775446,102.4967754007216,254.13572117916948,94.95028441585248,123.60552210215916,178.26795108187463,270.31917637875546,300.72964411483355,177.07728054293,266.31167777511445,287.43791159377736,47.36363636363636,3513,58.58159461565599,3206.3703985324964,1033.2950650770651,14.819551706314087
773.3348463431506,885.3281311968263,227.85172335351072,179.95854228922133,230.96732543870624,279.31969269789045,303.8518177377197,160.60062044087775,234.69058415642397,240.7844498201833,78.64127873181286,243.87280856341147,72.54715832033578,149.3992533089324,202.43996924399727,252.54993251541876,321.44773251414637,197.18361332087548,257.8208550343768,302.96220984492066,50.56363636363635,3565,63.33821797861887,3240.5292548196667,1074.0083353306638,14.919706344604492
748.188247755481,915.5741532011041,190.1718705512762,228.32987517517174,281.5755381869014,233.74055187670174,346.2578319454933,202.7314442903761,186.9934512543928,234.81822383225833,78.97614161001952,243.68622162835337,72.90920244182482,149.54082314688887,202.28341702592243,254.53318713004145,319.4644961359219,195.1858614078319,254.75789962680534,292.9484224186188,51.999999999999986,3613,67.92367249752692,3231.4473663268436,1118.3914394000037,15.01985239982605
730.3279794390133,927.7727411194841,162.18451379630366,257.93838942135636,305.1665250160843,228.17884972292183,349.78956336141334,203.82629149046824,166.3601699909783,207.01708282641707,77.34247270373997,180.4605299412844,124.25154525029906,133.3474620524516,140.9807281158398,316.53488632004564,266.8856936213882,158.50959886634445,331.2880804849268,371.4737145296842,44.83636363636363,3645,65.55403747147753,3286.7572581757236,1066.617382071059,15.120203018188477
646.050394838454,948.6932953761564,30.37323457981385,353.839823453733,342.0618160664322,340.98413112828507,247.64277641082333,89.97052896694551,278.16246313615125,226.81634363362517,67.73149072280152,238.55536015877837,65.03618734548418,175.25047466601202,203.6189842907581,313.336638036011,247.8509287293211,108.94267453769386,349.9095680419405,344.56712712540065,46.41818181818181,3777,65.15690842365184,3230.9772669709937,984.7893953496545,15.220240116119385
606.2990086504816,945.3934638404161,38.42578914463025,376.5715485950435,328.6823568821133,393.44211841768777,191.3780279860867,43.3430236343802,313.86156040131704,280.2684548704356,95.67486421836284,164.02576792418728,141.14674689899226,101.01152291744478,150.9370260079979,264.7235522318412,316.5301179923049,186.68428855918742,272.05786957985214,278.86916452463703,46.41818181818181,3836,55.901221553139706,3314.484270412265,901.2374616320963,15.320483446121216
515.0242431781852,910.8680033225473,168.050185067908,379.0972566410016,238.8242100730235,438.25761739780256,214.7122220750221,159.75075173101274,255.57125254435124,265.7917951756255,93.65253469455581,167.57211121796468,137.35587115749976,104.13638371575252,154.97901325277041,265.4909377760431,312.63877452721704,180.613125714945,278.77204991937134,283.7322388081111,37.900000000000006,3005,53.709628049199395,3309.959583368878,913.2989083319767,15.420603513717651
426.9800030145259,855.0433651498797,288.40814897295314,345.227615556415,115.90976785966713,400.29418149615447,343.34275385927805,250.9879565877923,127.6326297930874,138.48863458428457,89.61580562343015,171.49908913429888,133.39239591300003,108.90677100605639,153.21087838356735,270.6898353559646,309.5828352344993,180.99253484688896,277.32230642559966,283.6757925151988,37.900000000000006,3135,57.41679884560132,3299.7884030250407,917.7080202996929,15.520740509033203
336.9187075645689,769.3217197755421,406.70077074310785,270.8936981797489,56.170497720752124,278.27988610767113,425.1481793089549,250.71096913906536,198.26708705495457,177.2037180613429,95.73222014623045,164.2939884788942,141.54047158831935,98.43112895908642,159.40995456250172,257.32175229719957,313.7210962391661,171.7804516785336,292.4643346130008,297.5546198984045,35.0,3276,56.05498224825792,3307.074594509704,921.2502219374308,15.62079668045044
275.77173380180136,674.2877500988628,494.76697797876125,182.87556147687837,188.28909509176603,151.67234618275188,405.11893525187133,166.22886710790686,313.92053976689596,295.01337773538955,83.47868354961975,165.39318573127622,145.86741941474938,93.19496147778624,150.68480412188418,245.6854921119683,326.55437387776703,173.8158644669829,300.8646695506622,306.7951960535006,35.0,3414,56.17515223541409,3304.710692568513,890.2374169917896,15.721013307571411
249.43970887502434,569.5833404104635,548.6951827703327,87.77515616818667,288.8230504359918,177.44417339863887,297.2651863307702,48.44680120305831,299.94556215547226,265.6658008089963,65.94418846223105,161.4698049523615,160.5308932788489,77.97720542906393,157.53889046051017,233.76926364994193,319.98536006571,159.03491579588228,307.1063650567391,308.05104877368717,35.91666666666666,3531,58.49927420422872,3298.783154541344,900.0728100051231,15.821115732192993
256.81255552587606,475.0472239034743,568.1983974091288,45.143481099575304,335.99781764829527,277.40587294010436,211.0295680485891,119.3675868454634,207.7704438133917,166.30742631867813,66.80957229878977,163.1939082424204,159.44100968375295,78.6610715642266,155.26685352893347,228.93333412512416,322.22395459908057,153.08910251869136,314.77901670934233,314.7658238481305,32.58333333333333,3637,60.336553371530705,3289.1596179296125,911.6622204134698,15.921453475952148
291.59735184289764,362.0054175481566,556.0111277684896,115.69560357346673,333.4301702734066,357.8063079905996,261.01502665213104,209.5050049173032,175.13801166693062,198.09327584777697,29.31682999373824,116.48135884864037,240.866854382416,60.89538103209869,236.4503390280023,307.64383582671866,280.472776927047,229.55630000114232,242.69166174517986,285.4517178933778,33.57575757575758,3746,57.800144437246544,3815.7985807336418,824.8570181196492,16.021705865859985
283.3830770975648,389.5101438776633,570.1231241539415,104.52847475349395,351.87085926393644,361.1441281310526,233.29114739365315,217.3898456935969,146.26854633708197,175.93688152364982,33.973054353160926,166.4198484084451,216.36609332432405,12.240180123772687,242.7252427404829,266.3913671315325,199.48860780231593,215.2441881493816,165.99545878172034,173.1136806040207,26.86363636363636,2681,50.15720838558143,3204.7842459672147,765.8613375541197,16.12202501296997
299.0506885798469,329.6778893043289,510.95240217809106,106.64710817041131,279.70633725847387,299.97268332804845,260.7029741119357,144.68812298153657,182.33774930037228,141.60334216479828,18.44510848752596,151.51330033206304,220.7089810505384,8.252118162252975,236.9819904289802,268.26938161598395,213.27660442046889,207.4928899885861,177.71492132122177,176.369243399123,26.86363636363636,2750,52.88356139774838,3161.1266662634503,768.2002121878797,16.22228503227234
337.5763825169368,281.437182396243,402.6924334905157,134.80612900315649,203.91204324257475,196.2571292240038,223.93332304118582,144.40313987048535,143.30551523253396,41.50156813535866,58.218909743580824,189.53616418331904,212.97891480618534,39.006762998241044,256.977783722649,266.6382064276435,166.60430554746287,238.9029156727199,129.82028435988545,160.45681444254674,28.41666666666667,2864,52.04835590502853,3198.377097477075,799.7219617218343,16.322540998458862
385.50895590391787,303.1443111784445,303.6088029107965,174.26297750264965,247.56900709844328,205.10813437785544,132.3199182857012,246.8604804032738,43.501326210301826,136.5641602884647,58.035694071204986,97.31715662242273,143.24315896602832,105.03604363089798,190.9747935993471,188.22045563196275,138.09822579287209,288.41303922397736,57.32887417415941,191.57451659547974,28.750000000000014,2965,48.62712768030451,3122.351889613248,694.3020645946472,16.422726154327393
362.77948636296037,267.4998837492071,350.72995979575217,181.56184963628846,186.2513456280389,146.43527845625636,189.6731955893336,238.57482603272533,93.77286625320534,138.61166670364346,113.956335789663,52.82150265948656,124.58229566855081,163.07329010315812,163.86053785550692,148.27972012553272,158.2947728374206,329.19690245192,75.26171428346736,230.7984935161226,31.469696969696983,2903,56.93090585317776,3080.2667382442587,759.5902462892395,16.522987604141235
364.30769448177205,274.9337455444057,346.4515490184162,173.72031592115064,194.7999330989929,155.36611282566565,188.3593591179877,228.6258971610005,96.75056033896416,127.81222484301239,50.37243487512003,89.81627453943726,168.46246222775122,105.05400018483246,143.58735475945727,135.48311316469238,202.97725420244913,270.78839707052344,129.21251978391052,186.73080229694068,33.20454545454547,2913,52.56242646724549,3175.938715011197,834.1313913862044,16.623161792755127
369.30895803824626,216.737761814657,349.98913284341603,238.72723197548672,190.24415934836537,159.76939241891287,138.35272538052274,274.7422482430061,32.94010167520356,129.36902599271173,106.14029707530858,68.15284225148571,114.73351697254883,142.41051093894373,189.93495767076914,183.6545400276206,139.39613177589564,275.2931884126279,90.29085173776343,142.93337577938635,36.23484848484847,2849,55.56377545835788,3121.7393016701435,880.8549686006452,16.72338104248047
387.07837223838857,171.15174395813497,336.57427811770606,277.90199907879327,229.47619019053022,204.67257205270897,96.03988438791735,256.11257076424585,66.80156381500461,84.67495769001732,106.08754388859354,68.88982509888295,114.6692809591612,140.69944876292914,189.67002988104596,182.6834926809822,143.69864965814713,272.7022830907036,93.10603718213981,148.1256389128937,36.23484848484847,2800,59.83569632671123,3083.880446837471,854.7027973036211,16.823615074157715
429.8160956314749,101.313736503062,299.5886145919712,316.7758882643305,298.60818817924707,265.1165837395903,113.15047339341574,186.47004607807804,127.65210179451357,84.62375104974919,129.08662574692636,86.31721768502638,97.72660229576516,129.13285059793657,198.08109841382873,184.32152821354163,160.93258016110585,263.1973240998442,102.69812450861778,154.5020376540235,36.72727272727272,2733,60.177516777107016,3009.6424871034574,852.3243708539499,16.923892498016357
447.70219471304665,81.86265163663474,280.55065142287003,315.55555933437967,309.1390567558486,264.67220374691016,134.63598959715787,183.98234273100167,116.03228504873806,101.17854629757994,82.16349415224416,40.39816535591382,124.44991718373157,176.47883948117908,218.2910587880965,222.01787976790442,130.10428473813923,234.40297246623817,138.803710035584,125.99312682451884,42.81818181818181,2708,63.817307440288644,3095.837427162641,893.2281648437754,17.02413845062256
468.1139624686272,67.44852775299898,258.0163804822074,306.3927923303841,310.0994054054319,252.40905996519675,148.566124464065,200.58592782984368,93.4175058135794,103.03944951183834,95.41647243156777,59.37490515000072,127.69583974369776,163.95186240616488,202.7267703457107,215.71147753193026,116.27652400488047,235.02597034439356,147.3754664533198,125.53574776637788,39.45454545454544,2687,65.95027604645921,3257.307656822335,876.4449985928268,17.12449312210083
482.76022804949145,67.46855060858863,243.71118351479285,291.9559585594049,297.2010079151714,237.1224352735811,137.29992555563578,209.79070079195273,96.00907714099016,88.1305961660731,78.94305697642953,31.94571817830195,119.65156340638207,178.7959665640429,223.6871689356967,221.01017884028894,138.44478759515295,236.06462438651502,133.72607651031214,134.01899656865672,42.45454545454544,2670,63.386591017701974,3591.625896381121,898.7649289737622,17.224792003631592
594.282867417848,150.30617077971806,178.5678372089537,180.80542312080004,184.72136537251757,197.5097490117611,24.996267476659096,203.95304954200117,206.47815768331952,154.3273639080029,154.8260088087495,140.00629081420882,202.84118492572023,200.68342159409434,219.09623715708116,293.88624587186,137.62699666699038,140.04699979519077,221.46984565743583,224.28648671161815,40.636363636363626,2559,60.41302676967237,3761.9110418738583,970.5032654917031,17.324939966201782
706.5833546790728,262.3094343174814,221.22546488064376,136.04437420116497,135.979822612416,292.77491593288795,106.77138151880257,117.03370291602896,254.98973579778485,231.44841390029345,110.24026791425025,82.11116781097793,113.70283360044442,98.84980717577189,118.73690641442974,266.1716091288366,108.01490268060158,133.19660349784806,316.0343137483999,312.4833153539912,42.54545454545453,3285,57.962046481289605,3271.545128153869,861.2994712462014,17.42501425743103
624.8404707662326,182.7904101554979,150.57950174570385,113.50738134241941,104.08949749452867,223.8066483106071,85.08955153781382,197.8323068031953,319.4998998686204,289.73368877781775,145.7829970744961,122.17417588198582,80.52836267708787,21.261867192513012,32.77340084615731,280.7882957212998,161.51748025239013,184.45591188691768,419.50632645107345,416.11661227987804,42.54545454545453,3369,58.38798446182716,3248.8584535184104,962.5005907039065,17.525108575820923
642.4212857134356,197.47727371421206,169.409345280082,125.6843362877431,119.92175008659481,221.27973198270172,65.64755467529581,199.38218085327367,308.6460628287616,280.4020503993978,92.19755265618925,46.29423430397826,84.10272935020417,97.4946083221815,104.04074629164839,174.2420458485418,79.71927226994595,260.00620159415996,430.49712416754176,426.0770690357038,48.90909090909091,3352,65.28837516284602,3613.9659724274647,1029.9763742613043,17.625164270401
664.9176390363968,214.07662924625845,194.38029723657039,150.09110976469324,145.16946472439105,203.23973755265186,48.93564044544826,221.67689309935272,322.18603679783183,297.22656072865965,93.55998712724495,48.96132601514437,83.13071283999356,93.81786641705212,102.14695163433906,179.1493324491756,74.7531119816794,254.78904813142282,422.666465853092,417.53573205928524,45.39090909090909,3322,73.61808107503097,4028.922599371269,1021.855306173756,17.725233793258667
609.552009210078,196.1499695861501,146.70778151953672,88.76885875206082,114.79208341216447,273.755191496585,58.831086192797635,188.88112743355484,266.1130080544863,263.6281304691422,137.20921024859194,112.42587424029512,118.09189218763474,102.23282446663211,138.265404722744,223.73083948127027,19.243268274613722,271.4723335861184,396.21405831754737,420.9613929883069,51.0,3399,74.70531304800357,4020.7154570306047,1113.1106744922772,17.825515270233154
645.6860840412493,190.36514159601495,160.25024182199218,113.17269501293075,92.91891155323307,254.38928177139348,92.34454729372597,146.1898950719649,238.02645594568912,211.9435591821884,80.25413830276737,69.66252052254221,57.42107815609102,70.07394798442013,74.55465590992294,358.44302656926743,172.39591000182665,188.75344173305191,271.0878298979907,357.6985423868652,49.18181818181819,3341,78.53358913220849,3669.308931492692,1170.2302885285167,17.925784826278687
667.5328088578871,184.88685906629374,164.27575425314853,123.43752701672135,69.50246431210464,276.47745828743666,127.55650743493639,112.16399709830993,202.309165248651,193.79777801607236,131.67207134971406,87.98187762341557,107.31111847829884,106.84482017458988,75.62858631545295,242.26501198146627,157.61129727454517,105.17331914843827,239.02000282654592,246.6141352446214,54.54545454545455,3462,80.29038960811059,4067.6607846222037,1169.3197930604827,18.026010036468506
707.5407270640524,172.14772436339427,161.93498808189548,130.35440007700328,20.927633681688505,355.3643757757421,161.72891173997235,148.5207910240648,221.9394964029113,271.86933338722065,56.35362170428902,26.786678829706815,4.600202515610432,6.639321995842623,64.25294078028217,287.79436951081993,90.36002876650838,206.31994318716787,329.6685125466084,350.17168625217937,52.522727272727266,3390,78.56910529358741,4212.9871737437825,1196.1759908551874,18.126408338546753
745.5750519188308,170.60036076470598,161.00880914840766,136.1463420094865,81.26688434122252,401.91688084494166,145.3182681601041,225.0868737894332,300.51309285305456,297.0851347679817,69.39728539379949,99.52804632119808,77.52870192257171,69.22605339638126,126.89912031710399,219.90901289477853,65.98149214203463,175.54317633359005,287.6240639261357,275.9012461923624,51.272727272727266,3296,70.15044784432158,4168.03407023785,1061.8150517324525,18.22680687904358
773.1378521455098,179.79436567170336,163.2199665775889,140.32311340368813,132.00077413526316,396.48291113835626,100.82155097011467,244.53737543332315,313.2648932047848,246.3058278890773,72.00087816429145,8.415337448887328,20.102229251468106,30.74295972735813,63.06034219168147,312.82718999640025,94.93514765083819,234.26290057602986,359.2329625075199,358.3086285000607,58.5,4320,73.57462037353883,4176.210142336371,1171.009659733658,18.326847076416016
788.7900451579947,185.2795479633524,156.18063845926196,128.72529263161636,148.06328477530033,352.18276030547185,51.13614196589122,201.8400131392663,262.45516642218706,224.15367759968302,71.44079525731998,6.687185953828373,20.246750333334543,30.9744602798063,58.55144509259041,315.32827247116404,102.11359480253164,235.34988648883242,362.5343128744112,370.9737864916825,55.08333333333334,4261,84.51439239936636,4089.1537235111728,1228.3432922224993,18.42723560333252
807.1841056408234,197.2600707277281,144.53806853427938,106.26948047081596,151.29092434575483,281.60436296331795,79.60948416817989,138.47611309577624,229.59957966007343,288.9265320260759,97.71315806075611,32.87752059943087,38.309274147699476,38.50935472762014,86.29378927846115,278.71787543634247,90.832224927093,191.85871372510456,325.55473891161165,396.98149201443056,57.76515151515153,4190,78.6902693543113,4126.832236762091,1203.3871066461406,18.527613639831543
830.0083726364127,230.64461500157512,145.95830093883328,99.79492183081037,136.90173165870948,276.74209577317873,189.60282127555718,211.38589946448658,338.4558571104587,346.08351373727703,25.332620865938345,62.14178456972761,56.87024843519661,64.03549602208255,20.908933376204935,357.5242332523309,147.44686731616028,280.142413024885,405.9223531209043,367.95308795157507,57.76515151515153,4077,83.61815524976308,4082.9238049730097,1257.494785109945,18.6278395652771
836.1485428772967,244.76506639850837,149.99614310868452,105.34572246733221,121.37188390850307,317.8746384974951,205.38156622024434,248.31243312399675,357.72528566082514,311.4665669589908,80.18829387442695,29.9209788884751,18.71620442764015,13.982537385091142,56.15500944990093,289.9108131283984,163.36599700493653,246.67215629612593,413.9095718177793,445.1165420359495,64.50000000000001,4186,82.32596459297702,4197.097922072552,1309.7294733044928,18.728107929229736
839.5721589719456,259.5860439824527,150.98578431960934,109.11300444945016,81.64275842809295,374.84509997084666,181.19432009888874,249.73702867978503,316.9724497143199,266.25145668545116,49.207890784242714,15.220933081853232,12.31205598447883,15.117669039941655,62.137357625246736,278.7212893363185,148.16989363593498,227.44545515426896,407.003854638643,457.84825067118487,57.83333333333333,4131,82.51218569952381,4167.067472521688,1255.038254077825,18.82851529121399
840.9386069603972,299.73549909081476,177.77701638479817,151.14696521800175,71.6540581131484,420.9340115100823,42.96548312891452,124.12272246942032,212.9299272847917,398.0839626868575,17.79626034252523,71.09147432626203,79.48231812076274,82.63415888981366,120.12847123507808,232.97555417017907,150.7256660537816,189.62130663686037,425.7875359630665,526.2321062154056,57.83333333333333,3980,82.7117604452906,4077.8877538085217,1342.579463307732,18.928884506225586
846.2489215748462,364.3654685115139,251.626156909965,235.50710739639854,193.8544115027467,387.1312299391484,112.41009363080639,63.352273968384296,334.0403058423602,481.47586482982183,7.719825923012845,58.579054661887874,67.90726901258985,78.41639800059208,112.42336319346359,249.80035093891016,133.531120981674,164.8611909840027,420.33568905521474,554.0938198914984,62.825757575757564,3832,88.91932604372346,4093.9257502240926,1342.4821360011201,19.02920651435852
851.3324940879381,422.4814286343157,316.16261084066167,294.833314839653,273.57419434852676,286.92642870074957,213.2167076230793,189.89337049001554,421.0640730591582,389.25601856440994,13.018545207860559,64.04852493566852,69.77586166827844,70.95022304547462,105.03832972517839,252.14403858362425,128.0979550624149,165.59523925496487,403.8977861261951,552.7425332837108,62.825757575757564,3703,84.4859783883411,4084.3650717216624,1311.4061285534453,19.129483461380005
854.1226203227727,468.4387377377692,360.61213136763314,321.8662077072684,304.83376467438956,175.31625134012998,243.06767528441966,239.17720716883383,373.4785254952231,310.44627093171346,18.608207813249138,57.65132220515819,69.05680730527472,84.97487533502213,118.4859975719913,249.01884598555444,138.67820405741207,166.03263881426946,433.3070863378997,553.9366021593149,67.30303030303028,3589,89.99022153106763,4121.45619358377,1338.4924898932568,19.22983741760254
857.4774722575061,520.9932189063953,401.4638122670662,326.087451211412,295.66166890606206,176.9085546520372,204.16031735172476,204.70969288187973,227.30202279515842,434.6963638507519,5.292669162248669,56.64724549122616,60.94760551671584,64.29896341179305,95.89772243503968,267.67628213512836,112.15551426310708,140.76620497724323,413.25973467232484,584.3142210207131,58.99999999999999,3443,87.30298803857309,4099.990440291534,1355.3354127147481,19.330176830291748
858.7796990837807,551.1940801481815,414.0550900040978,302.23444308004304,248.61274970978573,285.73390451346614,121.13715932733629,110.90309938510806,259.88098866506186,489.59778256600066,24.81817035090828,69.6649507190745,83.4282965929526,91.52685829204208,120.49243471289279,243.94924312256583,127.32939816985458,156.74178876320974,391.90870443600016,583.5128466071674,70.33333333333333,3331,88.37804712773166,4125.264889797128,1353.9929312276727,19.430522441864014
859.3363272129436,577.8703912885904,408.34408497438966,243.85262579551616,149.78657934436632,394.2898448889382,21.628417620465868,62.424784561585696,394.6780552510886,391.7344805714587,14.379590699801737,40.25200880991293,45.53508498393539,75.34431209540406,119.38160287453337,241.56813696558567,150.59676026635933,181.49602503404546,403.3584419619271,559.3895012990906,63.0,3195,84.33975980785095,4083.729506169815,1338.9458527902557,19.530701637268066
860.7766770755403,594.9613170562346,383.40430448269245,168.38446613599592,39.54322725972265,427.55594000411196,164.71526745842618,205.1571242768679,410.05701932115653,295.8845433895644,18.02765157228048,36.251096412010085,44.36407804753988,80.08059687137563,124.85185420311552,235.78155394135158,151.07520487951874,179.33116200597945,396.81093268101273,568.4751689572552,59.83333333333333,3045,84.11264016675696,4080.053850777898,1327.046876981974,19.630955457687378
864.9152097810282,603.5620138268454,345.7747656140128,118.39566337281217,127.20272753161238,375.45413397230277,264.2401758026985,279.4061309319668,284.68784132530436,429.4914251110731,6.801264099351776,48.43626685979407,47.83004080709029,67.934991031347,114.19563943278396,244.4952188156534,157.11142710380602,190.045406215717,396.65528978625264,565.1194237804503,72.08333333333333,2899,87.17265954241678,4094.9804402475493,1328.3772745667077,19.73122787475586
872.7822862740181,582.4477657705934,247.13733247727836,200.83396868837485,296.84305224716445,131.79891539780314,201.4708018135212,110.05454837805647,341.6153383506377,376.02513803670564,15.36356825111515,39.24498794985561,58.82470012077016,75.90865430535683,103.5203705279538,263.50180968877237,146.01156465357013,194.16849035397894,415.63457128169364,544.3210732137405,61.08333333333333,2623,88.1795669317996,4077.4414247878635,1359.499007283202,19.83163332939148
872.7822862740181,582.4477657705934,247.13733247727836,200.83396868837485,296.84305224716445,131.79891539780314,201.4708018135212,110.05454837805647,341.6153383506377,376.02513803670564,15.36356825111515,39.24498794985561,58.82470012077016,75.90865430535683,103.5203705279538,263.50180968877237,146.01156465357013,194.16849035397894,415.63457128169364,544.3210732137405,61.08333333333333,2623,88.1795669317996,4077.4414247878635,1359.499007283202,19.931636333465576
879.3735320825175,555.9984141704274,205.51438415299185,275.10997199390357,331.245403987369,200.75592494410216,66.11957172988478,85.17752288708732,434.32632692891883,283.26633390712635,32.64988305637908,73.06990452579797,19.49339708784455,88.97971822442335,148.04002122298655,232.4768127293701,108.03156068229207,158.07338979619482,458.97296144654496,502.61381590683806,61.08333333333333,2472,83.16845390693695,4115.346407817266,1317.0601456066368,20.03170657157898
883.1777641767014,529.5683452078313,191.73885089867318,309.85524588801206,316.2017211340271,304.2021269972179,43.05296708143512,186.17069761090588,388.65665206710054,378.7144097579345,38.90173616220633,77.97529679502404,14.49300759276806,94.92416736553135,154.60071055651287,232.53963515700045,99.70129153092691,158.54535877958367,465.44244300071273,500.64156366310897,66.46969696969697,2365,84.5689349846285,4156.524530777722,1294.147629074242,20.131892442703247
882.0921000510762,489.3056176503684,183.2149500764182,310.96126685291284,251.67133510118063,361.2758284223068,136.81532556155415,217.79146547303247,289.7802319251823,419.1530279548305,16.073213445990397,68.6911834973688,68.54773802729203,43.14899951615607,153.01023740489742,183.9588929244874,119.61982204645598,102.2645712923627,513.2098670666921,443.1577599683632,61.63636363636363,2266,80.76776798012736,4143.528498507276,1233.5955041645857,20.23198175430298
879.5485346373781,423.3420924636396,205.39336561899637,284.8577124411108,118.98334864520218,364.34631601480726,229.38149184070858,175.87017057146574,339.4370087096001,310.66042687591914,14.596343729478711,69.46779681112731,65.97325153888829,47.22796392131252,154.4328310825533,187.9511041264483,114.5941486547372,110.97042541226907,503.8885465730655,454.5380190556352,61.63636363636363,2112,80.04333830682586,4098.302106751135,1258.4812965329847,20.332154512405396
878.7490755201252,353.39312091962654,264.1504114623833,239.25809935675028,42.843965346267716,281.26908012650574,254.88373222272594,63.698229515293335,486.7782591031056,221.5166757611799,49.71215848744964,46.65881319968128,58.49080573136521,68.18074087198964,93.15639191680116,202.6564082546711,178.32769433087444,56.817889178931324,560.3295925926392,395.0194928617039,67.0,1959,77.07218842974913,4055.8382059566375,1219.1210306407938,20.43235969543457
877.2559760130321,316.49723800628516,294.68121606023215,205.19340243423264,124.21222580373644,204.55321642857152,221.64114368238882,28.933632121999267,487.02397344607203,299.8634413102826,19.79166735041479,84.32764896491507,42.273965883840766,84.41596983499143,133.54695872544715,244.3662749513138,170.2052783625943,122.90161291741185,519.1622917255178,368.19567913398,61.0,1871,78.53767890190977,3883.684943125203,1155.4779592488153,20.532475233078003
870.2504567583289,251.7654515990431,335.5339004453378,128.45120445941234,248.5194301446611,101.3435745871221,74.09839524923835,145.68832469253607,334.9073525516267,365.3814980400945,56.435646799772904,25.095438273379088,82.1806001433283,27.305419087563884,143.87919834207517,171.24402657675614,110.09607441772033,127.59300748517964,474.1440331936102,437.13599191099775,63.63636363636364,1720,74.08456466930738,3928.9517392297175,1073.6895523168791,20.632774353027344
865.2602564045987,227.0054763009516,348.7597718312897,102.7225240965343,289.68633810880823,164.61745939784532,39.06618831136976,179.2862950065135,306.87947706478957,308.8938538015112,52.02994750196996,27.22538333889944,78.17054058756366,29.79709823006674,141.05555716043537,172.81287697642048,112.11269414744764,126.00695635782084,474.3505122709135,440.27111237890836,55.90909090909091,1635,73.53732997991634,4021.5484698042937,1093.4952864106654,20.733113527297974
854.4309005461088,203.64896603895386,341.94241842670715,89.28181794269067,289.7044234931346,245.530431791849,126.23273111172905,144.24803904943778,390.61716050788175,251.1889120888359,68.43973314069845,15.254393971136484,94.43211900645431,12.04146857076483,157.219676426128,182.6523976311221,113.18602978469052,129.82658381569007,483.2746535839306,421.4756447044867,59.97272727272727,1550,70.47692583432828,4160.762409320379,1104.6365451066733,20.833478450775146
848.0308403211492,194.28631050611753,330.6631683584355,84.905717506258,272.96189475134094,255.81740476509898,141.334055441007,115.83712037437243,402.3618762839754,275.3537143758829,62.62135539540281,31.68014850681777,99.10852864655804,30.17440952343333,174.7100886662997,155.3574853593931,71.8141104262278,181.57660112022532,447.5689114523178,378.8310645029177,58.72727272727273,1521,70.66480845130542,4486.377305970537,1119.8650264204373,20.93364143371582
816.5116775174719,165.63138050103873,262.4682559376137,95.77716806047042,167.9394191660038,226.35073595300776,140.72455634005019,111.05113020618195,323.80233556600444,350.2019587292853,40.18268918952022,59.519548657028785,86.08116046898441,61.235039810009646,168.3121815735287,123.02587965604035,42.324266858396136,204.06600849194214,416.282521806757,384.5795287152387,64.27272727272727,1408,72.98965903081256,4605.820697119982,1150.3520453909543,21.033820390701294
780.4243297674499,174.17342713951527,177.51839736843132,155.31968618252793,76.22419316958907,141.85554691886202,104.69783514757752,224.21631822611306,236.3601798825327,279.4812428842249,43.22648629163279,82.83038963459016,101.93879571685325,78.1130366787755,191.87041449257976,129.9195231075459,48.0033539476463,204.32824565271613,441.0491853929488,375.0104950792362,58.3,1296,71.47590829711126,4169.33408511929,1105.7294331307537,21.13403034210205
738.2993751411609,231.1433937252706,85.24592480090232,233.36481605649436,166.50663373016562,13.787394577636485,85.61175122865001,288.6667226072546,331.8006404401923,168.64184747308008,83.28285246948657,46.63405179084018,19.846055116221677,116.07645039569366,134.2401911258072,31.213767416270585,54.76205726856078,304.4480373197431,428.40711113869924,273.49799821241334,60.96666666666666,1161,68.23409636173542,4107.503242630769,1024.012789338181,21.2340350151062
726.8551931694827,245.71873103384115,67.85900799331556,243.7459491905769,197.51409914302147,18.792676332102772,78.42236512767114,273.6838940072764,356.94618180107443,194.4370289253035,78.7386223338717,41.36204144503869,24.48203701719169,109.77095482587606,129.61832417872975,35.52299249349616,53.468471349871116,304.4510761424586,422.93847991342545,272.07974474308395,60.96666666666666,1126,66.54996850251395,4926.188508404184,1048.6861363873654,21.334381818771362
705.4245797790796,257.88052517433005,42.39651752970839,234.1604738713522,220.2646300455606,55.87609481617902,38.94351776637661,231.4118123828183,329.1952329186536,217.0457455734496,69.39763815539213,60.049488140647654,117.94459941981881,54.40902518990993,55.39189805635809,110.66906432217912,132.44932604845965,382.14605040270385,399.7591966292323,171.18853078928558,53.94444444444444,1089,54.96482871081416,4536.031194228485,904.7611543230007,21.43451714515686
645.8362956383125,291.9332072368339,98.92837667338881,185.25964454692232,243.03952729819835,150.5367100993985,80.77513268448197,238.81295808408538,217.63818030284102,171.12598709721968,78.56842440073798,65.28841232367229,37.876802078913926,90.7293502956381,157.8827887452088,116.95797147865431,75.8374807860413,296.8422220600875,309.0238062883085,227.15614713910995,57.55555555555556,961,46.070015794050235,2744.8704113041213,781.6921942256608,21.534557819366455
627.9923046636353,297.39537287610705,120.39615978766442,162.31111639592046,230.18951932208515,157.25311162627614,97.31415362196131,270.04508387667425,236.4766925651167,141.64541062085664,83.01860930143037,72.33705121264109,42.29204813992315,90.81441226639903,160.06676567901027,121.91032764100481,82.00802948555526,305.1248549947187,316.177047486543,218.82972608725498,57.55555555555556,940,53.952606285686365,2841.856210390277,863.6083496030458,21.634941577911377
626.9957950937262,298.0013062322055,122.0917878499428,161.12525297814895,229.88220415997313,158.6911272404594,99.80296123371174,273.4100387606889,237.57722211941973,136.57382343888642,82.12368940716523,24.53247157921216,54.15231408096357,150.56580787056112,192.7580771759315,120.16567166106245,80.84328432430472,222.79407835274185,224.21881800715556,262.72066867573454,47.736111111111114,932,53.85725153734623,3954.2210579521648,863.8898695892428,21.735164880752563
550.0915428661733,279.6897313972165,159.83836907984343,73.92594132693777,131.41469028707408,57.28132558506805,24.841012777366544,195.25723880773947,244.7626657963878,240.64815629388465,91.08813592523684,94.43559355142895,80.94492366379765,39.228316411581474,95.48976815110234,52.04468996689612,32.82067194245056,231.53130010840482,324.3417228510278,346.02170863567244,51.125,830,50.07216761542628,4240.05234100184,788.9581463926293,21.835172176361084
564.5872321396188,285.2998915352829,155.93058227234144,78.05356895770912,139.82478218587997,74.56354804885959,39.56650902577655,214.07383485897466,261.49314931597684,241.56840068045764,79.61772817130796,45.57206700129155,8.863341995838173,118.1651499113831,176.85106933952684,129.88223958947447,86.05933127518593,311.5979978717051,366.4984574790257,311.30626848849647,41.214285714285715,850,41.26423023114562,4320.146368507101,718.5382305596459,21.93538546562195
501.3018501119985,246.70636811373024,148.5631158192686,121.85630550282168,175.16121914746657,90.90903740548916,47.44264354210392,224.03967634918533,226.962273620931,169.95708453450726,93.54854827826374,100.36557324103268,96.1044462663271,71.60304467973667,124.77749669127394,75.73307625411157,57.84000578321562,249.35651754292124,270.34826564627923,216.72464482590865,42.375,774,32.64418651454548,2680.3901266619514,615.922059163857,22.035653829574585
530.2238110720564,268.73411928579674,160.8057872209132,90.83955269409952,144.34617645651235,59.81762888777182,25.46105114409216,192.99405598684424,201.8892738377652,168.1555647728533,107.37928457538175,117.74956649766376,115.55032611321107,84.54802922046264,133.92409111463556,89.27657524398087,75.24759720029066,259.5810293416009,274.55157150837755,211.56934489961128,37.25,809,38.84149889237341,2814.5319387354825,610.9704905060246,22.13586735725403
583.7103669893257,319.70380171142983,209.2027201012984,56.99184558665132,110.41880314922855,56.35952503326118,75.50199259246553,188.43620327077136,175.72989801424603,115.19916116480938,98.4056719903925,102.30362999163792,99.54240915070514,10.943231950589158,39.45184518970738,40.65323394181011,101.29207322695946,186.12243032648493,184.24965205009678,125.90660882007845,28.94642857142857,860,31.17017235966862,2821.058682608607,499.27252611299224,22.236259937286377
511.74436627807927,247.7187051153082,137.32979887894098,78.45681605133888,113.9638281860478,20.89746382959185,61.26989860458578,120.28021743657555,119.8359511358835,116.71340395232787,107.03967063785599,108.29402132318458,105.12323020431904,33.37285480353275,20.91998154646073,50.751294699859365,117.51752595148503,164.51923294558495,155.52040979594977,106.49194198213762,31.5,791,33.93942351392141,2841.587758828601,523.7120919700285,22.33643388748169
445.438604811454,184.37004667376945,86.74369934367968,112.49124966107549,108.60987103620604,70.97467617010302,127.32464007150843,85.28378627162964,68.1905605762217,63.31422667622265,97.58284997706966,97.11284372870023,92.48011368270886,33.95006183280337,31.588923197733166,46.605530030720885,117.43962123671861,151.35506298119142,142.21331612717398,101.87292319586106,31.5,722,33.82508832881955,3212.3733923918335,528.7091890675154,22.436493635177612
393.4199684104685,146.4974796847116,94.88306027496901,134.44884516539017,92.40729501172912,103.43793272940587,163.20632769323097,135.5725179376109,114.36629521321244,41.56146002693126,56.029526436900234,24.36983313340471,28.85122026257056,110.26093478423844,96.92349485202665,120.3832404338402,197.67153185450374,169.8152945596872,158.7536208962084,50.02240673395837,30.69642857142857,667,28.498877769792557,2190.9949750698747,467.65901805114675,22.53667116165161
431.1003773262769,164.97142543117343,66.64352029686458,141.41199159772523,126.34286799458316,114.16647863495186,178.16645663316356,113.15135433177146,95.25370915103255,6.970186457154925,84.85771053545099,77.2401561326978,54.065682018312486,67.90042167590596,97.24583885561584,90.55343924257383,174.66594713601046,107.32525323275605,100.85417766033238,25.125344572323275,23.160714285714285,711,25.144648992159944,2164.0079931824575,406.1297488439287,22.636776447296143
391.8404245692576,159.87869121386692,111.1286126176443,105.38618911991281,79.29725106565085,66.15974321915813,128.65340057014294,81.96582988557185,53.830218156120154,43.15480984124336,100.9693498074272,97.36052544352759,73.75887198632985,56.33008116685869,101.12075226212191,83.27595230706892,166.08683496964684,87.81623191284122,83.2242051123602,42.82375300434756,24.625,660,25.223277818817756,2491.6053770177177,417.67830854443014,22.7368061542511
375.352425961784,171.68315139041604,136.97333058335659,79.97182365921599,75.75215848174234,49.641471594183145,122.43013844179276,57.48650313759314,40.0351404890102,46.77429876925407,33.18797430884949,33.464795436903394,88.2692337821048,65.74455733913359,23.72317255440314,4.604591491025963,88.38133027967834,40.7563908823015,16.3240285364873,108.44876482209688,22.125,635,19.855154409997397,946.4346000192417,355.51422934991865,22.836839199066162
404.70119937437676,135.70392348512596,96.73867698994572,133.1933379887457,53.07682213250486,57.1375026495495,85.21106423109039,76.50227260170202,27.841185876318864,98.75698303436602,33.144895634325465,35.41520752236693,97.02313510362222,74.52061706026934,20.882900309960267,12.019961793249268,76.59566828688153,37.42900830251186,19.313376013327193,124.45887182248323,22.125,689,20.583212376557142,954.8236853272513,351.2857126936058,22.937069416046143
436.060009418203,97.94265423948625,103.23649999954947,181.82501663876187,48.32018955586669,74.26017211328279,24.41513997493261,75.7655023637083,53.90341307923355,133.84300908353404,33.8903273140249,40.66089860996161,104.16342425037907,76.02383440353809,26.01633358635983,14.812173796510688,76.69414155518392,34.181346408886114,22.9391957148416,127.52032923407197,22.125,751,23.219048869595202,967.3793033405295,375.50510312689175,23.03737163543701
451.12732379808796,78.05520643703474,131.57787526783576,195.962870963462,50.98323939034465,71.72233029848593,30.772520053357397,51.28868019521123,49.325150620573176,108.4345019949044,68.9299844979047,22.772945045674298,62.03403375045692,119.11638884743759,36.97580190587272,63.14609727714317,32.77722955050165,59.49740586960143,62.20114919661438,153.05802302800922,26.0,784,23.514193610004426,1108.6177106675161,393.13623362350995,23.137662410736084
444.2191623150424,95.05190798868148,109.37484464646187,199.867079676904,62.63510321032675,89.01287731410764,12.199124687469851,73.14711414057716,71.05766952248585,126.18075946283524,61.023356293404596,26.814416259497534,50.19477917807472,115.80767606085105,44.24150287067023,79.64707577641923,3.9248441213185825,92.3290188021577,95.9019449760481,187.06763427490765,24.339285714285715,762,23.252968954257085,924.358011121531,400.29059172379016,23.23780918121338
449.65749751247193,66.07614057846304,138.34954660209323,177.7932089449524,31.628999719895397,59.91047218657893,27.834043684213537,75.13504254312063,64.03444631662555,145.7684993511886,66.69074891906831,19.825678949391488,62.60136442368847,107.8919382126401,25.179156504847267,57.54567852700042,26.100400900735902,90.90411186612201,86.25376835224293,206.52331513341161,26.392857142857146,793,23.547970237248023,1036.5596022660916,401.9960402367792,23.338120460510254
449.0150912637759,93.69536412061122,120.705941195449,205.07452244146197,57.10281583868961,70.25032327572801,37.76219019751179,46.99902715410568,36.338030094350465,125.86331104422068,70.38989626268184,29.317663312880796,56.29219812877098,126.75053639148703,43.74845126222343,63.854479348807956,39.44151831547641,55.21643452092739,47.17291698850275,177.92876203849318,23.55357142857143,766,22.158842100649135,1209.2003087808214,401.11124627183676,23.438207626342773
448.5817807436523,90.92789028038699,121.16299582136485,202.43713188996,55.7246415443237,71.24552700544653,34.80245463423899,48.50530460758169,38.09816113038871,123.48069328853492,69.46690378461214,28.8029010727817,55.62255558034473,125.75758074715722,43.59874675811833,65.3092336858699,37.07228884524403,56.08179202371796,48.548121390789206,174.67307537452552,25.375,767,23.814921862691968,1334.9467417586384,386.1614221603465,23.538564205169678
445.61705853503656,82.83259631170769,118.28482537569985,198.2358979151527,60.04629125588834,80.68478661123874,34.99119853842039,41.69686476512279,30.690639141917426,118.45647011158057,65.32634793172925,29.49375988838635,50.85544107661899,127.4206039590478,49.26180923894045,72.1555180193075,40.68611322469766,47.724195153242825,39.35354037849275,172.45615779293018,25.375,779,23.485041346345863,1304.6356981356616,390.36234905861386,23.638665199279785
442.66266876674723,78.36190623133506,114.0657430465204,198.97206645193953,66.75803233689757,86.6820989669589,41.387525096506046,34.52445924833303,23.928694833581645,123.09282005174333,75.5556215004097,18.524705269863585,57.84051784692388,116.98117800124521,52.488271594134176,85.06547065457795,45.42760041075278,35.08274487336906,24.383589529672914,175.2949973744904,28.107142857142854,784,24.009879403985956,1234.8758075965998,385.4330536036403,23.738679885864258
415.86441527486943,80.88452109588596,70.55709996783949,239.8273611308,114.46037929551807,98.13519519014035,86.00108901316746,64.01085067722751,67.32889675724292,158.9274690481327,39.01572471662661,94.79801978794453,62.55611307971844,182.32940419937515,69.70996924705298,17.211480824169026,56.546596742841594,102.03560002062497,91.03398122624947,153.4012483927939,26.285714285714285,837,21.7658552056427,1322.9349429237118,426.56508195059644,23.838778018951416
390.0531249413678,115.41094569460498,29.700678823184116,285.38360971999197,141.62580459275813,88.8012083143278,102.09436633890995,103.13286590313012,96.80187876558213,135.61509973467716,36.2788143381061,68.94173243954786,41.144758827489724,166.97933843390928,68.07461146958718,43.29328467612447,60.80981643797765,85.50311562096475,81.36305581631193,179.99579838299357,30.17857142857143,883,27.387501464157552,1382.687395207356,436.2257328812805,23.93918514251709
389.23690263556887,116.73848107430395,28.418625922482114,287.0024150590464,142.51454482626806,88.2583542958975,102.47604402383823,104.64730848349278,97.67837923873347,132.76592504647886,61.1185978664765,36.5184581876184,13.27181262368623,177.42393133098065,109.12854869042663,80.1493804990833,107.11582479476678,123.06419138933799,126.89584106088968,187.70672469991374,30.17857142857143,883,27.322989750966926,1368.8317933397084,463.3234972087658,24.03955841064453
390.3698441466775,115.05385851746821,30.16255252287445,285.69299411495757,142.8765189866184,90.16375069940317,104.10055322703427,105.64229880115882,99.85862499263223,135.00717501724043,61.16932843444166,35.96528520562606,14.144401800854576,176.4195771266748,109.2975421455948,81.96630065214461,108.86717302413523,124.24750508044936,129.83402482606883,190.98766137366678,30.17857142857143,883,32.44206414603552,2240.6179816150643,466.67222132738806,24.139686584472656
350.68598785720167,160.3642917330336,29.832258570615334,274.136800622182,95.37573559222353,84.61445919211079,93.47189431838014,89.33959878656744,116.3805446101873,180.0852375209362,50.393548815356056,52.25973827512297,53.05153867395601,130.6939498163322,100.18909399568759,116.69116085421908,138.1871207162412,146.20564253485838,169.45744253150968,215.36787380654562,32.0,929,33.124379797748844,2372.04022643839,521.0020575701751,24.23997688293457
297.13209473400394,214.13522707829614,90.70621128782254,233.8966033813188,68.33048816075734,142.41573346991711,151.487630118601,148.02221846526507,174.11207727106702,172.21648335427795,58.840420607256384,61.907709466011966,69.50671412938917,118.47357406661634,113.93986048284128,131.593560419013,152.93812664717288,160.98249772086191,176.97490184441867,200.93881480052005,32.0,992,33.869358018374854,2420.6348329550606,541.5379683421947,24.340034008026123
261.6515380666484,244.2810869224765,127.23786500850163,197.40913891150794,98.03658047814075,174.07520004323493,179.44733874796424,171.08167379511184,173.11846329793198,134.24947528250064,44.01990154259213,56.67342431386997,51.941966313207836,124.95446556735476,89.04493506190559,128.37365748061757,153.37978263782242,164.59552377616106,195.81688311564872,215.82872948321892,34.02777777777778,1029,34.776399542499604,2301.4161525182594,561.310755923445,24.44040012359619
209.10435738428197,280.7886941754945,172.1802813868129,143.78022246100204,153.0389733034777,188.41905500262882,178.0110731550113,153.2115162727009,120.18619298567461,139.99342166014446,52.94792956692066,55.096495167059764,57.71878851408983,127.34232272214815,100.83485013930141,119.15661319719162,140.5614831960348,148.9607447071227,179.55591407386828,225.29755206596107,36.55555555555556,1086,36.289387563977314,2257.2925842149534,557.1228211546497,24.540680170059204
129.29248061110476,326.66686395039324,227.03832873805004,118.92579541706382,212.4205436196629,159.56553126767918,116.3587733726852,71.3114517021297,107.67685018899401,219.12553560538765,84.02675333876924,52.97715105478514,63.6008609421873,158.68638267990917,100.70224623267097,85.77680531632075,117.27827219417567,141.20917748466877,205.68335091431823,241.9480555347131,34.625,1168,42.02199287432859,2336.0835350782204,573.9218498858985,24.64080572128296
104.74271903116313,337.3200734125792,238.60527221150812,134.78069838184672,219.1231531821946,139.26896671589915,91.56939092632068,59.86633179243803,132.19073078679673,218.123088240675,28.085246931369888,81.3832036770498,86.933366785203,97.60326693579665,142.22795185645953,125.13264798645503,113.90676539016607,94.57278645410362,155.28592220341662,292.713781276751,38.513888888888886,1194,40.378513003055915,2281.822859087595,649.3101900507022,24.74116802215576
11.429966332818276,364.0722325098107,260.50783189357054,231.69452078729336,192.43988809185538,55.75763495096673,111.27949465759617,152.69937654081343,173.09210154286197,119.75132926745832,57.0865987721323,59.20415036255101,65.00591974692531,142.14420873526066,97.23854202503482,108.5221907794786,146.99165609315935,164.58911434276087,166.42003715238653,219.65511181785786,39.79166666666667,1290,41.79504120748032,2223.3356970986465,672.401227248094,24.841583490371704
20.72857835763537,362.884727055758,260.9090305220363,221.88957643064,200.29637211882024,54.755693992039724,99.69188528501483,145.83624777351673,179.9399911781263,120.40364530862225,27.02680015155366,85.86401028876583,95.96226295853984,117.13775055371632,147.05908575362014,74.94736213239057,87.37821490025694,144.10216018070503,232.45514929355002,189.83380712599717,44.0,1282,45.19171613460749,2066.346613744261,653.2464305559228,24.941704034805298
94.99647647692466,353.42705950642943,222.22703363571486,286.53900064484975,85.47478315861137,164.10848333872573,172.60361171634824,105.4891188542182,103.11268881874663,237.18978418664085,110.04779940433475,9.224318898418645,38.13240004630461,90.78881924577313,155.65225495702592,156.6047864923316,90.20662232031066,61.77914434427906,240.32223535216616,263.718380665449,42.833333333333336,1392,42.6525372513655,2107.0944271436324,651.0983191381458,25.042126178741455
200.03429516665366,342.97631752404226,184.3529977922496,316.66394640114606,91.20420476402383,249.33279808838319,185.89814198312834,39.506420931335796,204.2004220481973,248.02470218663998,113.00559615819866,12.335879058695268,42.776943971058344,84.9259466863812,160.56180917359478,150.47863752304232,81.31354020065957,73.27467781958907,239.38326594598178,249.6596409138859,40.66666666666667,1505,39.8784044877341,2155.3528322956145,584.3331658910625,25.142351627349854
317.6568517785107,335.3441623420794,159.18464751489012,323.1279501651486,210.56138115694569,296.8509719002282,153.55059367856276,90.18284556650704,280.0516620506455,149.49930898732302,111.7382068174061,9.45571413776558,39.24238544897988,88.31330923369627,161.4562871328078,157.98648030981403,81.53043971762912,69.59219805471562,252.1207335557555,243.84329679460384,45.83333333333333,1618,40.70051162029393,2204.637596323766,598.9171489233938,25.242613315582275
346.0495700642212,329.5114555328009,150.60006261241304,310.6685441778443,231.9791918684591,284.39252414479654,126.23017100152116,91.50189317320614,259.48536393584135,136.051646753419,52.236440738203974,72.64878766362926,42.22504389770412,167.16049360721743,150.58104826819633,235.63793133021818,133.57466891898923,77.03812337986446,327.5569194992695,223.82386860362305,45.83333333333333,1654,42.18219642791149,2139.4303785221723,692.9806259732212,25.342646837234497
373.8666270844077,318.5304702930783,136.13391747334586,287.4085199397192,239.6833058623269,257.0206002911057,98.8887424404101,72.97149258579016,230.2474136694029,160.41091005967073,52.809346751144986,85.0867143478589,51.25468549417676,172.13412329973227,166.50794702135715,235.21438581381176,119.1364310249985,81.77982257707517,314.40553331580054,221.38495613830582,45.83333333333333,1679,50.508418300116645,2177.2275918253113,702.9803065561647,25.442997455596924
388.11428926743974,307.9619167964999,122.66706053574926,270.3399336297268,230.3222228145364,243.4322720062298,104.47851593523185,57.49778183467703,237.7238353412295,165.63983658799114,53.86065592549937,86.79358243583066,51.833156821757704,171.22160844337142,167.33729818183198,233.49703499595088,119.14734131839866,80.22418310268971,316.53528904803073,220.54084239626175,45.1,1700,50.34023485532501,2112.0641384557166,710.8806417756881,25.543094873428345
482.1536023448391,226.0844883361737,33.81392621263977,183.58849385857343,126.50826109368043,264.15825739195816,218.84521589605174,133.85128941397448,352.267263170543,89.65827268630954,82.69056255775791,70.19763980137878,84.8734980961862,210.10523976262928,122.57457885840364,313.0108926043955,204.23081318572682,169.0868574244897,391.3862526843625,120.55544214014712,45.1,1813,50.208865945998056,2199.1853071357336,805.0221900074254,25.643232107162476
494.68414148131336,213.0615925554132,28.702625748188378,184.0948452818912,110.6416053280828,279.98114138128875,227.2849977398064,144.7044978019788,352.84431110125905,75.50971920259416,69.52422060964257,61.36358082526109,3.7309005488605513,125.61033024157051,92.28254602868944,251.23612115044654,224.92109575727852,157.76484114737988,448.0136776193422,118.50971135758302,50.96363636363636,1832,56.26682101815021,2111.60802879465,900.3538299344243,25.743311643600464
585.2455145335698,106.73835527871674,113.21957558163996,279.7760679314695,110.62015074074168,382.6311785137923,203.6843549356723,148.80722555710315,234.212104742427,168.67506174813377,80.03421470119763,91.72723075774805,96.38290966625726,222.36167145405773,169.10522140872513,264.3167227967498,125.46283861006864,71.37507449736876,351.9200639263475,222.79954435907976,50.599999999999994,1952,55.005016417129895,2334.5207647154616,981.2947656392855,25.843400716781616
586.5655875066199,104.16732700590728,114.1631829823815,281.8372234773671,113.12964761722779,379.899058528788,200.3880409670189,144.9065084322705,238.20530894895418,163.0495772554906,81.09031908393975,31.11158984493078,42.7956351971884,169.00941685703285,84.94527490528057,331.4212727349755,209.83042221805283,169.14814038247908,323.67163621630806,217.12348487327418,60.09090909090909,1961,62.186736715884635,2124.6045140865754,989.7132898609614,25.9435613155365
600.0101174787106,81.97866220110957,127.21450094316063,301.45178486804497,134.88002250560794,366.53835803146643,177.43888989236262,120.87592489784205,252.1965342198296,146.06943379101853,88.12796449887604,26.066302278344704,52.79220791144024,180.43083549009506,97.73951495026316,330.60051500349675,191.86136289967467,148.65304173095802,326.99796508869,208.29145622313774,60.09090909090909,1976,58.07473977688958,2065.0010450509862,895.2969341786088,26.043779134750366
595.5662381165403,90.57013726092535,123.92322718892332,295.84568502181116,128.39205251562743,375.81397303989434,183.538720961352,127.3280823376104,239.1640578818512,160.5660496039606,95.92692267350338,27.808091849812556,60.4514481815225,185.47477098817123,100.8645425633601,339.6913545536696,189.6456654543922,147.8201011118779,313.2823213892375,224.50098832084444,62.900000000000006,1975,59.237990504066246,2062.0941581441452,897.7788723759867,26.144174575805664
599.6346962497274,79.57180407285117,122.09884318989346,295.0397513482355,126.5988977563047,365.9568881838117,191.32868061195285,137.14743321493194,240.7036332404518,164.1500714174118,66.67026173771883,47.17043274093829,36.45314980154251,160.8603305198436,81.56023164274268,360.70591106073954,196.36946394276993,148.7234716745869,305.9231445785581,225.02034099054552,60.263636363636365,1981,58.98764192156387,2226.4187349237745,914.8170688912869,26.244470357894897
630.3716783364185,89.73456221884958,91.79929502099571,199.79374577715336,35.48541048792677,444.489934054818,296.7402994082195,218.97012597863474,139.22501396571658,246.69432923768957,46.37056336775483,149.40184842754084,92.16674314526783,116.01983229476845,106.90747894470218,467.26678932299023,212.24948355248597,140.87865149888322,314.3946217004066,219.36804705938482,60.263636363636365,2111,58.751906067218975,2211.5173794430907,1030.4355370717442,26.344568490982056
632.8029864130114,99.53963989444793,93.20653523421993,190.46616873038377,32.910273777440864,454.5001558337987,299.7968012894638,219.76830327903278,142.13100173228605,246.27376094159777,85.85506249068743,35.86976044587607,30.13963002838994,118.04956806226771,16.772483097040304,405.303709523538,301.31979352126297,249.6030837732559,186.3494960545277,345.46897049678637,67.41818181818181,2124,68.98050684018263,2084.2860427293062,1122.8120194196522,26.444725275039673
635.8644496837012,136.43448513943417,87.21624367387349,154.87922073632194,19.076302886346024,474.99806903845246,268.64625833227495,181.5670114041285,176.6758490216846,211.59065057126585,84.97740125963907,42.906602413172976,26.391474569330803,105.42751899206941,1.1897459153645333,416.5701629190166,280.1256207684629,221.01442354190436,215.73281901896695,313.91007729610715,70.7909090909091,2155,73.65734177515716,3570.5559466800178,1082.12079556314,26.545127153396606
635.2549941077447,137.49818747752104,85.1315694401602,156.01738438896305,15.984274194444682,471.315478973728,270.0536245080452,186.16466665591525,170.77274546640268,217.31120395559773,66.73967635583472,41.01282787272798,24.74461467713512,128.86178425270515,25.161024941059306,406.32437557511525,311.5271751067028,251.57020923056018,207.50592520605284,314.3884196758978,66.58181818181819,2164,64.0817929424457,2626.4233263735414,1049.7514694296274,26.645382404327393
623.2995751436354,277.85347910837373,102.72557766106426,221.82182690870653,140.24228852588095,327.0111305182674,309.4880031714866,315.21722817101977,27.822338063383743,358.3773474116515,25.235046452681996,115.11969781189758,94.44590852488872,219.89820768557195,120.65795931203051,328.99073452431674,394.69247653295514,361.01728107145385,158.1524142881706,396.2784158643086,64.27272727272728,2310,67.47244539211516,2262.506379377721,1150.4613764746073,26.745768308639526
626.8713599059935,251.93098102591566,88.3627466563352,191.49283567164466,118.49139170874759,356.8821335116368,277.6698958533191,289.4874102447557,27.815440602085197,361.8220872894297,131.6256986274682,106.49139444663659,75.27037138976608,127.71618569811673,124.48286504481064,296.41017560565564,310.9479589478635,374.32793223617347,12.675474034591469,522.7317455702216,70.25757575757576,2286,70.71470632283734,2441.043396443237,1259.109160711675,26.846131086349487
615.9118496144046,277.7572080039587,91.11572102479447,230.25999351229194,119.50107553132905,348.7805937955419,302.23095201062876,274.5168369189091,65.87328593087165,319.8224018270911,73.35431398239916,66.60676233113358,17.336346275437077,127.39751096823295,67.82652562723969,339.38903865093323,290.63342580068297,312.4123507252222,73.18276854926133,476.6380698384051,74.63636363636364,2320,81.6394019639556,3843.232795208569,1268.0045454250596,26.946447610855103
611.8666138432159,279.51530343510336,87.1053876813213,231.9550004032587,110.96905568244692,358.61660864987255,292.3708152209811,267.66214304212275,59.732263095447856,333.44518542894536,59.9692893368773,45.4458891162056,17.05722181100038,100.79444160254131,73.9704717332731,335.73057219755253,288.41632740208473,349.2501489318111,37.595474706355155,485.2227882915531,73.33333333333333,2336,78.64473661921822,2947.977557418275,1209.8823793210422,27.046483278274536
583.4894124539037,292.5337459517353,73.13310731646284,239.61000633878706,54.862476244416655,415.32362407141545,234.380463321791,261.1417222709188,39.17673126786847,387.7466495002011,48.43753848763562,20.90028068123433,40.701322262621446,74.69602055729906,87.99213590599092,330.9715437071866,295.32714067520664,365.42035450290246,40.72428917850064,478.3212733958554,67.58333333333333,2386,74.40004648744846,2757.161222519177,1216.8711248235643,27.146710872650146
546.4703906233862,298.1960893927665,77.78093866450517,219.03746658758266,32.1846902987318,440.135310315102,221.8676905118586,327.8753246298355,31.191135218304478,356.64969815554605,52.89922029718987,42.062555866331174,19.89168443630497,92.21169857105593,68.42203448956592,348.2561153883908,278.87917819905635,365.9069100675644,30.16265879239613,482.80772153834926,74.06818181818181,2460,75.78939269799866,2886.1181264505626,1229.8306427070024,27.247089862823486
469.77086584730057,316.240630983441,164.4685986967906,157.95640321019545,170.99509665520344,401.3330244852924,347.04969419033034,413.2776903079463,140.23030925908017,227.35880752986452,108.24430512640178,70.04175337556636,126.81934712710418,83.81048830038327,170.3615984683538,246.69874705830983,366.2579536501768,324.5291068665276,107.81514643920522,480.9395852159691,70.9090909090909,2593,75.42766681313458,3075.916999284351,1276.9826757429148,27.347479104995728
400.2634585264189,356.59336270310706,281.87607025435057,129.10584548507873,302.1730892232175,275.8241178695996,470.84353811750685,369.597834094547,199.14749368303376,328.8886635177519,102.4622384075388,63.37977315166924,119.96112164697021,78.89281167945363,163.17877589977113,253.85580348710502,360.5619294760954,331.7719419576953,102.2880511341422,472.74250546616656,75.50757575757576,2752,85.11089851969516,3078.378557538458,1277.0459192103847,27.447829723358154
359.52358114454415,412.30047035365453,391.3321329601129,178.46502463758566,389.04866925857783,125.40791107930445,487.7566939072917,221.0138853537308,168.1942010914063,442.5382773743656,85.4009594459626,53.857991849236186,117.3925017254555,65.88326381651433,174.4949387418377,238.86305971452654,376.47614783416236,323.6374494479798,111.70776440625002,487.21517824787236,75.50757575757576,2904,85.61042790632897,3075.786460822147,1290.2274014603827,27.547977447509766
352.32218693163543,450.6484674285653,451.04998455016727,223.5636626325883,401.77320731405973,146.33444575029642,412.18185228487977,173.10617078857874,78.50024408595421,386.9766917697174,56.99926594620641,49.14560019341804,119.67355051071124,50.816156540783716,196.7704608380718,212.4765112625782,404.30832545049645,308.9101070640216,131.5095331086785,515.492242173372,75.50757575757576,3016,85.66455154075123,3062.1977713339816,1336.5851520288008,27.648247003555298
363.39079613549825,482.675099335267,488.53781779843376,255.67069290284755,359.5584901985695,260.33807642726373,300.21317890929663,277.9983915426417,54.32694876690185,283.44300532086373,10.38161801048834,100.23927873527559,176.47185229639504,106.30851132268523,234.69456612047586,218.68928628324096,353.62960016996504,313.67817842907016,85.06415420526075,452.5969014142105,72.09848484848484,3130,82.67456172881244,3011.9839143408662,1276.4391869519632,27.74826431274414
372.46001739327335,489.8494776730974,489.44371221519486,253.81718762487367,313.3987218896893,295.8724986836817,294.343797286443,311.43724961190895,100.02075462616091,317.14099302216164,24.955760847262603,72.6620466514705,149.26146984517845,80.31043727136912,234.62673164553195,194.06701905908616,380.12226822511684,286.3023466172694,70.10989751884793,463.18718513318,72.09848484848484,3184,82.58015067012367,3042.1503654808675,1249.6881175409892,27.848339080810547
396.4488224920517,488.9756450487476,460.0316326831394,219.37374523095818,208.0055082489479,301.08361162321523,390.9585534951774,278.2237045019058,131.4100216682562,406.6466070527231,94.92563134304523,8.86990237382917,95.74345499515391,62.800454303385045,278.33292429630296,130.72886296965817,410.62512396448255,242.83712812368617,17.58075908049239,428.90843002193975,68.0,2531,78.57370491494585,3113.8942254069834,1232.4046508904396,27.948347091674805
452.8378712302178,479.9610766310913,387.5630070801149,162.14423796805,183.80160817194448,229.3600750454906,515.674629368322,128.48908614057015,120.53953909270558,353.11549607163437,96.6212487794279,9.507687580605744,95.45090367526893,64.41837230344403,280.5709257028916,129.6544411445032,409.47147520307783,243.95718388949123,14.874169206732525,424.90725366209335,68.0,2686,79.25953215156724,3103.7832316073436,1239.2157866909197,28.0483615398407
530.6823688377436,472.5021994251848,298.09287710997427,149.79297620817002,326.43765919471315,109.83817145808109,530.8040503865839,125.23245785961247,107.92836627475307,202.1303902525027,58.512819916759646,41.77306011144781,84.62015414004512,19.1400516227531,261.508806388624,97.58936534682269,454.4277550021584,205.7826150220514,34.043877563441725,381.0722401724824,71.15151515151516,2839,77.75123710328393,3053.1520555871284,1212.9462703949803,28.14844846725464
563.6070982665246,464.7142168476319,253.15865507323196,152.66653295191034,383.47150413273397,48.287355976580045,486.2389828419763,186.9510947109075,82.94972688357366,223.70569253711983,51.59736679079005,97.58640666114121,98.73754991834625,45.00175008994381,259.7296753185482,71.64116234764778,498.05815089322823,185.12027428646434,82.10871640953812,332.3178302811238,76.36363636363637,2905,78.7074488386062,2997.029035620599,1226.1480483276662,28.248722553253174
599.6491518649103,441.22182866088696,183.5984012858235,140.31132230298735,414.6592618875901,49.180534481705735,415.5730786639302,203.66961197024526,7.296272560836967,288.89558701844396,45.02150415451308,60.259831513321025,109.77094344786134,19.40268224228972,222.83753367248073,115.05342323032392,513.463421759984,145.4513375192269,103.55508503820123,322.5462015570928,69.54545454545455,2975,75.76818583334743,3036.0814887825154,1180.0713555161926,28.3487229347229
655.4687614495155,395.0526963975749,65.20957800260182,135.1455583521811,405.14218576650507,167.25497306835808,415.74114574300785,150.09560779724305,118.78950539930702,274.7270370450501,50.709525005498136,51.69265118225214,113.42312168220491,24.019018431076876,213.10857797418416,131.50943769934304,518.925713935043,127.80442609358776,119.36693560489331,318.48883250047436,69.54545454545455,3102,76.64376911728195,3043.8546128662983,1215.901882104808,28.44895601272583
707.6574082443817,345.15848860931374,55.60381244230124,153.13062296175684,337.9137683428242,244.12930861947274,525.4838014154074,39.7406583097686,175.42447589842888,161.0320663732613,56.009722692669364,52.959743636490444,84.07720698103923,27.957862197281166,218.87381721529366,158.65119272463798,530.8249902107773,94.99069172414816,153.725527638903,284.3945185593571,76.54545454545453,3207,84.82311163296202,3012.4520799086695,1276.045804299773,28.549106121063232
726.3194379931232,321.49118132318796,100.06517737828284,157.1883910504245,296.04541219825535,249.93680585716112,556.3844165621125,30.675453397476748,159.53087703561425,162.22333495015616,42.24845252419208,69.99024048971181,107.7259393901133,16.976044859212394,257.6051288765168,124.48718103510167,473.9871834028659,128.95879787480132,175.15516273595392,302.9371636140943,73.54545454545453,3257,90.06068037076949,3049.4761665950555,1301.8845132809633,28.649389505386353
774.9216661133299,241.9658194596459,223.52965564060332,158.8199951612631,187.07766257725584,186.23586043669937,527.761787516148,161.37501152405824,35.34601980711884,292.1750327249659,71.25548281815033,43.46892758552821,94.47528278435493,41.401136551229015,197.4469726736216,129.6175668872616,506.4613452874479,160.46478250726628,103.56249193929918,369.3389490592488,70.1090909090909,3385,89.99101599782057,3004.9511820722246,1260.3992088139603,28.749544382095337
787.3584008314252,217.1388064040182,254.47498189345356,156.50027523348328,189.71487765474612,152.02439078511898,492.47889085979864,176.01925633448985,64.27296175433557,290.568495262668,35.778036772024855,75.5744695185098,82.09879334129302,27.422260922872372,240.99413448177697,169.949160380378,540.0685424215386,103.47247973699932,118.35661644263978,343.7048818148725,68.11818181818181,3425,84.07000124692448,3061.3548024943875,1197.8330587718076,28.849847316741943
793.9644296203118,192.19281918258108,270.9528030750245,141.6485271760502,216.5036368149053,124.33322240866501,469.21118766833916,155.34703434241675,85.83411097134857,259.7194899388814,175.73507242612402,97.77509973594127,175.56822106574072,131.30472302022716,166.83717323915667,74.66505850960283,441.0325400089373,204.4474551972694,162.19060521220442,333.0774192547115,68.11818181818181,3455,76.93217150524954,2901.796691612333,1190.4394568763291,28.949941158294678
796.4003052155581,170.63752874201538,276.06415858309913,122.55546295688067,240.40343086456224,122.65345495328843,474.3029556959116,130.79190697720676,80.23070403838162,257.4742481349853,101.1382917893706,51.60063251757199,105.05259334876895,71.02692135356062,171.00991716490145,132.0104747896635,511.3780574083607,174.13006428299767,91.01853937445223,379.7311535768897,71.38181818181818,3481,85.61215839469078,2977.340590010103,1271.9964709206695,29.049957275390625
794.8949285907249,146.0839535645261,269.2017357263269,98.01792928209797,251.28108805358283,145.76521526641469,498.5733063601231,139.48012840083888,57.934763378314024,278.96699672641284,101.70147908802251,51.17503047346588,104.71509945226234,70.72045911789989,169.92533347978085,134.22756874816304,512.5470174553216,180.28807364459394,93.97453684663094,377.4963786184325,71.18181818181819,3503,87.80022304023166,2989.2890286503984,1258.5705478818618,29.150015592575073
802.3521878855196,178.72071734967508,292.20964902296265,125.01388111699423,263.048159311186,121.19817158084535,486.46130484464453,106.48413187665362,57.438798492592795,295.06972474505653,81.32789587000973,82.81398813255058,115.58601305835671,115.09708771994846,166.2325327261576,70.15498151557652,460.4690076076634,106.92450142537308,122.33536075744573,391.3660387086795,71.18181818181819,3474,80.52340792043177,3034.333542210784,1215.4660263237602,29.250253677368164
765.0203580096328,86.65204144708044,182.64797847104145,128.1710246492822,163.5251413433347,165.22664930055183,428.49708250556074,183.2336965599347,171.82086005815341,180.35635614941995,36.91106489206969,147.9587019685866,120.42777815902109,186.04438383017404,129.8641805117068,53.48753976865593,378.47345284815424,116.74049712777709,208.66282668191963,369.60782065671344,66.18181818181819,3589,85.25847672054712,3106.011125226347,1255.3742062924725,29.350255250930786
729.359721877242,134.590276825928,66.81205375774256,241.25576139325477,46.0687178175518,196.17923823273674,313.05059298872766,206.67899729804623,255.55592474202032,239.35175421123043,38.546071189148854,150.9114578380218,123.18536316881524,185.68581809259103,131.30981116998203,52.9640293811406,382.55773288903,122.73023015462564,208.9670488669518,352.29094272026555,66.18181818181819,3719,96.17736438442839,3043.8410570409737,1322.1734725789079,29.450339794158936
687.5906358396858,274.2570930365874,77.25179562933828,377.2877220616068,104.33332091150118,187.35103937522695,245.7220628936085,133.66824860456964,213.62970669842537,349.79646375198274,74.60579062002985,93.32425218967487,45.372050718453956,216.37711953837558,81.04849796774187,135.2506978708955,290.68700087899424,131.87372535053186,250.1168000039715,460.83289267164037,66.9818181818182,3853,99.52857294973887,2872.832059058931,1318.595393643489,29.55038833618164
686.587757242041,277.4207588744501,80.17668650005788,379.4753746561926,106.90084316190581,186.58100555981227,246.69691781126988,132.42306793276185,213.0489645791427,351.14867379348703,44.694496649635475,106.62481864413515,75.6259474690792,152.9599521553874,52.983844832648266,146.93684655214219,288.6373615396056,207.16471077960142,329.18344038102276,480.626006942112,67.08181818181819,3864,102.40879073622816,3412.7618128718414,1301.52565255667,29.65039610862732
642.3842985322341,376.37932654143214,169.56574075791394,402.1645901427392,167.49330615788395,79.89572590491956,349.6166842813872,114.10868713992919,196.23982191565838,259.64653858736625,105.31459922896916,120.15229953390303,82.12624810104937,253.50250202426008,132.57404761795527,71.1019534464475,368.970201947118,131.303822258179,251.64881230683238,362.2547316852735,59.5181818181818,3966,87.92431292411888,3964.7961093227213,1238.4963259641795,29.750582695007324
652.6374914467476,358.9230763495526,155.03370937580257,406.8398630647566,163.96085785961782,98.3159968668107,341.7986526345309,92.06877362304911,173.92323206647032,250.5192930682607,59.790276608364245,75.65620673950882,29.38411030959204,195.80354882391697,63.06486465500458,163.121259511041,287.3332848790122,92.46746637097601,188.76722907901686,374.20699601582817,60.54545454545453,3946,78.4062365459774,3079.1959215196553,1162.1224390916223,29.85061478614807
597.6324836415615,418.23031248305983,194.2058005435119,336.01591730361986,119.20790996020894,134.75696872587503,275.0642317450262,156.50131423123386,220.0020592807169,335.1454332250994,60.8863629917014,75.79857869711763,37.79706418893121,187.25205694822236,56.174451768699655,175.4540567172974,276.63217658802245,97.98684616811428,191.32556304290864,384.3000062428787,55.89393939393939,4041,78.13743136405877,3113.5841909024766,1149.8880363010944,29.950901985168457
550.1042525971255,454.07865696791055,217.28116178439447,262.39877718725586,65.53426511591756,207.41739539636447,207.08524549489888,143.52246006062916,168.2920973925276,297.8964206501289,57.92683266242888,79.37240045535508,34.5230701402852,190.17398968953233,56.27632792543293,161.2289832614076,282.71533945596764,104.86377456255636,204.84528507264784,390.00404948719165,53.75,4110,77.80548679925022,2991.632850836866,1137.6273192038893,30.050909519195557
487.3095141731342,490.9052394248878,243.2357206108442,180.51103429524414,43.77793690823141,272.4365078151651,215.57186706589775,80.66786518407565,79.90242683643754,204.4091954665808,62.54338947880624,71.4715783417594,30.05260888682414,196.32075220551465,65.34764726782475,164.10316844927405,290.62838454037205,92.35396120523546,195.53789394674817,375.69983412764816,50.5,4212,79.5787310384178,3141.2024239638467,1156.805031462683,30.1511173248291
421.11806371925644,514.0498766090018,257.871474352584,185.8959858244225,110.03306500723161,274.8565687537524,313.61300513063964,22.417135146878486,157.57303980089029,263.7926882391728,73.8809177345629,170.72825131768604,130.39010686202872,106.7702028094004,91.45336359020281,259.4043057846352,332.3678778425069,27.825991903643537,206.80568864300062,372.414224084811,49.83333333333334,4303,75.21420339006168,4171.6811600233805,1065.0894231055813,30.251492023468018
435.31124152751994,515.3182529358138,262.83352934575976,169.3692698867755,107.870524144997,290.804587772458,309.60401123700524,19.75720633408234,154.10917160721692,257.281619250831,86.40653161037571,56.506879243109076,49.262624062836906,177.2411353921035,29.864191527359793,246.34047739098665,214.9568474149266,90.9980862045078,94.4158219433873,255.01655295107673,45.174242424242436,4291,67.79830009443964,2970.6829282065073,940.649972679468,30.351876735687256
342.0316918562642,489.8834394420501,211.12388872006198,287.124829042501,107.7583986729714,174.8771339378755,254.80302648639758,99.28686894530257,90.19740431372811,182.28549572689823,72.51490165468931,66.7334724633254,41.262404937004945,178.0663694020243,22.19835055308263,228.6038848763575,210.50954472041224,99.03585829599936,75.72364550968268,234.83635422519956,48.47727272727272,4402,68.9696573349325,3423.9152725013782,959.8110471726878,30.452137231826782
275.0958633977336,464.0294752267223,173.48439598079324,364.70711880561544,129.47424816191185,155.1382807573589,173.7374743456688,155.2830598786396,22.29920603838472,101.38130440734236,78.9669866066877,64.43576812219709,47.320058196788054,172.1381038076571,16.671511704799844,231.73463941263338,220.84539776988743,88.7057714672012,83.56723613882062,241.98365680980484,43.999999999999986,4496,70.76618369076805,4597.516777071305,1028.8351767947634,30.5521457195282
235.458609139676,439.1598621947595,143.74081581798833,390.3264499925871,126.18543332361854,202.25672607623173,141.11286765956467,140.2491541901589,30.608399394714656,140.87437044725772,94.21440056382441,195.9480766063067,125.68165961560804,305.4367471059204,162.1799234777455,198.58892524964136,81.12844394925297,220.75085312097582,94.31773344247205,215.4034264698565,42.8181818181818,4542,66.5022081358078,5514.671778128442,1003.7046309454222,30.652512311935425
246.38486005534267,448.497237341732,154.73970232479218,391.7504262635769,135.01646824510917,191.8651027979083,133.605332700043,153.59845570611137,32.372106357011226,135.17289895078073,123.01668086491223,124.57139858164571,129.99943217080684,124.45159906246094,125.83163219072142,89.716523352553,244.41053413894434,262.74049614936797,113.42425178440364,61.6928879825874,35.54545454545453,2892,59.62847560693287,2471.5463579719435,916.3738577259003,30.75268292427063
132.99466891193285,332.9139708652186,24.935876512672095,322.8261719021516,13.021143756932778,241.05503328871987,270.1737101594227,141.96478083109244,104.0319850367538,77.6410758251043,54.6471634241614,92.10038417331796,61.14588388542967,152.21687711509412,57.22243603362581,153.72009852413322,256.02324830825785,210.18860532015543,106.59759512227498,57.72043186397512,41.72727272727272,3028,57.63971711518519,2396.382918737058,849.4622376516343,30.852977991104126
148.4338657262111,351.05821538932264,43.50367222376994,339.60374170522044,29.314814174523566,249.4037055443806,264.3615265376645,123.32444364811735,106.83054225026545,97.49641681804769,28.90040510729157,111.8238156738238,22.208741757064047,212.3491960730087,24.700082562498615,232.70614670908606,285.2213525498752,151.2027475498381,145.73543794729738,134.07291753093585,38.127272727272725,3009,56.49732239738873,2324.0952288368435,919.3913033944073,30.953389644622803
159.4399328314647,363.28803336477824,55.65578605061862,351.8321016878894,41.40860905672973,260.3613270745741,269.72139612968436,118.22697299903986,117.65835990733667,105.83074958526825,35.21240709312669,112.66555156064128,24.480318447656476,211.55675916321354,24.904432852750173,233.2943921304611,287.933663315776,154.78988788791207,143.50895772422592,133.21991513631679,38.127272727272725,2996,65.65643013836049,3596.1610414600345,915.3667716055727,31.05356764793396
90.87720654503504,294.1106040708411,45.217054986208126,298.7258698637657,63.393647051604574,208.29859878521322,199.43353362895016,61.402713490417604,119.23811546257562,173.80690074184986,69.88573433469593,143.83827287008964,88.01821113588097,254.08324259641796,96.14195549225151,262.05415327012497,268.85884080717966,84.90745958343254,201.57716908273716,216.18176902416403,42.90909090909091,3070,65.77970509005144,3664.3914407249176,999.3866171692275,31.153648614883423
31.665964506411537,243.27543673092447,113.67550884313076,300.3597293920927,133.24617292621315,237.72297585820658,201.30253157183202,22.173183667700545,188.80088903354215,201.07556955928675,15.342799634871925,67.00383298155842,55.07176856298193,175.78217363296307,107.52165542463938,210.42449995282757,202.39032682385752,24.241043919042163,253.44008732248636,295.1540802045537,42.27272727272728,3140,67.14479954197067,3771.7647201063205,920.1313168046808,31.253790855407715
138.8848891252833,307.5420792922595,36.800660861969476,234.7865011118409,107.41973758145582,121.57904993564782,94.16173975662142,95.32802180070661,219.40216976963632,306.0648770829224,115.16788770485208,62.5980936741656,126.53017541006068,95.00557834422972,182.20272338239394,181.3095891081281,143.60025068747325,108.15600107624496,338.6766543735714,401.6304651958338,42.27272727272728,3024,67.32969427471195,3609.035297171416,1018.4663900018757,31.353818893432617
234.30960578594383,358.9070449427156,122.40040774174547,161.14255840570584,196.4934229478078,89.19075466946317,44.974696761775995,158.22905981138905,310.01062113244143,352.7054336810035,95.82286081088765,56.72345434012852,107.12337767223568,94.1129110619275,165.08499482103298,164.07015921435834,127.8182946864542,104.9287467226506,331.9046313981796,409.2387231752902,47.67424242424242,3407,73.61176151919969,3899.1332537436383,1034.6554015706856,31.45407247543335
351.3822580683977,416.2744022077824,238.5897560126234,53.37205505006296,304.42882240823275,201.17858693861666,162.47698259528894,169.14011737708407,320.7919786666279,266.0700092833665,93.70329408799029,66.94468712574172,114.31442278774581,78.00109823463664,187.5118638107687,180.63175039306867,149.49167876390433,115.16496480434402,340.5004013307726,377.02333143808823,41.424242424242436,3292,71.4592439950297,3530.5018073191145,1016.9141173961116,31.554416179656982
422.5156569826736,444.6827751405821,301.77385229193885,20.997919058042715,342.4322344114746,259.7182420079548,208.32325973756113,126.20650844710444,255.8562622408836,215.569008132942,87.60523991401185,68.73975636437568,108.8916188390406,72.5317202798932,186.55809582903115,173.75893812775294,143.48058009142807,126.97106665486079,353.68981695957734,383.63533970062394,47.08333333333334,3615,67.65517153002025,3626.411060040966,1006.6418258304396,31.654468297958374
508.88983916821866,468.6440781561428,364.1419455409961,105.46062879531681,342.7553772476936,283.37554760654956,205.42630838842388,35.6365573168335,207.38363573498216,291.92763666169077,93.49136021939884,64.03365213090915,110.53720932725112,81.02738952516096,179.98235853739192,170.79267600889943,137.36050315197082,122.30596105489848,352.29836434039095,394.77792348356917,39.36538461538461,3528,68.36592707678419,3663.2481786609333,1002.2982279765881,31.754568099975586
573.9656651530278,477.0224045626109,395.6443627868694,163.77336380612493,303.99675343792734,254.21530812273159,154.09922880145396,79.09054044467098,272.3711695659692,329.86840757135,100.66518337161041,46.24010937062659,91.73877142581385,78.02775351516921,182.93972329776037,171.03581060167073,155.2007229304459,128.27032077983122,336.67210566309876,364.1650964146204,44.07692307692308,3452,65.60668576933517,3642.559612737983,983.4218682795207,31.854859828948975
672.2596621164114,477.02671029514306,419.18226153627506,237.33777501374783,199.99029863338387,152.90842123204766,46.38956666815677,178.19255615572632,345.38906190609254,251.702705071446,105.79961410523666,38.607311325138895,86.20082236553073,82.60880691048227,179.5625405515637,166.5082717589843,155.9737714682442,135.85092962685948,338.81378954809156,354.918728870508,36.000000000000014,3343,68.02602988690785,3620.0948858279116,976.2209042978964,31.955039501190186
755.1540445341651,467.8546040547271,418.18244776862116,281.4541035475164,108.33798196123819,68.22033641955294,113.89647550654233,203.53703108837578,302.16218133286685,180.3875108488231,100.60881461125395,48.89237015785165,96.20638565409998,84.02866353226737,174.86450922299915,161.55135571543977,145.54807143159795,139.89464632282184,349.4528597297038,354.82473653718887,39.681318681318686,3240,65.45882111418436,3623.580382285575,982.2676049665454,32.05511975288391
761.8554023543405,465.48858146732744,415.3863570166973,281.8618930555918,106.33449108587953,70.3484077624007,121.07333417663467,198.21931920417708,293.5670945042835,186.92584813351812,145.3109288210064,176.81705331809286,223.03575740012306,206.85072828301,49.25297844711402,48.06489549447836,158.38146547485115,242.85645149928746,356.514908480958,272.8004175482328,41.23076923076924,3233,64.5752026483592,3760.1697181456125,1038.9665344507575,32.155195236206055
743.8507422818552,481.6615790291574,435.99253802589345,298.3621330716225,92.74153246105442,44.3000630182814,128.37076917901643,223.93570623206733,295.3806767489858,172.97186560652796,123.09887544855818,156.12482656198887,207.20068613024318,188.70170235276237,65.77446443303232,41.17125317955456,138.85365006862853,256.91165119196506,377.3901435244194,251.90103957787915,42.26373626373628,3262,70.28913542088793,3762.6222341176717,1036.8439724892187,32.255358934402466
745.880160373195,478.2856815635631,432.0115419009625,294.39756330709463,96.57713761997063,47.756625174147935,124.33303371423222,224.601673339087,299.37706305080644,169.0825326523358,84.22254037631474,136.97800229399832,204.97108992752743,187.66752827250866,82.89119929958555,26.30880206376496,150.95808208460707,294.7374585921508,373.8052705494,253.6453627563344,39.846153846153854,3254,67.95122126095589,3731.8582316055977,1044.137603242818,32.35576391220093
818.5420705471045,328.50748012859344,277.7198345950065,154.5825491477609,252.36843439277405,175.4047046813548,141.13008958061403,382.04899082393223,393.16195365105506,171.6265347570461,70.8869925042805,157.56578033271157,249.449234150987,240.2763292466155,173.32147127794022,125.32096705956988,240.50435147829648,402.01712721083175,358.82825885728306,320.00385121823774,39.846153846153854,3099,69.28846464311977,3619.4596639407837,1173.3503510482049,32.455817222595215
881.3797409400648,193.14864100601616,210.67034388081467,184.44131498292742,351.4467858029288,257.44591677639266,276.03202722079425,459.6566398063752,332.7890059044252,298.71639369593936,62.39171518190682,130.0155539240294,218.08397614275128,209.32884777348292,179.34800768839673,132.64126001484954,232.42253348710253,421.47371455788203,378.9652525745512,322.7435699980357,49.69230769230769,4115,73.77365672828154,3651.5465557686393,1140.1516066080408,32.55620980262756
892.5612601321849,165.00452176027318,218.48476352544643,211.22019475389988,357.88561150103635,257.9557302048167,287.5611361881948,447.0076834860852,304.2217867456571,293.35139979165496,104.06725890914089,72.06300327013244,136.1628916773686,135.28521448242057,235.3689018613094,199.30236142693167,261.78280872642165,508.8164115237069,424.79592185046886,394.1935211599712,47.70512820512819,4093,75.61468813164575,3726.667233016993,1218.7872325783514,32.65662097930908
939.3040815076673,66.68221528174614,337.9673414429797,348.8510661076994,308.60781315011224,170.0551687095111,226.65413382052745,307.1816906528014,334.19681768605705,156.37433663898008,49.2129051615738,148.22105406868064,223.36469220674635,188.89491003094665,141.30699490428165,115.4232302896818,162.54139199849607,465.0934026955093,503.26934964658153,341.79854426794543,46.69230769230769,3947,82.85050510642806,3883.1004812808187,1300.8231929218077,32.756723165512085
980.9245913707077,158.77285148051178,470.55784177956986,449.7482679266026,219.72425045210238,57.17727198662301,110.03710159426824,322.16980232812415,463.6229451292754,236.90705300840304,99.11516521570775,86.60668692985854,213.01823322127518,233.46814220707074,141.1131049321672,55.91307764526815,120.43575724765168,415.1993205488827,557.4015901088579,331.9930136751178,44.98717948717949,3812,82.86412225977718,4437.30256833884,1238.1840371872802,32.857134103775024
997.9918960950331,225.33096572662663,530.6898579094067,475.8237294150439,155.63595599944625,10.48717778580238,53.88552678906703,389.6249397600313,466.98132118010045,283.47572816932507,36.26193852446858,149.76329027049485,196.0932839329272,159.0211374481465,185.8461764326564,131.52093289876703,193.83363388485796,390.51109660934924,497.8861504938737,263.21307171896143,44.08333333333333,3752,77.1331372153545,4347.499723164494,1169.0052123537262,32.957478046417236
1023.0274837479354,352.141939049105,619.1530526713086,471.4019307683376,67.53646107044553,132.64592933371839,158.4506153607928,442.5637179131116,344.083552330383,216.40214124564383,36.8521378107319,146.12817737299525,193.67692820036106,161.54278398371306,185.81475933735737,127.03447447292143,189.45009517951738,385.5475398491191,508.02115588537043,269.22729816515044,50.40384615384616,3975,76.68399727900979,4178.5186800260335,1197.1784455922314,33.057517766952515
1031.005043237817,406.0948353360596,643.533831039092,446.1593462077269,111.41334986508906,172.86442213377168,206.2129003032801,410.4374957918843,315.6540616692717,159.54827284483787,160.90035551613104,126.58793290978657,299.59484936253943,275.07394241765076,85.37774097943077,156.13512343519702,214.69212148810942,482.1706449850922,410.83753390723734,226.4461123810327,51.08333333333333,3922,81.47103549027167,4256.586101765233,1237.7609882163315,33.15772104263306
1030.9300633336668,396.7793358291596,643.4964818296085,456.3129420663594,99.74333317506527,173.552451568224,206.8158322048633,421.7642768937954,306.84694709705343,157.5233159507759,103.7942352197997,86.87062654878808,244.77730898028364,275.72191008407714,59.231560811568464,115.72208867938603,176.14226854309305,541.8118115237477,393.50736317383974,255.08756588059228,51.08333333333333,3931,80.48915070649063,4302.751789674714,1149.4203739379216,33.25809979438782
1016.6342353327703,490.5104723418045,584.3245065068427,305.574964010806,216.60884709873258,77.52833130518735,76.58623522142442,439.45803589424844,420.03641757672557,304.7501921939825,15.531705332216811,97.97524321725369,155.78457067191826,296.6015908117804,120.69873254074228,103.16895002234179,148.2512325378839,626.6439151040424,395.3658943116209,317.7329711507448,48.52564102564102,3780,78.9396347622642,4233.662199720305,1231.52861131787,33.35826301574707
1001.3577827464196,581.2972074928252,490.787725578888,222.37476251079818,311.78895631621765,103.99150865452846,83.33733214073098,597.5985655825398,385.25461591072536,325.1886461243548,18.68246455738335,98.6153603016739,155.7815681563403,304.2795153364832,116.99118228316308,108.52662621063119,153.12747528191386,622.3133431742788,394.9412132249199,315.94237498471546,44.91666666666666,3621,87.36277470539167,4180.241965601986,1240.2687909891902,33.458489418029785
985.5516496747003,666.2600310291531,362.22008799261096,323.9536885869044,364.32735170157264,212.987495185001,225.73013570470164,670.2715571814297,217.65684821695788,174.57060355997683,16.90133288728288,105.67755682661752,146.1235482238778,287.0489642659683,139.00519724947927,111.34798379421805,159.0023971388779,644.530619186474,375.01663763147957,298.30974068199004,51.08333333333333,3454,81.77206717154881,4184.795063696539,1237.496253438596,33.5588903427124
975.3636811331265,698.4205254879018,285.49642359016707,408.1565068431629,355.220295443606,240.00074006026477,254.5352613419691,621.5995931449245,203.70287042475587,136.890662910479,59.471652122470715,128.69613370490052,144.05779935102888,246.0459180532488,186.04092557370683,121.1927503380945,169.41654033923393,701.8360077530875,341.6178064345551,279.17981294954313,53.84090909090909,3367,88.49897780778855,4245.1693786045325,1305.8355464742167,33.65921974182129
951.218281957647,734.3787320107365,131.94224713281463,543.7522896666017,269.8731593013667,221.46991693766233,210.55371952952737,474.19490421212026,357.7588357817839,290.5489011748737,26.26867822071566,99.64852044372405,159.78225591358225,265.30478648146664,142.88898764122553,77.29150274110842,120.18021860237023,673.7466472498402,398.3132083488524,340.43953882451706,55.54545454545455,3217,92.18451613605902,4239.56791693245,1351.5906535662325,33.75941824913025
934.1894606190264,741.7744951736504,64.02539793515827,593.1440096988393,191.1470769070858,174.99202398972645,139.4827862693311,486.6651902289557,385.15679270760353,309.0199531185103,45.33982134788118,121.06870391473727,140.1988420400321,264.59344564055203,163.80495217237853,113.98695078038311,156.20257761880274,651.2709402091225,394.01738709523335,337.88965728552074,56.09090909090909,3122,91.31693142749384,4294.962822254931,1347.71217265737,33.85981249809265
904.1228039252439,732.1530747540728,147.49222312201672,613.1111260277177,62.757609493893305,63.270748482509326,33.3187646466352,620.2308945309964,288.1308425790397,193.67027918414155,48.9459348499552,129.01571996053352,134.12200193964625,277.3171957735967,143.31187610492205,86.92476533073709,133.033714232662,680.8797860914715,370.0754861033836,303.54813148328765,57.66666666666667,2994,89.85181826818689,4304.72014614531,1287.7269241420502,33.959866523742676
873.502621085881,704.8529670997711,271.26707019752547,577.242119875942,125.24352227578946,60.958066866010874,154.61543854402598,674.1231936832519,194.35785311382327,157.23131987630552,41.5446004120441,84.39370784266538,174.4358270038779,232.327524428162,192.64767189112632,136.4456106022767,170.848513015352,637.8832797280556,407.4894607078177,347.293269950499,53.0,2865,87.34473562477399,4237.472559411754,1292.468634516651,34.06027173995972
834.9548952737043,652.7487766710655,417.8315955835487,476.0946347675369,280.851581241686,198.2358013600718,275.9875818301014,586.9891489298795,319.6728295947981,313.93596993488984,38.518435368400006,85.41822517227685,174.28965846882548,231.4234427171232,192.97325849831626,136.715670941759,175.80750496588524,638.335345033713,407.023831199342,350.6799604115349,53.0,2711,89.79584981170308,4237.7791278092745,1307.9623085837675,34.16045093536377
801.75549606931,590.4328554112354,533.9180711907702,341.53551301769073,390.83902070035856,287.2523173126334,311.578103869609,440.8305919160372,425.14013301472136,345.45326388127467,38.30263859598963,86.25353077448169,173.29907103085426,232.5102630983849,191.64433988724429,135.3273876801838,176.01644180589264,639.5990526482648,406.32162128054927,351.96765794265025,63.5,2559,90.65552118434397,4243.7323533988365,1294.0429754853137,34.260550022125244
771.4454954323205,514.3529436584988,623.3381469530191,190.5720350190811,444.2859554729738,314.2800135438871,254.1608746141152,455.58764980548113,374.99947321214466,214.71829006340914,40.33688697714331,85.96848806567411,172.60417813667763,234.16594999872183,189.62838059172861,132.64767151832052,172.751934853679,643.4130384288775,402.11883720086405,349.8462314339911,58.0,2409,93.68892157935795,4243.466476558236,1276.333182013941,34.36066770553589
747.1386200610923,431.44969778530094,678.8073010441433,140.84193967110954,432.3560931895154,275.02097998886575,125.17064834091852,606.813432886459,223.71699554471374,160.65696603428998,40.090220960357925,86.16253230853363,172.6847750095323,233.55217179283244,190.69988944692523,134.28547576734294,173.72408510798152,641.4056266795518,403.1966288616523,347.13834485648954,58.0,2256,90.79843322209051,4238.154490870024,1283.3758212610828,34.46101093292236
729.1426901784118,344.8651950854944,696.5654118872674,272.21007213714734,353.5888865798038,173.73930950048754,50.03905075909042,674.7498888617415,246.7319736081437,314.5384075207022,17.58486026412965,59.93623096573702,225.45062746993577,200.8821702156021,208.90027981061075,122.32996741055402,124.7817019758259,693.6330981348027,371.0340778428239,378.4942574477452,65.16666666666667,2103,87.91182270534121,4285.980697726685,1238.8465143107524,34.56123113632202
719.2652119256852,289.66854269357214,680.1880826332324,365.1490022812377,270.175071893765,83.38036711290425,143.94780438421927,619.3856552823244,338.6637730847408,326.6441248673786,41.946155372924984,96.68249227627487,181.7399431890114,202.58977997242135,233.04015080522674,170.55453233211628,134.9187123183299,687.0343055862345,330.900531487075,338.6220862776552,60.84444444444444,2008,82.37140014297185,4232.385925937473,1188.8549958591302,34.66152262687683
705.4548212076304,211.32439835285552,614.1042126258595,474.0058671386691,134.33302213047938,78.83266787277839,236.43539506655705,482.9894801488442,358.15933379752425,192.5303465814182,32.5358874883966,88.53278761337904,189.80686559331704,200.91851098932125,228.20109801340837,161.85268548128434,131.1005943625999,688.4668268224991,336.52156072758004,345.1478769859895,60.84444444444444,1865,82.15475153864028,4236.301317640584,1190.6196465427129,34.761584758758545
697.2979500006526,170.0092594192133,525.6838511556448,530.1488766893144,148.9141060227311,200.2060880725704,252.8465701419381,500.7928989169563,255.18779124111273,177.5607388489488,70.8568700193117,16.12760757703779,224.51484682106928,290.4563946683247,139.94418986084779,161.94649888962974,226.18338459083952,613.6568068146303,332.600957709288,273.5720303554357,60.84444444444444,1740,75.20139160595512,4345.593348228101,1119.2853907647914,34.86192202568054
693.164859807858,162.60047035337408,485.7361878882562,530.6701582217975,192.1423149709279,225.19717005040584,228.0070203073068,545.5000551376642,219.5901076883029,222.9595709781962,67.39640151764856,12.922255300645618,222.0354465005547,287.82232503409125,143.5817640658976,163.11734078006674,222.6987928299649,618.8809669077707,327.2514915995423,281.2671048350796,59.78888888888889,1694,76.30922138360425,4366.046262809939,1130.5677457490542,34.96217226982117
681.9527513058993,151.22177105285982,426.4822511685314,498.08925534888067,241.89095403756122,212.46823035554883,169.50066810149994,565.2358113865025,262.37948832562523,213.70967279917818,49.755134211668086,101.84945180064591,278.5293137313116,233.08545604091321,120.76237295813706,95.96270166425393,294.5213451338539,518.9227150122018,378.93157409096386,213.35433441075241,51.222222222222214,1638,71.25338054109568,4249.500160769798,1049.811544465188,35.06224060058594
654.5558818658194,176.2392740649235,307.0586013276981,372.47390217172506,319.76122209426137,124.62340163389402,181.13554727510697,474.54896477549426,388.9879290907408,71.4970059611218,46.26177865784322,97.79836396893751,275.1427298632768,233.66617478846348,121.53599017138471,95.89830581574249,288.3994617751956,524.8150210604856,378.76426254823923,212.63816153417736,51.222222222222214,1489,69.11029035457338,4221.882266220398,1021.2167679643069,35.16230773925781
635.5940171823214,256.4130666203119,289.8104046738853,229.62259532136278,345.9507887865206,51.894489152802585,324.1940662724622,339.32881198513303,373.64722687185525,143.13193207948078,64.74492177976389,57.807808853098294,168.83152453862002,157.549513204355,229.52077496432418,12.285406577291639,321.1396971976284,429.28033281951775,456.79425090900685,196.30569423583896,55.666666666666664,1349,64.7634885523915,4319.778621912861,929.2972971006723,35.26240062713623
630.9482170237156,273.9129748496121,307.882730922641,205.72890896439412,336.17821149936714,50.000854845466975,339.6406798192527,341.7800723592802,344.5747292843783,161.8751685500439,53.81100082932909,49.01941700579824,176.6265451141755,169.9767661223484,223.02731785439704,11.546040428038935,307.83756909248007,436.15630484580896,468.8476228062513,182.14712689369887,56.833333333333336,1316,60.618842202514315,4312.79816854216,928.0171353471828,35.36253643035889
622.0747792380649,286.7693387337783,339.68668962630744,202.19636475738096,305.95612585785364,37.6680642757272,322.2152740683799,376.44447660740724,331.1496539740199,136.07284832646445,88.57781924151737,80.59249569785284,160.28254912893334,134.12032312897875,232.95436667409587,25.793267182744525,331.86841217574937,438.1114647639124,439.06929675030153,192.09252678772683,59.625,1282,60.85703645491831,4397.685489282156,944.1517922280323,35.462860345840454
615.2690991639266,289.3068859917139,357.7136700442729,213.50588739764612,288.6885894747656,25.473985674661993,304.41148582923967,383.42539397441345,347.1702001560907,124.90796316028579,73.63935892792954,64.24076053530526,160.75319243816952,147.9539361117159,237.88316905020957,22.47758109125993,332.78666693756105,424.70679270425575,445.7992477998899,202.91817903842642,57.25,1265,67.41575546206107,4445.974148743641,957.4173424096763,35.56308031082153
604.4166293684676,287.8047121793277,377.8903033478034,235.57987097160918,276.6094793799891,6.192749217556332,292.83733847373264,369.5335909207484,363.9816513835049,141.28627043119647,80.36522510076546,72.69227190649254,164.68160773002725,145.24749963426595,229.49801873956477,14.450576636048504,323.6322508090781,430.7025337617957,454.9581168648116,197.5312998445112,60.98214285714286,1239,65.6028058838365,4444.538636288336,944.2461404392265,35.66330575942993
581.8568970782744,275.86184241572636,399.39361930319046,271.0611456270384,292.97103360052,32.557518618958625,320.8966271347281,335.7870665791833,336.7243028952552,163.28447077068859,62.541900556453484,47.74174645655833,146.48063268525993,144.73694761634667,256.3597071684325,41.467645875466104,348.41084254476976,435.076663319386,430.0584222255566,185.80549543002564,63.85714285714286,1205,68.40480893591383,4283.630686301996,928.3635926151624,35.76365685462952
564.0017907311732,263.30911542865283,406.122255792171,288.2022784217169,318.1332886562498,54.05632400495043,347.0921097236608,337.8259820700991,311.9633369789913,149.82816237809018,72.68928586185454,63.05110190856623,163.75346043290867,154.2578950021807,242.43380518641837,30.322330439687427,343.67541266767773,414.7589040256738,429.6810302881672,208.72610582160988,69.42857142857143,1173,69.46888695623775,4210.229201891598,909.8160491687682,35.86372756958008
542.861435752044,244.44118998083485,400.6600970489233,290.62398606064676,343.0787561310828,62.49230392608657,352.1901926671968,366.5498606666267,324.7022443744234,127.69462171880845,70.39163408728906,60.26798711266828,157.82246463253074,148.0733151896589,239.67354220611074,24.92167525923233,337.53574447999574,415.45763255932593,435.6626084820319,212.6304276134845,69.42857142857143,1149,69.24335104952837,4467.711160093435,887.5509990319306,35.96404838562012
521.0453507499426,222.67554340155894,385.76757150015345,279.2025707209522,352.0581204257143,57.20382584280438,332.8276744503087,376.5138367858218,348.5003296909366,146.24100666487632,107.52648472501754,109.66349135540091,129.59840696662215,112.86978031160469,147.46818884957574,78.0295523008903,342.48928809285,322.708057947524,358.2342469093783,231.8997499097885,57.261904761904766,1121,63.681580094012155,4836.981191630546,795.4887100716744,36.064284324645996
410.8419565522554,109.9380068904514,284.6949162493083,184.15155406548624,328.7983099471585,89.69472205360627,215.68904868945577,302.48732816136965,360.30371725093147,250.4827037350455,107.04333736024583,108.87881647705626,127.45942638324395,109.97018651461973,147.30517115644662,77.36910787728422,337.1572227605062,320.3003690987289,362.6836714720651,241.0035365249672,52.0,994,63.004788662837385,5075.092713288085,792.3468298336279,36.16440010070801
308.71502002760866,40.90348265065389,176.3104218271643,79.10168132285492,257.2863031768875,158.50921706736503,251.65404041877187,190.66301564926212,255.8126661107739,217.10116333890923,85.32191483518956,84.5795027280363,111.55458324252281,91.1002964460816,153.68734100295768,77.86698621233651,321.4139028751119,306.8902622167644,359.0077757087342,247.84246779951576,50.07142857142857,881,58.3127986807957,4878.2552012099995,783.5294096854307,36.26451802253723
221.39346245777332,108.99795352971756,76.27711517279783,22.188073154519223,165.65946021995302,194.6163039807147,351.5990530393076,209.40462003770676,199.78885906293007,117.59618143039978,42.10213172299636,41.652376214610044,35.07546140903204,22.933672704986773,128.6320866414408,188.6267400862475,374.24316324449046,240.9217060854579,248.26169735545835,158.4971798311623,47.125,777,50.144961518201356,3286.8688493483673,674.2433990194361,36.36485004425049
215.52964136450015,113.81412105971428,70.67026245582832,26.191035174980346,159.44070948305168,191.38572258242732,353.4677560851265,216.52472843683225,207.56101427174437,119.80294440152089,31.349045846973528,27.58182155793212,42.68813909475876,8.328244916535619,130.64832799724272,164.8993498418873,356.56889271666773,245.7553096321682,267.2830449741393,178.57376853166278,47.125,773,52.23803542733741,3985.083135239709,676.2847961216281,36.465266704559326
210.6741348106688,116.59357325415786,68.12741884863783,27.450045172863465,157.56676163209653,186.85109658618802,350.40800986451336,216.69385355436938,209.33178120873984,122.9739220511952,99.69181160429363,71.4352091206703,132.7328624850896,85.15748198541341,222.53847008990243,210.5416602045087,341.649662957883,167.891338823983,169.93061205053354,123.334750314645,38.142857142857146,768,44.2142597315515,4268.012617695525,586.8214325447062,36.565648794174194
268.2246517119907,113.49902492509402,92.21185774884499,69.93536975930392,148.38808286198534,236.14807074847724,407.71554961991353,269.716582333091,253.4010477169756,138.85037678946793,170.18113475162068,196.718376553192,127.3182497906769,172.2993185567152,68.06914974930594,126.21205282407412,345.67217106860153,323.00123009091084,361.3741823862958,293.86450857551904,38.142857142857146,824,38.02237847990751,3297.202658437995,644.1900535011738,36.66582274436951
277.0581127252842,118.05221372312141,94.97855084250855,78.31822430793696,142.8854028317167,237.57575386721922,410.3573514440494,274.7057936210231,258.50631884283365,144.32463249727698,45.76477369549717,53.42685709129703,24.721660044137867,42.287950642554975,101.63573397523301,196.64735504386806,409.31793363447235,303.1381128351071,316.03278218043386,185.54507005732518,54.125,837,49.17495486202944,3163.5887398375617,817.687910277795,36.76616382598877
284.01812897468005,123.14540975767902,95.72680286344081,84.59264696878859,135.61747636312762,234.28476122018557,407.18451226051377,273.90757748533395,257.4673787267878,145.41831660364892,44.08492924947078,39.494910370968526,42.764848151746016,50.511187534556775,104.3701789143067,211.99448132278155,424.940886898183,321.1127799398511,333.776962969879,204.8171853713343,53.410714285714285,838,56.337585106191014,4523.046536999309,831.6752546246128,36.866230487823486
287.6144013929133,127.5152338209675,91.67030767350285,82.03108361467899,135.47680999916705,231.27677603276908,405.68117119009474,272.3413491229959,258.6171554467434,147.74836403955518,42.316324982774454,42.34294488940984,36.46318233551569,41.76745868182674,111.80138834120898,215.10946173753885,430.5964136674812,326.8162116129043,344.0200330570833,217.3766505432655,53.875,848,54.68343045200564,3689.467879094197,847.888025914674,36.966243743896484
302.97402940979725,144.34050255675902,80.66145428777595,80.75356572118103,130.26699442099576,217.83181103237132,395.2393936003513,261.7686789471262,253.08861612417346,144.4492405894767,102.21236773484397,88.29856707993578,94.14168564196558,115.14023338645288,48.07543180672438,128.77015865067287,350.3305035955142,252.46133917060305,299.6034249916411,201.14683312821418,53.875,861,47.89621264626285,3505.8651471244134,780.9359560730591,37.066609144210815
278.6752504495704,115.56104205916489,109.04674344148988,102.92670527058098,113.43075787849774,210.9202974078926,376.00321144447855,238.17135006736544,223.12061024281172,114.69724144894188,75.96684481420778,65.24761910553399,62.91191732593047,80.99286578777144,74.64985620205924,167.4277706847608,389.5516220515184,289.52998884414035,320.23304283994867,200.57635144000432,49.035714285714285,832,50.649782909611446,3837.7034884444433,840.4666619141738,37.166760206222534
233.81778047640083,75.97133411056608,187.4288499303378,182.98952708300976,34.33320200243722,133.4420517817068,305.9784833644815,196.614338816391,243.89369716727796,180.41963416859429,23.655024422557826,9.028765025801182,94.02372576438388,119.12276899578075,30.293589012159686,121.30291963910007,306.7517114718959,216.64351956022807,309.65176688710085,258.3284113936739,48.25,754,45.37685460360285,4115.204811673757,765.2161890584417,37.26681566238403
240.4701418151689,73.87730372062953,171.7558610941956,168.32692667763627,53.76505656537883,151.028825086489,302.8098255404709,179.2079958024163,223.0365191974794,172.4277459339821,23.800765359988137,8.184874802613665,92.71573799013504,117.51992621287636,34.92363803924386,125.5235459623926,303.6120066660001,208.3502854983524,301.8808752413539,258.2725888043307,48.25,769,46.41290574117904,4058.7668692766406,734.1970583297983,37.3671510219574
239.00618857371373,75.84601735943265,174.60146902578347,169.74023951424815,50.22863704024021,149.83986447996838,309.5390280672982,186.39223337169645,222.78417900952806,164.62839525644043,37.538973254155344,23.760567612157715,81.48573724081663,104.87054849187308,38.47808566627608,136.08467373060247,323.46447494802976,219.0870189474461,289.347510253107,232.82950571008314,48.25,769,47.32109615097848,3905.502460914111,761.7022251233082,37.46721863746643
245.07771092947766,60.98952789395606,180.2428559354574,190.06270711029603,55.97069790547693,123.72506853694273,274.2503297152396,193.71970379452995,266.36148160725287,192.76582589386337,57.46523232794636,38.02969663343533,68.02519362903305,107.1355920642091,61.89187225411483,123.46497575008458,268.3554734444505,217.37745201519098,357.2008340737014,291.68311041682443,48.75,806,46.572300723257655,3817.2548136906144,759.3527330911916,37.56761074066162
248.15743848287931,99.4502843625451,147.4416969569834,134.7837467415846,91.97782242136198,184.1684180991743,268.6712720944466,132.78543724510232,253.3823451310989,240.47554475897914,41.48514537350524,32.333675916925756,66.78703781224725,82.90429646517913,70.98220091441735,166.14420257512091,278.5636286092075,157.66581490030455,331.1668355554148,339.39466183443307,46.30357142857143,750,47.90037136219766,3823.4169668098425,738.8272895825178,37.667662620544434
244.526622576679,87.29531712393616,157.1633928376425,147.88493117396334,78.82784653694364,174.39023167305297,279.2526078895747,140.57022640579262,241.51176536976257,229.91739033084733,67.84465196907868,44.55410534940436,68.21869437050069,108.47210945240434,50.387772506444904,128.16115100459407,297.50160624313173,195.11984773270055,300.4042363564011,296.1319842403825,48.267857142857146,760,46.61625917210748,3812.4358159324916,695.5078808656249,37.767730951309204
256.44074967029235,113.15458068675103,131.7873378740649,129.71539290585355,96.69708507486281,169.8577465528359,258.3986090407859,159.35535792277688,254.6276408570899,209.85600496383745,46.44983194906719,35.118495072285214,62.376693012814634,87.11292561683963,67.34112217151292,148.4204470048397,277.10377526794565,187.17812739286268,323.60926097211336,298.5904931736347,48.267857142857146,736,46.162105842243065,3853.1778977917807,678.6681293952538,37.867857694625854
258.2689574649969,115.64643227739704,129.31916926962782,130.238317679385,96.04152929620516,166.88426034908662,260.2721814031306,160.94959449962641,251.12698907871496,209.66137288134098,29.046648858634775,50.559062780784856,52.488668950767554,58.927653422656654,95.4594672745807,152.90891905129837,257.03538104134475,211.30943001098447,324.95310360131805,274.3405453899501,47.57142857142858,732,40.93308275538748,3884.4671239976406,655.3946360455336,37.96819496154785
259.54171999612134,117.0879280342172,128.0405310275473,131.12033367957207,95.03606872592404,165.31210832705696,261.86668322553925,160.65776067118594,249.77379411556305,210.88701488463994,41.45623479265253,35.81172815409291,60.81827885782268,81.76186764647989,72.20780104576679,151.0990636084162,273.2234715132377,188.1646042897461,325.6436604998504,297.9289363184083,43.80357142857143,732,42.92439269541441,3862.438776590568,679.6853658874004,38.06858253479004
235.29983929730403,101.75530965821717,140.09412345504157,103.97282903806862,124.09941493308348,172.1666299539434,244.6338459619186,189.8220575225822,234.0767397226326,197.07444408200297,32.934796095585526,59.26291982257986,39.2925116101785,67.61541308422635,89.47139693748147,128.79683990956045,283.62820037766835,207.60318579300858,296.34392407607413,304.8143655796734,44.5,759,44.72772039550341,3898.381960841058,709.4315119007038,38.16894578933716
210.0599190674679,102.60066107856001,143.92974881678097,76.48445576987548,146.17405757900966,156.27490901905307,260.960330633543,199.24928419618354,208.35604098418406,224.160871471773,33.81291245106618,61.43319949074703,37.079958166207206,69.26191489047456,88.12948403421763,127.11654258296878,285.68438560334243,204.72388383427165,298.34904698948577,305.6748984958216,44.5,789,46.26751496625455,3901.4204248503693,707.4481661299857,38.269224643707275
209.43380026053487,102.80824513712845,143.96310334025256,75.87212772417087,146.62158359040345,155.67257453927917,261.67848916794236,199.1878909742358,207.86838090166097,225.11593522524157,32.92347423969078,31.998837136969577,67.40183079395362,46.69390330156306,112.42294577326336,141.28019317682958,273.5881020017234,234.1863704954144,269.8859871629017,318.55120954627887,42.34722222222222,789,48.30429684273689,3868.519620097473,738.0002030491942,38.369261741638184
209.64952695203743,102.71410647111759,143.99009834706985,76.06928833195087,146.52020491323617,156.0062747900315,261.2869405340295,199.47200115001704,207.77925754373086,224.848479163112,32.864870925346644,32.28953039823458,67.07053793184419,47.26429219093696,111.99834104024231,141.90254333093432,272.7879902773264,234.73139925108285,269.6886940150471,318.09397794878595,42.34722222222222,789,49.497967862801374,3868.3199081346797,739.6290896273565,38.469391107559204
165.94659763148326,143.2239619987006,105.21950897596629,107.60317881693705,103.8302703500907,169.1065540771739,232.58846751227378,211.85467459172693,213.73405779041863,213.52533156349864,47.61259877653599,64.49734533032905,51.93639617322421,86.70807936356924,93.23004084439789,180.66211429220942,231.64962523486636,271.8409888395353,243.0914192432737,334.80995310895275,42.888888888888886,833,49.51492901671159,3908.2250420886066,779.4133426080475,38.56975245475769
106.19632607212624,203.3721587047993,45.76316928300647,167.7359571884342,59.82165785829438,228.36951962625614,173.7654047794014,271.78462901065643,159.9554489981592,272.87496852676276,57.45046710069211,75.61728629820321,55.77694961341553,99.90964789344693,96.99428422535811,196.9631130763372,221.0546371205303,289.58792224997524,222.31147154733725,356.70793546997135,42.888888888888886,893,50.8932009868102,3918.243330998659,794.297885871596,38.66985535621643
61.71583294999642,249.9170577620088,11.57577405147674,208.57192260943378,86.14761681618465,264.45819648096494,169.24055575074593,287.8859656286374,134.14257213785876,283.19486603108334,37.250826938171805,71.86001054089554,35.44867718773391,108.5601953034235,81.58638212900368,212.54670081960396,203.03632896458544,308.37003657600116,203.92455442870565,373.58816946684624,46.666666666666664,941,51.57209491029854,3897.1999819219545,780.3535654261616,38.76987171173096
40.547973060180865,283.0233966197075,47.39028409154095,227.55572964933984,124.41533751274316,265.6978209058877,204.8653227488537,260.52241281629017,167.83831489866535,246.55215220510195,52.56897419220053,71.00279153924681,49.92892112805051,97.02109033006703,86.89991125605066,198.71874056282567,209.6334240527834,300.4232835680754,210.91766174903427,370.93184137514106,41.0,980,50.031949252571046,3914.1110424431463,779.331808966732,38.8702278137207
41.139331004270666,279.8674637409762,43.05130785566794,227.6531900128082,121.22351239988326,269.06353001230633,201.3140477017802,265.0069394432127,164.85198397687256,248.61555507668663,15.206283561094658,80.46513394003236,17.065125111061143,132.55258689301738,84.53270271195935,242.27433439398268,201.88956607838804,319.16310023668075,205.42837946595665,359.6017122954422,42.8,975,46.92297920455255,3876.436419788899,806.9045710835768,38.9704864025116
