Temps,tribo_f1,tribo_f2,tribo_f3,tribo_f4,tribo_f5,tribo_f6,tribo_f7,tribo_f8,tribo_f9,tribo_f10,diff_tribo_f1,diff_tribo_f2,diff_tribo_f3,diff_tribo_f4,diff_tribo_f5,diff_tribo_f6,diff_tribo_f7,diff_tribo_f8,diff_tribo_f9,diff_tribo_f10,tribo_feature1,tribo_feature2,tribo_feature3,tribo_feature4,tribo_feature5
4.000000476837158,1905.4107555080645,881.1083652906742,661.3902459570148,556.7452487960912,113.32193226479772,341.12408396769484,370.815106682705,205.3076214062265,165.54142515178157,933.2659469601882,200.02358446155478,182.75608502053367,215.50204506807802,240.95842981570465,61.84118857582936,269.7684836104659,287.5261089084265,286.65471168146047,134.20607553302892,1220.225677172128,130.3846153846154,7630,163.761040314348,5255.372465898173,2383.000593899861
4.166773557662964,1651.923442453562,575.5417139278354,814.3725187402405,335.08365734718484,570.4300843509486,497.30806454516477,69.80364915959495,320.5265254767738,200.88379361466565,869.8308419928569,86.14368253114183,103.05151066664648,147.15851296492082,128.56769490836973,177.35196718275373,192.62712143052204,196.48500628851124,543.8759338927052,244.14729405318792,987.7671719953668,119.56593406593404,6678,140.9192197128986,5612.652712760205,1961.6135048138094
4.298718690872192,1481.585191690859,571.1230294863494,636.1056293467559,334.91057694954617,443.826799176718,441.63879893350895,451.6464353651771,567.882877368494,314.16861588296706,441.17119101351636,97.72209850690068,42.577068647135604,171.90022461873042,80.91584059374719,222.76155625263416,285.65427294592206,330.4218727100275,563.0669944590276,267.88139459277556,762.3418136135087,129.71428571428572,6070,123.64399916933834,5613.6114508401115,1767.7826963076532
4.415044784545898,1347.2214841585514,646.6162565198573,370.5068239769935,409.340907707053,63.83071905687397,72.96006009828379,218.36537529446568,391.9900862448716,41.30339836230009,697.8254812541003,152.26754658782366,155.71257908808664,232.69185654471596,110.57473181651535,331.7236383394012,407.84171961165987,285.8622953598361,444.3791706431451,296.14863342680485,647.4604074530472,113.71428571428572,5646,119.002003330964,5953.657733611348,1871.6116768998932
4.532062768936157,1217.1055238732467,873.1460303583078,308.0557679366812,576.2253662350387,497.94679536727534,585.1732489143574,310.74187987797904,302.07434221926087,391.49379218786447,307.68993794986034,146.427002974921,226.24650150552873,96.72608334999077,314.322277634019,333.93363518300447,486.5332787858704,282.76965178192665,308.1073731966701,502.6115866681955,440.45864456334726,128.71428571428572,5823,117.33214425985771,5732.541657402699,1851.5001272598283
4.64846658706665,1111.6172778568334,882.1651227113388,384.2283145133657,327.4255306324842,379.45386122148307,307.766174128524,47.729634410842635,112.97697705075949,357.28160794411855,455.8601866275713,55.76058751236848,86.80307177729199,42.49869802183766,204.6039338833102,205.81348389361506,363.3105399834351,165.2588326086556,187.80904451334064,448.30147550546616,549.679338588541,122.5761904761905,5562,129.99608608212642,6400.320996976207,2125.55139550278
4.76473593711853,1025.4264732374393,847.4784735302205,522.2802448990506,64.34242599405856,97.62359619300106,263.94356305874237,308.51182446263044,243.14079887138556,570.8499461620303,180.99894189180907,46.16038786275805,144.68759877224412,117.20804296547455,94.6661718097267,102.16422918638641,236.7474604533379,194.42368189911423,157.2004381832054,679.619169781124,301.7150149890251,127.56190476190477,5159,105.16714422420091,5554.805872793246,1736.7098526532495
4.881477355957031,954.8334337441661,730.9633643229215,522.530619178538,305.6908710790473,198.8258355041939,456.6955663139397,189.1740403932675,114.20463727289143,425.5071738808418,305.97645115928026,47.369245337628826,141.6114755874765,135.77973366298096,124.21322572609768,104.53800866529761,302.4666481849778,175.02988583661354,129.65731252021777,617.9818784132938,359.1896517431623,130.79999999999998,4830,114.73951873423451,5639.332292781071,1758.2072741411653
4.997812271118164,886.9172691060669,523.2774456031561,410.85963394592443,481.91628564916846,393.1572283713107,266.5473138092655,195.72609285168014,233.66709686401458,638.0678634929429,220.5060818505071,92.62164185911074,128.73295420838986,148.84803249490162,252.53928702362822,255.61322516416155,224.05820764308035,186.7111753975696,240.04989186870793,784.9495685682153,308.28144399036887,124.33333333333331,4450,102.35519861961471,5632.681436794874,1729.4407700017096
5.113730192184448,867.2522273799054,263.19665086615674,272.3881671324857,452.4023145378115,322.02314239694397,324.958727006916,365.60935585408265,200.86839757706036,454.48258775233364,213.06773707798462,181.0371236791961,126.72770156676194,172.02850280448507,319.83699325051384,283.2575458207758,330.83619743249403,417.16205083135355,260.11577554578173,609.2141735568251,291.04407305533954,121.33333333333334,4669,97.35098768279144,5841.001490421095,1709.6954636709083
5.231078147888184,870.3185645997022,258.0066199346357,247.94881049834987,235.85720676522294,75.35087868156373,331.13320868663953,171.35503566909392,186.40798388552378,417.59216983769926,349.3511989688089,11.86100770179719,71.76593304773817,32.23994918410607,182.7692654428196,184.14982851836697,178.65078749092407,324.1960075194968,253.5653832461869,505.6479339313136,399.9905417345014,120.40416666666667,4395,117.73004408033768,5621.141420866,1850.1011798293216
5.3476173877716064,874.7848577106134,354.81682035576705,267.6689902285182,109.00347964513693,249.01989125425956,94.38741730187697,405.5148876614486,313.10987502834905,375.1756611800313,227.9841159507028,28.437964992905428,50.448728326649906,24.237012746356417,154.50113074985822,174.02048658045078,162.49554642351657,338.8785935758492,263.6691172232761,517.0710725542502,365.0039062805256,118.7,4116,108.837168519334,5486.317568352477,1798.0001553754687
5.463625192642212,879.8053808863926,397.6596759532004,290.4865600752614,194.8645588597205,333.9003132710654,56.43431582771582,452.61195005880825,267.8913569721612,491.97692673573334,164.77029789413794,116.6489215328733,102.50557915244968,116.68684804786096,103.68530861091165,234.6367364021641,44.0987276215124,469.31748135345896,331.3515256327167,627.8990560656307,217.5236940759459,121.14583333333334,4400,124.74574339021348,6142.9644450219175,2058.3359969447997
5.578877925872803,845.5865845450749,417.4469365522111,213.4529274669791,315.3289051444435,252.23379037350034,228.8021425354957,283.89829551988163,318.64289905455297,304.93126107992,245.37115243585018,37.20976980758782,14.667133139524912,80.45541460302935,66.34549578434776,193.3980582257663,79.1300171290446,403.1284874780224,290.8475090789019,491.7302955851042,359.4662002943073,123.82499999999999,4204,146.1819594924167,5765.756401382246,2221.161784900715
5.692594766616821,769.2591505592653,379.60962224744696,88.74347966981539,251.8687034565395,125.34419906367133,115.20474400882075,469.6486006804189,256.206108537755,429.9037921097147,284.6139471045815,69.25354831087726,66.3356678955528,31.801647480111644,135.76167962025366,119.06629712227493,130.92318703552093,444.95210073169096,353.72299838659814,568.555526090211,344.469905127634,120.53333333333333,4233,138.02135808508737,6086.447578442886,2279.406344321306
5.8063600063323975,727.1596883459247,360.89370225615977,160.74099994370042,151.2473898142857,324.24258687375243,107.86962656959311,339.43670388216003,263.7650581905312,195.2822314248707,222.05277225618318,139.90635308803695,137.73912690489547,104.9947790996285,99.49947075954319,278.1428092634881,127.59431775747048,332.9194311445525,339.26995274598517,265.6113937645739,295.5273436904847,127.73750000000001,4205,136.78686284563287,6502.194662329928,2289.48738428675
5.920154571533203,661.695675609355,294.99601860585585,201.58465914934513,6.9003432240445495,339.45263211002003,162.33785017976726,299.56716341733454,310.22774170777575,362.09857998917096,239.11785661135193,73.10880575292789,84.30355551429773,23.267107776180765,98.64072983534062,235.1529915468843,107.91908031725497,286.5011139991987,383.324598033345,448.58796267694504,243.87791443006378,131.7875,4069,131.746245936088,6353.215058076643,2212.028925008076
6.033375024795532,521.1128247512271,146.16458032057608,230.26207094652924,231.56901958298025,114.3357780284193,97.7961501443146,481.7741544417051,176.91855991585732,145.89595761182593,198.86081589795822,148.30933236597048,164.68765064392187,89.74823923409649,112.68136342108897,269.8929541162856,128.41809783012874,370.7398822284208,239.53330501271012,298.5263850126695,408.83517254494177,126.98333333333332,3849,120.36949549268249,6010.21054891556,2007.0361264882736
6.147042989730835,598.5865725471167,234.09416585321893,315.82347850547865,304.18235697646213,78.05496964252202,198.97833453030083,545.7643454088271,297.9801148475804,261.58895167475373,50.72872158567119,85.91803982205667,74.73274815040877,138.80886783345625,171.630553456501,88.74497691389656,195.0334604697734,596.7832471608332,349.134901036908,338.24313565068235,61.72849931960789,128.86666666666667,3945,141.1161026870738,6290.793612155121,2318.014529923552
6.26216459274292,379.2383673340255,15.712884068727606,88.40561841431207,122.74712735064695,272.65115993740386,191.58153919473438,601.3225149377415,129.55183286733043,137.8681254506536,303.0230293347176,84.21232170514048,79.51101860324017,90.055108403672,92.06941586624033,147.69533554861206,140.90574568156998,584.7746408715444,139.82218790048955,117.13485080094239,392.5844844781755,136.1809523809524,6023,154.1271993149681,9827.369570523553,2591.6164165754276
6.377949953079224,119.14590971779094,471.44363380290923,372.62687302991657,309.266247212141,327.4542027718617,290.6420231376596,505.57029009348827,150.76236208046004,31.67547104047199,302.2048032926086,233.01425576786215,212.72995747806212,203.78248657733195,175.82192924622223,115.50262757406362,142.0272025471057,652.2833365600624,244.2596905515658,284.6411566171195,221.3727661465757,131.86666666666667,5536,145.1303975456396,6116.2966346356125,2511.625128034717
6.491872310638428,260.00621804216553,586.6105720105782,459.01680905670645,350.6924171737127,162.2720669062583,130.02934601066198,559.1673714300479,184.8218621201258,204.4518373621747,125.46839382378643,87.26181032469835,120.82301915926217,128.08958255133518,119.12634592806127,183.6002629840318,210.40423607143643,620.040832540495,233.94767533023602,187.30164180884145,271.09129917768547,138.20416666666665,5369,146.40866851768192,6586.854106110216,2454.0938480859727
6.605661630630493,217.59444328596308,562.6532439285015,590.4973720953061,601.9352715791586,451.11148242461184,313.83320195419435,341.6844872334179,246.93351186824373,408.85469323763425,173.33529826092263,34.96981072280989,147.83129987736848,265.93168278637455,381.2798591009661,380.7784078661314,322.20342269875357,333.2419806048502,319.2866458205916,567.2271992724022,268.11524805247046,147.75,5750,167.30261071320353,7601.073833075842,2663.57128992499
6.719063997268677,795.3035561085153,1084.9944211728262,1164.661677090662,1085.5465572206417,580.6748976662853,380.71389171311984,831.2241163695345,454.13526600804994,283.8081816961953,268.53097984867685,145.8533164983607,346.82919567778066,502.4676928361125,596.3072804482246,361.18520986063976,262.70429078962155,785.90704439059,459.77691394929747,354.4847726976156,295.1559702610852,165.0,6348,172.97181158505157,8112.858012156922,3028.401767863268
6.834655523300171,1284.9691358179525,1553.4728955611629,1451.5649242824563,1082.58233996838,302.64180363840575,152.57847857695722,533.3499636726893,142.9559311862136,383.70946751698744,60.88016389619195,255.4559410227443,415.95068538183904,472.57930833438485,464.8643493978197,190.36575748932086,104.88643726494772,601.8363185202077,369.62271272133154,448.914152067044,193.51326392686127,154.55,6850,154.02216942512774,7905.783879842929,2679.441862788536
6.950316429138184,1640.0757141697143,1843.834236492513,1517.4243880121046,889.126205821098,92.56697141682146,233.5317656096472,310.87533514058947,439.1010758632586,594.5561968794169,325.77328727030624,209.80198543319582,479.2120240343722,644.3785397512443,593.5548636988079,113.35196997811018,200.63058350143956,271.40552282582246,522.989747898508,863.5614443387981,554.6168992740729,182.73333333333335,7209,199.05087131917628,13602.006242144744,3271.0930621242196
7.066429615020752,1705.3077090266956,1784.8015854679618,1383.1079934999173,924.402057949043,184.5282134482799,290.6046073280205,136.82512112300046,608.8983891155957,813.0909160763873,542.0266475161823,187.06858793816266,287.10436635492994,776.0365769545074,875.8862512058578,403.4212017725615,542.8712722711865,233.28212091859302,878.883296691415,901.0707670535186,574.8395715146711,187.87083333333334,7326,182.3618647781559,9884.845569825346,3497.4555093515673
7.181699752807617,1749.1228573684793,1674.1985153737082,1335.7899998517216,1075.8802734201904,311.28336487936224,430.19453271824557,193.31546400585273,591.4323065695568,590.2667129010784,321.5696152491769,270.47810334816927,521.2281372251418,627.808080131468,665.265976740873,235.95689414735827,387.96723193093555,204.17784489389442,691.0333457110299,768.0538050002677,458.57234087517423,200.32916666666665,7449,198.11317465722607,8162.700028606586,3549.1141931415345
7.2975239753723145,2006.2912292967835,1110.5324811112603,1533.8620576358837,1637.9195475057825,749.8572738355381,746.8272645616778,735.687440475221,155.78616456047243,769.4759133453639,759.0211537745964,164.3203463389237,356.1377191509121,820.410230971097,865.6153139253838,405.04516241858244,499.7712388557864,594.9801119433379,266.71483295025604,889.9511828289371,894.3829177838869,226.4,8087,223.65630733530207,9060.71445938625,4113.267493310862
7.412706136703491,2534.2249638145777,142.55076997905047,2664.1595566545593,1877.8335595770077,937.8987055183932,503.37845033177854,581.2680092801262,924.6031279929957,729.2073391336963,59.289270892629006,452.78750236949804,780.8144547260667,1152.4521435559077,421.4267251071888,63.82123086567948,289.33837588725197,239.81566016728837,603.5608354290057,638.5818191955418,675.938588643121,218.86666666666667,9267,242.64350778412052,11582.84014280819,4286.1202389059745
7.528451681137085,3121.9274228236095,1183.1241696989714,3436.2409957854793,1528.6060204423748,879.7115242778079,604.7307331071302,357.90387125480316,930.9197357354278,147.38966833713766,614.4885536741987,273.3882441817392,312.6850854605713,1349.9019002300347,935.5330736180688,624.7588226006228,476.22823795914246,437.0866565019957,1289.2141426793041,64.7994073088935,1031.1371708262845,242.26666666666665,10335,279.6142513895213,15183.760508016036,4713.026757534104
7.64128565788269,3135.9732372113895,1228.8141768048988,3364.087723726259,1466.6029577452255,821.6297698155588,557.5741018197042,388.44810164990184,1036.2531867620567,86.22496228390857,729.2600221913104,433.28414497252453,331.47935371283313,1537.837229801825,960.4981571300224,685.9320655885942,565.4492105654944,447.9012927049859,1207.5955466493022,166.58936416126716,999.3873139379604,253.77499999999998,10428,281.80925295002754,12112.6800733477,4904.692722395464
7.755463361740112,3097.2761335038913,1254.570034869411,2936.932723514066,1771.287558767519,1241.8254385393652,1030.9875287199447,749.9602614625701,803.6022812047286,555.4693233417047,191.03523022718832,185.3685911700787,103.58030660189092,1507.1911205591034,1277.5179574217416,1025.1347993328316,900.3073654004758,593.0874512614582,727.5365294406531,587.5066444492701,506.8911765383665,249.5,10857,301.3881883333796,11807.086289666413,5478.697674864439
7.869082450866699,2943.992283854334,1155.9195620223677,2773.2146001831943,2366.247037279149,1592.8747213206764,1047.9809707549007,319.88984034831174,891.1830192135354,281.83483909498483,1047.5766438178161,162.04225207046412,234.312266214957,1889.4405830997382,1251.6334019525439,766.3949020409177,367.0022066013785,264.5970944560028,1463.9763177601483,432.2058979912322,1260.0536189036923,267.96666666666664,11476,345.6331206399411,13219.484804719406,6370.505236198633
7.983092546463013,2859.8259144528365,1113.5393473957677,2910.9046655326015,2486.046757474535,1540.4787769769016,855.9799215248,109.30001032513611,1116.43426274832,246.21813041515796,911.7161943104827,490.962192929421,391.67043589650496,1334.991591258828,1581.398581490758,1209.0468568678125,779.5402035342247,134.85335185220885,1356.9864039323404,348.5874989208509,1275.2135134730377,306.06666666666666,11771,343.04792238799416,14155.118611932936,5808.202725318282
8.096424102783203,2583.3157734804927,869.0870762739198,3501.2300812791473,2078.679303955332,987.0809405487169,763.1890064103728,489.3411130434194,592.9277975658039,428.134509652032,1246.3783703908464,198.24187974423174,141.3805275461653,1542.1133034978172,1207.1016849922555,1061.6381849167462,931.2105076513176,376.41686358918395,1029.1286062062916,428.5847966577968,1570.420245627004,304.7791666666667,12384,397.03557678434856,17867.453970778442,6387.6240040142675
8.207857131958008,2618.5637886806458,944.1656213708538,3636.411842101018,2003.493531281794,751.8793313869356,946.0189539431979,802.9462986254063,521.4017933292347,769.783122996127,1557.8096670775526,339.51232406044176,299.2046348028738,1504.0660955877977,1436.7969034916944,549.541792521032,759.6692499118893,983.1433611072266,515.4655186771342,1199.0933649639771,2382.958183773923,314.79999999999995,12400,398.0925322946523,14109.991531603295,6507.020970368334
8.323263883590698,2405.6361998450543,706.8125248176623,3481.3411269028975,2131.320046215383,877.8193597434047,731.708898576216,904.5577802185098,367.30157196199553,1006.2305772864612,1768.1423281009897,390.08534224393657,406.76743922770396,1527.5342620547785,1440.4471472895384,391.2547001115849,942.2086054836273,977.8579275727762,672.0767469169178,1051.2731286932242,2243.9805131462667,309.8,12643,408.6538869689183,15435.606845107577,6261.4931036852295
8.439493179321289,2078.257554857887,524.5379039186106,3159.777968204993,2422.958900970353,566.0667985206904,1066.934038316453,952.8894177082237,656.6562805984422,627.7862990525092,1606.3813678044114,537.337127097955,600.6923213868668,1739.4872553691348,1213.8572269037525,568.0301500605909,961.6177430848472,585.4656025632838,406.0137110248077,1192.5159466087537,2642.7411497722323,321.6666666666667,12978,415.23524126736305,16004.807087618286,6944.28260724896
8.553653001785278,1364.1750866358761,953.3565469022359,2863.120118209016,2574.5895556333694,436.6830545455112,1426.2341749104817,317.16249492805184,397.29274492745316,1157.5103575725911,2081.4308277551445,716.6617038375088,753.8990808325401,1948.250109487803,1003.2770771248208,764.423767626124,685.9816570186041,856.3090408818409,497.40152472235354,1066.055545246478,2396.8856552220936,316.73333333333335,13696,418.4001183883114,16210.550227710175,7082.174794857599
8.666776180267334,699.7238095239994,1872.359155845492,3419.7292838128237,2037.9054151623059,1279.5593992323443,898.8400339822402,898.8842440088484,473.47826816866365,946.7837404316778,1376.7176395430888,583.2110035127265,616.2510758009807,1787.1699478357828,1162.7734924384415,623.1291478204636,864.4660239703321,653.9026002885591,288.0931982525958,1280.844682138859,2366.9147826976446,311.1333333333333,14622,393.75963203719147,15771.595096676714,6926.237670530769
8.780917167663574,920.5884149755552,2434.863788846261,4065.9066390032763,1410.8307967826197,1323.0201551730497,569.3809061047994,919.0788503209835,497.3607515830453,912.0887505376975,1883.2608935673002,705.9232350719396,525.6124446553223,1612.4010169998928,1407.8659853319052,582.508785545784,1018.5764455829569,706.8982292676756,404.04172310832035,1211.979611804212,2128.7403934590793,295.1333333333333,15298,377.2849081623351,15915.896214201324,6466.474641993673
8.89641261100769,373.9818202411857,2401.8020030298953,4054.792938824533,1265.9943738193017,2032.977224928982,593.4295315094488,1284.236886919081,824.8524215255339,1417.4626519089654,1822.770272088618,421.7557748075515,1189.4572288237923,2285.3109919760986,507.23447486667175,1122.371390137791,625.8178849136856,949.1068880446854,617.2297852112804,1368.1423720593455,2704.691610652484,329.4291666666667,14428,441.39682256355616,21246.163515145956,7185.4795549125665
9.01174259185791,632.0065358871219,2851.2001280439463,4577.740006219043,782.1221450381355,2040.990937936429,1087.0205129191893,756.6382655228024,272.3582919427505,1096.8591836685305,1688.5681269951974,129.91112484908987,953.7957971524376,2121.658580687337,515.2489817037676,1455.4945061537455,805.4861440709401,935.4230249798837,486.68279686474654,1550.6739726969374,2303.988314072101,325.4291666666667,13816,430.0719131489619,22062.61193170602,7438.574681939317
9.12691068649292,499.485959308827,2467.1145858247282,4227.2556730800125,1147.0112802809429,2410.3330478412113,1350.6361429029157,875.5101451147688,414.418881553213,1173.6756671976295,1662.4762740525905,231.71839907448052,720.1807730222231,1704.356335792926,995.9323920973425,2100.3991359925258,1436.803837903879,1103.4144833930627,713.8635807718896,1527.7009768251485,2563.4551754027843,325.80000000000007,14217,450.1824908258842,21785.31850187206,8036.628671256289
9.242539644241333,1337.5955368736443,1829.0120269945044,4435.741858797994,1293.4796379308495,2336.219238134755,1494.5993138769552,667.7821287535469,682.9648565718588,1567.2248186086952,1078.0726872854816,599.9365872084308,1086.309736961864,2486.3887940246564,281.90919830042606,1361.7800305415524,875.1574401660379,954.5590082355552,686.4227012966168,1931.8784652094128,1757.534471289413,322.0666666666667,15293,456.9089027806191,24297.321144069116,7931.630113038135
9.359216690063477,2101.2495016786766,2038.8582034702547,5113.671481063643,1149.2943368038425,1707.8391680297862,952.3253339779476,1246.7392658975637,922.4188771517247,1736.32134925802,1193.2827101616037,695.3180668014282,1183.219344124323,2379.557437882461,424.92309248061173,1652.0569562693931,1212.9168844955038,651.2440837508481,761.5140804510444,2137.863603334491,1306.1808559884785,302.00000000000006,16051,436.0839249810897,24255.720239320483,7748.23291325817
9.473222494125366,1948.401489508289,1789.8468678381123,5134.797980933039,1469.8171765870038,1412.8073173563546,621.026457239971,1720.6204194973416,1036.4257072851547,1228.4830241182044,1949.1516188339122,1000.9589858422162,960.4013093430872,3160.197325556451,1150.593911728526,282.24934165916414,251.6597141016233,1657.6132777824507,719.4735244629758,974.3398113907188,2443.76405213061,330.2375,15847,441.76721033945756,22607.623013552315,8181.471925641221
9.588718891143799,1261.1691212310186,568.2334618652907,5561.5477895538925,2675.348737232063,761.8324905866895,834.292539319854,1991.640495877891,757.6389193845856,690.0609673627575,1445.4691588327262,429.31242235046483,411.1431838207198,2675.807136675623,1415.0229500309883,536.8944505431747,562.1629246290378,2070.408705725241,977.5233339476134,701.3841964810284,2282.0319518130405,328.0541666666667,14220,455.65991436975474,26610.951168320662,7815.96067105334
9.702171564102173,1123.1129193060538,358.9508998947515,5459.453796751171,2998.551944889067,844.2703407904169,1090.1590243605347,1672.4752689360348,240.95869510229187,1226.4760469978794,1591.0025861640513,235.71155268774487,298.6698764503098,2793.3679882040624,2001.084540322965,500.79590699960556,899.4608106088486,1407.353850023847,207.77993291102104,1502.2414644212465,2569.9651974239346,325.49583333333334,14367,459.7226835904409,26495.461421400723,8199.629998345936
9.81662368774414,733.1462438412826,412.8339728759101,5481.436995214329,3616.7245028765055,861.8547335945977,1022.3419461352643,1070.9004174002732,865.1291118147948,517.2616626651276,1910.15314969998,356.5826439053455,459.72043284646514,3020.0863732279054,1939.193102346983,261.67402797625635,462.6113797558465,1585.2458482878064,1061.8654699379795,464.03304617197614,2232.5631984807615,330.1375,15124,544.1341129584849,28132.6562980291,9824.184440896746
9.930715322494507,876.8082406647599,1187.0945689991377,6119.026320235043,3677.680722433938,685.1894850530675,413.2149255533835,1858.9413470092352,1011.6300907599715,722.9905049653204,1292.1180489266862,215.69372967965228,414.2378832343299,2829.7718578643,2357.7769027374466,610.4847468595855,431.0941545559327,1992.1532446564959,1274.3643510960833,961.6315722432315,1743.5682030684839,302.54166666666663,15966,488.5067266840323,29363.30685297399,8032.241581724472
10.044601440429688,1184.30406981473,1595.8787573069947,6648.223945835635,3130.5319545966618,136.86139427966293,469.42409795002743,1515.8668957581183,584.8218054562545,531.823597116569,1742.235652971344,728.4078604455798,628.7134680898594,2734.538160813826,1996.439944389482,795.7186490511036,1071.927497882375,1245.6867564151828,1532.3499109459792,337.40365263761726,1612.5654809035332,299.19999999999993,16537,482.5096431343966,29621.67744363973,8131.149249790033
10.15769362449646,1541.4358557391304,2011.1923860086758,7143.515702872974,2524.922801416294,583.8124043328585,1221.271105202376,822.6683743310139,1308.8119581888172,565.230835624514,1409.0852599823256,426.87605011121195,825.9281830632171,3518.4989716846803,1365.3420457659195,591.9989923719858,1220.9588674637657,715.6277240562781,1580.5939437657235,564.5127184885044,1880.6227319184914,335.9333333333333,16962,497.39000511829204,28783.181057417576,8431.516728186974
10.27175235748291,1451.733383095907,2058.249589083906,7301.248423157568,2438.141251305356,869.6820426265658,1525.4071681619962,557.9768725343986,1613.7194850464293,611.6235807521432,1070.0402772361615,429.12986973648583,803.3661219962122,3456.8408693142983,1458.160654376681,506.4165564591395,1187.8147209708468,763.8916168701026,1750.2598174315003,863.5738920306485,1640.536069692787,345.7857142857142,16679,447.87899757545165,28731.29222297037,8207.71177906472
10.387137651443481,1458.3417799706149,1839.5363438109218,6994.980111827101,2746.752657467648,836.6146919511125,1601.5883017277954,683.1177057491635,1921.4659194371995,890.9427507175966,725.2071087195135,465.8205606860173,685.4277486938356,3112.508561103421,1897.2053239134748,639.1431811319317,1546.6107732925404,833.4772980951816,2494.2123558213625,1256.4663394497315,897.7541914616979,375.7142857142858,17000,510.4460303029297,28775.944577305054,9307.186093447675
10.503764390945435,1840.3919177437385,227.72405122142595,6625.2191383698755,3088.6138877107032,2228.030754167651,2405.3262779004185,996.4025352589315,654.4801858868016,1162.2337622064567,1596.7355213550122,283.33228903928364,520.728139211909,3553.0185168653893,1431.4106369483072,1336.1940413425023,1702.1472445916313,894.0940267858406,1190.7594711760146,1320.5621212093813,1803.088179986931,413.8571428571429,18659,516.5377406034562,29630.80349749288,8975.731302634757
10.618321418762207,2400.907143741699,840.9396513668066,7355.2844802146665,2521.4029917152466,2202.3031548775766,1739.1331805264526,1182.9554725593146,1260.0666601624698,1021.2935658020457,1093.1716575903906,225.2310131470849,366.9060983434528,3504.273636471098,1455.8070725875457,1455.7543508769386,1625.8569152789235,989.4167867972815,1303.5110146148988,1254.2433708015633,1794.7244624238192,378.6648351648351,19643,532.3761037569093,29272.66999230498,9035.728432249689
10.732793092727661,2295.629039535654,644.9016115935519,6735.19335418321,3187.397742758131,2968.0729269052567,1576.4622154560427,1726.8351748065286,2055.617401034325,640.8671081919808,1550.9376252774136,744.4996712420202,552.8802761004999,3520.375734520422,1611.246698585663,1918.362181399386,1199.5803653981986,1421.184042150083,2041.1495874125742,885.0301066853897,1895.6295804138285,455.9230769230769,18725,572.5714639067655,28765.622700755317,10080.537990128223
10.847175598144531,3185.163997644296,2072.963665714282,7243.739134966754,3001.9548469693323,2604.2404025523106,526.2377846173766,506.216547442972,1017.1166763231515,1299.3336512980381,682.8690449714006,608.519817221854,647.5051180961622,3492.9575431588755,1705.915502764521,1867.8752721127953,629.2349589013912,608.4512517570095,1248.4187660957184,1588.758048554792,1028.5758547769367,402.3076923076924,17230,503.8108086854138,29073.21499006331,9182.951731849198
10.963065147399902,2954.3291604350284,1816.5567665999629,7002.986275122057,3197.279050274294,2854.8965131292275,327.32912041232436,712.9239402959661,1212.4740709345476,1304.2163022775383,839.307873103772,453.6994902460991,594.4266186094674,3277.38787285504,1969.69821172776,2161.3881814115707,310.3568049070118,717.2391416879991,1406.5511790922776,1674.5255938742266,1185.997910827694,434.3076923076923,17513,525.6416178977545,29852.984067072146,9499.41498986905
11.07889461517334,1375.289719800655,1784.791033516409,5791.736254372446,4478.468150506341,3421.1755940347352,1381.1938864851327,713.5614696649677,681.6025914477849,1603.5478540249253,1281.0442815900265,663.9397915287575,1138.8774594443935,3364.217058236801,2149.479089362344,1976.5531047642253,877.6293520387952,278.3781952169375,868.1755947288715,1775.4387911679805,1238.3553591614943,455.81868131868134,19170,595.8260220606808,29225.06461436699,10613.550142170368
11.195613622665405,793.1745310919716,2289.316881902212,5789.413386896844,4582.35085637094,3122.240686819926,1687.6990492870195,909.1033479304175,1186.6433470331249,984.3307637817093,1333.204669161104,469.3706629394789,843.7466341167207,3038.717425147631,2521.8418304402126,2485.1009922817457,1261.53439354589,840.237442358949,1157.743521535381,1675.3064055206205,2186.130921273796,454.13461538461536,19754,547.7114712206297,28525.390249745225,9274.095641129863
11.311638832092285,1297.9439462144078,2165.3563568189998,5245.83648931292,5114.133759452567,2354.797396873422,1971.7710554210905,1158.2815087443273,1184.2573927604756,2464.904158584679,1469.347782553967,676.1759916834627,1343.2263796023394,2964.3421800426354,2673.830732340976,1261.2919655761302,1156.3423049945493,666.5277023573962,712.6385818317533,2828.879453224992,1930.5586270263937,480.69230769230774,19192,591.614986136387,27350.00418121112,9900.360386043558
11.427725791931152,2582.5926723678685,2549.599179555086,4977.940215277947,5354.002304594421,1222.3102023381598,1583.310575563988,1023.4957123645256,419.86901655096966,2171.2260960955246,1426.1281624516682,536.2687865108056,1183.6427711668978,2794.14503173514,2838.569608406735,1169.558971786766,1217.964310609504,748.6336845187102,636.0423946477579,2837.413389915324,1948.7181339114761,470.08974358974353,17865,579.4777482256841,29462.779433905678,9765.448771576604
11.543586492538452,2870.8268092751237,2769.193406414285,5061.926145481531,5309.267803286231,782.9235302628568,1241.2829723533032,795.3703017121518,176.80385966052006,1544.2562062969491,748.0787949040965,522.1503497754117,875.4775409320752,2347.267501835076,3290.108841166373,495.5976685012664,1034.631373589482,759.6770105239225,283.233635814765,1975.749404506399,1042.1965708567268,463.22435897435895,17571,551.9808467219129,25110.43587796699,8767.60417630482
11.660382509231567,2139.921600718412,1594.202907110283,3855.983401768046,6387.084386473473,581.9370995653256,1251.301630023203,1093.9566984592664,1188.8607353597918,1587.480955880901,1180.2117802020316,1054.7774420814903,1165.4064312967055,2405.9760315662456,3329.4566191341096,346.72351352980735,509.51389417803466,436.69975598775596,762.5564568300216,2167.450953086422,1342.2316536702263,503.90151515151524,18929,548.0203580694499,25625.022284025337,9206.55552281757
11.774338960647583,2292.8931377368817,1577.0679579681052,3789.840643557537,6308.819113147468,746.5894304711991,557.2844831005792,459.981369451827,744.1314431897745,1719.2881543152318,882.895626905054,244.48710150861976,377.85612718745034,1642.1885526498845,4017.1132020126865,716.5406612984717,483.24627227889175,457.23775180705377,877.0583326133099,2323.3304244186593,1222.8147639159852,504.72727272727275,19814,615.8869926542351,24591.792200574357,9863.25147264746
11.887569189071655,2796.0482841523003,2181.6064110946622,4426.25094525307,5636.911981449077,272.2490244780136,972.144998011359,991.4295562594532,1235.3060905957009,1872.7747223550593,1570.2850251877817,370.42831495562905,667.1964218748114,2057.5289180701093,3418.1540766025464,426.6142198915944,866.7977039726193,1068.6675842526313,1461.731398543211,2318.123920531522,2323.370370672438,443.2545454545454,20488,536.396039028025,24737.279780495475,8998.004220301358
12.001561403274536,1775.1253391763025,1047.4031034535528,3434.433515639799,6271.981545573003,1342.477031999475,858.8528060259645,1202.681152398417,1433.3636303347523,1641.4000547678766,2190.690244705356,665.5504074533488,960.6736914860368,2270.853675748369,3132.503933357026,851.930101414195,1211.654355570314,1452.690734759815,1813.535405984071,2516.0370801641297,2661.161971342692,494.78181818181815,19328,569.5337086275233,24053.691385355538,9478.912173387129
12.115565538406372,668.8681035594512,1024.0439628182373,3528.3487727186566,5802.274041248674,2034.4642837609154,1992.9082669358665,2051.604064597739,2078.6733047844427,2400.0919464092067,1768.3486423565453,773.5294945976373,1057.331760740307,2348.8753094821423,3131.781924972193,700.8592793621373,1033.660974711042,1294.2168403469377,1711.0520287857303,2397.8813220292786,2853.4346017715948,486.70909090909083,17930,609.9940754604274,24109.391148822666,9352.747876774869
12.22885537147522,1341.5567778378506,2695.1066609193135,5122.6334410656,4174.801015039949,1524.899112774439,1667.4721977009724,839.3498511899558,710.8633129982271,1233.1207022003236,2443.92408357289,342.58872082794403,845.2329363240901,2331.653694361595,2818.16290685747,879.9738243014541,1239.6713576377745,993.9568524011421,1231.8106780498404,1949.1720352344253,3186.855229549567,440.18181818181813,16207,609.8893528136545,24522.848839399907,8914.998764726013
12.341988325119019,1095.5607756392892,2391.253282976189,5099.237681463304,3708.8100117559165,2243.1379500518333,2112.432314917803,510.92392801568724,1274.3967838979786,2142.3293608558924,3107.070771459781,1057.646774177293,1634.1003685625296,3246.065370001106,1694.808135758735,1064.4433802842354,1045.4355845219875,357.9437576963581,1526.9186716094632,2443.704914099533,3609.8529331087925,440.18181818181813,17094,678.4820331956956,25892.814731491155,9968.594819439599
12.456844091415405,1675.803267900422,2706.903190424083,5686.07616262558,2872.850383961791,2620.7610091413544,2016.5026961939304,951.2905462569305,2110.5615300936092,2672.472224983129,2121.618888797464,724.8992884054795,1260.8919093217771,2825.6234126149566,1949.054194624298,1573.8040021708744,1727.679227473234,599.1183595867673,2124.1215380616372,3426.047610384376,3552.239584720855,463.30909090909086,18146,645.3137187902787,25696.37235596234,9329.422629341683
12.573925971984863,2507.9166316993105,3513.3927444745614,6564.913517643308,2114.1918096425397,1952.7664265746882,1134.1089073885619,450.3381301274962,1235.3186414864726,1928.2410446769998,2935.4954202607587,408.3659521108294,1090.320425627072,2996.411251690665,1410.3408440264368,1533.456654877372,1133.3496044274157,481.02315557129225,1555.873288167189,2531.9149980491375,4057.4792471121714,395.17272727272723,19031,551.7018623473066,25258.200209943414,8444.286255187115
12.68716049194336,2230.3145541351223,3293.564252267456,6573.3727262205675,1837.2936290624532,1930.1765572634852,803.0112679059539,482.7366409601001,953.5364257910518,2143.0076818065168,3012.745542271029,599.5233170398894,1337.8530809813467,3450.1609570005085,1064.4689970295499,1101.1698576829826,951.7843698663867,134.46852919007426,1485.4558508126,2957.7810054876804,3894.8789093915257,466.2,18739,599.6501551028025,24642.0115454288,8741.693223615188
12.800555229187012,1440.0718861200053,2968.8045527647337,7109.946542426296,939.9014593427917,1391.2058366294991,951.8844301441134,617.6892016700986,1591.7646519516945,2762.15269663467,2271.7879393010594,131.09413034561243,738.7378961849624,3256.2147823161854,421.7421618456169,1129.9224070656671,921.2139297617699,831.8771274850773,2034.559439616019,3743.264665488226,3029.3861583407365,452.2,17753,604.3125239140858,25201.86948290506,8553.525874713268
12.91414761543274,2056.6020319994814,2350.2542668550723,6281.6320660405,748.9470147770273,1798.220808189924,1523.9533780604925,1110.5913186346459,2106.6588067908615,2373.4513783911616,2760.6344265867237,662.5547144773635,629.1335025514559,3752.88640362813,442.58643781436894,495.3979391163142,1391.0808347708885,303.6595230204615,1607.4076747005004,3226.8824582185935,3641.737766684125,448.59999999999997,18879,621.8672589866999,25574.749796386117,9280.708973149356
13.030184507369995,2295.887252732073,2061.037095015063,6203.839521005308,661.6429100182221,1685.8748882570162,1848.7284888168685,1022.0134903721024,1944.58905415341,2066.8135411635785,2939.2455132238297,172.1748478149132,633.4136172238268,3159.068213071688,330.5922181500056,1270.9005369306503,1412.9285435747042,1144.2302957089412,2472.123039974752,2744.781292356547,4246.454831644827,465.19999999999993,19241,656.7477399750294,23669.99842866205,9156.830821876778
13.14528751373291,2304.6852931086673,2321.3990100062,5859.821880772953,966.5589652711195,1700.5216029111732,2173.721739045406,665.0403252452483,1289.1993760737275,2724.5224421860726,2179.435763687633,714.8588193743469,717.0918435942843,2744.182358197443,611.9599556448958,997.6155226572815,1804.5764561117467,349.9519327228197,1554.7642660424895,3670.947682537548,3209.764984495288,412.69999999999993,18981,547.6627918110519,22746.742282654428,8279.731933250561
13.261433362960815,2705.345163490675,3416.8759927416136,4776.057301079527,1951.4079836119845,1774.332281047642,2537.5175023053,485.41588097178436,1262.559463792843,3308.83233904225,2462.3637723405104,826.1620704909494,845.8472947589595,2627.540029313421,839.7571647719644,964.85285536609,1902.742035344885,92.6056000941503,1491.3957905813556,3956.9489030080017,3228.351340036374,467.09999999999997,17745,602.390406406233,30043.095887962067,8628.04352794408
13.37568187713623,3855.015095858309,4238.411703084432,4893.016542701421,2139.454662378887,638.2200852653266,1332.9858839084081,684.0474423055422,1683.34822823355,2633.9842406839243,1829.90029264131,588.7179865454328,1380.9161331700268,2234.751406066237,1384.5157957481254,495.7998010667448,1170.2273581534566,770.6757562443098,2037.3425822146924,3371.653282235693,2570.2179488862735,401.4636363636364,16378,504.9058539509417,21772.47462164799,7510.1297984766725
13.49134349822998,3154.4336262078596,4253.7412409229,4218.350034994611,2753.2136584852615,1141.51761819404,1165.5352387291282,1328.9671745243095,2266.2384415557963,2429.274307541224,1312.1114803332582,774.8274667504305,1919.2851609331037,2045.0747940054443,1849.5735011242375,517.563768515821,596.1794598045444,1296.8097046617836,2130.35835826559,3674.006792544016,1968.731947724775,351.4545454545454,17074,551.6714671345042,22395.62530930315,7964.049276321026
13.607044696807861,2424.369560387289,4868.225650432143,3796.9808190492845,3114.7421976985856,730.241483209056,832.2915913548167,905.4098528787176,1800.126664316407,2356.5199168271947,1746.05013086053,673.1275866624057,1663.8954654254158,2164.8515794345644,1532.953121496965,530.8509904404042,1079.0145918751846,1076.2762382881367,2489.9547580635563,3051.975249606374,2077.215495991157,394.6363636363636,17877,527.1966263879726,21737.22517053005,8213.249469055208
13.722755432128906,2366.2829124539767,4910.187829418532,3687.948574302631,3244.2266371598425,664.8389062942349,912.9178004524094,622.2640503380064,1832.519508280877,1999.7505439668391,1818.8199852305174,246.2158733011564,1682.113734933313,1556.64691404311,2126.6820715078798,350.07845421119254,1135.6708697992995,437.352845816655,2465.449534796991,2475.625907017622,2266.5614069181825,378.9090909090909,17906,514.3786776310892,21343.666255601907,7979.142401464153
13.834575891494751,2320.305623842761,4979.662850853387,3846.3073921804844,3154.891470314784,843.7292896996174,683.1801805993348,744.6926364449517,1639.3195134833118,1840.4362371601533,1987.659519871109,744.7994291050801,1247.5306672247123,1726.1960888011695,2285.7155339977426,923.7325803691667,775.7892476459631,521.621424464498,2257.594181949081,2096.853128816748,2446.1821215085583,373.6363636363636,18051,511.0129618492516,21536.901149903464,7928.148779763713
13.947811126708984,2359.011738210693,4958.072316720907,3718.78266522087,3085.8675550098974,658.3308050325269,731.4316191246511,940.7261689176395,1431.7569689574027,1927.6944457668344,2176.651750190597,127.90034942434596,2035.2639951921526,2206.521826803351,1529.0406594304338,969.7370067421218,192.07727482851234,1044.6962682057685,1874.1328940526273,2036.3845306345306,2634.574528696628,377.81818181818176,17803,505.59470248488253,20495.8559647196,8000.569364840185
14.061282396316528,2644.1309052522042,5521.83153510004,4047.48617555633,2080.134803149871,1458.6827966852452,647.6202129564822,1698.8047397747036,1561.9347147540836,1018.9053922639765,1563.4944867213023,512.1336586390762,1669.749831175415,1833.007255228515,1284.5339616606025,1162.175973909881,687.0152237301102,1874.4582669708145,1869.2004943304714,1224.1188742933743,2135.472037908926,372.9090909090909,16574,454.14828212174825,16061.797611723308,7272.659415650734
14.177244424819946,2661.4052703843995,5058.663063124204,3579.2237419713174,2364.690543693474,1564.1966414365866,1128.9014121271207,2170.452658066019,1897.964562865221,595.478106568028,1064.691019416209,719.1965382726194,1605.2846585737182,1794.8477357232766,1191.9386492264825,1436.9345877071437,923.2805072846584,2073.8791207015615,2285.2405898239044,1076.3282792321984,1755.4296137175847,350.5,17039,465.38404687886657,16201.378859127548,7641.840213832458
14.290337324142456,3199.4772932217343,4496.745589591411,3635.8799715455793,1617.7307533159542,2135.516430995305,440.52437743036694,1277.0828164923375,1043.4816614131119,1100.1890739244309,1529.76682428661,1036.5324648558853,1990.4034936048438,2299.8801784454417,979.7214476477665,1083.280902099273,481.55416873863703,1920.846957640915,1518.2841247849906,787.3302717110915,1558.0774080811532,371.75,17899,449.7878935596383,16542.899333708505,8034.369117419001
14.404390811920166,3110.256112531159,4425.231672727392,3492.682991482671,1654.1715997491694,2367.2971645226485,529.5119118980509,994.2838756335859,718.8496355320966,1287.202039178585,1533.7317779540533,560.7108481384037,881.0272736310262,1610.7728327628497,756.8002694426762,2075.278057207389,450.39905059414417,1253.274904708911,744.486624514217,1296.2272895675253,1662.6168121734331,377.53846153846155,17802,472.3528581938625,18746.82197420637,8135.230833889185
14.519649028778076,2234.8771267434777,4147.388600096483,2661.811444802265,1967.0586656589226,3157.5188431106053,948.7083135126803,1127.7988868962443,563.5462122582564,898.2168025878358,907.3897940488936,348.9129238042,1223.4422404774277,1308.337772230811,1129.5614696231082,2342.7492826333137,775.5018773133322,1180.5274216257455,663.8395685070523,1178.6478844696594,1369.1124014737793,375.08333333333337,16879,471.22973490461425,16903.1493162314,7662.3972095254285
14.635386228561401,960.6907693846987,3250.542897000869,2764.408004771543,1396.4168901062328,2865.9739160859835,541.5782039176879,1733.0635382460737,1185.1501915073623,1548.3667959029372,1806.4460108735973,1065.4663584643324,887.2796485264196,2181.546852720983,583.1402098307045,1514.83634853729,532.7215243825909,792.8345178702144,404.4211802376888,1802.446762636402,1560.2182476508124,333.9166666666667,15601,464.89101429139373,15765.339759100721,7819.126760166806
14.74864411354065,828.8825306570046,1852.7673426795973,4253.551817678802,631.117219575709,1428.1030705616627,1090.7233018095776,1067.5694629094082,781.56826144681,1889.5590345626388,889.573012207727,224.03441869579862,541.1297576427785,1957.7221409327678,244.32325801973317,1161.1750923344546,841.6617185228947,1071.9693278036402,839.0923623278327,2376.3115797307764,1374.5917485131404,346.70512820512823,13967,460.67676382876397,15610.809200092233,7658.691351398875
14.8629150390625,744.5974565151737,1949.3846634367078,4340.013556588431,904.7517926979954,1139.9949606655366,1489.9988444566957,906.9283429170425,736.4953857967093,1568.7853810467727,551.2306837271487,525.1155352527309,718.2241389709022,2497.0873658441574,841.3025446968071,401.90122448136464,1458.1025440434155,478.38579245975177,474.31043292412767,1586.1914097826113,1270.9858570047709,351.53846153846155,14045,446.67265156113297,17103.317812049838,8122.177143363734
14.977059125900269,750.0912903479095,1956.1690521482215,4292.6644640990025,925.6120921932466,1182.9655361664854,1570.382309155868,969.8832360715204,812.393803460586,1503.3748583819686,652.8368282993424,593.9165895396486,1232.705945959765,1779.7591810949032,1221.9411886606376,539.770476713736,1743.5599343091578,387.0888147884527,304.7826828784461,1939.760032549364,905.7541222208342,357.16666666666663,14047,467.6958906394541,19201.796955141384,7335.92055447217
15.09402847290039,910.0390274022714,1913.0475377336957,4100.615690120941,1030.7359106925248,1236.7026502464262,1775.7571243187801,889.5947095455308,670.113147570868,1335.377882025877,731.8151515651422,151.49105362145036,586.9261492746679,1909.6247227026904,636.7473387707793,955.2057135074335,1624.4492051657473,926.7862884180525,779.6044834215885,1729.9464056785769,1034.286749991632,382.54487179487177,13840,461.60237062642625,16338.675620865999,7505.9844544399875
15.21160078048706,1516.7254544153986,2466.026933549577,3704.6884165690853,1697.4636430058943,494.4403536819889,1204.0675775851316,1094.4939704139942,1201.0508867421586,1676.9299914622602,1093.0089075142075,283.5825610266396,965.6957767149781,2083.3712681182965,792.3568155308463,694.0595850185789,1138.5603040331587,1196.0382349758268,1245.2103236448431,1872.9347443839947,1362.6797928067506,382.75,13030,483.30672110597203,16065.911594822377,7654.2069670968995
15.327781200408936,1689.01126805232,2677.344273459056,3739.5701657378954,1802.2647890585415,468.5238011220138,974.1125807378567,1329.847109341735,1330.533045170286,1427.1745756934786,1171.7246769257538,211.5904919942377,821.7422644490548,1790.7823719737532,1047.1070476748282,377.8937586576648,956.7063493282218,1324.443252637961,1549.965184206215,1930.4244741424043,1688.4119939494906,385.0833333333333,12800,473.81335370660804,16351.754844614843,7378.096768573302
15.442821025848389,1484.6547161164403,1907.4064455888492,2710.6579395854756,2767.5682701880833,699.942007602442,141.99048534115968,2208.618883399195,1802.942876493721,663.90532298752,945.0983371161246,750.2258850546847,1101.7284210093792,1510.1213952994106,1623.5149880317463,658.9116743962741,469.52637003845075,1859.9492601172803,1622.690498975495,1385.832088373609,1306.8880861965654,421.28030303030306,13871,507.9714956900353,17296.3344479246,7658.300132227147
15.557838439941406,1921.047682523928,2017.5041078737752,2289.577694217108,3189.1150626984886,1167.3406386980623,513.8464487644341,1862.857244822924,1242.8493919381299,1185.4176815024407,1039.1327745429628,245.50254655085072,505.3769562846961,903.6465796331553,2134.758355601975,1053.4073969357273,589.892622271453,1970.0390232950087,1303.1494161417259,1696.5584871317826,1514.2900421302202,389.3712121212121,14608,506.2956880339517,19841.749493423562,7908.3776225029105
15.672810554504395,1978.3612525136589,2050.9625697942906,2232.2114128991584,3258.2501136607734,1246.1847349121854,696.3055809988086,1598.9721113392825,1410.1253284011539,1016.3029893372759,1104.7341438455803,387.73066939046964,708.6515166374243,1028.4697677193894,2010.5084850443395,910.8092138906628,666.9602858868939,1727.0583488796276,1895.1038708711949,1090.4562633825522,1294.1080814552845,388.1363636363636,14681,484.5792999841658,16069.890435842899,7681.38495771705
15.78976821899414,1889.8515329446946,1966.6484487836933,2146.5751529735094,3332.0439933566954,1301.749077219718,757.3063025191295,1552.534723123979,1483.9163446849652,945.9504787156201,1049.4259652748779,299.6644168953781,624.2700716006842,1011.9235938817772,2045.8438658107518,982.8625317308063,674.4447356630112,1632.1116461124354,1730.6055597872698,1242.386602059718,1497.9232196207533,423.5606060606061,14591,498.71793463875474,16333.756836504013,7852.910207807466
15.90381932258606,997.6357316202601,1695.7899461671116,2104.43142693132,3036.909211047191,597.606521423715,250.79116994076955,2399.4723096210378,683.3338873074975,1758.583280550896,1820.01187239259,962.4092500665665,1349.6654361836904,1729.6227147171194,1356.14623447201,721.7557717033095,607.2962285881248,1731.7413733757685,1417.7667231086928,1484.3048573066094,1754.2472144768942,397.4545454545455,13542,512.579678668277,15447.039121810609,8114.891633725672
16.017839431762695,986.0344790362385,2364.217517209014,2962.288534348209,2167.383573588329,335.752571100936,738.1623305228053,1997.6795749051942,1094.535436046506,1175.6019802321966,1152.2652403340794,418.65205314537184,866.9123561240341,1367.5665304017791,1440.5703418626215,258.7064205719846,400.3057851618139,2099.438717986322,1113.42818750433,1717.7921549474102,1898.6042919584556,387.1666666666667,12572,534.5564749425719,16109.153015156355,7937.882694948733
16.131564140319824,996.3872011167937,2380.606245422912,2979.45698377585,2150.008379353055,347.69170898695506,724.912343710663,1972.8678854525785,1084.7773300104122,1195.3623961421292,1213.3587814432794,191.30505894115132,728.6477434334215,1342.8425815541618,1383.165517212535,220.38528416338946,661.1899772370676,2106.315690789645,1280.2677471435306,1532.713516321809,1664.944825862966,407.16666666666663,12573,517.7091461536179,18049.926858247843,7955.052578116769
16.244524240493774,444.77175294469845,1997.0375771472147,3186.1757372217307,1708.8565974188596,949.5357848599542,990.6666698526262,1586.3403763729764,998.0858572528829,1672.4126288010366,1693.1001773505013,435.45781588012676,1094.6302846136982,1739.8621453440026,1174.498240061556,329.09269189022604,592.690619637395,1948.0312549373093,1333.88128973948,1704.9371071155272,2207.9157399544574,402.8636363636364,13199,519.4505184186823,17736.578051993652,7547.657554917904
16.359246730804443,420.35833719699076,2321.3593107843485,3948.6111740591705,1225.556185778478,911.39540741636,293.1403408057386,2179.7944056206898,1117.376490318579,1077.7210656911443,1532.3359460590764,79.4910759446083,789.6657186824809,1799.8680830528426,852.6850801550477,611.101724341779,351.88216303985797,2182.42422630768,1304.1124740805494,1493.4535328240677,2185.3713896460144,358.969696969697,13997,489.0860098167755,18064.135254017496,7468.577938753766
16.473156452178955,435.67040236853853,2361.983539150425,3932.39445915119,1287.817172648541,859.985434219808,380.2515851956838,2106.8083552021726,1017.3972744862015,1148.6783671414971,1407.9217872934364,51.73213751434032,740.8041144656861,1810.0480298788614,801.5810392276392,670.7125247097099,352.4487888909923,2215.744974410385,1182.8242214078603,1470.89472853383,1986.0237107025418,400.33333333333337,14027,487.4773483511317,17431.94814483728,7358.45047003792
16.58942699432373,404.11154361944983,1966.2402820609539,4066.189972961867,930.9903122065042,1062.0214895551874,231.7520292574219,2136.565314312682,1313.083092366113,1372.9565977984514,1536.6400961439551,321.19511510103774,801.6386417159163,2076.5495016146756,831.0212162928196,549.0505078166972,381.1710955620123,2105.9743095151434,1286.6553457321852,1599.3363643286757,2086.2794837417014,399.59848484848476,13596,512.2566809940031,17300.128888465497,7481.555456355514
16.706323623657227,867.2401931142682,1628.012760752339,4573.201730681445,1070.7970049498838,903.1301594188819,779.4582206813943,1584.2635090806637,927.321985968436,1472.3020620992434,1074.1118752218126,218.83213011026643,319.6601810352879,2201.613303297254,664.079906570361,787.194925174048,897.1407398156888,1466.0516232163857,957.4876282311869,1899.9644825469343,1502.138864601604,372.5,13033,454.58967405500584,17758.09832831535,6909.428006876556
16.820199012756348,638.2233545295771,1590.8697759940965,4417.987310662116,886.5933985348996,1097.8870957598297,929.0642631485119,1418.6566654653157,860.1306788954912,1488.5442391817587,1061.2013475281171,295.49414493969607,778.9394188399386,1778.7875188542303,284.3385264285626,1112.6936405522874,983.219943653478,1317.0618253942866,1043.470474110786,2040.8398020834227,1520.4628737206604,359.0,13271,483.980221743485,17257.473538266167,7298.759545888433
16.934072971343994,312.3123648946377,1177.7188102939024,4684.395375463047,1377.3260042773093,1041.062075604962,1253.9373461769421,1794.26095083839,1045.472042682815,1489.4800058025016,1065.9761348890227,219.62546048842083,594.653937494214,2027.7316611909055,861.4591480460045,1030.7239500155526,1385.823704610331,1915.1384252828236,1273.353923893698,1901.4707663879997,1654.8171484566174,347.58333333333337,14103,487.0743389039189,17508.974714267708,7067.815786329932
17.04761791229248,270.44840702512226,1335.6988629088714,4450.921037325728,862.8029638182153,1371.536121434311,1504.7702826616128,1082.7797714197375,471.6903709444786,734.7337703312004,1946.4530095446444,372.5985442036964,580.9855061580126,1916.6717521324779,202.84666122972254,1380.007349907994,1690.4227981812992,1315.6553325139664,885.1246519583161,1276.1061327268476,2493.8022455764985,352.6666666666667,13799,492.2935705405069,17792.90045045144,7395.831160808663
17.16437315940857,611.1979369229169,1903.326926665034,4274.928773034447,1415.5176172444324,845.934736605749,888.7062153280824,998.7352876636061,154.46316461232087,184.88164431616852,2504.229115182887,276.5398560932943,485.17291626590173,2306.577528015302,928.9206776913517,639.5930230246383,994.951512421537,788.0643423202284,336.24436169172185,550.8591260010257,3295.83837209131,345.1666666666667,13147,490.95146352053814,17140.782403825135,7221.047641956737
17.281394720077515,805.9116328579502,2065.7225006041585,4359.40807822383,1624.3415155665127,632.17331520116,798.9919390712611,813.1509292522157,331.0332814802716,345.20356256338215,2474.6372564958056,186.65731450217896,720.0267919110365,1999.6212160542643,1078.4034208424366,406.6291116905392,689.2418956109798,782.6323812652506,456.34503489771765,527.5804923998721,3440.171192097612,314.3717948717949,12920,484.2207720900533,17682.852704769015,7198.908691908134
17.397878885269165,663.2567899952589,2065.497098327123,4107.097352425041,1715.9938593872298,527.1958390183275,602.657091534488,702.0300600299242,535.3187318912259,548.0629547439235,2319.4214753435103,357.6301060826819,891.3194064188017,2044.0746348355954,1212.2970841825781,337.493639722567,803.6690078725177,735.9795532148635,378.9158593227621,468.9748483068231,3470.4807567972257,337.66666666666663,13176,497.23037147367097,17722.798643607886,7152.118103003882
17.513806104660034,689.1689249515252,1849.1506471709001,4138.575488269006,1524.792470867118,743.7034194024635,286.696861130999,658.6045266696779,892.165319166107,907.7333490426156,1929.5752230010737,404.3011060688293,483.0599287328615,1445.7812983052092,1364.5382096761602,500.32623606787763,690.290963059956,190.61651930519864,916.260686463211,954.4037690546676,3145.250945800811,307.16666666666663,12944,465.3719169028532,17218.431564950042,6652.886357575735
17.630156755447388,976.00627123654,1390.536014369546,4161.353223609136,1420.276590731355,1114.0158757418833,480.2709319856667,615.0000597159336,1189.375513955325,1111.089104803293,2062.021655261449,85.42863977417608,426.31012072952234,1845.0372938105277,955.5686265881246,736.8769690934387,360.11958948578433,618.1771251214655,1342.6082047198274,1434.703287361441,2808.3648291205236,333.75,12398,460.8372273116014,17286.379769743333,6614.089934995247
17.746241331100464,1219.1736682908684,1026.5441375512019,3953.7415759085957,1858.2670233604044,1043.708401334124,920.0850650265553,168.99862538178672,536.5094523782292,839.7042838118537,1642.1403376389944,477.2612184539892,282.20064259098075,1774.9335847779075,1436.6387095694458,723.5126951303356,932.9268717628936,469.31367873966127,791.4173179220356,1382.0626123546047,2139.527109442034,316.6666666666667,12077,433.58293830651763,18713.409569541152,6354.502474821487
17.864392280578613,1613.7267266375818,919.9542217379811,3472.9283619161233,1581.9581331577629,1211.677541309677,804.8879076649023,614.1117666809578,751.2007823860753,243.34875358410036,1982.6087439115945,303.44122291735306,731.0039369450171,2095.3155275984873,637.2263312574939,1191.727199058252,1037.2665265024539,388.574838330494,417.71587131122993,749.6018565487329,2403.782004678553,322.6666666666667,11181,465.91200889644665,24003.82847699579,6747.483959292344
17.977919578552246,1893.9343611722802,1290.5608861257185,3560.44031072148,1253.3642327513937,1675.899695118043,1266.2002929023624,809.7899854663812,558.8093891995585,689.681217624166,1567.0445770975416,407.0562460891638,413.5201732859184,1596.4997403797595,779.8807698235037,1395.259718497456,1269.174876781561,921.1722820651448,615.2175280717707,1002.5184410048996,2107.058063218365,322.6666666666667,10700,475.21118392806545,20698.50933650898,6800.807465715847
18.091866970062256,1911.848816890532,1397.0522999521368,3691.431196679676,1247.8396636419566,1496.7873110416633,1070.454382159422,852.510356593724,800.8296543807361,761.1673420092031,1528.0436825686047,280.4922053578928,427.82115932967525,1717.3373203185322,791.2191226270259,1137.6003206537985,976.464211250393,910.3240952864304,944.0763377522017,1005.8602454122191,2141.3678995615574,303.3030303030303,10568,450.62409395099974,21258.752375653967,6839.1569812304515
18.205142498016357,1895.7613363205498,1068.242405184079,3305.4239682077364,1228.1035522423851,1969.7632960318167,1441.23425113148,554.1432856905109,504.39283221249036,331.5213761738487,1939.2867728212725,600.6464450833371,642.9519119767205,1847.0199963131881,564.2523159297322,1231.89756982313,1015.8682973907845,754.000074621353,721.5270999802132,741.2023232972352,2451.998192287191,321.1136363636364,11069,478.5797345401238,21347.68523217937,6643.700018442025
18.319658517837524,2087.5437549019584,1219.5252097209543,3479.000974750893,937.1699470470696,1756.3829042355894,1184.1434241689037,741.2505326873581,480.25421664882384,513.1297122744933,1917.9235259212792,422.5993965623411,464.2807917126252,1670.180956326721,700.8000112603324,1383.7966447025142,1208.5270727902168,682.7213420448262,572.1491599652284,578.4011823577172,2657.3777642236523,313.29545454545456,11375,476.143247094344,21249.94974459632,6896.585492378812
18.433699131011963,2248.2783344202403,1397.1149082927836,3671.1277704722884,906.9704482158464,1587.3048875099175,1271.9355211086133,837.0054076019015,296.42527282269344,318.25685860654625,2045.5821580363686,499.5820457065583,688.2588630271571,2029.9793915309679,498.8522727098639,781.1780921531223,1446.42112968762,1125.9697023309254,453.4369206015519,124.97973683665391,2763.0458612693806,331.5454545454545,11576,473.1324642811854,20502.878045852096,6939.709682227036
18.54835295677185,1000.2427526664471,634.0336281355708,3324.808327580286,321.8090104645557,730.9024476997088,1639.1556797640296,1800.8516272630454,892.5742973550222,689.2437755504278,1885.730747106652,412.7218394447578,596.9876313890363,1938.3265500500727,373.00456871265,521.5511400083478,1529.1884437374674,1483.037753943973,750.9087693387166,513.4184313208514,2649.00842574933,331.5454545454545,10299,476.85725578528115,20424.124034870227,6921.78018605409
18.663509607315063,450.1554293092308,1039.2358610296112,3702.9501827061367,774.5241455922722,224.42196844159454,2040.7858435828152,1546.7854813565934,862.3467495044865,488.3993715582426,1697.2300287934104,249.1699622930166,425.7099573576031,1781.0017526022377,292.00556447316086,400.6354485205424,1626.9656945191591,1678.6864420679938,991.3561920012569,729.3436397433517,2387.094467792432,361.52727272727276,9757,509.11897445998824,20652.66467710348,6874.560189106609
18.778746128082275,1086.5571889674652,453.77343849531377,3147.6280716779347,1185.2293853713766,473.6906937156408,2666.5841742768675,1562.4008924118261,1064.1633819081947,475.9035324573787,2146.309904998778,444.05987812886366,569.4502817771395,1839.5379294554366,954.7261609858282,330.7472116109702,2235.740280183877,1237.2761563590539,804.1849114094163,191.08226780062583,2930.889451872789,385.4222222222222,10410,515.5196884613841,21321.905933984257,7042.679228560488
18.891990184783936,1774.400373236115,706.2255377842316,3089.5514034641924,1839.773509454528,810.9468861341323,2779.587972612674,941.951035248751,480.98178020586636,102.60526374357565,1989.7094792996681,485.60610241060067,629.4223875170283,1917.8766948173752,824.0135662286436,158.31529399451418,2113.0119432742845,1462.4821817908532,1028.8106177968896,443.3479507393377,2894.556730020437,360.4,11122,525.5318866691291,21416.332562270705,7187.282741619245
19.006543397903442,2485.219406117154,1470.097431072923,3645.6494290663545,2244.81409987762,993.15460931197,2131.265003595946,1269.8346584971275,910.3552410391713,771.443312179493,1635.5860572252614,333.14490493920516,428.71558300798694,1709.3108141484436,1229.5553371121343,623.3738792195325,2047.5399333205075,1218.4062343113376,915.983556959918,876.9963255692714,2249.7666001202124,373.29999999999995,11893,489.22291513404076,21065.115913768863,6754.555047516942
19.120774030685425,2729.5316143454115,1811.2191210158953,4068.2813562685656,2318.3047432964213,912.5538581310241,1769.2128133196313,1755.0131991065773,1036.3902947943143,140.5962311644971,1912.807460268762,953.561310678515,1120.9367653155707,2459.38181601934,1385.2783095526436,602.3566516563044,2034.0025882039993,1637.506980717526,798.0892396244551,441.6026388594842,2143.193666672443,360.5,12097,417.50376388127927,20216.641604143755,6825.10851850059
19.236177682876587,2527.4549541101724,1844.36202211614,4168.6689279725415,2775.1138884145857,1282.422821456618,1666.7256757235675,2065.42649547664,1130.491665457603,534.8426308963761,1633.7799278844204,378.56589858286975,563.0760587730206,1935.940047229201,1733.00436015885,999.0667945406364,1509.888319855501,2169.468197950409,1330.6991831803996,706.9258169438865,2293.203557051412,370.0,11560,429.72305110285356,20932.031606101424,6635.453839513664
19.351206302642822,2473.4265417084416,1500.196081461756,3797.8793521565963,3095.2232137286455,1680.3165291094922,1640.5054555250422,2264.305165564678,1038.6328682790115,699.340344996893,1303.9347541546274,163.57142872617345,583.0210021270497,2023.0325942282795,2173.408896821826,1270.3264088274125,2006.337326076519,1837.6783876349448,772.5198532133312,384.6879962069655,2385.9132771634913,367.59999999999997,11925,439.37321040471664,21508.26045542085,7127.565025702219
19.466898918151855,2335.244266772592,836.3939685142306,3500.282971476574,3683.484749673393,1916.8127332284037,2289.6409247832544,1627.0604330893473,703.0292473696703,231.10680983388883,1842.035121385479,96.8762339142136,586.4878888306549,2072.48231464549,1989.427143408189,1029.7569796204502,1853.6818292005341,1900.1655063268652,1233.3497698606554,702.4215642850763,2186.0296098715758,404.9636363636364,12581,498.3005961800552,22460.55607724056,8006.197363792531
19.583247661590576,2207.17989756209,685.4036265049004,4037.083970110998,3826.0830331504953,1345.1240689740955,2275.4615359374457,1975.3337397897105,1533.9750821340722,1009.9370314334737,1042.339318416181,391.82354000759625,894.8209843715705,2342.92337617663,1650.8948306662448,875.2641464968117,1479.0213913676416,2269.672164141767,1163.6340282393203,663.8671737936377,2203.3275588018823,381.41666666666663,13586,424.9333170504263,22659.686791266708,7506.608332417491
19.699223518371582,2390.502014332366,2081.433074526267,5448.996356559426,2875.2456914581985,365.279727305086,958.8652790984125,2801.913994803951,868.1354262912222,416.67300741126564,2156.411719687931,190.33747591184618,761.942857809447,2380.1515291352175,1643.1477758004255,726.542931911804,1299.656152748724,2415.855118869959,953.4133403322708,365.3631648431978,2543.9769841733632,366.8863636363636,15054,456.125723920274,20583.781732191102,7371.256044110432
19.815701007843018,2690.301316466875,2942.7606441480057,6082.618768631359,1996.784727939541,1246.2960917188798,1380.440099468769,2080.024427653608,644.6267818807003,431.32763920912106,1470.946381092573,355.5043197702173,879.3530076810827,2772.3898045072997,1292.1412275466917,901.8933641338239,1238.4205403813642,2212.2642203394203,756.9246277916923,498.902542581402,2148.057266705127,385.4015151515152,16008,387.63838356597876,21151.66857829189,7209.861467532326
19.9325270652771,2725.8938177613268,2571.2814585846972,6369.092290357634,2113.4234822223893,1668.818593600452,1453.8419182052846,2013.5332937741052,984.7634778378394,1126.5144578033196,805.5942030907222,402.84616936559786,777.5643803656307,2964.404722333801,1326.3693954837813,1293.9536782067303,1334.9935712335114,2095.358651462933,1186.3691074147137,1482.2357612796034,1129.8050573220337,382.6363636363637,15021,418.1556560015579,20189.736969066034,6967.220634270609
20.046661853790283,2583.4080320785333,2430.740741093284,6130.111663164716,2347.4216483750847,1638.2079333895203,1443.0872979059218,2067.7395799362844,1185.6572374907917,1296.9222504479253,745.5533312737291,399.98743026860643,755.9345106954986,2866.3464417025116,1447.262872232677,1259.2307879465018,1314.2443355327973,2155.8758388484707,1387.5683753353596,1677.9234819919764,1055.1805911585034,378.7272727272728,15270,417.70787791666544,20191.655718514237,6811.581273224112
20.160916805267334,2013.956517217061,1707.5517216840194,5867.873068667785,2690.998926419089,2364.971368343411,2079.816600403664,1537.0570213175458,775.7775804008368,839.6995871200729,848.2357561766554,501.71845145107164,770.6079034709213,3397.123403103206,1006.1180005742654,1460.7783817359025,1314.6906693954888,2262.3952953838916,1049.5263183464228,1695.6993137607626,842.5299026714115,402.4,16045,452.2595635540873,20771.116760767847,7335.181997114576
20.274649381637573,1633.3627547991764,1153.5122749193138,6027.253331927667,2692.456890127829,2746.5660041757815,2238.4513987399796,1912.3209245743067,244.030782547607,1441.3425860658538,258.07105138162916,274.20543845409685,350.97342869612385,2802.531735373586,1680.1048247141819,2126.019242074592,2042.9970809150975,2022.6394215578055,290.2697185869899,1897.3082736722704,337.1113316296088,423.6,16593,437.4345923832126,20102.581617141434,7111.568332714796
20.388033628463745,991.7186714049586,813.6511637178143,6794.607525029163,1946.8940631519768,2009.7128822378195,1800.0647949681188,1472.963970996042,684.423486314214,1018.6217070455355,822.3224837141271,198.45701350953425,512.7272611943163,3057.0399771122184,1387.516934622494,1683.1862716370858,1890.1082205771145,1507.8952246336996,556.1643845568334,1555.8866360977443,915.1865060030638,396.3,17390,434.8032243810386,20454.816452150713,6853.7635321280595
20.502266883850098,559.3659481729643,1316.8488009950543,7307.629272016702,1790.8865447599783,1794.1899676478627,2372.8558937475786,984.8056498899545,604.7048449769567,1622.0411491409156,589.0236881985629,28.226517614176462,434.1567679213637,3335.2154517708304,1164.0287743818149,1424.6328492713285,2104.095547727032,1085.3708788920776,688.9393087259158,2030.6257115821873,874.5602932717726,416.09999999999997,18152,359.6622863798443,20195.808509713213,6914.7068895379725
20.616191625595093,989.9129671746754,776.7783615135406,7542.172225179284,1290.449010185792,1372.0163145413878,2542.4883966431316,731.3590306932728,754.3604614495971,1832.664944960555,522.5922509133198,150.61583494049273,215.95031728364657,3510.9468629294033,765.732201049775,1015.0521493934733,2327.3551795710764,753.0252673615909,889.8056115848962,2390.3948742989896,704.4910271090868,381.5222222222222,17557,335.4190755414519,20120.54960210631,6924.103161216032
20.732155799865723,715.1176547054434,947.4876384485782,7262.404949751376,1367.545566582426,1245.109046456131,2397.1992615131594,455.71888527391104,1010.4412595658508,2099.9250749655725,335.959464600883,115.31572270438285,321.76895800893686,3375.086101561556,867.2683771352406,953.1055285417276,2161.568717557312,451.8793356629252,1207.394500260583,2743.332185549733,449.68870992252096,373.1181818181819,17850,388.24171051582107,20052.622251527304,7303.650927740711
20.847339391708374,679.4143835806119,1062.6509843397362,7096.512985535993,1440.6346869091192,1044.2195199304726,2542.9426259752017,582.8623240962784,908.8373105747793,1792.5296554799534,541.8239254667606,628.4589429476675,967.0018079865293,2668.6271029280283,1035.7052930925468,195.33683462062893,2945.893286808235,1249.5181084859607,503.46922595560443,1763.0498191753538,1260.2032688831903,377.7272727272728,17895,335.4526035237837,19147.324917654398,6619.4396329315005
20.96033263206482,645.180944160133,1049.6031539956439,7100.853865474001,1408.9667488164341,1042.9593585506016,2546.8416275325676,579.817021362997,893.7529755507633,1799.6167389996515,516.0858814803457,86.86061310429064,353.89048445851716,3292.8077678712466,832.5307164230971,793.8808078097466,2307.8692952889073,580.3398640991142,1074.6127285308514,2376.146468321039,705.0900219254581,421.02272727272725,17933,353.88267829278897,20176.760238448853,6544.912020058996
21.073984146118164,1235.5629228948264,1712.578313632432,6427.907231169658,1188.0976047609772,763.7096911783301,2801.934165788982,611.4670104814917,1342.4344742593128,2374.5725348709943,629.8864649728916,309.2265855454829,617.778176832923,3127.465421032426,481.1044498294917,901.7653636990292,2205.035709734928,314.9139448157644,1477.62342632571,2747.809060925372,844.2001103980286,441.0,17232,405.27632128014477,22068.031637124994,6679.858249499837
21.188358783721924,1660.070149722782,2175.7866973431414,6125.542367705358,722.8499312050276,1239.8562718005198,2350.0669939391723,162.7670191653874,1260.3128728894528,1964.959703294088,495.1532383533118,436.56830508278654,833.5752585611018,2636.308796183717,481.31741207820033,1091.5757052650906,2034.5427916323522,136.79350435577544,1615.636130618258,2363.1870435187507,807.0148312709583,409.1363636363636,16722,352.78032674503385,17876.098984239463,6200.310119569121
21.303988933563232,1576.9669788776002,2137.6879110763402,6026.08039248689,750.8065469805515,1326.7332819865014,2253.773695375844,60.80547486553673,1213.1806290789614,1920.6844884177344,448.2408267476681,237.08550841055938,657.4713605701012,2818.199663446722,475.07454276461704,1013.9305218725193,2044.7377608548993,52.37823277787328,1426.1072823153465,2485.0417417393405,623.252639657844,454.65454545454554,16843,413.26750519304306,18148.42551249975,5919.318215363388
21.419909477233887,1582.4246708843987,2246.76908674012,5908.207028071912,575.7488377913053,1329.6410163102398,2388.7440053887694,296.97053268832263,1445.2385297727465,1887.078403051896,657.9032188003797,99.12261240193406,494.4336910635484,2597.833601283019,506.6142631466623,1354.3561283167437,1878.9539696767783,467.21804627138783,1557.176257427832,2797.701790784664,1198.1964390481166,405.0090909090909,16977,335.5993977327593,16965.56622302463,6374.294939754218
21.534836769104004,1644.3370823569896,2056.3453736815723,6278.321505847514,1015.3209142007105,1245.202296823756,2171.9161569346884,288.6261455887569,884.9483293249066,2195.5815218960206,736.7482831045082,42.52614200050651,599.5740466199893,2640.633670093458,356.7379754857498,972.428344660612,2159.0597335455886,148.95326694578856,1330.2261808244068,2559.5489438277973,767.7004243773239,374.27272727272725,16634,325.8036340494127,16448.287365997196,5985.467403197349
21.650099754333496,1587.3037417342134,1639.6131949100852,6126.388040080699,929.0591540913587,1497.4254451255474,2249.4251161556545,84.01482888526168,1212.9629020494754,1894.7351044021693,522.653211494689,308.7570110462158,838.9447237410914,2490.516363890403,313.97977413948934,601.4542791644183,2339.5553745369625,534.6417814997856,966.7027240104147,3001.71466470852,1238.8018781213966,385.29999999999995,16219,341.5140488511154,15651.13972781835,6084.233491420522
21.76566433906555,1580.3918027777308,997.7519486540584,5396.752613313238,440.7819718690804,1305.230198990924,2970.6189780961763,754.5036486779052,1046.0700857336428,2431.6069531874105,1120.8265189493386,182.82704741312122,733.4272910277141,2587.308415833245,308.5477330986463,806.2495874832005,2280.0856659481396,370.3716491654418,1249.4045281448507,2764.5266388938308,1213.0073916884307,431.4,15395,356.4516901051378,15806.238878115117,6100.370325711796
21.882731914520264,2047.4291670487585,1850.7833268554834,4365.4518768074695,880.2129997160437,362.63473418822116,2221.1955308891334,425.5454171928105,1124.315357586978,1859.315571793219,676.3772539610434,371.51327506645384,580.8749102530054,1984.2245058942137,593.3689930217051,267.87923353967085,1981.0264437523642,460.77335013807317,1373.4956087620671,2369.3418090059617,994.8776251317041,391.5454545454545,13884,368.52185077715654,15105.890190419192,6323.629739791786
21.998964548110962,2065.654369399528,1865.4105412977985,4323.745066768187,948.9739178816072,419.4940870780603,2119.247130690456,331.9280974892507,1192.550555779396,1945.4036611233923,779.9189980984111,485.25100676222326,691.680608680305,1945.5730799513458,710.1493309843613,482.22155514653815,1849.626164331982,190.22704947684662,1327.8278873208067,2681.1265626129652,1021.7876537106698,395.45454545454544,13884,373.0001842256637,15039.478379294327,6417.186668729844
22.11301898956299,2076.8523692859853,1818.63611499088,4230.49634885684,1040.5877751931337,493.60394106581145,2056.2856021039834,249.6994683325915,1142.9553859802159,2001.6830615964623,706.577078155167,420.83773347104886,663.4343721913729,2018.5075369160493,605.4367994007562,389.6431300567016,1962.996058412693,340.0542172634866,1332.1978343880817,2502.6726431956736,1054.7050554373857,376.75,13973,411.42340316377044,14813.306508019738,6853.719980817668
22.227102279663086,2031.3188836762015,1787.5999810059159,4246.1154790385945,1060.6783690231055,503.85276346705115,1954.1764931846444,144.37937573389465,1074.4504034118393,2055.653101749446,600.8982089882331,203.48693790431062,219.9824695400717,1595.2988527565494,1046.3883145566178,779.7340771179663,1873.8571682593292,395.63519267821914,995.3220107913517,2306.9261462507457,1135.1402824051313,352.53846153846155,13883,351.0004591861996,14673.244681268681,5874.184671040803
22.340962648391724,1962.8432447675082,1732.9900407180291,4239.804595551519,1127.8753303902326,573.6780081626763,1875.8763123800634,65.69880609319706,995.3348077987079,2046.1759851796187,572.849883215972,585.4755002827551,790.681475232612,2238.684024726754,772.6510504699927,631.1651960761475,1423.251230685389,290.1365030167081,843.6691701379397,2426.2472304197513,1059.9033847032638,353.33333333333337,13766,385.35104826981285,15697.874076871003,6274.486561786404
22.45440673828125,1442.803523900413,1139.4487757149204,3673.0579105593742,1385.2606175985622,602.915169758263,2182.5001262230253,385.1712572665446,1143.2463291589177,2234.58183439291,602.2794154462247,637.1342133639457,864.4444342983121,2178.048082643281,148.5480389047606,299.46840560072445,1269.008056371322,391.62327402091705,738.9104982761139,2217.7976169299473,1273.451047860429,332.9230769230769,13160,401.0174628282607,13628.30452422925,6870.338590695072
22.56855273246765,532.809040562458,635.6716867686953,3323.4118681947252,1104.1514177655533,506.5612028650944,1381.7804030500517,707.1870398609631,376.718756795958,1458.910805095166,1018.618705737846,187.92326866842498,431.09509207807463,1790.733497668767,463.8796834125279,194.84144062925995,1281.4950837883837,506.7696748141489,668.9261019411925,2137.5481194256486,1215.0987885393854,328.57142857142856,12092,383.8875483308815,14211.822903581184,6205.7542820911
22.682732820510864,377.50424143632495,1082.073943027749,3679.026515820676,729.1881022005097,581.6468701534258,1163.8847494802626,485.3463934543509,809.0248525423196,1863.8528675014015,673.3683748764881,124.38560305606785,337.4692679688188,1699.4404282177281,476.64885936845207,510.04184641382517,1005.887693749138,532.1940050679808,1015.4624996618846,2485.815426598565,896.1663981051893,325.85714285714283,11544,363.32446162656333,14555.573934521446,6129.669501173315
22.79703187942505,421.05397020061315,833.5956318745617,3429.9414317882615,979.7424776139337,752.552062768713,937.3294316398553,735.9387115829078,947.9005269888344,2017.087446719391,416.0645701820859,392.5364676495332,522.6522479696191,1824.8551310869664,392.4777003558704,518.6197423438521,1133.1779480616237,442.62827985273066,856.0567078313692,2308.587926422689,909.9766859336034,328.3846153846154,11773,400.48543512460424,14999.272772573044,6917.598341335206
22.913060426712036,271.4398672157671,967.1306635641463,3478.41886214295,1074.4900629929198,813.9733663072853,794.4783084281066,948.2689765203733,1170.5878831533994,2236.3784667462905,427.4912300396846,175.7032534875062,423.0038097410304,1761.7463456619614,577.0015032122382,530.1880047373093,805.4809391344775,1090.0749791790515,1432.4600199124907,3008.9789070553506,538.2689458469443,325.0,11529,420.5341442544568,14647.827906608843,6586.076708865602
23.02649736404419,386.9288723675237,932.881712616685,3540.1965564979273,928.8080525793545,668.9127265625136,930.3229655038165,992.819593970832,1182.80826369447,2319.712717472753,365.7732809284784,174.20676141079417,431.4874779650141,1740.92630871152,649.6211760303174,615.4286561874197,712.1503930058758,1054.1273788761273,1416.664581607221,2939.077336901742,576.6006313633902,287.82967032967036,11677,374.69984926143735,14612.045887235869,6302.9170458803255
23.14061975479126,469.2111553258958,983.2222111604679,3625.0708142042567,911.9985070549286,694.9390196779135,857.9264510617061,1008.9500928330287,1187.8546117246578,2242.5838421755175,359.0706729152333,82.49028619618738,329.9169000073359,1682.9880743792273,595.8530852937454,554.1317696062392,777.5650413398461,1025.1852854766526,1371.782735838567,2920.6251705485865,489.7579443089937,324.7857142857143,11760,390.38490989139973,14609.607170813399,6395.224171033187
23.254656076431274,39.642748818458344,586.197781678917,3254.5126306158154,702.7602488324662,249.38132464828513,1242.60428335747,1415.616224709611,1584.6190551904822,2405.409181506401,688.2301707478498,253.1428550416497,236.01223327413942,1763.1541934323031,356.86936541726186,391.20654676965586,878.9022761679046,1249.6875025557315,1614.3010490020445,3077.627679703052,810.9530309354593,315.52197802197804,11274,401.44313927861697,13983.020288211035,6877.386624335427
23.370482444763184,490.0883202248872,144.96505494791097,3417.0528057608703,284.28331906702476,474.9362025376764,893.5840949857572,1132.5741253653093,1236.4209912709784,2408.2458323686346,631.7947291292029,80.29628872662374,49.87562862750289,1584.1292346240937,163.47716507971052,365.36187287595004,808.5040493661576,1182.5319122634264,1439.0783401751632,3121.455259187155,887.5084828479759,320.21978021978026,10823,394.29441894090405,14972.32754737079,6756.405454968863
23.48620343208313,378.5936524807804,284.2332898297352,3279.983449212091,99.65672328668111,690.0392454902801,627.9585620879254,832.4370993863376,1168.833908044712,2727.295752655712,929.7039312516251,46.301824922496735,96.8104719751957,1518.0055504218842,81.36737221118408,519.6235125735896,575.7927316189356,866.0780721219352,1354.8377613387047,3555.40355608971,1332.5760565290902,358.2435897435898,10969,444.2303297226831,14764.776458619184,7025.395453200505
23.601502180099487,458.0653108627502,693.9470281169852,3320.483680110699,407.78909296086204,1082.5836966645986,762.8496532251994,1231.8386309582463,1600.4006610823174,2101.368411182222,483.6692458520121,253.6050511754365,234.7999739257678,1741.7424716968108,295.76272892679555,715.4387504308976,835.7568449010894,1363.7326684368431,1720.6328622544302,2801.5322760573617,877.1361716146574,333.6923076923077,11422,406.2680369731753,15258.44179682984,6873.174189401099
23.716710329055786,703.559861505145,852.7455329215665,3616.1658330480595,535.1168431790887,848.9617475340402,986.0387583068365,1192.0017290500557,1132.4741776347632,2623.4804851314047,783.2841804854264,757.2850889126777,578.5359642074745,2057.4509824454594,551.5651980039244,284.7866198689698,655.9987187864284,537.9385472408591,1771.6697581625633,3436.1740427184063,656.8971796106741,344.61538461538464,11658,394.4669029099874,15952.12091025627,7096.371176600474
23.832353353500366,690.630570295209,921.5264378487367,3626.755396981946,695.210729615101,940.3344883296962,1221.9178687042195,1346.485782417235,836.7938390223215,2956.3261335422444,1008.9934802662037,503.3441838245889,774.0639506471173,2011.8375089620924,894.2740082177933,781.3849496163939,1419.6731229328043,1309.1575619460323,1061.1429320953573,3987.7097890009454,1192.3074403470962,385.7692307692308,11656,438.36809784539724,16179.721113330534,7644.160339365499
23.948524713516235,960.1195903059845,814.4190615070482,3618.491036052828,354.3115701795754,1102.38829017489,1190.0511952149125,1737.1919516251069,675.4721976261606,3327.463932094425,1590.1259557556637,149.00836251850822,196.73878266199432,1631.3200326367787,246.58484254936795,893.6823475677442,1138.449156205875,1838.4962052454864,736.7937766834102,4346.7878981426775,2216.968502769652,388.2307692307692,11965,473.2541270624043,30581.885442310646,7639.595820565813
24.06512951850891,993.0870238165148,828.8143523979544,3650.5639581383703,300.4728435367199,1089.3006482787032,1139.2194953670619,1799.1228619331084,740.6456015643607,3444.133653904026,1792.2645505312312,285.1455668570219,369.31825924289814,1755.0699664324789,108.13824450246044,991.095791907992,1192.6781652641291,1914.3810348078473,749.3210308401127,4371.882608056884,2400.8661671028617,433.39743589743586,11978,518.9456526994809,26603.5336130363,7768.887915343212
24.181380033493042,992.7671342599696,771.6872888740924,3632.0385885424544,412.6753487802817,912.0890304221106,962.9475339415139,1982.5698416000985,761.3073516799967,3751.8252359869916,1704.331942676599,128.3672420286647,249.29731767742288,1718.844273404243,258.1219713581672,696.4809018376594,887.5110684700779,2102.244863127411,861.9769637820397,4860.647706724976,2376.8792381376,419.4487179487179,12020,525.8270334994475,28425.668923551333,7882.40107029723
24.295450448989868,1022.0231360053058,707.5350178444401,3723.6806178406637,477.18248542128094,1015.8087360167923,1234.6203965320076,2108.07888195845,477.35333958418573,3313.6622452893866,1828.4433609847244,130.73551379044622,456.7937793221984,1991.3885407833086,235.57553124016286,1027.7176674985087,1304.662432502976,1991.8152443242009,791.0761526182611,4322.605505992702,2797.5813620111103,412.69230769230774,12155,562.5527485239211,29057.8840115348,8203.605297420567
24.4091215133667,971.9088363766789,844.2314466850962,3581.703385663783,474.05643064624184,812.46478931397,958.07010002942,2226.1003055976685,406.21863485887843,3400.223571796024,1606.9715797224615,443.03584856505177,84.28343078501709,1531.5467893347916,512.4475749283781,683.4137494349952,1145.202483558585,2291.6623773303854,517.1700832043321,4327.74958692105,2508.16205053928,396.82967032967036,11843,534.6533414296786,28659.556019627096,8420.725773595874
24.523286819458008,909.9116675165333,962.8559932092182,3955.552410838195,144.9282649343896,1054.4439631264415,738.2493925323548,2264.301621904134,552.2764660224806,3434.8449583374922,1512.954216247943,248.26721485710874,234.40765670290006,1886.5448518240073,27.82771518302584,908.3544226241788,718.816302737831,2307.4748092393884,754.1499388451292,4534.1530883283995,2072.3354811596932,426.15384615384613,12243,580.923545385002,28659.545547582427,9042.984148820791
24.637238025665283,829.3661862085121,1380.5742760449657,4058.814699883596,591.3321987390774,597.7195192252747,868.6652306843356,2322.3565437087486,522.9592732861241,3668.0694905003065,1267.5698101359928,273.83517180278466,544.1080786567231,1494.0051814092076,415.02467274897066,690.7232219586143,922.3254623948296,2195.840869150716,646.101639166172,4586.71886887758,2011.4832457252282,430.7692307692308,12659,601.1264533339483,29301.342037867988,8856.549644297098
24.75152897834778,1126.7630987395453,2278.2142485195454,3720.8456509118237,1346.8118287692505,712.0906973606365,1636.8982290909903,1520.325805958548,1078.4611926940804,3726.8977341130108,1515.9347643342744,153.9782300412161,599.6165082057926,1565.99056003476,604.8703930768247,557.1151740570037,1221.1446325859965,1855.6611267551993,1030.6944128529485,4842.448036158247,1930.6944860645885,415.6208791208791,13617,580.0416735567154,29225.603278867187,9209.417817076532
24.867639303207397,1121.902789269623,2274.95829526556,3803.476608016808,1443.6886971102726,770.287152043942,1778.7059038686366,1391.41903063136,1158.4746938135054,3563.386317426464,1721.913245560578,462.7217193481321,991.9950058622519,1748.7666687545761,1107.5730624613338,866.3610490645484,1590.21189723696,1665.7314675080493,1095.0474575115456,4531.694906356377,2216.2686067499635,430.84615384615387,13561,581.0159880018501,28724.45555434068,9177.177553188792
24.984678030014038,1082.272614840344,2200.177748234351,3985.017566702871,1571.7277241308927,847.7333833577832,2055.382040145349,1188.8440546393579,1276.1129601423077,3186.6640731812417,1867.0213208220127,113.80052167061241,634.99011434562,1913.2755247249574,1006.8725810294168,685.3830158635614,1918.2136726724405,1243.6013956852466,1482.652178027941,4101.973787111488,2603.9345893217346,465.27564102564105,13418,558.3942661221129,28937.191898576533,9106.797716124358
25.09879994392395,984.6617306855056,1941.193234863821,4064.675013731455,1572.2933451567553,956.8590434569878,2402.2870316489834,1204.3336451259277,1168.305508384546,3105.1600968749794,1581.776673470055,445.72097569852303,823.9850031258786,1661.6076830734235,738.8023432039062,633.0114564429468,2394.1590847919515,1103.210365461946,1548.03624028095,3805.2891877312327,2075.894344068619,454.18181818181813,13797,533.039767334107,28630.575225277305,8718.37465684794
25.214103937149048,938.761964107757,1961.078211830473,4125.727866708518,1657.7884950299265,875.384650860682,1954.07963267347,1029.266392422976,1658.8968519308685,2796.0823518836964,2197.232344044952,514.4402552219595,894.6992427113726,2086.659941187976,1178.2603517995701,607.99196517501,1622.3008068831687,602.282411816769,2481.786687751611,3009.3218746502403,2907.9015645874997,435.6858974358974,13720,551.249000151773,29741.67849731465,9167.457455290383
25.3298122882843,667.9123859150977,1676.527189875508,4385.7227598554155,1785.1968913163057,718.441166329301,1960.664359748632,683.1322096622697,1689.4027770868706,2742.7653272936354,1925.615652999814,77.29770093950776,632.3792570416134,1937.0678708360883,987.5788976138163,491.0515841468134,1843.9917482595692,827.5375127658,1933.1146775097168,3590.2565461656322,2828.415224943844,464.25,14148,533.9436624931266,29366.102469580408,9481.241537328122
25.506091117858887,429.5133705108075,1810.8239609193474,4207.516635474704,1255.9330932383252,348.8425763149234,2443.0818026805887,1295.2282294496865,1666.2523468470472,2624.3164777123043,2164.1523160925317,638.1892257300833,1218.761787947697,1372.311157844356,798.1918559540852,944.8359704039443,1604.033525890873,1206.1100601175397,2496.40946860278,2974.06622633826,2378.3117052079333,423.61538461538464,14798,567.0086929856677,29416.537093326508,9063.893899446577
25.621439695358276,469.3751711995512,1966.7326576208934,4045.015409775332,1112.1645954605208,517.2781261778654,2295.8149324541473,1195.7211328642943,1714.4811245926205,2640.9210496668343,2133.4531837016725,137.87519460264295,597.3064039479827,1901.5872332974402,636.6257675649854,428.96741121243565,2095.1085495078146,1286.6894506464148,2081.5277652811887,3374.636747591917,2953.7499484517107,468.51648351648356,14950,565.5153190869439,30912.535352590283,9284.558065920246
25.736472606658936,819.0048642475663,1344.7980868070197,4517.982108016619,913.2010215105432,890.6035275334202,2191.6092348489096,1115.0975934745957,1743.0750065060467,2947.0412675956018,2504.748923812083,231.30038281698887,530.664459032506,1979.037711893036,460.735751250871,670.0021013506508,1905.6345055772358,1072.5845964592472,1924.7139550925694,3809.2844919356917,3500.674903696361,413.42857142857144,14313,595.5227497780546,23253.315813054494,9522.053921073926
25.852368593215942,1374.7072500048062,1383.3931622566588,4233.57010309916,383.07800828916004,1051.922013416413,1996.726617492078,1188.7426014409361,1649.3778383965494,2175.5079640510266,1518.318073032767,568.2669014715987,933.0243818986864,1518.5402480356875,721.5276362559051,455.78470152543576,2320.0026446039346,1681.634491348919,2411.5640954991786,2677.567936254597,2308.788831311154,386.7857142857143,13753,552.0141172066774,23728.028745399337,9146.163737072182
25.968719959259033,754.4464647570061,1206.1476461953273,4681.106381888239,696.6962303400998,1253.5518613095758,1645.8614978648466,680.1014616489998,1179.5140499298957,2511.838169095805,1619.548283863246,118.49584260037079,435.3878017830873,2176.9117260847092,491.11720896056744,956.2902521471591,1489.003260227222,652.3669846682052,1326.298059657668,3308.4758566392366,2293.0801097826766,409.92857142857144,14390,539.1799618992766,21348.002322544104,9269.900106175619
26.084613800048828,1300.8056863331296,1702.992244249602,4184.168711709331,1166.541053113964,1102.102488782559,1806.3389307471416,215.83920040175317,532.5963048885276,2816.3655978683796,1337.6022715245715,621.132785944118,968.4774646041888,2495.200949519764,1056.7050029527616,1473.2672298723717,979.7445763298999,503.5290134156668,1158.2320071448037,3013.943981202374,1706.869027353296,372.80000000000007,13801,499.43592151034375,26837.786507081197,8332.116762080303
26.19888925552368,1280.7373639303462,1649.7799842020231,4013.051214441015,1264.1754848136832,1003.6188954496241,2038.0073631598675,439.8724797781469,207.9388617147465,2781.1521257292256,796.141599552195,564.2932106346857,772.4923445579308,1476.6945422385536,1179.0033648384144,1079.6740043546647,1799.5403257924104,607.7476527005442,640.1476319518117,3222.7750891043056,924.7377711682211,403.12380952380954,13851,426.44335427074594,16515.289622921326,7699.842318731343
26.312994956970215,1305.3554655346327,1680.8013708470883,4037.6667294939407,1253.326995009336,1014.0357768675658,2010.3075521896935,405.9832701335681,177.94383652893086,2841.6132666004587,881.6736635298292,133.72151953913195,335.53709459256385,2002.4081681030111,655.3032697671395,593.2577340414705,2048.1406897979455,636.2073331185961,364.0136922600836,3477.2402572163305,1089.877388497801,404.7857142857143,13802,516.3710375582202,16663.211184679734,8513.289908403829
26.426994800567627,1296.3493464737203,1660.9892293404039,4019.9597485420877,1283.5475235676051,1057.0052913672587,1947.3628876562382,319.8744663365494,222.3808558954835,2938.085534980902,962.190098697258,486.15143797605725,789.24255110244,2120.4017336092793,529.0129609911339,527.7238583799647,2044.0070136361246,549.5310300657081,446.6451080449211,3576.9804092280597,1559.6683563921151,386.57142857142856,13805,478.7573136139553,16756.000868881827,8310.318863932902
26.54057550430298,1362.7195537029836,1847.5965555524278,4101.594826543133,1105.5342285307133,807.7389748295373,2202.263945397709,479.6974435068883,514.7473623702258,2899.422512619408,1321.1405082799067,110.01235542074346,530.2753713942709,1802.0824295815523,773.1821791588426,648.6903806952122,2063.230473217994,606.3563709211695,626.2924851964274,3648.987743104947,1946.3456380501934,368.61428571428564,14015,509.13544366588053,17046.23943232209,7968.860196963013
26.65505862236023,1411.9240970807145,1866.813515155661,4220.030976471743,1102.6742630172544,1017.4315288226665,1837.888177678791,183.78127965170842,173.32938900139973,2915.7406231297064,847.4870184410645,638.8570625114853,714.4641309831495,2123.771899691496,1040.5583987202808,1228.433584156593,1388.039652377853,628.3473891483712,256.18150919067267,3342.159683672068,1595.5099499137043,376.0666666666666,14000,463.27533893385385,16743.147560146615,7316.984984228951
26.7690749168396,1086.1200369525184,1510.1567772104222,3839.386800805954,1111.5799243695865,590.840858216612,2179.433248680633,262.4209036036116,603.813507778472,3277.506522078288,509.0043655365992,308.22902809900177,827.2014179504663,2096.346267819344,276.6077813198646,598.5791356143112,1657.963010938298,350.1984903823819,618.7496362239522,3912.556693280271,1127.3107406337274,414.28095238095244,13548,469.0255679335452,15730.365611047326,7534.951809411514
26.88520050048828,739.3554095594391,1425.5638768161703,3753.2115090594375,839.5706501549057,485.99174737308385,1975.8621057326093,410.2866477662957,520.864151976325,2916.8223317709967,844.7193682302108,218.05952820907189,337.0561521716365,1642.656457230194,599.1282080809965,307.8177647848058,1849.8152600490423,541.8605582554121,700.2538946510942,3718.8287507796335,1303.4253603189486,386.5999999999999,13048,482.68886241142627,16471.103664021284,7260.921960772754
27.000271797180176,1218.1871588092495,1311.8751509117346,3502.469168249653,1439.8401602992856,220.9437475778743,2614.124437179667,921.1269866485859,1147.214293364632,2968.1434563167604,1296.0646168931278,190.88762747868202,413.2996564351166,1635.4827696206216,893.6762393389469,171.10125757855656,2376.423520807292,965.6453026049785,1349.336992211904,3851.397976214141,1832.8069205022446,378.25,13644,522.3725645519439,16161.706477278565,7921.126101342887
27.113813877105713,1117.3260466791482,1417.1186859167087,3565.0561617252506,1542.1483647627879,286.914612884506,2657.711792696389,941.3639632352069,1028.3861973863252,2959.707414157476,1118.5450559671901,290.85066727911425,512.8147567982437,1523.9951106521912,1060.8091047131145,183.245272006719,2251.687963512606,812.3001614715888,1067.326367339989,4029.484310658051,1607.4484127837597,360.7316176470588,13553,504.45897237793423,19630.891691226767,7866.320220713652
27.227049112319946,946.9116988540135,1599.9130679236152,3638.8950237468484,1716.7875247071556,387.10651552252625,2652.7356647275947,909.5830288226268,885.8324858219722,3038.436863791758,1069.2447517712735,158.1331612013678,609.8201206232724,1889.1246849464696,1201.2634111217183,486.18009631743223,2471.263970674381,960.4988404516424,848.2565545723573,4113.377343373617,1555.9426247774165,377.5625,13357,562.1555654670166,26148.576293412138,8178.919649880843
27.34089159965515,739.3867327873052,1901.6744713519045,3345.8325174930433,1761.525801270116,117.3399864799488,2441.9629988771326,973.9649128373401,1280.436844352917,2657.052934070279,870.4186930133231,143.49901857943607,812.6129953197454,1705.0964604015628,1341.194711391569,345.46013444639306,1964.3593927592958,930.9424985760555,1718.753948845361,3295.5656070519753,1301.5696868144773,339.7242647058823,12913,449.0397700027001,19204.04477490434,7627.0716341170255
27.457152366638184,878.1740777599917,1735.6691729893366,3817.817884169109,2133.4410965690936,691.5237956061701,1902.2247745905293,580.768191032225,1906.4419416734847,2183.35519436821,1196.3662327610946,440.27343524779576,312.9601958986242,2032.4176090616922,1534.78476980366,833.1996286025433,1443.826045237739,806.6114992332618,2531.7080108041105,2533.474083058169,1568.5758111776659,382.2095588235294,13361,393.8625001523846,22566.687504470996,7650.458498508627
27.572239875793457,1155.1560680434866,1248.5013044790308,3849.840292102102,2213.6271818212067,1343.1172578142996,1441.315755702788,1046.717478688194,2537.4274534171177,1545.9080886289246,759.9323843409898,143.66736864998896,534.2824235456043,1640.8862047696612,1240.2835076649178,1092.9763437038087,1377.8847326816265,1149.8105604653747,3147.855210565755,1840.2963378094296,1087.651655077843,346.6397058823529,12636,389.69004937787827,17073.087955817933,6532.973484226672
27.686951875686646,704.3446590742356,2307.7327618922905,3072.6581760343474,1213.0532803509172,1124.7884497088478,2430.7948658041805,1113.2110171006782,3194.8989375613874,1085.1814337211033,1300.2444261228907,495.65260573861275,903.4329428295194,1328.090338518091,1017.3172595114535,1224.7487925480425,1619.6832514459045,1159.5110991558422,3355.8157194509517,1690.8076786250815,1536.2161358545036,369.19485294117646,13803,413.5281021382542,17532.08771100897,6884.536166577831
27.803683042526245,778.9537357429875,2096.3831294009274,3314.636324211217,1344.1009048553392,981.0473082415042,2673.286013486201,1246.3765807351149,3427.0246024240373,885.039892995045,1231.9461256524921,161.9561053306002,687.5367684681111,1525.9543151099163,789.727553276958,794.2102160053311,2421.8939966586786,1324.0220754188717,4021.1612649834196,1144.0887551034243,1709.4106777801712,393.3125,13532,502.1755698481271,26680.657834931553,7730.6127461561
27.91945242881775,815.6894544842681,2149.8559447150687,3236.8821253199476,1213.970092135455,1121.6326729477867,2497.401040235841,1115.6014542885603,3167.3494556662004,1174.0706409958505,1504.5067656084234,158.83671355992524,461.0739802789262,1724.67392924112,898.0026888736566,827.1704260335299,2465.9910257164906,1380.560415520401,3822.157315579378,1449.796967283743,1992.513175009387,391.6,13488,581.1810315445997,24920.16978285349,8268.257674571822
28.035315990447998,1139.4380824304803,2319.222364299691,3007.531593040735,898.468146149274,1332.2073479837868,2156.7722120934973,734.045755198625,3263.635007911344,1065.1580449507662,1395.6178697771306,294.76178903444475,517.3205809074848,1633.5454839748036,404.8444693093086,1279.5009680345124,1757.0715395420614,597.6169063641597,3603.3063189843206,1652.8821396467395,2230.566270352467,346.2,13122,410.6464398995522,24000.09684223299,7236.518745248586
28.151225805282593,525.7105338640968,1766.9004639767818,3637.819943742058,947.3160501146361,1860.7195119017103,1721.7608783682301,378.92878194769435,3017.8537990005398,1520.8173482585507,1643.8705995598516,902.2964756063532,820.8715036858722,1834.64639709754,358.15376049427715,1884.7582983897207,1188.868619970117,516.3395288826741,4431.112129762095,1169.7524150267377,1426.9626241675264,360.73333333333335,13724,428.84417817460576,25316.56972451946,8097.056785979843
28.26503324508667,115.4602153980411,1194.413265963345,4296.584381536302,1229.3011128138457,2580.7352177906214,1098.0527221161374,683.0469310275904,3557.084563791403,1627.6167974900225,1321.8370999200315,332.9939796146302,508.94133405980057,2292.4502855498126,1068.1778745187682,2294.6520453805747,777.1924981530346,971.1499577359606,4502.423228587591,2019.9237499892536,1592.5359944848478,396.19999999999993,14370,456.71816529659856,25123.616660101277,8473.058828717349
28.3788321018219,430.19385748828927,983.8635907530398,4066.745618005012,868.3375002903864,2133.2332715315947,1573.417461448704,884.3839778919252,3253.5452580920623,2140.017403600304,1650.1436088698156,154.8801966524433,198.20930048464882,1990.1788326154885,440.97914082921966,1571.178995651824,1501.9998595113518,931.1999990364924,3715.294048007796,2905.4289444831006,2424.8135580085714,398.6,14675,553.7685329314147,33402.95195129871,8325.728228741158
28.491929054260254,157.14034167825224,1089.323875100134,4361.674004696592,975.6190113361267,2290.4802403168496,1511.9996853012237,700.8350033604208,2940.602885826555,2396.5316771630874,1948.793995653796,422.68193738697926,65.91251534130787,1999.2739076906405,248.28637149292032,1396.6065232028477,1595.1356966708388,1019.4372337029258,3853.9248394761416,2743.6697010548282,2472.0203580659627,407.85714285714283,14353,506.10783620036136,34246.68317847523,8941.05751828451
28.606118202209473,398.2434446408642,1144.1032098624762,4751.426227817397,827.9783450351857,2018.0573485458067,1944.4290809774425,1137.769878862769,3162.9881432576467,2308.2407139153843,1485.7407903914766,661.771916327498,304.0517104988884,1665.503996545109,620.0075642341819,1823.9926945977597,1126.5819484282974,540.6919299307427,3212.157990206101,3452.471068426039,2633.33987884311,401.68131868131866,13969,572.1905196808896,33923.915279208624,8906.109324586396
28.72024893760681,852.347113737102,1118.2066942573138,4927.171380954852,395.47152318981927,1604.8804246561276,1938.5183200254196,1049.6299918023117,3312.942570956961,2162.2557714172026,2037.108705647832,282.9828367884807,140.83277948144476,2042.197585837974,444.0475402509461,1490.8289787228728,1756.4689751216597,1187.3604583639365,3949.8425588544724,2654.178141647233,2688.8885632442743,398.3782051282051,13530,505.33253811449606,34317.34107393975,8547.33166078939
28.832425832748413,1338.213781749771,991.1051815777308,4697.741031443442,301.83305156037306,1966.5630731002793,1411.9622634621928,649.0129399772211,2850.9661241133877,2483.772017943533,1459.627802088394,509.7429485340418,666.9183367691917,2349.384483236771,459.65439484067923,1756.5764683969694,922.2035210019807,686.4528278782901,3237.5479023594376,3211.608545759171,1783.1360886640523,396.9230769230769,13014,486.4313182006085,35369.731171471285,8886.97669677557
28.947502374649048,967.7821451886288,1312.376079720415,5147.776768726188,225.95380889466276,1698.3858763570643,1193.0549891166254,150.56688035291256,2316.2375241410796,2945.306657025067,900.5685721858661,86.20313485931794,414.46555052289676,2472.4985997579943,220.82857894353788,1226.0164997087759,1059.3102269874532,117.81141982330998,2629.080273895897,3865.2193325041267,1175.610036026358,442.6025641025641,13447,563.0146442924674,34503.90781896612,8969.649349164541
29.06233549118042,1416.472771021635,655.3824592622915,4934.540222341416,663.3761825523584,1056.7876898599045,1438.6205597855928,517.582704947588,1859.4450856404726,3062.790890249319,751.9714501908796,270.14808509269415,165.14119578726397,2242.4856123720524,423.76308173172396,757.5506945560953,1367.7891876404271,580.511019596465,2124.9998471581093,4024.416412202789,1041.9246510049907,402.71794871794873,12737,489.4571963293488,34918.377276359344,8102.113020779636
29.176894903182983,1365.7790735731496,685.2232607599575,4825.261237104148,642.5343727044744,952.9665562715877,1587.604043526106,660.0085589821495,1739.7058376056832,3071.757856443783,883.8366922420381,338.2071915206904,98.40421053991516,2191.5798986977843,526.6201417133193,656.6069779966615,1395.9304138779178,721.701406162765,2165.887027746233,3868.8905886994544,1282.9946478490974,415.58333333333337,12872,530.5484883306706,34920.44370623802,8031.902164722877
29.289848804473877,1308.7814881816162,764.3400122321333,4634.931864297048,712.286507481008,754.0217164427261,1794.2850784181867,923.2274035928392,1775.1348921460183,2845.220886302632,1171.1807972470851,149.69495354182763,294.9574013446466,2142.619456620039,446.2105279136709,540.6193081752483,1674.6316394583437,1016.0898700202346,2124.0092949380373,3639.7349950186035,1675.0066680112536,380.8525641025641,13082,539.4282041486082,34763.41890531215,8198.799717352735
29.402200937271118,1970.7583675811686,1149.1038273023469,3987.0336748057734,1764.9410139516888,1329.6587295387928,703.4523085612731,139.68005956375578,1664.3154639322986,3797.9851023989227,1228.697412475847,1119.9321288411784,660.6816809863262,2789.5029703613277,698.2156884434037,1246.240197206515,1494.5474132064082,783.1784713015535,1714.0792976028365,4051.7174816578763,1568.3667661140817,405.33333333333337,14293,568.3776617830611,35568.26278240701,9248.541866942458
29.517605304718018,2707.675170022088,1608.7178727646676,4308.532092976858,2090.042054716899,1960.7511911335082,1046.3667717638011,658.1572246641964,1026.5513869801596,3398.3494800427598,1433.5654721259566,644.4364532997779,213.17151136518754,2239.8830445503827,864.3410947238687,1061.7673042008196,838.9278146287799,247.4992470673335,1571.6197170609425,4742.824733472687,2056.278338246427,416.75,15067,645.604921096974,34946.786145277685,9724.763951736102
29.633370399475098,2887.0905699587756,1562.9481189768012,4424.864172428542,1963.6896291453838,1869.4358600609332,936.6145007136867,753.3620414311953,842.0068659693401,3219.984319957204,1355.2575098483842,438.3719206675614,271.5631506214317,1864.925742842655,1363.3166990582654,1616.0588881937003,941.5205936733308,1032.5789205218537,974.2063482815493,3936.394583490273,1669.4988147680986,412.5,15253,518.7254195076564,35176.42861400655,8205.400981074054
29.748955249786377,3120.8142896119043,1439.1374275847031,4520.787595084709,1818.3556287517229,1791.6087028113543,778.1664198661817,950.4242104800791,650.5253289821765,3040.0322837868653,1267.3175223176959,830.6724812806236,807.780600445585,2541.4175885979007,719.4369303950577,1137.4973494644792,485.8393045487243,1405.1178531718524,603.5302229356797,3507.0365378901156,1395.4715582826657,404.3636363636364,15510,509.49096217522543,34453.85007494939,8040.048288766238
29.864948511123657,2450.809551077554,2565.5649585673154,5387.383942157475,1039.0000346032766,736.817081790487,341.6639584640954,1808.754576443743,650.4914243370039,2131.2041381648764,470.9571883065182,382.87705348062076,802.8501980310168,2514.936646902555,643.1103238793618,562.3433366048864,310.79150789350854,1891.131387581089,765.357578705642,2766.5890169504337,664.7990996666751,382.5363636363636,14326,433.3324407653961,34940.34374791549,7465.337019211208
29.98144507408142,2523.690644128913,2172.6215185559863,4966.154548802879,1493.4272999084912,588.9931657517744,595.9786977395756,2091.5086240200044,980.038449513898,1667.7894167276395,82.57519085598925,145.5560318759154,888.2058937369214,2504.7823138989984,809.569834979564,241.9597969317175,608.9750127026525,2241.615670011311,1138.9857965368622,2366.6547009482965,211.715753830657,404.3636363636364,14804,413.19534130450836,35780.58369762372,7529.593621658863
30.097745895385742,2655.591987910466,1957.7188380245752,4731.974696728506,1938.3248484603598,325.5213297368954,1220.5331073946707,2621.766635306375,1339.4529546610343,2074.8420554261384,561.3153978959245,65.125132486337,1040.8519797734625,2631.0057019462047,764.5017102667847,193.16101276899002,681.9556319402417,2321.2895884357445,1238.151427981184,2398.715507998018,360.16543985436607,434.99999999999994,15596,500.4438844861663,36432.036778971495,8134.505899567059
30.21582055091858,2732.683785486469,1699.7978046932772,4342.294122564478,2290.336904473748,831.7930829798236,1648.8825781360267,3118.6860008076446,1785.1167044188442,2412.22600736992,968.634398386003,393.5245952376706,563.7703353970506,2043.6355521432267,1407.9725003823949,655.9319264247789,1510.7540900909194,3289.4438628817534,2136.5253646768087,3155.7391473730654,1408.1804487711584,463.0,14985,515.3096060793432,30481.342566465268,8408.564119176815
30.32884454727173,4064.967538466484,633.1450660480873,2935.5205998028155,3468.488938654598,1430.4524422039076,1491.1998754861072,1746.9845505040198,1183.5418978332864,1285.3151117654913,1397.0050664908345,629.4044519906723,222.1055400070879,1347.6867406614078,2166.7844533387433,1118.737025128353,1373.574140472772,1805.5702331172083,1385.0987490085306,1646.9414916653184,1994.099218631132,352.17272727272723,13253,357.22189096805516,17907.330289479483,6537.768632750514
30.44299292564392,4168.7698698805625,610.1187869947653,2929.6708125265573,3465.045887084728,1402.7484128446467,1383.3969981778134,1755.3324961052529,1299.674837383267,1411.6155332843048,1371.717533434209,683.364098161467,105.57898903241298,1502.869523722742,2046.330780708306,1048.0917134953663,1390.809012280927,1824.210455438191,1397.3843454047358,1668.5762610784043,2057.5979569485426,383.9454545454545,13140,356.30908231905727,18831.361988454053,6827.267783657529
30.557076692581177,4554.433239837733,428.87901125243405,3250.0202619358115,3101.7515104350628,1057.3373915629252,1415.201657247267,2009.5929114827682,966.9468884040743,1159.4131009531834,1444.936212046947,713.2982796965927,129.48684204254525,1516.920010162072,1920.0413544773778,814.7134717477364,1285.4800232117332,2095.4987281785516,1142.2173763790963,1511.0576418197213,2038.8741441758914,354.6363636363636,12753,356.8562122919594,17984.996567760874,6559.4058151626905
30.67047691345215,4101.669331713611,833.143486892441,2802.1306271467206,3406.0211373030775,1012.0626689262922,1004.2688091846347,2475.716906613994,756.3694261383761,1044.6236324392914,1676.6799913973655,677.9606001972049,264.08630212926045,1359.2551512906023,2048.6652948463575,743.7219039881219,963.7700374790866,2532.1980374696604,911.5765840935171,1381.7991284939897,2316.9169586349017,347.4242424242425,13253,405.7352266238754,18681.76619075457,7277.498870338314
30.78457736968994,3076.172406290314,2509.327286803293,3185.7856681814687,2637.4462031211483,602.8002362995338,2527.2674990994647,1906.111398740034,1539.6258750476309,1769.321830388777,880.6759484030832,1129.105182294499,770.3082895253257,1913.416738483403,1339.6818518747768,495.88560727623684,1809.3922310138241,1911.510376258248,1356.1269385339074,1793.5427866033074,1632.8885993686486,395.80769230769226,15000,437.6241955240554,19016.537919711547,8038.849938943645
30.898641109466553,3105.384472985909,2289.5837804768244,2752.0466108320547,3066.707422208732,895.9139423082669,2909.1357083645626,2029.7772742885327,2036.7176504574181,2299.3984493915545,398.7682106850613,394.2525825451819,805.3240617260088,1326.3382703436387,1847.8833678541503,723.6080594744719,2662.799752453981,2028.13884828692,2364.2239840819807,2930.401082552512,570.0742691586466,399.2045454545455,14549,485.0763162953674,34649.040534724496,7793.441816662906
31.01413869857788,3061.5145736957825,2920.4497617683937,2801.0359145950006,2977.230319430268,1643.4364160561174,2936.8575830443415,1514.2379007248308,1126.8387427113491,1592.20811558349,1171.1860189887054,117.1055770356082,1144.108216265207,1601.066704865781,1526.3228232795611,914.3046565355982,2393.386785813944,1864.6760352299436,1611.576103879974,2401.6614341208265,1296.7397303507394,358.33333333333337,13283,434.9279048435774,29660.449414713086,7054.290643666483
31.129115104675293,3014.8693576243245,3369.9110887462566,3235.8431852811104,2558.7941084806803,1400.4027085436637,2535.9270336805303,1871.2691148737267,1453.2260037851697,1903.037440319797,831.5799669483955,118.60648424136919,1079.5340014044446,1512.3382919108744,1664.349250222591,944.2468615690454,2628.895807405543,1606.365426329924,1608.6039276263668,2100.7863538821834,1547.0613271893817,370.16666666666663,12836,423.18789443457433,30610.293061482364,6994.28728005996
31.241922855377197,2976.8831453653775,3340.2487120013043,3174.6044176557116,2662.98417270187,1456.5661463599236,2752.505975764676,1683.304209975286,1151.4094934196464,1856.9919783964049,931.3177829919854,329.5759802599441,946.521865539406,1345.3090830469894,1806.6914713177014,1266.8292018589361,2544.2137688192793,1831.847375666565,1323.0071164855297,2573.316558780043,1168.4388636532356,392.7564102564102,12830,464.4690314212361,32204.967654375003,7924.387798679318
31.356042623519897,3620.5125162253926,2970.4243196280568,3254.440165327304,2380.66835291144,1365.4400670186158,2191.4328547751634,1876.7942895057395,1651.2717848555542,1225.9782267069652,1505.201018070328,1220.9362630742717,1742.9215252205254,2208.6916198861168,1041.760927508162,556.797878864963,2775.143212912863,1382.018055553632,1189.9953457752138,2310.6476425248466,1353.4389578051537,408.0833333333333,13785,444.11873340823496,33959.05618072946,7619.0235299478245
31.47027850151062,3857.7128344908083,2963.5826536687414,3437.866162456835,2194.220028311676,1254.8894178511437,2329.4487603607417,1660.9521219188882,1559.045652033603,1079.3495539573873,1652.0731857811395,807.9927545932679,653.7629480967481,1832.9788970013321,1322.852211750401,1025.1148472626253,2652.986301231333,1216.5272836387207,1350.5676302524,2039.0749548522874,1820.5946013369564,391.50000000000006,14062,456.2345078064352,31924.257312308357,7587.578973957592
31.586491107940674,2347.96026466593,1724.3996440201238,2528.1631925211955,3087.6809813264604,2070.0869303113823,2845.6130849286274,1357.1079053898654,1257.194933334539,1679.305304808895,1351.3088759856648,382.95188305365184,531.9009350683513,1226.976357529416,1860.1892341643988,1540.5144549222987,2545.7941700698602,1444.4629722984346,1519.8638793845837,2151.668230731889,1951.7014772298564,444.7272727272727,12553,460.96101451505575,32891.84355598784,7555.970818397933
31.70243215560913,1452.455151625666,723.860506531019,3332.2690618867487,2426.58905645868,1201.6164943900453,2771.710795460003,1663.1600278247615,1893.528052201226,1229.0025625167132,1997.609093745905,511.77383429380075,484.6612091225615,1609.5623819660202,1426.197364743163,1041.3497672538558,2321.431605536778,1717.4055119734232,2028.071911179201,1775.6741912562893,2533.6973146961814,427.65909090909093,11510,490.9945319299907,32535.34067268604,8112.774154437033
31.81788682937622,1180.7329623837263,512.8613693822309,3928.4428902650347,1824.566100154674,830.9323449363995,2192.949816391026,2115.416876683108,2055.002806015158,1777.3157968348899,1481.1395831460352,39.988949545632295,94.97388180816556,1945.1200171912897,1014.8939677178382,533.4319877530419,1860.3522768009339,2332.7476037069073,2446.704365552716,2424.9310398405682,1956.0032126128074,411.55128205128204,10873,497.28553682126517,33135.24720238406,7896.705801607207
31.933621644973755,1164.289629749681,554.1958821435674,4045.3122185462526,1695.3330190835215,909.3102300945528,2065.965683132219,2036.9417622750138,1812.3739300142472,1620.1914134820038,1622.9566850579217,153.4981825243973,333.17667614716567,2190.993521383953,827.0905664672563,954.4915074964048,1886.8589199097448,1857.3112339997042,1909.8678407961443,1804.9061386938977,2573.785612266766,404.46153846153845,10771,497.8024478724435,33287.864184970604,7578.45008595209
32.04993224143982,1340.1850478612412,867.6173834320908,4940.259274717662,721.8003773435435,1627.227454190956,1332.6743836187632,1937.0608479905477,521.1127051093235,392.3281591106129,2876.903221738706,520.8696485988598,528.0075673030457,2417.162698888774,548.1462401552873,1542.2606608435253,1362.1126617234258,1876.3662518800866,758.1055233794383,323.83684389326527,3966.1398382377556,444.0934065934066,12225,560.3223166823686,32790.26341475043,8113.480172624086
32.16580533981323,1373.6959795277357,725.9375725890632,4520.475694023475,1254.3082052017016,1924.3548819022596,1326.5925069825037,1951.4030030604486,710.4766858082638,239.17840035019304,2731.8233423347683,164.01727939329464,168.80738627607394,1791.1113785778457,1064.227928340117,1467.776880334313,1102.0186507305946,2257.370063258207,1011.1694854598328,525.8356912529181,3803.342759501364,394.11538461538464,11569,515.1408935409423,32971.33113272241,8246.249351558963
32.282190561294556,1236.2219492385796,600.0126064870511,4570.0641024036495,1164.9601561455572,1513.4626752519878,903.8364930165177,2376.616485119956,549.4300862639609,364.35075870229304,3062.437680265534,160.37849937576166,155.71184580489708,2102.140347223354,742.1100382323349,1196.9483356058265,858.7794873323285,2444.8292811555893,629.9164590880482,435.03845230119305,4335.280992949618,394.25274725274727,11971,491.5596996638383,32976.62957893828,8282.75915113968
32.39594864845276,1279.5756490354104,659.0429998794499,4636.852309315532,1116.490552602672,1426.1781740533963,808.0804499452123,2466.0411460243345,663.63801796634,433.5799012034441,2930.1141887695567,258.9265795082567,244.94026414554702,2167.667144193117,742.3498879601937,1087.9814989739639,749.1989197713239,2534.0132015196928,792.822205144793,495.410667833622,4151.591763348297,390.3571428571429,11939,544.4302518948202,32319.913054358873,8125.394579504237
32.51015377044678,1151.6150942583095,523.9873370687237,4559.784536040943,1052.0797295648265,1436.5819122034995,742.8923539312866,2623.796069327007,786.815195519686,580.5475103103212,2762.5499056810486,183.230697048745,260.8951772692002,2254.9175615966387,580.7513248237898,996.4806106971174,641.8491638567477,2652.537008439387,851.7937166134517,644.654804934667,4033.760157561626,387.0,12041,477.7558124267957,33776.56916274039,7755.9735717160565
32.623167276382446,237.96496543773904,850.9545139246494,4932.207513749733,127.69895698893663,573.4763245312082,432.4273097223461,2637.329652810266,1066.6585825778418,227.94105163098064,3484.127998808219,97.80117494738722,264.0203532220633,2269.705551390245,127.45783546580432,440.0520889157382,411.0665973801643,2786.171102656916,1302.361045178031,357.58533537250923,4989.254359851358,396.64285714285717,13145,607.536873094331,30574.055739154133,8417.278512583263
32.737053871154785,414.1948370652753,615.1036643019759,4700.051297352577,361.43973267075745,767.0980793934623,362.07190555623004,2849.5373090012713,1291.8502941125491,433.25125794348475,3708.1270946452296,1025.6078108485992,1110.1991970608117,2716.985882489853,877.9605163270788,429.64409731916373,1188.0486638149584,1983.0000136777942,518.8483519290644,463.540134792121,4252.231621480065,352.8461538461538,12922,465.6138081175102,23675.271384832304,7533.064503667536
32.85132050514221,1406.4193754477744,736.0999445341719,4120.614508056373,1097.180189994721,756.0280768204327,1230.6986830114004,2050.597207886169,520.5123180260831,395.2857042797116,2982.5264334331177,293.2566546018598,232.96362972435932,1752.848796162472,822.7062506556925,749.5224031987423,1269.7476012841662,2052.0553430478267,531.5619468528055,684.0757055140255,4049.0213228216194,363.14285714285717,11927,390.9988867605872,17629.423104105434,6877.244785016014
32.964677572250366,1528.0981352086028,860.7680472699697,4172.855062422096,1097.6895283430345,664.2292109448398,1181.2204397440576,2074.19471948871,564.3212885090669,305.0634509698218,3062.766842257575,243.24773820500138,271.71283784211914,1942.7739059110763,685.966324232847,508.31653384603305,1074.9730579750574,2164.972150803453,664.7397782039708,387.7176011974527,4339.935334650947,368.57142857142856,11807,482.26654852306285,16473.811900392277,7089.508587009195
33.080196380615234,1654.3042810072527,979.2613581218751,4319.601540407571,957.3431718061032,621.5995511370719,1128.560165809016,2104.907000309005,519.2628313332756,398.0793667486067,3031.6154121488776,310.7446362520486,363.36260589076204,2036.8029736143994,583.2820999423868,403.2628301661985,950.8545368092522,2271.5785150108286,659.3462961376335,579.7981873164446,4214.30678902623,363.28571428571433,11647,401.1584358641478,16736.582777863077,7015.155422613176
33.195619106292725,1433.6976253255004,930.8868067245248,4091.5345839111897,1202.9976027560017,248.64746020401026,726.6255580388987,2502.3395243817754,797.6948681814805,807.7575664474069,2753.5778526807812,806.7948350714964,877.971114213808,2484.3497184098155,323.85757585165396,591.2617758300084,1042.1683070724446,2199.820978008509,375.2077497708406,772.7508521151143,4463.347040748386,353.28571428571433,12025,503.86472812006195,18692.32266174297,8038.842199894285
33.30926728248596,1911.8270429012987,2179.002756032798,4840.72180721626,1176.242461436715,1027.568309101518,1392.9199325529726,1835.5101351475096,275.28976154588116,377.5777610857095,2767.1955393700214,396.0597236658975,677.7693608704693,2291.4778159380503,599.0547603937817,685.9707480766214,1170.654947598112,2020.019522898118,399.5734848366614,623.7584853131734,3946.2375077835836,313.92857142857144,13532,449.8376399180471,17270.973928058473,6629.605134930336
33.42336297035217,1259.146225237715,1581.3869826503383,4169.395801390919,1872.0689316846638,1433.417920475227,1815.744794932047,1504.7402912892926,640.5451131858841,401.0663638926349,2388.127975177754,267.01925258968595,773.6754980568203,2181.81137369299,1140.0243332484279,1195.9830809602704,1709.027028270386,1448.6682698401657,678.6303327770914,484.95109555093705,3398.5214271831283,310.5,12752,509.1222042181661,16945.51465939665,6908.930660767438
33.5372474193573,1217.878353024948,1549.4453170501718,4125.684729408588,1937.6144497130463,1506.6460117462952,1897.7232321873826,1417.1699296891,708.7230804872754,467.788913746736,2307.968986083635,305.8456678727444,290.60422895676896,1734.9128805768266,1391.5231628684123,1345.6570239547589,1914.7718557617065,1286.8540376818535,907.6116094316944,653.525331933447,3280.9083610187954,307.2952380952381,12690,450.05287081556327,17386.313926470575,6884.001738984263
33.652525901794434,804.3135599848979,1784.4817408343235,4433.275874570451,1706.0636763186044,1234.0140360117389,1497.4373467524981,1819.051720360929,733.7121352840313,665.8785915898651,2139.89109523174,522.0793196602943,950.394334966778,2299.485978571131,859.8179145220595,875.451477112753,1654.794098970802,1603.813675535313,1138.3829588819672,896.1608796589559,3015.6933239407917,302.92857142857144,12275,400.09792538179033,16905.981850623906,6941.794535344872
33.76847457885742,344.59453000789193,2199.9517836380624,4898.10775614273,1275.6651463223254,749.4809002498517,1230.9916191451537,2064.0420621910516,1254.5625276631038,1103.9930127771743,1704.060859122903,208.33838335109056,695.8061242507284,2192.547718686023,885.1125541584503,736.3664273350117,1207.194099322214,2088.825829261891,1323.0070972577735,1364.847572928967,2402.5477627922724,318.50549450549454,11828,485.22045541125647,16953.86096440375,7095.430631102753
33.884557247161865,351.44448132755326,2193.203522452464,4911.536317642673,1254.8214939692862,707.5783464109488,1238.4591919581144,2045.5807775480432,1263.6085245414781,1060.6316813082599,1786.3500876184557,372.7831266489813,528.0292471509382,1960.1560439737557,1106.2454449105974,756.231259466229,793.8924296370112,2466.6093134321964,1815.0806384154937,1638.4156094979658,2577.36307370901,290.0,11856,451.6684392515183,16790.88608009821,6721.532475050883
34.000954389572144,1038.995867653031,2084.933805829212,5508.7527980534205,570.7493345944555,632.0816439495696,2108.4934370304536,1262.9971193805202,468.5031661881587,1317.3301358018975,1100.0106701965622,675.5819742117263,1360.25444424326,3006.7636935274295,537.9868888931186,1082.087059659198,1860.3164521701347,1974.7502875385342,1257.6741327678656,2070.6862862049534,1440.908362867783,288.7692307692308,12653,440.6624444412997,17784.76919976753,7119.754244832289
34.116708755493164,1101.5926781081023,1952.8064956792944,5517.848798453216,671.5841685384082,801.6915313730426,2563.7306583884097,880.2558532388723,575.616027545251,1942.4566873345118,499.4034568144031,289.4667455707187,525.1382471994466,2640.9520074553398,439.2853691395335,757.5718139835566,2446.170225078525,998.0005851966404,811.0223504165479,2596.13067226072,589.9473644251866,290.8461538461538,12658,437.3552941572113,16736.513109730025,6713.708224406355
34.232057094573975,840.8066621481944,1601.7010453071414,5157.057030540546,1121.3142746275632,993.1535261136713,2978.8616342405667,728.5866684492257,1015.9753239642009,2433.4768707241215,140.8431014903388,137.96635048851834,499.5656898226878,2413.828984508843,687.4319283276137,758.2099793204562,2699.50833288904,760.5822331204033,1188.2602372097826,3156.282690107128,203.15313401122773,312.9935897435897,12205,460.49410224446734,20503.47309346924,6796.70092185065
34.34847617149353,1103.6664640756092,1022.6254381413067,5537.9541697772565,894.3197680824296,1055.389194564421,2593.417139367168,624.3755137645396,843.1630273255576,2521.66702241449,290.3399338814996,138.20216634164257,260.18143549481346,2568.086157357873,607.8932234158058,881.8584084057394,2302.023283117584,679.5074210424131,943.469623523213,3306.8011944135037,498.44924785940674,292.05128205128204,11588,410.01970294940077,21858.064751455393,6437.3091962913895
34.4621160030365,901.5530735499451,1096.0341791085798,5346.479104435704,1103.489990200821,1269.063954802127,2477.7218709466856,670.8503086759034,841.6337572828756,2716.286130369818,418.93827437228396,239.1551894808088,120.99920657935763,2681.8660101623605,582.3205193446557,858.1083456375164,2093.5587323169575,439.2365478444182,1214.69114085379,3519.593885216464,350.38870748050283,323.20512820512823,11798,448.1705338228154,21905.610181576187,6672.379980072922
34.57608199119568,313.94638881477744,1236.585697879011,5214.525653700276,1397.9641539887043,1443.3010824130208,1964.7569059963357,168.1633847558841,1319.3538191974196,2650.7428291863034,48.46754475436455,184.17869421764092,187.03268879439366,2640.393291347692,657.43545785104,895.8445714675963,1989.6537173683237,268.4588544408878,1346.3752178308325,3361.1350816220556,186.83339739891176,310.4487179487179,12447,427.02250045467656,22447.928352052673,6531.0589586298765
34.68968629837036,570.1916145730191,1505.301193211007,5641.635828762685,1488.3405430302066,1211.0610705979414,2296.8833576848624,625.5755068731575,1208.1833333123107,1963.448945132151,740.1706546901448,614.8486167403219,1031.834685623072,2545.3665694948645,1436.835193773694,1270.9869270741858,2362.4017420818477,1215.8664105976784,1469.8361025675392,2269.22332623886,1490.9576723607856,335.1666666666667,13262,452.1970601006251,21273.53289059586,7811.740589954365
34.80382037162781,431.91615116092476,1715.9010742646565,4958.937844060984,2096.6309439731617,1869.3377329847594,2113.39171098087,1158.8154749930995,1587.3679015201428,1462.1257182293464,1284.4228181685828,138.50412321902328,592.6044157498551,2368.9559403806425,1267.758985205607,1358.7804648985968,1964.9592984020298,1145.936454146019,1803.4706806631802,1955.8282353521913,1749.1296082423207,316.0769230769231,12585,484.14917507503475,22313.206765632967,7522.937585464289
34.91802096366882,371.7898269272937,1647.2540076527316,4942.793820821457,2117.3984474671774,1952.829669645803,2106.6183808567193,1264.011767403528,1571.8159379990036,1536.039575198686,1206.7136054371053,355.6084180361917,622.8106600571848,2630.5442213074716,987.551624407887,1373.6354560211817,1598.3932237541342,1351.656567253069,2170.936634508499,1735.3471698749686,1994.8600039782048,301.0,12658,438.1144591601626,22026.58686867371,7107.862488436602
35.03209400177002,490.2713498263652,1801.356553970246,4924.53900144264,2127.442776984189,1742.9198773376213,2139.6399043636093,994.1108145154245,1723.317975753102,1254.846089840587,1504.6158897970531,78.69852851056052,541.2353699118662,2301.3949614077824,1323.9448486389822,1361.8794072421113,1965.6562045791256,1033.2942744466168,2005.5861247821013,1629.333338382242,2143.377056590573,306.25,12499,427.774458817619,22321.216763132186,6853.15968389762
35.14742183685303,150.7484931509792,1625.2672112013984,4366.304780293966,2586.963660142128,1442.319261421595,2253.3892312763414,759.3593618534765,2237.84730843891,983.8425394240381,1650.9444351901548,26.312236194159908,512.6798369483083,2042.0140605602248,1594.509126805145,1103.6524795458317,2043.6470588668633,794.320561283251,2626.441921474686,1277.5030479064264,2335.969519724786,345.83333333333326,13099,448.7163472085927,22413.415954791537,7618.1228891372175
35.26263189315796,1405.713609268165,2526.6538812560125,4210.811888240008,2402.572159316443,818.5986191276653,1177.3102337036098,1713.2483776538568,1342.7735355003629,1568.3061140741534,1833.892541959479,252.01834743264743,775.599628152778,1885.343865095945,1563.3908924021944,570.6619676516653,973.1802491738948,1886.3369490473087,1508.7067575774886,2108.7613441417525,2661.1230471339113,362.66666666666663,14391,450.5542003117888,22243.15593958633,7209.286370470046
35.37681245803833,842.6094528315929,1914.7519015757564,3610.6781136854374,3044.44560565029,371.47806565125694,576.2823173114552,2369.8463289256524,823.9525966708696,1919.9587699181168,2511.2779608516644,820.9716895996759,1140.4487194902708,1751.3389728605205,1789.443203781768,1008.5485124298369,873.1840339654125,2127.3913696673935,1096.696688750737,1770.8403634579483,3067.8314116166166,368.1794871794872,13755,420.3979923379046,21543.48095956911,7049.589528905509
35.49100732803345,1250.0342344926366,1598.9381823386282,2497.5268309213006,3739.7928818734845,1639.1076884363179,1147.1419352065043,1959.7160652824223,1223.1112484302998,1288.125663622649,1911.217225078686,350.21275703298585,691.2355921836421,1398.8816281297,2088.7815335190744,1043.5940352082023,857.7215105513675,2137.7284726840094,1217.1654060105495,1712.1178537847331,2880.0663486108074,342.6025641025641,12173,435.0204188132237,22103.811085541813,6926.725604631003
35.60461211204529,1562.8556856790403,1897.2056755690332,2724.617671919709,3440.062383239906,1421.8292060112703,923.6046057645848,2129.792588829795,900.0590095559971,1154.4633173773625,1924.4542869323404,315.12635264147735,653.6060267600275,1380.2241647155608,2123.808547516669,999.6051190586289,764.5279039989101,2320.838677949307,1191.8809556351969,1387.0032622461176,2556.296561087974,337.61538461538464,11875,408.5536860073301,22232.07128406848,6609.885121207302
35.71896934509277,1192.8206189288455,1528.5118073149004,2366.2508466097684,3772.6799174925013,1770.1371652790112,1257.5657169423557,1821.4977241495899,965.0739399167901,1441.928190122724,2204.611176238919,337.62132783181977,616.8970806561566,1209.915636639398,2127.611694615257,1169.4861502056442,924.5988766419924,2123.1715747481467,1094.410256198071,1684.5916768062732,2930.309723126347,335.4230769230769,12254,389.619165019349,22486.988462493617,6633.624063710429
35.8350465297699,752.5914278702019,1252.1169287692626,1935.1413982286495,3566.4184420511597,1788.6018737405368,854.5567002387902,3085.8086378890107,1270.1905906254424,914.3147066512637,1771.9154446652635,1050.934691790434,1297.9327658954608,1824.170726475389,1412.3201967530292,485.080708474764,357.6556581180246,2573.4346627994305,1609.0166582776283,1820.9916588964174,3098.091873618889,330.57142857142856,13725,400.63610836337875,23181.752309063548,7080.965628286504
35.95042181015015,1145.829429179935,1625.805434018876,2265.315131242457,3235.146958164461,1526.6762799009177,561.0155806859619,3112.1992817897512,1512.7603766717234,1251.4941549757552,2083.8041420029017,272.6943342240431,553.8452306635021,1080.2167216872765,2017.4071221835138,1184.3448720387764,572.6055519472168,3220.9944392987977,1682.8080552023666,1499.9243123588626,2857.3372659570236,384.5,14162,481.65401502723347,23300.96026861757,7682.585314672353
36.06637644767761,1505.012059577454,1985.1659575342449,2614.977499710919,2919.4183167040983,1230.3990239649424,406.8472896915935,2810.117804500985,1182.4291276510842,926.571057419416,1789.5295799719568,819.7985257708099,1187.8218344376885,1860.6095153283832,1071.0953297112844,227.91220083953468,716.278980305895,2285.9997270757217,716.1025607239675,564.917826993276,2248.012644325329,336.3571428571429,14522,427.949803212706,19615.268399061526,7379.668222480403
36.182589054107666,479.56640404142036,1419.3455482657348,2661.735910905184,2831.2875296034604,1107.200822523656,1270.8976138975381,1275.318142931416,368.66195195776385,503.57539063166837,1371.4297750951807,337.17456362404414,360.1137793084599,1221.9387794672548,1949.8969613641946,1109.637401276883,1513.6285140072682,1012.3726332412243,578.6263443247553,821.2970898183528,2295.9152652332527,346.8571428571429,12778,439.97936997514626,20649.563654416917,7637.997636883076
36.29853701591492,181.08164707049662,1069.482167036966,2354.688415613584,3155.756095699574,1426.1899075666206,1629.1954504742473,986.5046959770647,430.63266464974146,508.38372882819556,1563.9308567249102,473.4496835726854,567.3622052059353,1498.412613619138,1664.268293053547,813.5727486440572,1281.5024429154025,1512.8705590416412,14.980191122023692,232.09421940377234,1718.4526823364267,361.21428571428567,13119,445.49537822119873,20552.77403789425,7871.140897149024
36.415162086486816,635.7827148021448,463.5079774698888,2471.923274577766,3136.9863082519005,1281.670924062953,1444.7672646207484,1813.051302062932,473.18872921027025,686.0290269825736,1261.630464819112,835.0773343093186,990.5079260479181,1946.345392767963,1103.9604100788067,229.12791384513943,595.5919953635731,1747.3843440905364,907.4597201252961,1222.617774607901,2496.6599753438895,395.6619047619048,13882,447.3539844585408,21652.054037225524,8410.816995733392
36.52903866767883,1546.211026531491,984.9001962552136,3227.2369812444194,2704.3136279403284,900.6380527591706,792.341247183056,2276.767057116886,1147.4315801227558,1333.0345008466634,2086.1888520964944,265.9840362615319,308.0414719193888,1511.217911385456,1695.0574220735707,720.657718103294,716.6302000788697,2422.637801378763,1399.326725074606,1774.470727793835,2996.0652669263586,438.4285714285714,14833,469.5516485683387,18268.774852076393,8176.938104110133
36.64320468902588,1490.4578266227395,925.6088682903636,3185.212649984395,2749.4179765416875,934.4492734224732,780.6049075620809,2280.0108888807194,1135.0756646339184,1278.8513536059845,2000.3659070313486,381.19707905329886,420.894242047226,1650.0026774725616,1568.4461407281233,572.1709425056571,536.7111803916941,2204.128263976537,1154.5018506593663,1484.9932944331124,2672.77030108902,423.49523809523816,14787,519.9345748521976,29435.428834431375,8445.821839319458
36.75695180892944,1176.7934344527603,891.3816278644348,3420.3951504270362,2754.765658916665,897.605875436587,148.1680682678916,1491.9767641684682,319.7896802127277,957.7545702327404,1959.64824965183,336.33386939598836,387.22551187285023,1669.3155473812326,1599.507124681348,584.6373078622261,154.1868542295935,1707.1385726980411,522.6449660280634,1172.8908052766171,2645.968312545481,392.8571428571429,13847,418.7754093587795,26316.29309866467,6884.878187039631
36.87118887901306,1300.2346492443348,1141.7348489006051,3672.2693042748983,2514.035456923788,666.0162945133313,283.44320190196464,1643.7160253506202,501.32135657176264,911.154848533837,1851.3855638435284,297.65376050287983,364.64060396877125,1663.9490132423896,1608.8132091998657,592.563035471387,145.1195846159563,1674.778836364859,481.7202439889065,1195.4122183770926,2709.498401030991,369.6666666666667,13612,445.031097460505,26955.927065384967,7097.4866885958345
36.98530459403992,1199.3097658885972,1017.6802098563577,3592.700531844176,2583.826265324721,692.583432213167,396.17205164404135,1632.6785175286318,624.37940907797,949.7833376128137,1733.8566225191064,160.62990505809137,368.8094076062263,1744.8197516797363,1529.5936581760907,473.5285717389088,334.1929818654006,1735.7953827891279,686.5925847456951,1207.8824037596705,2504.01022603649,374.1333333333333,13772,395.8326349330937,26416.359171492226,6543.791174776588
37.09948682785034,553.2449941937673,1008.8953456066381,4016.853307089826,2037.6108897905888,92.44184422848008,834.5304596553102,2166.1156926445087,524.3541449179878,1039.2014237061837,2393.5054703214146,868.8213216678862,1201.6895419069,2497.3205046097664,1202.611093524325,871.9637703098371,340.80057915585303,1335.0254054462828,435.31037362922774,1648.9852044421339,2674.7904702668848,381.00000000000006,14577,455.0913011359954,27563.286110258254,7827.708955188105
37.21421551704407,946.9423847249358,618.9197615408382,3588.7409917920636,2413.419193614236,540.929879523686,1300.45535362146,2643.352557108198,903.6846603412021,1467.0466923754323,2867.784646764596,148.86192054504338,193.16253046709335,1675.918058687403,1490.998537281448,413.93291038000035,1180.7298431611184,2761.8648871947753,1061.6677486154124,1905.6214514314502,4054.9728029790954,401.01648351648356,14112,577.2621363618676,27922.463927393856,8471.980190072929
37.33005619049072,1453.6531832733115,106.77243551832349,3467.122834726892,2343.161883808812,805.08072966506,1337.2013494948078,2239.871987667474,311.86424242405184,1120.7277171336054,2293.77602255555,378.60589980922737,310.9024271370308,1924.8903777775147,1146.4093419215544,417.541479337488,908.0238062098281,2177.9915631586746,480.63261275188114,1251.4161202993955,3503.5552179910196,387.8131868131868,13592,523.506124343784,25826.5797562218,8004.257894547456
37.44372367858887,2190.79579565461,654.0078079595937,3680.9834028525274,2081.6075472863427,1281.3335367947332,1153.9169542318907,1349.2040126019654,774.1982611980516,357.0451132134263,2962.796985651054,447.5818130714922,346.583590888352,1725.7642847980603,1277.4019698151103,1084.7297579687006,977.5646874079557,1358.0538515023716,1020.110438773006,622.8810734166309,4252.184744409196,391.7692307692307,12889,530.0629265386954,26338.789978186156,7842.825029140618
37.55547308921814,2011.5316171846573,661.2604298133001,3512.98559713536,2177.4483992652936,1509.094196338757,988.4365733190888,1401.4924384132576,882.2575914905539,769.9558303844935,2715.665689481038,900.0096064110273,838.2206051710859,2201.7292229233844,772.1025376257192,813.721820821483,470.7075502435782,2038.1812937879245,419.2326689881423,818.2517937038128,3588.7623295958483,399.8461538461539,13132,515.8789403327792,26770.564600419308,8708.895498389282
37.66929864883423,1745.4358686008825,1451.3559967970398,3619.949043246851,2004.3775879587731,1631.1844056634898,102.25424924264057,2259.8884430271387,210.79410468918368,660.2636794880946,2675.5157021805053,976.4127694311362,882.723256219729,2294.1752853187363,694.7670570158307,585.4403440703978,794.987081234023,1779.5115892778094,626.9025476020075,531.3838038558354,3979.1139981220567,414.61538461538464,14085,495.89752346874013,26973.34957675183,8808.854449030801
37.78531336784363,1630.0701238276017,1074.0704957248047,3184.8907143803294,2451.2978048609407,2088.849753981433,369.480970802189,2735.2092744141146,527.7065094611788,874.9390463321105,3095.465886694441,59.06464656044761,500.53051027676065,1501.4856518506444,1494.7171505343026,1564.4496087444552,338.81216452205786,2832.549819101126,489.6068022281606,929.7716625010172,4400.53212309368,439.21153846153845,13647,501.6896465550342,25925.972431693495,8336.332988176273
37.90217041969299,1540.8542853940044,1042.6155258603785,3064.1498518131325,2495.948818355386,2055.646548469542,321.6801010001343,2575.584849534306,232.89590719887008,672.4541666341385,2795.713638062908,708.0485852759624,1251.6129187207748,2264.176185532011,679.6686581763378,660.6627593216117,637.7389606449797,2070.879449852993,1000.9545998354425,1783.0053154970678,3941.9115325941916,402.76923076923083,13475,431.5245991546875,25526.35878828598,8404.096698706742
38.02799320220947,1465.1173110435404,1846.917584776729,3103.141174103543,2478.324694194582,1511.399536060306,1054.1192309702792,1414.7543670482075,1028.5143306309344,1609.1800443903678,2474.6083045812316,27.292877876600304,607.657541923544,1541.6511943781527,1440.365857856088,1240.768960427808,791.6359939878406,1651.9278505388145,1094.935590636887,2034.082096932825,3256.5004168651703,394.92857142857144,12097,412.27366656224774,26234.672109191863,7409.476877704058
38.14335894584656,1520.3232283054012,2060.3762277671494,3313.1962062309767,2270.8323443504287,1177.3132922165835,900.3695793377559,1743.0948783482704,666.6907732333445,1112.012680413536,2253.19383216155,696.2832494723998,1012.1930162627875,1870.7778332987257,1153.8944545928166,469.4616678428749,627.8148488919066,2278.8122005105974,325.2983494314524,1222.3856541222556,2727.8656193255656,368.28571428571433,11901,371.9470236532029,26374.258454612376,7171.543874175715
38.259254693984985,1814.7030855362484,1926.5876787433422,3251.7121706449834,2302.922701743134,604.5746615090383,785.2374499388417,2312.9238655289896,231.57693371428672,1205.7770649580564,1932.423041287412,333.19203461284803,664.8131931327383,1578.8077190671606,1361.6927335739433,472.2427764763609,654.2482224532573,2378.460830137074,331.1737940716638,1595.9683493245927,2793.4206529342346,365.8761904761905,12505,418.3546909629705,28894.210472844374,8304.071474176717
38.37553548812866,2383.98080155658,2257.058457449611,3690.0188802236194,1959.0935782657764,457.70096502335804,353.905127249191,2371.532284579397,800.5478737567462,1655.8859454247533,2438.2313163385847,404.4577541810764,600.023552734317,1674.6676655975018,1373.0270322588415,418.79556982841075,500.0617329054184,2648.7011238325854,1252.961228946393,2422.706801101109,3754.402594454206,392.35714285714283,13222,465.7994765556847,23953.797297812715,9370.075035519207
38.490437746047974,2085.0336540065073,1991.8274243072192,3354.9371859339913,2300.2879231269294,103.61576895234293,780.2756413899677,2800.8258749842266,953.5893627982083,2071.78769489482,2786.1030484261555,706.0368286060708,884.5370810819777,2031.961464356938,1002.4108619480709,686.8314926342954,133.23558797948624,2292.1087473945736,516.7056835483763,2116.610267833593,3355.7857752969135,351.49450549450546,12932,446.0379591701146,23395.139052754454,8490.933998019453
38.60404896736145,569.0849096499426,747.9185615107392,3180.0737315837296,2640.8521580113616,1387.7535358001323,625.463897451862,1556.1789491786,421.87431009395635,1233.7638152728268,2096.0577592374516,246.24441579012506,410.18352275556555,1590.8622499132612,1492.3883136376792,890.2966454754516,422.2414057597404,1798.2057624311751,528.8669716500241,1544.9447972355779,2852.861949270328,371.8131868131868,11343,440.3044935420679,23367.1416861104,8514.739479753838
38.71793746948242,489.9235796183766,692.8214416611501,3227.520678954801,2652.5998161977077,1568.3717518625872,676.1206024250158,1555.5415461699295,101.55908283669638,1628.1259295407747,2446.886160568861,121.53214292914215,172.57254027260979,1586.9777006686445,1606.3933478825197,1271.8554930765329,570.75104714078,1791.3114171142056,66.49944803193121,2122.33802300897,3361.456945939245,375.5934065934066,11282,418.710416656512,24337.722693523614,8701.166940086248
38.83208084106445,469.02078568839704,604.1102143561616,3296.7689264281257,2557.9209610867083,1542.0518294043488,446.32786937593994,1856.9388332695069,329.53501998525854,1260.2610993021794,2051.5418691399213,316.61881268133175,436.3124442940081,1919.4697623967634,1200.1967836446993,856.2514313698309,159.47973438466926,1950.6419057649625,643.1153881871804,1521.083501883643,3154.889066841633,387.0,11324,443.28523974672186,25968.52048601851,9283.358657282606
38.945786237716675,809.8936116195617,206.25359951524726,3495.5130825632777,2355.1879608575996,1481.85556670906,150.8720379242009,2122.902258689651,757.5571488382535,1059.9630844907592,2337.941361551763,243.79370443435775,374.3613120410498,1842.060896894113,1282.3601498192709,922.6916288745949,182.13598722823627,1944.4611244580688,576.5557363429475,1517.1118998858317,3083.0407008143793,414.35164835164835,11900,478.6505905938575,25634.05961188842,9021.967336275913
39.059303522109985,925.4310174269616,330.4685730618442,3653.6417331435464,2189.5409184020546,1316.180344710275,118.02439426535015,1952.1329761619315,615.608656977687,1193.2134417133082,2258.5691698378596,210.6752765394684,137.19160278466225,1755.6461932782365,1288.056543156625,937.200345893023,126.99271200255401,1982.4746663632934,663.2572434171881,1508.9342361095808,3143.316003940565,400.14285714285717,12112,480.3610307975868,28646.518672637212,8983.30661095394
39.17332434654236,1290.956239617878,924.0112050880579,3557.5467104311583,2078.644061872146,894.5593934757636,1126.6470529981032,1052.0855364402164,514.4574649381451,841.9488012632672,2040.7154530736223,180.01091701781425,294.90734702871845,1621.5201091142749,1326.5524594319693,724.1489560108353,1056.6982246212008,1055.1778720224406,624.2305700038202,1117.8855785552732,2868.408805511056,358.4428571428572,10902,417.6226285173084,25340.18012642283,7670.960020955053
39.28870391845703,1013.8860912317788,701.59474838985,3255.1899678944883,2401.258079306201,1220.7860239232214,1424.3394756165007,715.2035863934132,860.642312920712,850.259256378953,2297.37018885014,201.17123680446602,402.3474356965517,1495.070401628804,1490.8482420604664,875.3641377277982,1358.9438683250933,906.5937885040682,1022.7043525366702,906.6772228678949,3307.937004498144,355.99047619047616,11183,438.7139161312451,25399.912648141966,7707.485144055645
39.40609359741211,1101.5158230713564,741.0630067279245,3345.3536126766994,2322.08898899384,1174.352857646895,1343.5377006093154,710.2444125298327,819.3433541205732,941.7419332227345,2253.873604882791,189.07810905548476,322.8368838126345,1625.5367889539411,1346.9973644847134,818.2035052121486,1128.9131463867895,770.2216338162983,924.2726285698138,1314.3456947388433,3168.067111336738,350.2142857142857,11074,399.34167504838973,25308.07397961035,7497.28842245066
39.520209550857544,697.121384434242,2070.3013964933466,3282.567525901781,2223.8981707481944,575.5451732307591,671.8888587830476,2004.9999176213032,1148.4337789088454,2285.149615898715,2555.1071068441024,696.048758896068,978.1539868187044,2119.501096689335,723.6491271858573,322.60900384325004,181.15277279721604,1454.3491004207024,1187.0038623654914,2338.5720976761054,3486.8428697161094,357.14285714285717,12881,517.0541477621945,25715.997124286572,8746.04834425916
39.63447189331055,827.5880977002639,2192.194362064135,3413.7343478629778,2098.9301901587573,479.28838854105163,545.8097253427642,1874.2367722683944,1035.3778174447937,2168.7726210863425,2416.0259840460494,543.8446762823219,1028.5793323413675,1682.9592812674482,1435.127501014374,755.2089045678376,450.5990809799648,1861.0813265513405,1399.0981327347322,2439.4741189213396,3317.172384022869,378.7142857142857,13033,586.7862996122947,26802.984503333093,9474.788907496748
39.74824619293213,915.7877249986288,2018.2686721081968,2763.1784845226834,2984.3874408586917,1571.3183141955892,799.0501483170295,1286.4703689493908,806.6337067603231,1649.1718642750106,1882.7259643831978,394.6636209280881,917.992977707354,1605.856890973389,1525.2736886871703,917.9205718625265,400.1740276751604,1370.9387495227045,840.0509558498343,2395.6104744756444,2963.8158830662564,352.7142857142857,11504,536.3530432127745,27776.697844664857,8510.544067340248
39.86422681808472,1112.703421461881,2161.3292741293976,2865.5018001604662,2972.7958805592057,1602.687897794964,746.5835811533839,1097.4055836334599,585.4030764922774,1874.653416966498,2102.3007505525493,433.54800135843385,873.938497814685,1501.548235436176,1653.1195672998595,1063.957792709235,786.1340739105518,1483.6152807042388,1064.7906188230943,2073.8050933453183,2615.4304428152855,333.7142857142857,11303,518.1050245575414,27489.093793185035,8150.550101380632
39.98103475570679,1131.6070748086677,2181.2541769775016,2887.9325356036616,2948.7245035246174,1573.9958541416993,716.6958035867842,1135.2900092816544,628.897586072625,1823.2281703616013,2043.4208875681093,172.53785087996127,676.8084125344812,1338.4648016554834,1832.6230331081017,1218.2773403597137,666.0770455558397,1170.7399169456628,723.3102342076709,2384.2378139998495,2904.3111586804403,362.6428571428571,11288,482.68305628704763,28705.76706656324,8059.183979170515
40.09555220603943,661.468700622457,1752.500284827758,2733.2377121538166,3103.7666662128363,1476.0271049266219,155.9240842587486,1640.7897763448523,1142.6650869454581,1367.0237887071353,1782.538360752861,408.77233184270733,847.8801025358339,1577.653410753803,1613.492376059636,891.4485921113741,361.798070012103,1578.4533283230166,1119.8533871422483,2083.965592993651,2774.5166284081497,379.52747252747247,11965,500.8384488652578,29530.558373155593,8195.587737864667
40.211674213409424,819.077441123737,1796.6614903035854,3133.2515199655722,2815.0856426226323,955.1606113838365,529.6311122419281,1954.3629058037832,1259.5272655941342,1803.1128377319603,2342.9294394190547,241.36900989893786,381.09663521074293,1437.22828649453,1864.3076055208405,710.8720157790103,762.4259678975037,2248.5246461599795,1578.2747585803393,2638.8281722478746,3556.7000943443654,399.69230769230774,12656,519.4685513189593,28511.883190398603,8497.900744812665
40.327919006347656,326.4549523412003,1241.0459524442458,2831.373428582659,3074.966529274901,795.8690166691105,999.328665699163,1799.873717774245,830.737306987595,1707.3904554021706,1907.522386718497,985.6913034750936,1089.155179617857,2332.97734689855,918.3308929372639,571.0496377651335,844.0032805388807,1374.3644450738734,1603.0037003392877,1567.419092220802,3427.431457481731,340.3076923076923,12050,484.9662294796527,27588.10871323778,7178.7684770704755
40.44319295883179,859.2760497990615,288.6298903627534,3157.9997756253574,3002.8412662206783,530.4085943362128,1594.2316394591387,811.4301865617703,970.0400377647908,782.7679432534023,2214.377503931622,123.58749765773432,126.16900305014822,1491.2935550424118,1828.9207610797696,371.94802579611274,1413.4998526501408,883.2835137253426,1115.421991699209,1049.3298103303237,3099.9329967320105,335.14285714285717,10959,441.54120130514684,28633.845484016478,6694.890002427481
40.55844044685364,845.1949106482722,336.80499739580563,3162.845579035853,2975.6194517791214,476.1685976010247,1539.742817317827,940.8557437122693,786.5175012736953,795.7095818931871,2060.1284122783886,156.7145521519721,307.30370516128175,1399.390043850958,1937.5258533833492,505.70546276670336,1546.1902251544068,938.9629112268284,992.4909382631971,824.9651352177473,3109.2826215750333,327.85714285714283,10960,401.271138920388,28340.165051115204,6514.204666366042
40.67226767539978,691.4923609745518,406.342573000984,2900.190156914265,3223.120387445283,759.6641470671664,1441.1621748020254,1149.6120117487276,796.7105600040946,1245.4817680095432,1653.2813709928964,449.3315600931643,272.822078565819,1698.529011482629,1648.1474666833608,277.0255500220696,1061.0287465379095,1301.9466822982786,663.68904201992,1330.177360169714,2663.1761109548343,347.6428571428571,11592,427.6393409103399,28993.045237700055,6349.595351736153
40.786463499069214,1586.3569730174022,1380.2065062874883,3556.1689643438644,2770.6946842013103,972.3295814465783,441.3817396286408,1863.6900431847273,235.24775435610462,758.3216136702938,2369.19802531904,278.8873681173311,394.9119046139521,1688.9293751662503,1662.6290846528084,665.5373901172189,473.4716740790808,1868.8752456383827,273.42385729781324,991.5733373787766,3274.7242780752663,324.85714285714283,12757,452.6006783332243,28843.527219544492,6379.580566887159
40.899784564971924,1220.9522287703749,1313.796308116886,3302.279787390912,3016.3986325882584,1255.330848472485,199.63573557861537,1962.6048518619032,452.83916695531104,613.1207226206576,2165.5728603416146,445.24802916394964,764.2812816843194,1870.9358563837648,1551.5465902688234,779.729642875854,527.8662421328073,1695.0312317971814,423.0349254318868,1149.8699206876352,2966.0612736333155,313.15384615384613,12378,430.60304177293796,28126.930734357695,5943.505478885031
41.013142108917236,645.9004250008398,1695.092633631401,3295.8280281422353,3093.212121919394,1574.733006883884,698.5344696330728,1561.4288140177714,764.6566649732079,1105.310925127754,1792.1207916859435,143.42084301383073,550.1294744141528,1576.2958289228443,1871.5424309683735,1159.0302899517264,595.5473606950286,1653.0300967780042,862.525290800411,1387.4061314319579,2540.530781321553,320.24175824175825,11709,393.66529396613055,28665.017278773434,6030.492533706513
41.12660074234009,649.8928348736202,1601.8155715372072,3156.439619396205,3247.5666149932167,1773.6432833604827,1011.1260403228457,1215.2258388592682,774.5240947652766,1337.2399926782346,2267.987742451818,219.65356429387066,661.69431758088,1536.016001638981,1961.5190849432236,1330.853485597383,1058.2305908589667,1135.9285407869731,649.4051254218961,1525.273485203397,3243.922148020585,332.31868131868134,11794,360.94880146706566,28821.94217104423,6560.631579272063
41.24000883102417,1014.2676968826978,1264.2428887570409,2791.0135445428514,3504.3402005989665,1945.575138611362,1425.4968358765736,1200.2977661638288,22.57383343868085,545.8020459246452,1724.3741609758838,479.4141335252883,959.0448140930134,1850.7807318741745,1625.1116145884564,932.0934961994985,846.5918650614645,1733.120719999017,596.1650797235751,1095.3889106840302,2286.360973065165,351.4505494505495,12438,369.73245906897426,28050.27088776052,6804.420003935737
41.35597372055054,1911.0924383419565,1804.346809687307,3235.4205389112635,3139.2592754411753,1397.6678096076862,1153.9050089005627,2156.171985627444,1012.5925519294001,1368.8119659907254,1968.6828215240969,325.45558852797546,807.4001536608769,1747.0167666080938,1672.6630190694807,872.2503126275968,766.9435504165799,1938.7698353463993,919.2011571289671,1554.8546650280327,2768.5046114745724,339.81868131868134,13559,329.516771068205,28491.3207944056,5897.516273874007
41.47242879867554,2308.6926401187625,2323.9525364358256,3724.5058559404006,2684.7338272165175,1078.226095395804,871.502923553805,1847.0978045586944,759.9171723887993,1182.3417756754243,1857.5355916676488,727.2617346531649,972.0868819368126,2047.185819500684,1326.3465580978318,442.78166030171735,468.2106299813649,1547.3929993474294,479.7639516745653,1144.6141687512486,2215.357362622457,348.2142857142858,14123,338.22606735587016,27014.272172709116,5350.581624976564
41.585771322250366,1998.6966452471665,1700.3326630994181,3629.3500556373433,2725.132275506523,408.06722946116906,282.5781520559441,1113.5024107557522,309.75828770011543,497.6950335038559,1066.420246591374,527.890045482165,748.1766611114016,1889.6243919255007,1475.5432624291377,109.00068029033876,222.94757898837688,1117.4285779631682,195.21901915507647,785.2808947813708,1702.4682537479416,303.1428571428571,12846,251.0794860733781,14549.659258886364,4721.238985766824
41.69993209838867,2109.8291613334104,1815.9172437377995,3857.3339511252298,2522.6103994446457,236.25761828172608,376.2862163656024,968.5199994446469,211.45454254546698,645.085604010943,1225.7706904379554,600.4178308928383,805.1892007826393,1858.993376788252,1548.0684237434489,277.1102485052916,77.27415592938696,1283.0469952289461,329.8812744201614,582.5467643793313,1464.680494011761,298.7142857142857,12580,261.38861756483226,16066.971119555368,4759.50104441075
41.814260959625244,1797.4805667331934,1390.2100685687246,3410.3201999175003,2945.9929305119476,687.9649164453788,807.0758590172613,538.0856767701246,557.6440232808801,1025.024370325962,1568.4711269970148,217.10836102249473,457.8463702415157,1846.1708797297572,1555.870989560513,343.1017586459107,570.178999592128,860.8162281603231,340.1279220453023,1015.9938780190369,1920.9208190790187,302.18095238095236,13096,263.7086797675329,15738.40770697296,4704.232913829326
41.93049502372742,1069.2161661127507,295.9950254996635,3577.8144279327516,2744.6746838044037,991.2231717214346,939.1830434768427,1469.8669748301354,372.26256601197116,456.73158998090923,1300.3983878997828,431.22020809562207,189.08983736509902,1550.7100440896365,1866.5573168711533,1024.1501218075573,1071.0528500737394,1813.2817471997585,714.0455263738431,761.3532702457363,2052.180851453189,351.21428571428567,14253,325.1120949858106,15752.687040369503,6408.773007928696
42.046345472335815,1198.4647878162389,401.1758989029411,3366.812081389527,2965.5192057985455,1150.3460784163703,1179.399804252948,1607.9302819530405,593.3467310062114,429.66919264676125,1357.6525483687979,327.4184294336574,65.94562792539931,1651.018411999444,1721.5007038958265,804.4682223177138,904.0417701588991,1554.0593167716518,515.7154535751141,435.62488867174454,1761.4907997105668,321.76666666666665,14055,339.11349807646195,20244.12370421637,5839.955551828319
42.16164231300354,1638.7399414391423,531.452522223402,3172.82304343712,2988.6716888566666,1206.4468486133655,835.8642566108776,1308.4367156492547,111.82856009897301,155.77993793011615,854.9189798374837,747.6407561717931,528.2299452423787,2138.238818026465,1212.100077161614,280.6906738956694,778.5240376264671,1261.1608315524875,782.58901800945,466.1886265030215,1825.690135301902,292.4666666666667,13598,354.1325083801911,22488.516678429147,6095.800018516365
42.27832770347595,2419.2141979480216,1100.6440961116207,3391.8841523202796,2640.459214740447,1016.309052193938,124.21388658666423,591.5876351589446,798.9541895012354,621.9820644186975,1353.5609816763138,392.6378047930608,230.2427413446,1679.5498298472942,1580.2875523672328,697.482185173781,272.8193074833336,782.1824484005639,758.0037734432366,663.1718876239513,1732.6541735725812,314.31904761904764,12813,332.8971610254698,20604.609381473383,5582.092239012365
42.393590688705444,2279.088229254078,1113.0692706572086,3232.6053491474136,2762.105868457655,1149.0000571676392,192.51472369238618,491.4469109816301,1009.7105786206479,715.4680378031968,1506.9964498089448,739.8306515528689,841.5654009747719,1785.239000703187,1370.7687240492369,600.9552894339598,594.6202088818511,1008.2319965277198,876.6490051663216,445.26765301005736,1640.356061469487,302.21428571428567,12967,348.21418678618386,20365.332818608025,5613.951037990183
42.51379036903381,1688.3549804638635,1963.5019393757877,3068.457751666324,2608.896404856823,1028.3676551671463,1098.095741920056,1445.4287602520922,244.9178861040812,477.43571665610784,1118.0224959409857,277.2011090939709,615.1288563357228,1442.5445505809673,1603.6803551404348,777.4188372028507,984.8448919047598,1498.1288141013201,292.71357257240004,609.6460134331642,1575.500241273258,379.2142857142857,14071,360.7789236441963,19294.22665220558,6989.15062839096
42.65749931335449,1693.9384587059528,2115.9668347004836,3189.8449057123553,2477.962850297472,908.2545626188792,1058.9363608910205,1388.69004410478,200.84224238689768,492.43202099971995,1179.6612051749255,94.7357330846049,866.9626765383728,1533.170580260629,1425.1417418215224,579.0364405994839,993.2376342928047,1315.2028696470925,420.65416031930073,555.8985298030858,1566.8087460317886,357.42857142857144,14247,360.94056530527035,19778.457011431536,6455.058216897716
42.76805901527405,1539.7574746823225,1882.226311350861,2831.2458231464257,2677.163314798956,1028.4667332877405,1294.6573913387945,1343.5154214623844,474.39437924348806,434.4004549183827,983.7227637496035,245.79273731048258,1042.9724910613172,1738.2700331721926,1196.0050950540942,343.283485854,718.2990446072238,1163.5314632331856,473.5964542052034,438.931433961165,1504.8489390669781,348.21428571428567,13779,379.3633932029312,19493.92681777574,6285.601014297239
42.88209533691406,1419.1421602288844,2295.834939023479,2978.5090127859276,2286.141141059369,708.1306622770464,765.1561492039802,487.73012523039887,1020.6774786660644,676.8170359375993,1364.6028395985727,483.7441856466497,687.6961055671875,1344.8249183297992,1469.7533390275203,681.9484977659654,655.4696330121274,622.2611846937633,1247.892391015191,1051.364988184785,2110.6544389571804,359.57142857142856,12635,355.6900622718911,20177.712934333198,6625.353137421551
42.995195627212524,1546.203383740353,2005.3590279019138,2727.291622868405,2470.4337658131412,938.4880304480894,678.9369380406455,810.5319660272461,887.8512469862324,755.9732805874297,1314.3921443623221,855.0513482997176,1045.225757455303,1767.9810124609842,1047.602826231474,490.5646876278316,70.68877883926599,1186.250543922437,519.2788804070335,347.5941367087181,1319.33156256226,357.6,12924,387.8041730114104,20436.53778272205,7425.186282334781
43.109283447265625,2116.4533408421166,1561.1205240213515,2657.3959807228234,2414.9703600974613,1030.538036349456,195.2540644642574,1294.9748060398458,372.9497979464872,132.428196991305,1018.1753269741871,974.4327991507129,1260.4058534894234,1983.7039681644894,824.8576157786124,66.36568682120104,614.1198726181368,597.3714991832402,1158.7471103263565,912.54208432829,1962.4080513017243,375.0666666666667,13648,421.8135116699505,20813.14495320232,7593.0223769478935
43.222697257995605,2283.4418686689983,1511.2514213796426,2732.4502247972487,2346.1973164355245,1042.8833780894472,289.5164174301096,1328.2792013411793,710.4990470248177,531.5323271356308,1460.4581064515396,420.1906698684017,638.5982351016141,1317.4575866492685,1456.7594324628194,785.9421566720242,205.29556622525175,1437.546961437587,663.3784541983647,564.9816073046569,1973.3154432175425,392.6714285714286,13818,436.35302158354614,20112.008657275393,7111.874884549631
43.336841344833374,1578.0876173497577,1017.4611063883108,2140.120205839205,2852.88733690019,1553.1365636566816,907.3408218046468,1367.718284903294,1282.3003568311574,941.053033816118,1487.063348594963,572.079162037419,311.59650148042044,1394.205665407619,1385.3777197252912,827.0215941179076,605.4223632846403,1014.0555075378306,1142.9617197303226,782.7146044334345,1749.3079975750418,407.5109890109891,13111,382.4350126282561,19294.583302099636,6780.728882329995
43.452423334121704,825.62678054347,768.713499002162,2813.822308999898,2534.9807071821892,1213.3968702838065,959.3929424463059,740.9568628041285,333.5413543414203,500.17846689585787,1697.4188162919233,404.77338580900533,187.45790169034305,1399.388195184006,1381.5131234660748,754.3513060611006,638.0739412478688,855.6349634094688,683.5603754688092,626.8556631052606,2162.4730431998273,381.6263736263736,11398,338.759614433912,19040.089203435666,6397.19994126279
43.569716453552246,1187.831040491601,990.4367514429055,3220.171166657673,2101.960215961864,802.0159228721592,547.5929569660475,941.5704185499275,742.9259437095093,449.91462497983906,1304.6830610898542,496.7920904342034,195.31634862375478,1285.6653065869848,1530.552604425404,959.9129882217139,856.1721818115296,589.6590679084014,622.58342792496,376.8605885997166,2179.231045580433,378.0,10961,365.75282417070446,19496.519978303077,6606.221630583006
43.68388032913208,1147.0463362515168,940.6909599486855,3144.6651747158485,2195.235086963831,901.2702105710189,655.5614227218985,922.889507121372,627.1302015849567,564.7588002152804,1424.6395784977678,264.835424464472,121.82676106011505,1290.409817917074,1532.252845399925,816.9592218659857,682.271883481404,1106.1527610619771,824.3731601362836,883.3072419911656,1885.6004264896496,411.21428571428567,11039,381.67972920565745,21027.99305024848,7040.605377430991
43.79661273956299,108.97869135978489,1755.8416665064356,3859.0639845836504,1514.3386709542178,219.15410279215277,642.4187218086377,904.4017242539621,937.7959629147641,563.8270930589377,2169.0239868853864,288.95005368609554,662.7848399357675,1906.6499988298017,822.606582065087,351.21686500137145,622.1461986968817,702.6177252149588,835.7527462987665,657.7951581974876,2841.519854262929,407.2692307692308,12166,335.506525238988,17620.833833399716,6375.8163486247395
43.9111967086792,154.8954115299109,1723.95726725418,3818.230718529118,1557.4459291150738,184.25341817492594,437.05710459955986,949.3236277086313,968.7805292733863,267.66830232432415,2005.6494641583838,455.08942925788887,555.6154341976448,1585.801062971486,1305.4557319052042,412.8278243091367,74.25168204229523,1414.2521308143203,1567.629086951738,693.9485654629682,3237.257148206182,430.2142857142858,12113,434.6768379944434,27790.040906920323,7675.0087498354715
44.027880907058716,590.7820648274426,1460.9314233787188,3800.872386725286,1448.8536337958617,731.6018510240182,1140.1681494976115,230.93906188863576,477.3921051256431,556.7650383492487,1470.77495120627,86.41004751123327,475.9850532494182,1790.3585578066488,880.7335168567762,548.2503253755641,1017.3063462647684,259.0956975638854,563.8844396594086,704.8455148767564,2080.224667994858,436.61538461538464,11510,337.5392560686063,18511.359085990636,5725.424175133416
44.14411735534668,637.4817075866587,1530.0287264310198,3894.1937711858577,1359.3668639088542,636.8107219072315,993.2897659872883,349.2516559832779,391.3312022619802,523.1338373421055,1289.9844188971927,218.4387165203845,696.769827625436,1848.2127852491803,977.0354616901677,295.0196143348056,939.8113607184088,307.7243333289861,249.5358444605151,936.0375812867934,1822.4816279591776,433.92307692307696,11446,342.48186185598985,19967.17582227485,6138.575016423866
44.260411500930786,529.1567851401603,1388.1542678375622,3731.4954415063357,1471.0249252244926,796.8933919473309,1122.8880692992473,374.99293442484446,558.1877090633149,357.8852591813012,1349.1540739751933,284.767982318276,429.586761034511,1909.387597999878,703.5532485285287,516.3040299214582,819.579064608042,420.38412070082836,454.0232136843761,670.2269533733503,1878.6439897713606,420.4450549450549,11635,395.9694950036786,20614.306088351113,6351.725987183309
44.37493062019348,1223.7750430945212,229.80167588549094,3782.8354374004193,1115.0015504378507,1415.2817526292145,308.13724365793206,1204.6404319524834,525.893335573918,1361.9453528466172,1704.1072369977542,873.0471035445943,853.2372989841584,2463.4033943638933,291.826365082381,402.3835717503935,609.5055013382014,567.1397945606915,237.06718248251062,1070.9841554252475,2221.5109621876018,412.8571428571428,12850,364.015250179219,21419.949369552363,6971.248795700399
44.48992300033569,915.7512149898206,405.8735302635775,3467.0835739918766,1440.4663506269296,1722.1019779343492,602.8207142420621,1564.4886773126807,881.3350390699014,1710.6452412347805,2107.648480336979,161.4192175068507,181.75167124472662,1623.042814960308,898.4496345825706,1304.1053244856284,591.4660030797621,1657.5283902972228,1076.5295344171245,2273.8836034673345,3010.6936075401854,442.3461538461538,12506,492.32161954214865,25878.755908898103,8415.715449272499
44.60472917556763,481.7896469064739,725.1250414847074,3169.155612770332,1674.8262899735103,1965.3410562226413,469.0903587816415,1230.9165248274212,325.9377886148671,1002.3746123272903,1352.2953334159122,155.0251287116551,192.80477060949775,1564.3404553376113,953.801325206129,1419.2760693498374,333.1936866213159,1202.5355145801025,318.1185990332083,1354.719907199939,1952.9805282477416,410.09890109890114,12007,418.4917934622242,21787.241742747974,7347.637323167495
44.72080993652344,414.1898550781728,1097.9363619219746,3258.760498190701,1606.1555888938965,1751.5143005781488,265.5254636588748,837.8102780620438,359.69810720376563,1378.5880511625664,1728.642629307053,327.2639011500413,242.98575177580037,1757.5398249337447,748.4780085808973,1174.6184659150324,76.73593833553402,1144.3433269682535,507.9385788059777,1700.2780978073813,2320.455060445082,401.5494505494505,11508,416.0747007432627,23996.97079591784,7449.673438704856
44.833752155303955,424.64974347411044,1159.3122033976297,3299.1706556218014,1545.22652429769,1596.3639873705986,139.1504144291111,1035.061795766825,497.43061032928694,1242.2471578894542,1442.4228798367483,294.4056780689732,674.1961146102097,1695.547759131633,809.8628804848173,908.7475019034337,250.54940529014397,1392.8135742863185,656.4856280649252,1315.6887185910487,1753.3761321018646,406.11428571428576,11423,416.4179996546759,22675.20628886337,7017.760991432204
44.946139335632324,344.7702084814844,1675.3599256427424,2998.2756528246837,1781.8199336945152,1042.593324277271,654.6884010600874,1706.8318287426373,761.4299326680334,621.9622166858709,1204.8742700631121,51.27373158013408,533.7186384112639,1422.6793812546366,1078.5197537678578,790.8295042192443,577.6560341759185,1768.1901681429574,872.3136311901668,827.5472542136181,1719.9249288193519,377.4190476190476,12186,488.71626070243497,22422.402518264527,7348.318468641877
45.06078267097473,654.1523354847835,2004.731980165157,3189.1667800435876,1606.7240084587486,812.401534195913,598.505733030746,1582.3519490056262,493.6205284797907,863.9295975629545,1297.6259204676899,497.7168738208682,848.0596848664374,1322.517347556917,1291.4636840642142,181.9845312416854,935.559997276086,1855.893427901433,368.6582057654986,1480.8220746764484,2214.2125806704994,371.2857142857143,12546,430.1701510058849,22100.215524542924,8221.24895580825
45.174821853637695,305.5641686926997,1570.9261333619522,2770.439191137991,2056.4039343552854,921.7919814503555,1066.1271058825293,2129.665243605019,859.0328026401093,899.8795603256812,1890.1067477313572,540.4490680884387,934.9854224158715,1533.4169129200313,984.9638936645971,548.5623221907571,510.58250104693906,1757.9573811169396,918.1554866015475,734.5834653313053,2337.1287506794456,351.44505494505495,12120,419.3202964798045,21877.161528591725,7732.328062700293
45.28813314437866,1073.566202730549,1557.3749907505164,2163.4712346115152,2469.558304585993,66.22446154748202,957.7211749469686,1280.58920573186,595.7766015409186,575.8592821634095,1324.1560711863387,461.8876932019588,848.7718339481542,1420.3135850980432,1116.6546572322113,395.1096164959633,593.9453719822346,1637.794562552559,750.0199691637594,767.2909497886774,2096.6429508372803,342.64285714285717,11062,428.48323573573373,22052.400007585333,7651.235960161792
45.402384996414185,1594.3898433530644,1989.0697590679065,2412.383427827147,2259.6629264336993,543.1322430191742,493.62005624761866,1343.5207166037158,918.8533197332555,414.2088705897493,1702.6148889478557,245.51417837263358,627.97823822342,1141.3319414904654,1379.8232817675873,380.78909221665043,475.1067077553154,1398.8831595496215,1048.6244305030593,524.9075720588204,2384.15331832035,347.78571428571433,10522,422.42221376776774,22431.40327992533,7419.667324599888
45.51931190490723,1185.3031739424637,1559.389361314568,1982.6833032247903,2671.716912716862,784.1918493416146,577.0699587030109,1302.8814307179669,1225.4531482305304,580.7002401060666,1841.2576865287595,236.37401873632263,530.668026933127,968.0624427735371,1601.8060436186804,602.4758525368809,456.1219258953538,1399.2475179263652,1369.1075535391988,718.8174215570655,2554.5245800167727,355.0,10968,468.4716047490383,22577.066787595235,7507.6727268276745
45.63669991493225,1054.8659778793317,1474.222405835146,2101.3327045219426,2632.6889512462226,1458.6359392762147,480.34189815055777,1772.3086804112104,600.7566488272888,209.86200207348793,2179.190916604995,754.0933903136277,1004.7230060054684,1408.5210344489644,1201.032465490321,497.33481416251954,402.65235337920893,1420.3787638327833,1097.1809871950154,459.7921928888378,2546.4370146142182,354.4835164835165,12220,513.2125838435998,22929.783564570018,8275.669086771512
45.74996757507324,1145.4825427784021,1569.5191459871799,2236.5948838835193,2551.812666711156,1517.3996620471637,703.2195470365746,1620.519282789746,915.988031165441,239.0392423021763,2305.415916870301,397.6882206422853,589.5411248419197,955.5435637599758,1676.8480703722503,1159.9490518513462,519.4473086158043,1957.0262800461535,875.8633995031066,453.6012517668261,3493.3383344264557,342.3269230769231,12351,463.93473423395073,22963.955834173685,7291.1854825377095
45.864508390426636,917.3466538153789,1359.5786463498587,2169.116711031948,2625.2160459680226,1634.446116210316,889.9723035558958,1363.3673813415287,1066.5707162510316,200.23254087615044,2024.5971644434592,510.6657615732439,836.9270235601002,1528.5595448560678,1112.131625870049,765.2313880478746,459.61527654149995,1591.7172484435068,749.6018662421079,257.0590399025205,3300.143243622815,317.87820512820514,12118,422.78199426954404,23500.86983260096,7304.989357329969
45.979159116744995,429.20326753929356,1033.9170341904419,2267.7387780210947,2633.5814337415263,1715.4242044455043,1137.3979892830212,944.6237477168,1043.3579763939847,501.4760557475869,2131.760845268223,422.0255138735951,741.5398161044166,1304.8746497755817,1417.532218386243,1137.9046811098567,817.2454923709755,1230.5797696200996,1381.4981485635706,565.2493551342922,2621.7382640046626,289.33333333333337,11621,369.7444418968041,21930.76464115735,6182.689463348695
46.09593462944031,659.2152206237861,1686.6880548299503,3310.3594847057425,1626.0771737797843,772.1868474725981,261.7047324737604,1745.7701600731505,1167.121050084593,482.73320630247076,1594.1184795342565,102.2757466843323,527.6571932813448,1541.0489278108655,1010.2061533275349,596.1724050090293,240.43824362168866,1821.3684940635817,1366.4470245239822,622.8409154973748,2257.39608242585,299.8333333333333,10560,337.0336277241522,23344.373508349916,6075.616100417057
46.21206760406494,429.0750419640249,1445.7048839162335,3357.116804315673,1473.8141230534934,486.64825642872535,258.03004603470976,1874.319909671082,1433.3460699379043,606.3422408140125,1713.5302149682034,561.427999139066,879.4200609802024,2045.0838268715825,636.8274603769445,745.5118762886261,669.7241832646816,1452.0390231679767,1332.5658524898095,283.4040955043995,2663.432219909926,282.9166666666667,10819,366.17614479336135,22364.10909433793,6413.13259658023
46.32877516746521,574.6442584654438,1319.3543306412412,3905.1896044877535,855.5786527006546,734.3357855712692,811.554511527121,1315.998476257779,1016.2872406119048,167.1131137808195,1698.537532623551,654.5249536437245,1004.090545933349,1997.9705993262226,947.7345892709427,891.322921365729,498.5848414020676,1733.425301563207,1310.2972506714395,789.0232100775511,2066.8561352828438,299.9166666666667,11446,352.55150129715366,22512.04235011382,6496.676812682259
46.44461703300476,1163.9025302997038,1673.1097705694474,4536.728443282973,571.9185863322253,1365.5334171656782,1159.0901099723592,1130.6244499163354,602.8146696249631,811.3507699234972,1059.4460603799164,686.0547790495605,697.16600949757,2630.806130356979,539.5625028085303,1693.3124263440116,1647.4566886557825,1380.8950156797766,956.3635061440215,1672.7869692998997,1235.4791003545563,291.25,12092,343.24057767652613,30044.502870031385,6268.413546346638
46.56086039543152,447.5271261056334,971.8987146822251,4219.325053249911,230.9416898857358,1617.2871694371054,1799.774992806317,690.9075635064167,387.2423962337751,1445.8484837070778,425.51874608523815,101.63509348535631,304.84529165797056,1868.181858072898,249.09648262877656,1260.1276827245324,1729.4473315957005,698.4813894992282,536.4009568485596,1979.4375937923412,568.6406313647759,289.3636363636364,11397,335.4856732499112,23947.71287185745,5657.3081793448055
46.676350831985474,318.87645749304573,794.4352753768841,4593.40511288639,157.25707352169405,1523.821626862722,1394.8748585425094,597.5717429018345,142.13292905995323,1578.6847322936699,110.8988006692011,353.9158530289441,553.4611901266805,2116.181296657178,277.3284941076268,954.8952550676836,1496.4998229119283,465.9541799689456,366.1921838015951,2034.7288114492846,315.09509173951886,326.5,10995,339.4473815801847,21859.66336376062,5862.964811137514
46.79216170310974,337.5784459071152,738.7665905782168,4753.128068219295,360.44073424647115,1466.2096443485218,1154.6103184759852,493.04748036616616,491.7094874018793,1961.1635368809973,309.5843739477306,144.07338109078756,318.8284986560846,2124.8764112063254,119.11396440017248,1180.777904250518,1090.8672098310908,599.7930583024934,525.139058034379,2526.3759555495035,433.7870945844605,339.6666666666667,10911,360.417522329059,22447.814127257123,5918.903355329641
46.906092166900635,120.64058244186317,478.2901940836764,4920.313346353001,673.5847134067259,1299.569408431499,1195.8964527833057,103.21686874484422,603.3928659480753,1658.4783356361675,290.2246730176084,127.16920452534286,171.69968967782185,2420.6563879378805,458.5095469373007,861.2674449403322,1223.7796201726278,112.5567686792003,586.8179259876574,2060.6118574736715,309.39517283595393,316.51111111111106,11161,346.2575809436344,23005.59390720771,5938.797106321651
47.02061748504639,73.67746625132055,352.1393650000974,5087.1677653351435,746.4936842100506,1114.3416737782636,1392.1367175551454,277.84724889936257,346.59082650505735,1776.3738340708094,187.80298220174632,85.45112838966092,176.99790023690917,2385.9492419307467,393.85812272660246,895.568604775966,1223.5903613175085,336.482514899278,477.34371841840385,2381.4016900767247,333.53111935735666,335.4,11280,342.0204474893419,23209.242579739042,6002.457052468333
47.13473629951477,637.7234892630773,412.8954604199493,5661.623952717124,1052.257468650284,933.6680018494604,1698.1102948075986,814.1800376430184,667.0842691713109,2299.3760948791273,687.2816360761484,540.8857897082804,603.2844993920011,2264.288391981293,88.80114898607415,1134.2302913051992,1075.0834217985046,289.4291276391834,399.82946512651097,2464.420349692876,583.3318596493519,369.79999999999995,11887,333.53882274138834,23411.054224478845,5934.693481395037
47.248698234558105,637.488681677112,418.91611160826477,5620.115751749969,996.7496484488951,936.7703526840903,1670.9796027727534,751.9507017126376,569.2519854201469,2297.0982796579106,744.0623173686316,220.92769436210733,228.67352491194214,2770.6116245896565,675.6650324355232,837.309712808219,1409.1044314785959,697.9078195127632,605.6909796231367,2835.0865964196328,949.01722957974,381.9222222222222,11905,368.1402181052116,23655.00744954581,6326.415321695869
47.36237645149231,602.2965220251813,384.68801378306864,5664.308015937365,1037.7048778218646,967.7053863571017,1632.1738525276494,708.8414591202304,522.6647603709807,2267.2881089032053,766.00768514973,89.29464178757281,72.65624911807672,2585.461014734052,765.631481680025,661.5236796585567,1550.65526627954,794.3559786076842,650.7744023540201,2798.948457425587,987.3876006515937,352.8777777777778,11850,370.5726299565899,23859.364814320103,6298.98085314245
47.4759635925293,641.6305542195388,383.684432982104,5571.242607235654,1106.4763876601976,914.4868842722476,1639.8527830198161,674.0136536744667,455.2902265938222,2234.3861037595148,828.0525167935201,311.36449554914816,332.8925664471449,2425.1873761331435,661.9322121803528,494.5555636094713,1650.1229073918903,784.2961662170158,497.9550437883893,2778.5653039619765,1342.0051683286897,384.8111111111111,11961,361.1131914343317,23576.39881844597,6263.114358498704
47.590975284576416,620.7624232255647,449.03306661604535,5642.948696941242,940.2069841207975,848.0978710354331,1798.0601313321179,855.5091782151997,597.1596548976273,2040.1266311518455,844.3497267665907,219.18293922659436,223.15065383593853,2518.247014507902,687.4931314408129,667.3924955437935,1522.0693771896936,779.040504203866,652.7738549192277,2752.7943981414223,1084.476371742449,403.55555555555554,11798,355.79091004586036,23692.90327497031,6308.408455652461
47.70608568191528,546.1864812543826,408.18562821486637,5802.194599100329,693.9084142508772,686.6217360068898,2137.0387704296822,1021.883952943609,461.1448758939929,2293.598953816296,1217.7482920567938,332.23791353286344,475.10488433456857,2857.3836340459006,257.6724531537311,180.72279998042526,2058.261894709001,916.8850542344343,245.23747961472836,3338.1890114861712,1498.7934413197518,370.47777777777776,11829,365.9757453646538,23580.214390685906,7259.193084833479
47.8196222782135,714.6306585583984,646.3681490487492,5544.696187307721,899.5593833649035,699.1469288591446,1831.0867088406735,826.9473991491769,531.3461401552858,2036.0143900735368,1104.8248950102277,104.52820897022893,252.41172654319584,2554.352639679031,589.5436516625593,546.3855171366395,1602.9605777015595,860.579194346615,680.8207798675656,2584.7033729815703,1613.4528528164278,407.5636363636364,11562,414.2784903130865,23649.71066466613,7241.92085935936
47.93330693244934,507.1162858033461,667.7716236937939,5566.054528784066,958.0128461463178,734.4590695186535,1568.8993046618812,928.7884035534476,833.6633212275866,1822.7553752261153,1434.0564694332584,109.1049374829823,291.7652916097859,2513.312042981105,669.005862057002,639.1206386214985,1464.0609395190797,1029.6905356285306,940.8723957066329,2452.493196831828,1960.6200143960523,402.9727272727273,11773,396.9675116115543,24050.25195041007,6997.035322631575
48.04760217666626,612.7889913067384,623.5732671390174,5593.18557402169,887.7053962771641,666.0610464163667,1610.9061436867164,864.8425499643907,806.1088476775782,1815.5350563314146,1405.3402623103837,94.4752411640521,184.30905310891708,2621.0373924045875,550.4749484471107,516.244252748279,1451.017962461726,919.3262958880989,948.6532783707813,2372.2434763553583,1974.7673292044785,386.3636363636364,11699,398.40906172012683,23760.603409832645,7385.235083193953
48.16449308395386,656.3700707117844,661.1167122352954,5620.5940004527065,679.1599143129145,377.5814213821707,1446.8158605186106,935.8002722649036,1167.6927037456765,1901.634328931748,1377.6609830637974,151.05738051053865,217.97211172164063,2667.801422848032,361.06006276092984,275.83286846126674,1254.313052246415,1033.6697701780251,1345.696494371646,2511.2908097432683,1901.2644713622617,426.17272727272723,11664,417.8073173378554,24260.66198963496,7333.514886648154
48.28089237213135,600.2468237358204,743.9117333138531,5566.46504038031,651.4042161853032,288.3476981162023,1407.195570195642,1003.3294309977417,1234.270335746034,1998.8510848907335,1282.9488702504486,353.96368025284573,598.9640548542077,2168.791533803638,646.0565854410938,244.91890039425988,1142.1314105916892,1456.5350578117454,1600.9035880060126,2981.057220277804,1491.3310878523732,396.80000000000007,11763,421.02028573090865,23482.691684885925,7421.552425425984
48.39582967758179,598.905256910027,981.5758520572231,5751.538785357465,383.24546478557903,483.1403129435124,1368.925366075498,889.7630721659265,1091.3452212121151,1752.8507637137475,1499.3629889187832,398.4676950125057,754.0863753353584,2531.335548323681,252.21272132956324,678.6959594724563,1065.984099225926,1082.334680482778,1065.7043233378233,1814.6588153759362,2535.70823943778,420.48181818181814,12103,384.733080288653,23390.3953124897,7168.340154711144
48.51174330711365,761.2401912451453,1187.151968575612,4842.364828096887,770.5929101056371,847.0487711188042,794.5020371334173,1405.2592801069022,855.027568968151,1081.6419366921875,2032.1686314389437,85.26049818082879,414.00850365614417,2294.8958821679053,427.2582261242474,647.3443571934514,780.1573671964352,1405.644415091272,1033.642546220353,1466.230855559152,2813.4089826646864,366.81818181818187,11162,351.0278705568703,24018.312114857457,6375.733405702496
48.62723636627197,898.1518254625447,1386.4250084018774,4737.062208017898,800.9934856351828,996.1268327510649,992.4165775206668,1238.3357521918263,1003.7856353026406,1277.4540178129262,1843.0529646685727,165.82710458670667,434.83690479944875,2181.9285009735972,523.0407904866187,792.0606534142198,921.6267201165989,1280.4795612071948,1207.9401194062953,1688.949141637875,2578.0583139514138,363.8636363636364,10949,380.8267624685816,24040.76527645874,6464.353898330439
48.74350047111511,1125.131897167233,1749.4796441303338,4914.786811337485,527.6164012701414,804.6439434606639,996.9477064700793,1298.2801334864312,694.9859719482174,993.530293504276,2100.853378378882,126.26449695904714,513.164189332009,2335.0418996547874,310.3057101767322,590.0238893003008,852.9092244970052,1372.8811098722313,886.3980183517598,1354.6082398716135,2902.40327644193,341.75,10556,365.9024952310492,24203.41572670808,6510.795990151462
48.8598358631134,1084.7953584955949,1686.4546819815362,4638.640042867522,729.4933175616025,931.047961499707,1139.1125820655548,1497.454288652537,565.1527718755937,870.4880835104345,2012.7990571126466,144.3145769987607,501.66728988035567,2146.101288043781,474.940394471914,738.7230283514496,1060.170954701765,1568.131685820608,646.8547921851509,1114.7636014452867,2842.860510793472,366.0454545454545,10858,380.4465087904285,23176.287646359255,6617.104430473274
48.97359609603882,1234.002361800679,1884.8195106501503,4662.184269522933,609.3128800529921,631.444872547568,819.7669847009619,1429.5034573103671,731.6130368960652,917.369184965249,2323.93006992494,145.52024876915647,547.3087028007943,2109.5852903128825,442.01071040279095,496.29888744804356,713.8557967622655,1554.8635065399862,928.258146676712,1260.1963824139475,3301.8844063059873,328.8257575757576,11171,374.82067796214756,23734.042292506834,6702.104465398796
49.08786678314209,1618.091467391795,2336.419317290367,5139.065813848298,130.44964915026938,837.8702473764798,1359.2880165891668,1267.2562581282616,396.11195758567766,1001.9865210784815,1464.7868061066577,565.9075347475499,862.4209604523845,2554.7162789853264,475.5754658803374,995.2753378653091,1452.9996829822512,1730.1946791554928,847.2399144102314,1616.3655194708613,2160.158295842085,333.25,11579,358.8619384821267,24183.692551622902,6939.9146301008295
49.20122241973877,1171.6550930467185,1888.1023495255838,4688.703439061761,459.1211969809795,410.6759979267218,1033.8992735173983,906.6009279629707,96.10046949812919,776.3913446001384,1438.570370572113,182.43169853513172,643.0949048828928,2240.718489295476,225.23210367998794,366.4332718564209,1022.4401456106966,996.7991473655526,175.9315091595939,1071.8819044222053,2029.5640833901325,313.28846153846155,11086,373.2133582899263,25234.015559812964,6439.862462890501
49.31458139419556,771.611847026733,1568.8675329211846,4360.722885559398,810.5853990002596,299.52053455229327,1250.5203598449507,658.4111185083364,634.7033892443528,1304.187574874636,890.099480567045,136.0411967331941,436.56077213322675,1981.0878722808877,555.8359362612023,257.05443528827277,1175.6614709901912,703.6802339384216,791.3940354108985,1738.4632839187618,1266.9008321803929,326.4935897435897,10668,301.31399856376197,11741.244945020766,5462.392221517822
49.42832899093628,529.2471845654477,1707.4683409090924,4586.946496513976,561.3243572834109,275.6170306714393,1015.5466858293241,459.30315855306,727.178138568253,1455.436630228773,651.772418116133,83.4012178731473,534.6303070656257,2141.636252070922,347.14908221192604,210.3000934917113,922.3689638968171,480.0579917528464,854.8269232379369,1890.2462815359052,922.4007761003171,301.9551282051282,10436,293.86902834695877,12461.086726489424,5764.245261013406
49.54185175895691,542.543462834851,1696.8679836839508,4574.19696418191,573.8009059991654,270.2909532824486,1030.2846453815448,472.9910635652228,713.2122150194375,1424.7739084673287,693.2836696673427,174.4347731292406,543.9678148566301,2057.5954698607347,456.07086277682276,260.4421520187965,1013.1375385238769,569.7245576585383,782.3600089494074,1851.8466648490746,881.5793889260403,285.79120879120876,10431,303.52121887429064,11000.4748110751,5558.337695934453
49.65714383125305,538.2245310318207,1716.0786003012663,4552.671884006498,622.3572636795382,301.3488613881187,1068.8347022593719,506.7013069386877,710.4943366526563,1490.7808812364547,632.9578697992805,393.3812566077492,449.8338292688535,1824.2226797351004,558.6895625351664,525.3479822224339,728.2979490532905,246.61043480978822,1127.1536641807522,2043.1466115644607,1192.2455200665768,290.92857142857144,10417,305.31043871955296,14183.233680081072,5957.928700713925
49.77535557746887,619.4148740893378,1642.4338759250104,4845.011357956857,521.1056546668523,172.43953072343785,1427.616453735036,899.4837468363462,686.7301607404794,1829.0270962647357,821.191130244755,574.2335884709086,99.75236773440842,2144.490626680083,167.09867485827556,381.8281312532948,1300.3065317815672,1156.1714012799023,414.548324169667,2229.355939579332,987.2652080951858,252.76923076923077,10723,264.5768068123829,27278.55142795365,5204.6296679737525
49.8884391784668,761.5513644620394,1887.0443985123482,4036.019196048821,888.2819240197808,725.8617904030398,605.5696347925231,597.6313580443875,525.7647174730347,943.9062337418552,157.6452481407506,120.21325268374963,589.0512506936983,1885.0937600806117,547.6440435442081,554.2197337331671,551.0784566701611,623.8894862531296,617.6933996364152,1226.7121718902158,221.6443107693906,276.46153846153845,9906,262.66137642272554,15617.919469295543,5537.862094709722
50.00248694419861,344.85155381580637,2081.1534792560615,4391.636651991236,1225.816313161329,1022.6421899340506,317.9553163869343,588.9031206077198,944.079836212776,531.4263399300265,570.7489833835801,162.9181925623285,747.5037410729832,1861.3823429271602,638.4647399259668,611.4703104381464,451.07363196562665,418.85423720976127,1156.2020582601322,573.7570536111837,943.0084690183111,321.434065934066,10475,354.33127578423046,24153.341699863777,6554.170372458378
50.11661148071289,221.2430857313137,2253.033253625774,4233.5383004822625,1196.8886768012853,890.1617742650167,477.2319207909633,379.2971072247975,1082.598577058553,301.17997443841756,823.2710477045463,378.7315949523999,724.9903949950502,1879.4811988372023,368.1504916879825,557.8225652696099,642.201967974191,697.7310430150729,1448.5805409931709,642.6604296200373,963.7804585978207,304.92857142857144,10643,326.5436753788607,17552.79661239456,6413.486207790644
50.23364233970642,318.6289987355358,2631.25862053358,3813.0597633735442,938.6980567377716,473.8084584962947,849.962086721266,528.3108243081867,1411.8985855471108,493.0923561551997,744.594239894413,73.02824326201011,844.579580171674,1763.5846468042078,590.6946120239617,338.1340192311164,801.094251474819,566.4361472809431,1686.7130842837628,665.1927939245957,1049.0228770888432,300.9761904761905,11081,292.72129715514177,16852.59858582245,5943.660279794472
50.349323987960815,266.8136707703226,2543.73786499187,3914.2524839519024,1173.0308977702932,426.79047436453175,1063.9258494901146,646.6636219792603,1580.0326560166318,677.8161127592549,609.3799228944195,72.41513048288671,828.0315615507989,1795.4346168030427,701.8497894311129,298.02612831800207,957.9808218997301,681.1883966080368,1826.3993911976386,860.2723032711318,862.1550627181236,309.65934065934067,10810,349.9294613207404,17344.03418351146,6383.924100640759
50.4655601978302,940.7774254781273,2916.910532850729,3557.0440134720875,1298.044947138517,310.73404214118045,1261.3008143638476,1032.8570238652342,865.091928667976,276.1172495985316,1194.856141124768,372.15196715915533,1157.1358798265983,1424.5950054827204,482.8004644997911,307.65902604846565,823.3175341844749,775.317346702275,1239.657030723507,161.35642815416543,1575.9705433070928,306.11538461538464,10046,312.66470913128,16587.16905826916,5727.584044320112
50.58184361457825,1429.9300812361316,3386.659451850874,3082.493361281914,1013.2250131972423,581.8638395752808,804.8724823225695,588.3397583309716,1270.6676423736935,377.2877794389798,794.3752787189644,288.460479817495,1098.7868678533707,1458.9057555627612,501.2855173358023,283.0403449880236,786.4705702535327,672.202661322017,1449.7007363716227,491.14167685139074,1180.8284855858267,301.3076923076923,9546,286.61572387475496,16795.2021252882,5907.312577593129
50.69829440116882,1023.7875899754096,2987.0460083605676,3396.276977719838,1398.080022935512,867.7730246819385,826.8924865794176,540.8020790203642,1454.6415493316429,548.186119954515,658.7194018720816,576.6597301172114,1322.3741317750237,1151.369487558229,524.3806153543998,577.658631808977,625.9375474788743,640.9253415900934,1353.8257859918035,275.8580504458268,1375.503786255506,304.0769230769231,10003,283.38700971420724,17864.112951402967,5625.497374309573
50.8149049282074,1031.120117558349,2836.5792434361088,3307.4209584690248,1699.223280080035,1554.8140954792514,423.9651581858881,808.5253916721988,1113.440144641204,431.1914044604787,1515.123567846896,682.173244380904,1419.4369479890186,1042.4780529050336,492.7097658065407,658.0017885392016,629.8493412248321,738.1523468297177,1223.7566543060057,115.17020683476096,1587.837845940928,315.6978021978022,11193,313.9386165726613,17842.082395143152,6096.387857164406
50.93197226524353,1544.3275472060684,3248.471858652093,2897.1839885298805,1420.0327448778967,1319.209243094782,782.3758279355033,879.1243509199315,941.1969421905341,68.50458925114998,1157.0848749077945,383.7791554734606,1137.4889591662313,1280.0744896452254,763.0236966950614,904.8337298011253,473.4131029833819,729.8145881747829,1257.9740748943227,295.7245354928068,1876.8566710686619,324.1373626373626,11770,323.11737913609585,17579.401743135033,5928.934589743658
51.045658588409424,1682.673896060105,3383.548033945261,2767.2734610499933,1297.1073207875586,1209.7537901868939,713.8564492623386,794.1423109618622,992.9590291686822,100.8901842120607,1177.3674272411793,390.311339686939,1145.991901220677,1172.0690810667923,675.8132996838967,707.06958960869,692.9738697965602,581.2823025750117,1427.3656162979346,396.36189428479105,1933.1181264327852,323.30769230769226,11909,349.59863258739813,16969.850614959694,6551.399811787712
51.158894777297974,1353.7998381293612,3094.641298196055,2957.9705975614643,1436.2892981329067,1182.5710629714756,935.2495810854547,636.8270947640194,1290.7230577755404,390.3561280235351,1459.157971721113,1119.81491144392,1868.821940027547,417.69108042214975,162.24579155128893,724.094545749732,178.67628950362422,1168.3673593463727,629.9549312566812,507.5745358158606,1067.0616679839547,269.0769230769231,11589,386.7697863433493,21510.169375880832,6702.211448841774
51.27258372306824,1006.6845204851537,3076.5716267041025,2715.972372659976,961.8546702189266,235.46524593926767,431.37672497632633,949.072056985822,705.3575712663586,248.56339504584042,988.3361261241855,230.27515504997024,1032.3309516096306,1195.0774487258193,527.5731447744569,161.51032266846025,349.4057540336947,897.3292004892111,923.7632679515579,339.6780337060309,1394.8925164587522,261.7692307692308,9882,317.02889433693167,17046.999819058135,5371.73327171995
51.38688659667969,1136.0450621154773,3213.738478455218,2573.5022783185796,826.3878998582697,228.78904305654703,400.7245197112134,787.1328900688238,864.6573276777623,416.57489897947073,802.7997513041356,322.9900109804865,1057.8350809895096,1236.6072368440962,647.3724446620142,61.70123183355237,584.7588852748812,941.5433302621906,908.549101568704,595.5243921395057,1157.5655253618852,271.2307692307692,9760,321.91660309116276,17012.562876700664,5700.461442348127
51.50101852416992,968.8324144334752,3045.711809697805,2726.3510134547646,928.1412029287391,326.00028779256183,303.8102507227653,846.8217233042438,867.2809193891211,349.18641216921463,882.429890990499,273.1005667486811,1082.0488407748278,1089.4254427287444,344.8155250814586,289.93317769303536,373.40779047550745,766.1047144655831,1011.1188144535972,513.9380845551017,1237.7824345773377,266.532967032967,9938,316.1262912152927,17498.503960514798,5514.264687959213
51.61487889289856,209.20087012403764,2431.021740702853,3041.9954174558925,867.9445013673202,1213.5054369839843,865.4594430596337,404.2137411965547,1320.7747889798836,933.7797606339204,1072.7416611157184,662.7139685326987,1403.1269381934464,775.959250463293,110.40056161796572,511.30453874549676,662.9883972922499,790.0845270875025,984.2277939352217,598.0063495709101,1263.6987281689014,274.1538461538462,11045,299.8765713343202,17142.633132964238,5536.163204084987
51.73020076751709,833.7617176410755,2673.670750864391,2764.927405178397,603.019328931935,1119.1699387482424,897.3076749309361,637.7919023149326,1022.5074260654808,695.4397339793505,992.7719801193682,129.22585903165597,842.2313934860849,1287.061109057903,369.1823189391981,854.4203319499331,812.6138871885062,661.1301092080106,1207.6135658157536,905.8573955793016,1414.4839213719122,276.96153846153845,11684,338.664074572196,19143.829950261512,5497.873324558922
51.847437143325806,560.7037260014511,2350.1470598342776,3068.049017940268,888.6030279715199,1322.7363016159843,1050.4043133702698,835.5614753511493,1048.8036829979114,922.4151250554654,951.4335930682473,66.04908715923595,731.0528561435146,1457.8470437351657,580.3368028201261,1055.4238300732727,999.774987254094,918.3244960780162,1201.3595857227003,1193.735111330343,1316.3368420078573,248.9945054945055,11353,247.11515759178653,13589.043563104064,4557.723860113224
51.96057462692261,481.44106681484425,2129.4613531629248,3132.2602975557047,869.511671532428,1063.4853980121225,698.4424507683806,456.9227005613092,1212.6288484913957,772.6820467848888,959.9467076880462,993.3105161491093,1482.5013882793162,578.728772761378,380.46189240449115,805.8298422572453,1126.4257564832749,1163.869250098667,529.7363152332666,642.222519759689,643.4254017744441,200.7142857142857,11068,248.71586994504798,22109.653147130797,4248.562998231791
52.07473087310791,1058.0129271970566,1818.7525664645218,3184.5745544036454,1011.5095360741308,255.79738125408352,449.11034766499506,709.4867204581755,1073.469123464256,163.6869084738808,288.06764744794225,252.12786923653135,717.2370179886294,1352.6112270831882,479.32053979318493,277.258669666448,361.7019881048838,609.9310167910397,1274.5801578640796,213.45171058935125,529.9814259815188,218.04945054945054,10183,238.26572838437752,10543.269149874435,4127.925596014164
52.188960790634155,1404.5732626645909,2055.9305985122332,2924.37735648481,798.8522856309196,266.57127809158004,456.1429691565473,701.5175312647731,1020.8858386079112,179.82907697697826,51.92836560855758,241.18517057657485,692.608243935494,1421.0528340037447,587.3274258624548,239.7360876996791,434.767004632379,885.4749108835883,1116.2101977950515,315.8294802699284,188.17267425254886,221.92857142857142,9840,237.05969066149345,10089.071402015144,4309.894312430966
52.30415964126587,1011.7134006035272,1631.8402412888552,3277.9988852442075,1104.4762859907123,250.35831113396102,816.2718054018981,700.8021955857142,1001.7553094560034,213.66074932107387,363.10310645769664,254.81658987910475,573.631828276716,1419.0918070775058,561.5636114144831,187.4094364459334,618.999047077859,704.9000254256996,1143.8385083728049,155.36491351336542,443.1713350966804,241.33333333333334,10274,240.826704341758,10955.046887328175,4356.663002893701
52.41978645324707,870.023122146272,1019.5118440306236,3545.3788938806715,1298.909879940612,1260.2865206625988,846.7361678721592,488.3439764127187,1640.333126816943,758.061546290389,525.8844260271138,440.0112889266696,644.2572932137551,1332.302132224976,479.44918365348695,670.785472144446,507.544225691633,365.1061983591136,1687.0909511460559,711.2171380155112,454.0924292277422,264.23333333333335,11452,249.79902870835897,11513.236179000134,4675.284305424466
52.53522753715515,1347.5745298746986,1394.3826638709654,3244.42277465105,1002.2873641646318,1171.3602969475892,401.19031803268655,544.506923327195,1295.4722601930569,458.4476620868459,288.4719751681654,218.46435255355192,444.77154494648204,1502.2818306458269,608.1541200416735,879.4310633699173,380.2244063780082,548.8093639759551,1546.8778352734553,617.798380307271,426.2787200562052,268.375,11998,262.6542379861901,14586.594937445898,4683.935880610754
52.650500535964966,1294.0797280691725,1339.21548239421,3301.0971965077892,1064.5044145719423,1236.6568187235964,425.4258987181814,624.966542249927,1215.6456215564658,354.9748837471775,178.5489806530843,431.8828604726816,631.2841152462199,1438.7404585575594,483.8516902898679,730.6160927734601,305.92104665516626,329.04068908800485,1760.9800060486257,827.8193913768048,553.468375136524,252.40000000000003,11929,258.8068303486987,13087.733106854415,4739.997384341601
52.76685547828674,527.0963415247875,931.6464022196931,3736.157521010751,1220.7706907003972,1155.8216451698393,376.7747449460703,190.1191222367486,1613.8392477981527,624.2089468098676,245.35895814623987,582.0671753196079,788.5437855531478,1236.9612341723769,355.17993948339864,748.0257912433729,410.1708251858327,644.4913299990147,1400.6256579627177,635.609824526419,645.7465827143765,254.12857142857143,11050,240.24571883279532,12890.943196077262,4374.793227367617
52.88568663597107,907.9840926093906,1676.0991650008098,3352.246380694692,598.8010792228492,394.4820124565282,898.122998683934,874.9107324639996,838.7521116479583,573.4090347019194,789.4977820484194,367.1290375882414,632.9704742652281,1372.3204911684697,295.6386542394242,585.3383578388625,546.275644821577,735.7529123137109,1244.830978380392,703.4146304957978,867.9509142752858,252.21428571428572,10101,233.64878244792408,13285.2721118605,4358.722821825359
53.0288302898407,1011.4535119196062,1802.241408786749,3283.4569864514497,511.7293064761802,420.2986411214665,1013.8841866681306,1081.7992003108177,773.3139904321987,865.2751437021074,894.8871667368909,308.7808280701747,736.2204106979177,1534.4281669570526,352.2714977718154,525.6282335899216,1002.749106087823,1240.9712584657,1125.0056695622488,1200.3806504446882,1101.0428953288535,256.4190476190476,9981,228.29408595042005,13752.668666910426,4672.704716138236
53.14036297798157,510.5103654193186,1589.9481343368063,3663.1784650900754,847.1915483347881,803.511866024955,1293.6134714587276,1325.5326329496472,1409.5639866761248,839.4959835458627,165.83277789704954,317.57382715282466,758.9566456623447,1451.731411919745,261.38248399285897,522.7552197882715,972.2716639647791,1245.9604793761062,1393.4652102077664,1146.2382035896474,463.86648182289105,302.1095238095238,10526,292.27768467347636,14325.021518604633,5926.442380368863
53.25395202636719,390.82701849727977,1869.3690117129165,3649.063098938955,865.0048147349087,1175.2042182306661,840.4058804028308,823.4503709435019,1154.0422161515237,618.1901155297436,605.2047877868765,65.31789638633686,587.3534900502285,1699.3689742535369,530.0271751676976,894.2534823186638,766.4328251990441,865.781277191261,1359.9153562409326,801.172175539023,852.2823700011601,314.8666666666667,11110,236.4646398934864,14387.668847597477,5168.667817606474
53.36809182167053,455.0816263790239,1947.9130394157298,3604.3366101158927,832.9169097144317,1179.12235772904,750.6379942062583,800.3132098206312,1043.7328418162754,749.6841704181411,561.6268210942593,177.85294242171292,667.8422715037757,1702.458544108428,530.5616687834738,907.242217197752,612.4317878815752,974.0559726442319,1255.7724724198404,985.5845987108424,642.5882070854923,310.80000000000007,11190,293.2831602500906,13930.439484932227,5656.732466361618
53.48119497299194,384.51619243534583,1851.150527016553,3712.45017588303,967.1263621748452,1336.7477641004018,613.7466071566884,656.4689389747749,814.8386929492475,1002.9322959563049,369.5976783095714,175.47512509710444,713.9177140276921,1599.3127149811398,427.15578193987795,849.2578700155448,723.014464111165,708.2283428603411,1053.4755702144391,1254.1135330520417,696.9423067150492,315.7476190476191,11104,266.7305095247094,14034.560010329602,5433.187461780504
53.594704151153564,559.5105255760104,1784.1418833962678,3796.743816009707,744.4685513940964,674.8402781360477,1227.3752342059302,861.6489839111614,1038.7230500664618,1109.1597670794504,573.9699883932616,447.2458691493862,958.6509439602183,1394.3286780557057,327.77396273473346,840.1469727588257,712.8899838542625,758.0818253783118,1156.9877101841294,1059.426102293974,838.9444219639014,300.5,10149,261.10141326662904,13746.198983001736,5146.475288367039
53.70823001861572,1066.2869940079675,2203.0009073704055,3443.067647113947,361.2352276154561,583.5209509159188,1236.1753549604061,362.54219016221043,621.2999376422845,1036.6355957778399,391.42306443643366,164.86366496516175,711.9167057080191,1587.0418737122227,223.58788510154994,485.7894051974563,1073.7842233454012,491.07330103891303,800.981965543051,1384.8820308572224,478.650259846216,319.2032967032967,9624,266.7950273882263,14063.393460153811,4919.523783742825
53.82458424568176,841.6452610767525,1925.1908236939257,3706.76459415034,625.5320758217009,533.2467359535457,1416.2256570371367,178.1794345838638,704.2459099414901,717.693443233717,777.8653216857912,438.4306493018939,827.1355980533533,1546.854998831447,335.2287573703458,722.8852723785195,992.1822488046921,496.39077034608,1066.1118820765987,908.4015139204735,935.521647318143,341.93589743589746,9928,254.2383201024092,14656.197706630493,4933.290283520584
53.94075298309326,774.0805192175161,1692.6485475613995,3881.9268649623586,868.7285225637023,1050.7716328679005,1077.4924951536455,670.5403619296522,1055.9687014601652,907.4158360408316,359.19906213604577,486.2447899414538,898.1368395647232,1444.453187872484,229.44675307658383,726.9206847005452,903.4991421668007,493.86739358598146,878.1447292820426,1235.2399002830505,689.0149464904468,356.14102564102564,10472,280.8296300666474,14822.043827473597,5412.363713224065
54.054718017578125,1367.959018079909,2045.96903358522,3624.1915956437233,970.1183254178787,1466.5810748676806,644.8777321842731,743.4352539670263,459.3692779843265,1150.3637641504422,862.456175203712,550.4825840176808,965.2423925972141,1373.791972929181,165.78808037350564,691.3437146350034,961.7346878510432,404.38259061500526,762.4464559042215,1166.8973038259721,881.9222241755809,351.5192307692308,11308,267.29741130613945,14360.5719459802,5003.314013474575
54.16725444793701,1339.0136365968456,2009.3156329565034,3673.5570689011065,1061.3399557790892,1569.2354057053712,682.3666902942127,757.7098438104176,257.33856169514104,1011.0155384719739,948.0463936090171,215.37383923803645,629.5857068434084,1715.951916063269,643.8222905250271,1196.123750829537,583.5202948036613,818.7860392996208,316.7999615616892,1351.3364631627492,1367.1477637322735,365.9090909090909,11297,306.76429218494684,15315.956808502739,5449.553303792031
54.280447006225586,1175.6058052051217,1874.6337834182366,3776.072366526589,1182.1059334915146,1604.325317800725,893.2968227911612,538.8214707180135,438.54027933337767,981.7460285919477,748.0864576757232,184.91896982151604,521.5674243138828,1853.8880423862504,814.0982748935666,1337.4742356666313,815.9988855055888,602.2366235807918,474.20926817236534,1162.261543601787,966.2145208113701,370.6363636363636,11128,347.0857786912697,16983.916293000897,5946.002369420681
54.39601731300354,692.9171199041724,1731.3447435353546,3790.204457743691,1251.5432015725148,1133.3685995503315,1178.967739869112,791.9294125559223,811.0918141015526,1522.2119869266778,1367.2308657444664,919.4954523328037,1324.8663008511471,1174.153080400391,422.6749016019462,1285.0512412622954,644.8744814768513,579.4211579947931,708.3748406594159,1601.0793108782816,1515.7135183258138,303.6181818181818,10417,282.38246152124174,25600.174300038772,5062.082876146731
54.512251138687134,880.1658689145124,2176.4729041886694,3357.552966296805,928.4718570243812,557.2372710204233,696.6052927459706,1274.606341150216,234.7294369259736,717.0984406687865,537.6450870215622,179.41279428151446,667.116850637846,1627.8408476674529,687.8541984979869,307.9856631176787,604.791521723795,1484.265632979843,281.3166915435185,738.1011102769999,603.2589833491884,287.0,9721,231.83305521040205,9803.184614811682,4518.957121770256
54.62825345993042,843.5345150785297,2152.1065451434497,3369.0791497185587,941.9343919026425,534.614121502316,578.165955487229,1258.795906290835,53.396681039505516,759.8498536509454,674.4840222238919,269.2733832745144,826.3465897606656,1409.466772255061,440.5601095248477,657.0319996775858,307.4420038387646,1047.9086566856752,232.75503813367123,1244.8749842608095,1128.502059200447,303.97727272727275,9746,264.34091933042777,9890.765281662283,4881.417376623109
54.7438862323761,144.5636316974625,1589.2168620073141,3829.884486489135,1425.5937582801207,956.4503051715621,324.1885959076991,1037.8795189681139,684.6023998801077,1475.151231806226,1318.5540695017344,169.83345824577114,686.4449138763455,1597.5877746222475,690.8983715695205,682.9651960399137,132.13386337935722,1057.2942386842124,613.0254384777,1726.7809625034847,1722.8619193709696,329.3333333333333,10576,293.7362237588312,9075.195422806524,5418.485627227708
54.860111713409424,608.5510620150956,1793.068654698659,3641.2052693850214,1229.7774803906814,1299.8329092760152,274.4866463485316,820.2964989383327,231.00668404955906,988.5212911306936,1024.2384544634701,295.231803247961,813.4353249177124,1466.2114076452915,555.3150034045714,679.4825494115051,123.52028068618758,1071.698359381963,472.5503987245947,1597.3259226931777,1641.8712428333158,319.5,11227,342.16607940917584,19471.80030516842,5678.167380236924
54.97490572929382,685.8469980803629,1856.3486667459795,3578.3370908379416,1153.230136629557,1277.0975572061336,284.34941306930057,929.3181022950598,219.3885195564004,1063.5795293034435,1052.7055183557102,96.72070653429674,577.7285086611411,1678.397670231458,725.8555395857886,987.1795183622544,266.00293166357136,963.9680928851678,242.19594568765854,1372.693358597656,1501.7999428381372,328.560606060606,11340,359.0245965952291,19933.931766859107,5799.148592516556
55.09046530723572,635.9018237353438,1459.0466441063802,3812.4553067612355,1098.1241771433363,1240.1842878692917,531.4364089885044,1229.1884592253775,778.3026824289378,1158.424866660345,545.036671102074,235.71094488552325,585.6147349128883,1644.0651467303187,538.3923809011839,810.5035044545263,377.6516892718594,1149.5398403870706,844.1591626843756,1365.2171995554938,907.214267072898,333.3636363636364,10760,357.22377839103274,19339.735378672103,5823.301382370945
55.20455741882324,1269.7241364501233,1603.9448618768565,3622.343060366545,647.3218195074064,591.7445612254061,596.6311359665741,630.060459627898,607.6383898847808,673.9861207991246,1177.1665986736634,190.21707495072948,453.1289319843554,1747.7190415828863,452.0360629605854,471.6376401860591,604.1859801575952,667.4284927639474,769.6128199143448,817.229806166562,1721.4351851475249,275.0,9961,312.442532667229,19675.519822882496,5482.953669412471
55.318225383758545,1442.9128762289843,1743.2873473111158,3496.314137063954,499.13870993638363,442.2368725440022,525.3851463158543,526.786096528169,459.8273430523599,814.7756413268839,1096.8428349150274,332.88620821386075,542.1573607635563,1693.7967949489907,352.0783356227033,105.60110943091138,550.4631710387729,406.6730728741909,307.91031781479995,1294.1846797514027,1355.9556401494867,265.45454545454544,9762,302.6720669351414,20131.69111280069,5295.92998254335
55.43056917190552,1504.458110832169,1804.7843514009433,3443.910428386791,483.7930241035211,503.96392347279135,527.4288744103603,560.6881658998658,517.6203977637448,782.3306344504181,1147.2955381170398,259.8966627410498,587.9718686013102,1569.8722924176686,243.0110264265273,386.4826525816962,426.7446721586092,639.4576832863953,647.8268676718927,960.894764272722,1669.3205223199318,277.45454545454544,9696,287.7494101602449,19549.30385381339,4829.96087776384
55.544124126434326,839.9554530841858,1267.1806929545664,3818.6415134715353,681.60866010236,549.4045958352827,322.8239457380161,1221.5714769945826,1049.5857979744724,260.2956395989911,1718.7135315788412,395.4859589202513,666.6813336186191,1512.8566148265288,185.10023173142727,466.0335909076339,43.92911543353934,1103.1385310444612,1055.3910826632905,444.6913024315543,2180.1812008273014,301.90909090909093,10591,347.0702526228147,19970.914629449057,5465.995811377557
55.65770506858826,918.2889998460553,1542.9504379210234,3517.5955580159007,487.5460288199147,703.5173302792409,56.047736638090065,922.4889078775547,760.6299127406212,488.17274021334015,1625.7370818121085,165.95461843372635,494.4761543404918,1633.8339963254243,284.6855854325722,513.4410308465149,25.457393743043827,982.8810233010797,920.0871750635789,608.2841833326901,2306.2230179439644,285.72727272727275,11084,323.5891350328815,19659.715451036875,5092.13862177352
55.7713623046875,833.8297716309295,1407.4147162766913,3660.4052502565264,621.4089792444164,799.2475017950679,171.0458897187159,978.77226502,716.5614938628482,574.1539387281399,1484.4815104462687,96.10261358427312,459.4173902255119,1664.9522566296728,342.70424122474475,581.6021394236783,88.6220944457755,1002.484244605815,888.0240539646131,669.4725422859434,2118.0884867273894,274.75,10940,331.061335021632,19545.092193322598,5293.270639469969
55.8871967792511,538.5463884841155,1029.4640966783688,3900.2145613990588,869.3433941592683,1039.5996773085349,363.3162911789021,714.8925120068296,831.3227451969134,353.40893105154026,1656.267609885944,384.3145075973078,736.3971972955898,1376.159688605668,111.66194096330798,351.0262720477478,120.70996302884794,1135.193382622995,902.2805602324752,759.3876910750677,2208.0065401614593,253.19871794871793,10504,331.4529631861843,19111.166921920223,5291.088450796204
56.004080057144165,385.3517742789704,979.6322801599208,3793.9587927019375,797.5498199272766,807.7396544601912,296.20674255745536,1092.6625743567201,930.467198934576,508.2496504606454,1494.617139374543,389.8589403988924,738.2310750847656,1464.7116462166894,290.6053664230106,656.8414789587828,265.11281683673275,724.1072514727022,907.2469863774406,445.2565116521133,2255.1971711130846,246.33333333333331,10071,332.59835540637323,19113.659110417342,5151.839166804784
56.11813926696777,606.7257611210317,1339.6219267992024,3387.771824034648,493.3814324115032,299.87064713732224,304.90184764966085,1089.9480116503166,408.6317862684947,740.0086520488637,1957.9334716181127,142.89554128134196,413.3732506128957,1582.232363369904,328.7562113458077,174.8487217053798,328.6609243565606,1148.6621800355244,428.5565412003902,977.1342359661535,2789.1092561863416,247.9230769230769,9563,332.6842734300942,19711.93091942661,5540.113200517486
56.232444047927856,607.3165498683923,1241.5850493017938,3428.799348309584,595.3818818702979,80.38620331034569,543.4078800053778,924.54028268105,488.0471571440081,474.5589526917552,1581.727866001762,521.1029740567324,711.2667308463436,1295.3662312527883,403.63794338461946,476.73918542221713,581.8485326302157,550.586391290957,960.6648932520347,285.0771803368059,2057.493789990939,254.84615384615384,9681,364.3198349854621,20226.7917785834,5760.340160343868
56.34669280052185,1423.255513311908,1044.575275008055,3862.9928122196056,1527.5598742751558,1142.9726265191844,1398.8725713297624,348.7907302930183,1433.2337004012957,422.51739244793475,1236.014961225761,325.3816231276057,466.2031640791996,1614.7593536308664,734.5628610858832,665.3530479137559,1117.7028128781365,462.80138015748173,1596.7618996751241,513.5858024981311,1538.1533485967411,302.46153846153845,10952,364.3938403497332,19672.101357160547,6187.5977384060525
56.4629442691803,1858.838895105626,1463.621524701055,3589.251565628839,1389.9493623432447,1029.4118386672965,1019.1662467948114,337.0850677191689,1086.4705726549596,207.24774627509117,982.364781357049,329.1120168023894,491.231514325776,1709.4276391113633,918.0233746165704,837.2247752846788,843.5107442643431,413.60685889245764,1187.7663389467573,317.553349302881,1284.3402656622059,300.6923076923077,11394,369.75968223606446,20616.109623268374,6676.53059454705
56.578633308410645,1723.9015590495915,1357.6516735291416,3725.9198716521896,1530.6543681194933,1135.66015802477,872.2291311602296,493.23337319444335,1016.2999813440218,400.70501035719934,856.4913879130992,646.172501556698,840.8313551120644,1514.6351060054424,756.5653115617913,532.4972532181099,719.7094389359645,753.316012855229,1655.7364492045958,615.715943087876,1673.9190781799134,290.3076923076923,11260,385.4081732597191,17132.14866579906,6392.396474100234
56.69440746307373,1379.6079569144752,1219.296204812952,4028.8970090540565,1813.2105209313834,1265.3151940707571,423.6245080198545,918.0263832016905,1371.8219174229444,731.1315013254955,1223.1066716391147,574.2560315073823,747.1344561910943,1507.5552597746346,749.909770465888,708.8168556360672,759.7061879624187,600.5667214138008,1259.5761954318812,790.1275742703162,1367.294029139899,298.0,10796,326.9785953036483,20348.62237091268,5838.66807976744
56.810349464416504,1314.7507508160074,1688.8669582958617,3814.8737810179823,1429.6997254310477,661.9585277736127,967.696922014674,363.14576931627795,930.3610282701062,588.6257745309296,786.5883459445823,58.55971546300572,502.63383263353717,1932.263653364815,988.7997812425951,428.82182889948956,1001.3739457472135,305.3381736336799,1043.1974718127412,759.2212363043194,945.5217164014787,275.3333333333333,10127,290.69051435159383,13877.480763421827,5312.312268686612
56.92588686943054,1517.8342374051806,2067.617218594242,3474.9932241516626,1068.0808718387561,685.6442081355882,1040.185601984331,525.1288257387722,981.1356300805602,750.2009546404859,1051.2303947955768,440.7275184010663,617.3465695876874,1647.965046911779,853.3226038091141,665.8032101956246,753.7791577630759,512.2724487440559,1166.7294732959447,807.9377604516343,1263.295209167157,280.3333333333333,9734,307.02445496494033,13695.194403245874,5420.422934486187
57.041656494140625,931.4751851146161,1785.537075242352,3840.0480997410923,880.0101869776431,760.628178862603,1361.891210647388,1008.345321745726,1429.14172564324,470.9879994883431,720.7448988158695,589.504179466429,1213.0298412075256,1175.7166123990633,323.08866240321913,1035.5212722411134,587.5913336058335,832.1208533789397,1335.6937891006412,762.4609950138671,1278.1163559124955,286.33516483516485,10419,375.545034202216,14677.505085832947,6389.455696406567
57.15771484375,439.03837784173214,2060.7571766873084,3754.9417102121984,411.7160279073754,1297.3084145897294,993.7589804328438,1013.1687806695658,1272.0287575783968,539.443531868379,926.5478934435762,217.9977377429621,832.7477351148381,1529.7266669185271,290.595693470476,787.4340918377062,909.2061043511064,888.6655176632368,1453.7960188080235,658.8949576278516,1183.7344526052282,331.38461538461536,11016,361.86003747555867,14410.049465263604,5960.568371431227
57.27184343338013,304.5935140358446,2266.791962614582,3588.485361990723,190.0639120423248,1319.5641183319276,816.6860446398384,794.5043701643364,1111.6814731953896,614.1224667714791,908.3703089019237,352.3975115205531,776.8178368807316,1750.251879319384,224.46605321919236,1244.144313705171,460.0528552317976,526.4639497512112,1117.8022756783857,942.5662048338866,1210.841701072003,332.0,11259,390.77107534400056,13714.548757331851,6627.053557714222
57.38605213165283,409.63952083772915,2126.4806816545524,3728.4533873273413,259.1985495743817,1448.2931190885806,721.7485201709937,749.9139784201709,994.6201234774297,716.16350098254,955.6928196346498,331.90357937761195,880.7658620712652,1542.943186537481,142.95203219728847,906.2921202698101,850.2497490940251,920.3041584803052,1466.377171605338,772.7688153232317,1458.8096267508781,324.5833333333333,11140,375.39335005555284,13772.92180164163,6209.503415850613
57.50033521652222,821.2149657821398,1930.3854208719624,3860.002964916763,282.5279280098535,1452.2839475071414,813.0573458766102,812.845848702411,1341.846838387999,563.299164552278,1126.4917895649062,204.81686696567584,765.8091848326819,1639.796885351364,50.67179223802721,978.7940023514378,792.0070306865086,892.1552313445213,1432.2607707171412,827.6832279615678,1519.632080355361,312.65384615384613,10728,356.3587496757663,13926.951495217116,5977.637913037655
57.614362478256226,1484.7924366410205,2280.502255572288,3406.5559154280895,466.072991457761,924.0521245441237,1063.1208874220622,896.6300159683162,918.0268178495602,575.6186115803566,816.0939908552975,219.58302660999703,771.8645657686533,1568.519055960881,181.48909630477297,821.2273987340646,867.6928064504475,879.5676525781796,1190.24604003108,744.0415338491396,1253.0448798993505,301.9230769230769,10022,346.5961679589374,13977.559221140513,5857.556030239223
57.72761154174805,1442.386832848154,2240.5509732299874,3453.1743481808703,450.22535695185746,930.2853826802306,1091.5529367428696,951.2967599624791,901.979068350414,652.1175295775952,768.0058297037932,196.54441252375324,695.1379445329046,1647.9931541737053,257.3727797511474,717.9772417536295,1032.82609307799,1047.5186372721842,1012.6854315977884,870.1650190926948,1038.3208721782848,314.3076923076923,10079,342.6449600167004,13891.423386655113,5900.177364095167
57.841516733169556,1191.8597369898453,1836.4981466367035,3614.99823083333,910.2821422354795,733.9260999893622,976.8174845730472,538.041819053872,1268.9654841524064,682.0183194114169,1018.5105582968147,448.10230726763433,799.8708565333924,1423.793919133226,460.87706495702224,809.6122378552734,722.5842523498875,747.1987125226489,1355.6357349440982,966.2302773367537,1182.0365424146796,327.8333333333333,10576,363.58685667215855,14341.341763609018,5669.357792664867
57.95628762245178,1207.5456602921124,1709.7919045125825,3519.629871783965,1138.7110895146686,1058.4423075503146,629.1634426920722,577.3498854575947,1340.2519839548163,923.4519500328062,767.4021266714517,187.6796729437981,533.005404452641,1644.654582781887,705.7283258396806,811.240476825737,569.5974393186483,603.8869456274268,1576.0458512380458,1200.7491061790436,1083.3068464309727,319.5,10961,369.0818877397721,13747.448759092635,5817.026840844442
58.073222398757935,1076.5837160999138,1575.1846984374108,3780.382035352956,1349.602542378412,1118.781145789883,497.01063438703466,679.1900437013938,1397.2328364509272,1048.56799185664,567.9950568890786,117.14335331968846,443.81086673863626,1754.6023583033611,847.6467110667905,900.112733571938,415.52079762502484,729.727391051758,1586.2858963251845,1300.5879921094183,865.2114394101361,335.9038461538462,10693,365.67774220642264,14539.770469677127,5466.373403760337
58.187516927719116,1105.1856039965635,1611.733659715662,3740.2408164759186,1306.9158611286389,1077.7657971365702,536.1573490762498,646.5068194097965,1427.9464756202387,1073.624545675852,547.72191840003,371.69866392376554,590.0560046812951,1345.4355875359884,452.4271577107456,568.8427139649984,933.670542631366,301.71460781857274,2135.9534926194387,1854.1285387998448,358.6387197149987,301.5,10746,342.50551615684253,12772.796642626608,5340.769852318015
58.30111050605774,673.2703216202674,981.8302975586578,3840.55808215226,1442.08795824877,1297.800965204988,936.4558474572403,226.15516029323828,1879.9734140763474,1569.3240188811733,61.9884700841213,428.2520131089588,681.2648904124251,1323.9293273857952,444.45113195690226,549.7550700659746,698.7134299230943,546.0307660258983,1793.7480327939568,1536.296654271188,576.3066139110877,288.81410256410254,10102,298.7283758077372,12743.675217599784,4726.914945348328
58.41534399986267,1012.1757857427913,991.4283207449489,2824.3811810965894,530.2917540147087,197.59934757386173,1198.7615272481037,973.3815078302448,1157.2548471120222,838.3500435616519,681.9173882103897,192.05359366134843,300.90246130749154,1323.398527821644,348.76753347597764,147.64242543367595,1120.564356686746,1063.3212497876623,1315.6538309998316,1068.2317374970116,985.9456169000332,271.16666666666663,8695,290.10343431997245,13310.09286290357,4415.908598974915
58.53119492530823,1011.3652121147509,963.4545963450296,2826.5493904049613,548.6373004294971,142.5030417938931,1209.9647578831268,1078.4357958527248,1047.2392878638204,990.2071980465381,518.5954914968929,677.1733629638061,709.1953854285612,993.5717561153992,422.1348912770064,437.81998762477434,705.496110471249,976.9811184860874,1666.2742425620133,1666.5086740342747,564.240092355241,256.91666666666663,8708,294.7433605329836,15102.192308983784,4997.273368573612
58.64794325828552,968.4228378101832,841.1591223172599,2864.4806705354704,603.14051887472,162.8267403666853,1124.8890641253577,1041.8958409249365,1166.0149581444064,1063.255603414762,499.8188051220272,474.76452410086694,575.474261795199,1018.6134973959519,52.48357685669904,198.8825767054618,952.9335545489729,954.1349947572318,1312.655237597089,1104.0578144763847,890.4812191517261,275.4166666666667,8876,310.510872355317,13474.64792487932,4683.238470834047
58.76379656791687,1052.4128035993701,853.7703567586187,2731.4040793528056,528.7464530665718,276.1235830065189,838.0926032784788,751.4598608162681,1298.6555916444934,775.9571747068425,733.101147338255,120.71207408378017,220.9065283632219,1310.2494354845844,373.4591051817128,272.0557674945583,700.3437551708573,725.2834848601674,1559.0017178050712,947.7780786733707,1076.1731594981998,270.70512820512823,9209,322.4799561729677,15463.714519929283,4921.87542287326
58.87989330291748,990.3833118747216,782.8991656008069,2815.956990246518,606.8646598025176,330.2726282408974,786.001814006296,703.3660061825174,1326.6750690926208,755.0021974497648,736.2847410569333,225.96393542111164,304.82216676140956,1244.5721502906342,359.21175751174536,361.7262347659132,855.0964550036333,960.8577353058857,1291.2845264736518,1270.9435644057307,885.2621796478375,270.6987179487179,9151,324.81347990076426,17442.825035615657,4604.661866379456
58.99524641036987,572.1320959573748,206.12071233739502,3216.7359890955954,967.5812861172493,737.0881898131274,763.8079703026848,871.97056949642,984.7188402808246,1013.0678193040492,520.9482083711216,482.2370433287373,571.5270780261634,960.7008252248899,163.8683829594447,204.80437151200496,596.1730904230021,393.7102555263833,1529.7455817063728,1168.2333900890017,351.31872523848585,240.71153846153845,8521,332.3204019529272,12038.824257744498,4466.212700441836
59.11025547981262,402.8784987202114,206.65391458511166,3175.6756830508753,885.0285370879957,623.3067199610296,1085.4645723631747,929.0742606226336,1426.6137567538544,545.1273234992982,692.6400106033147,322.3103285445942,379.09029298241376,1278.6671579561576,511.21274443447675,546.5447854759419,710.938772511455,1024.7360607167066,1338.4600313874773,1019.6347598722482,1157.0686860393891,216.49242424242425,8181,302.15790774660934,14089.913923546885,4112.1863831643
59.22669696807861,410.74809693479386,481.396890459365,2995.7770233930282,651.8808065910339,301.22249803793034,963.0497951324189,447.9023723606039,1290.0024399011425,1058.0196079388566,364.69679412350933,461.6188228668907,514.331355911929,1383.2392128280464,421.9744694239757,272.85475084522466,761.4212380130837,209.36001357604113,1208.4038629082918,1677.1086922956301,911.1025066073444,214.76282051282053,7933,281.03213695742784,13638.717435361486,4464.279224148642
59.3399453163147,537.3588974786356,467.7587004908431,3153.4569016417454,732.4562984200812,295.0929121839887,904.4905764537089,258.1513267058491,1035.370124494913,1164.8077434820684,626.8503152615746,550.844652698052,629.9770022453982,1070.4859413439624,99.32647588029744,264.8777160162418,482.43803943528013,759.9499953189938,1427.608925085213,1044.1689983468677,470.1709764336538,223.6153846153846,8154,270.0951877041272,13954.471000903763,4392.40025868204
59.45318675041199,1130.841743629491,988.0737628260752,3295.2270539189435,806.0029921591904,512.9077645666496,353.78753229842437,813.0386965441689,1021.5314856887367,629.6731828514799,423.53288621773345,321.8500043340156,404.6126806814542,1294.174627976252,257.5820515449984,145.92437907400722,484.6278270844558,629.4939390831289,1175.6485241645448,1064.8289567595073,687.4187495676641,246.16666666666669,8799,259.50937595848484,13292.444077024507,4423.564713705022
59.56720542907715,1442.3049312378446,1283.7026342460981,3078.216790141052,576.8222973239567,357.18618120745066,459.73913059060226,615.801282572942,1009.5600096415661,888.1913604897444,586.3602241699599,409.3231246254158,397.8630635501459,1313.5458442785352,419.22334643966235,289.37418005239743,611.613108361045,721.1983888600582,985.8298452052984,844.023443258726,712.859542543888,246.87820512820514,9117,288.61528312336515,13577.134232959177,4230.271830807976
59.680485248565674,2097.8026958992386,1765.2458899381697,2415.957388292095,364.0080161439369,381.2360703144033,908.876403023288,888.0295504471529,978.2420359021257,272.1377685314978,140.2310683497119,287.1251326453836,373.5704738638791,1313.133243705145,318.36428687732456,211.4992710034598,630.9359026568864,777.4296344227077,1048.693480238713,540.9178563681447,356.20551101972507,268.03846153846155,9851,316.97002090365083,13414.064447046232,5014.6146144732975
59.79410982131958,1830.2188171329533,1830.3978765369043,2369.3406221217033,347.37816752442467,670.8242776532018,1324.4090588788342,1273.1337109131678,1357.706029165199,428.05248136119866,314.23909710340297,422.6886556261332,714.2048373851641,959.5239226339169,333.5682858547991,563.6317383195235,1126.4550531722487,1321.50419107792,1581.776070673589,573.8003224305996,349.433579283722,269.5151515151515,9444,306.37834800627763,13117.55665687373,4810.992375122971
59.90824842453003,1789.4481835813458,1889.1339283740865,2319.0803052003216,440.7398082630501,760.9604312256273,1357.698349646479,1334.4150141137152,1408.8265127827704,484.58757424316366,297.94735625847494,368.61524727786065,638.2547604594591,1048.498065776094,233.43915013443447,496.31075656978203,1174.404356372134,1326.8427468159239,1611.924433220593,595.4042031143849,472.280014215384,279.25,9338,299.8203797051379,13570.318808966349,4758.430515298336
60.024179458618164,1805.9328340576453,1705.9465932087976,2501.4667638833143,426.19386348370637,871.7374362839321,1519.845744192356,1488.4753357150344,1516.5411565407073,565.909788737265,235.89039285148792,188.74960702103874,752.7073478057763,1026.544974496902,693.961917653679,847.6094638400103,978.7843595617644,1110.5688232534933,1343.9244817184365,422.37394937076414,594.151342075908,273.18939393939394,9513,303.2045989744843,13737.126426855823,4645.261099304768
60.138996839523315,1877.924872077824,1010.3189111339458,3060.9367722142247,1166.7656779479926,1563.9646779206253,1512.6244008510764,1282.366100425219,896.4110396858093,88.80336762806608,580.3349425650132,104.0406038731322,492.0004183833871,1246.2368969473894,624.8025275930132,1014.4066516476959,1269.4625801947457,1325.0398710420318,1224.1657014779003,78.78384553570463,627.0246625749115,293.96212121212125,10306,301.06316671844905,13380.712520931223,5174.714233185783
60.2518994808197,1972.6737630681864,1049.8800122232783,3060.7601586282244,1515.0605320566667,1449.0122721243174,939.8094227154111,989.0955159341472,1270.5749217253597,423.466818746393,138.03693131705884,66.88519735852398,641.216686676758,1110.8203455872715,580.4486666088306,913.1094007857027,1206.9210444321202,1283.3314219873712,1271.5917691453649,196.11350848172788,535.2030421236284,302.810606060606,10985,324.9300429420912,13679.003406828633,4930.20148921336
60.36626148223877,1973.3483220408782,1188.138113610423,2939.4082755756162,1432.5175409935462,1307.0685378974288,1051.7493866213347,1100.7626010295237,1197.6765052341707,308.05252758150203,247.0974309238167,137.94846480725673,433.58065924142227,1340.7434959966674,820.884669627868,1138.2110426999368,932.7183423771521,977.7657832728721,1428.255238395707,572.0983215637976,206.61960234925476,327.1818181818182,11144,367.11643559107017,15738.90910357047,5499.68679162821
60.48009371757507,2012.2629987681373,1156.336769216089,2956.502648731814,1443.8558718591485,1182.322323547684,1185.5871790449653,1175.796092950825,1023.8853900943963,361.7951543181252,322.50409975650524,485.2796943951275,518.8308931350072,1210.7151010193368,709.1332993544966,939.5963328130173,1102.5361945147931,1039.463834221554,1331.1726818197508,521.4943767642048,298.3512950445739,325.6893939393939,11074,353.5850959050342,14147.247558682764,5634.7445635440945
60.596147775650024,2277.997465881388,1014.5287064493776,3035.6811345450456,1436.800290477504,881.9488103681143,1527.2512449050344,1011.4881961030347,1041.0526478200316,684.733228738548,83.36146934031393,762.3637166648675,826.7342236224279,959.6804933628295,623.1232600052227,1175.2979206468206,879.870155101505,1286.0322923607266,1118.6810008404243,640.2044685860062,513.2694589154391,295.15909090909093,10690,336.9786467573233,17558.428091521753,5486.845682053986
60.71113872528076,2523.197584515705,1137.1182588790434,2900.063678498164,1212.7537920744282,1070.5216489547481,1413.2513075096138,800.1415075441153,1251.421916775648,386.80249636088615,248.81367510873955,434.44903220007717,426.7035925647825,1319.7242030774396,796.0148187242123,763.6965786286692,1321.3808837050865,897.2078425171705,1427.264123753069,621.1806829603347,276.3184860282545,297.6363636363636,10415,317.9260939607203,13120.89359910111,5126.412786704969
60.82737851142883,2341.8387662828045,951.3954344760032,3064.229692755492,1241.1278740908444,1179.5713777339117,1332.7100611686815,826.7648030514151,1212.9255013703219,379.20923411807536,312.9612656560535,678.3655856669427,640.8835938159303,1225.641250722323,271.0912527823475,1339.7783764524554,769.8449962253392,1345.9205966809213,952.2865421092062,949.0907340773191,142.49439364436435,283.0909090909091,10597,326.3692179056254,13801.156378639887,5180.602370890724
60.94305372238159,1856.3674436685003,568.0269528024214,3323.893619374402,1077.4390892129206,1664.803334941789,865.8570068567444,1275.3216545028397,793.8064265032416,733.7380901202644,70.65113388226551,462.3411980644166,410.29157071006847,1319.783602837844,504.0254708867348,1136.0095948739802,955.3736474368374,1133.526830087349,1166.5057135426248,716.1961568970523,139.97174576332387,310.4318181818182,11121,346.5133754236724,13488.20014274976,5684.402653253415
61.0600004196167,1273.0080206904654,1067.7839028149529,3280.416277177842,427.1277808189716,2074.7385582635384,1135.9200326279822,1278.4459149345398,1483.9605326553854,368.4728031100008,694.9248714168974,514.9970776120653,500.88420459053356,1257.7608544104862,275.93902411516234,1284.4643208479365,987.2208247052168,1196.0727296985733,1459.6736676171847,516.802776953371,705.0129977410327,328.3181818181818,12069,375.77724242564864,13568.30627070461,6344.473733359041
61.17639636993408,1308.6128394785762,1591.1492772825918,2946.9177664591775,156.12227595916826,1753.1842485714772,1546.0373179691906,734.6427796897622,1368.9991296914068,368.6368528926355,160.51768615355155,216.253116669557,772.5758150723753,1353.5809023991935,420.88719569637584,1115.3072156945,1537.3130410725096,738.6749569432109,1276.395863231161,720.5129208294468,431.6379662976087,321.1666666666667,12551,407.38864310475446,12789.565165350217,6794.80656124375
61.292068004608154,1153.2703553041017,1501.0989129729837,3121.3283491467196,367.81275729442206,1748.6689994181954,1704.2251638669318,625.2751866064436,1209.4265163059213,485.43625375831357,241.5461025968028,590.9767607679231,1166.5831953603977,900.260569529509,624.9552244758921,928.8970174618794,852.189911553567,1300.563645327667,1949.0739051973212,282.0685010535268,519.6097825724147,298.83333333333337,12343,417.0036282777428,15045.26598611043,6934.947959575733
61.40615463256836,664.5049611570589,1872.4423616143956,3302.279982780875,1060.2845870717688,981.7127075027302,1324.567622624436,1373.314355909797,1511.4818290841056,203.90031103069919,580.9808156744872,406.58369445441684,946.8701844981324,1053.8255956761031,341.52646960791844,1099.2487818150057,1209.8101739258825,973.0413961932798,1563.4642769973393,240.46524716643412,522.9027473493527,293.75,11505,357.1984464941992,13592.040030533126,6084.0681818319335
61.520395040512085,578.4010277044471,2294.137284630693,3010.5377603002166,1034.4740963763738,1057.7194423470764,1155.6991984520016,1025.591153369266,1320.2087825146489,234.63273495781706,535.3761498533853,113.77367057016241,722.3968586563311,1316.037551822374,449.1959929456352,943.1057237143566,1238.1283302327588,1110.6141630913457,1499.7535688744997,220.6783618356162,810.6677196421226,302.0769230769231,11077,382.97034049651705,13165.336913081548,6153.689076506258
61.6345956325531,624.7436025123056,2350.098612265422,2980.210908371857,1091.6524372214294,1205.9714768988,1277.0782499122247,753.6474365347906,1003.2567522656799,436.1111839616424,831.6722752175416,577.4455177759617,1188.7967700974416,1075.5898393987516,630.9817225279759,1394.116781412126,1630.323635631263,1067.0077587943072,1422.8891942077137,334.1663676238769,775.4816650959975,284.38461538461536,11068,390.2997348054978,13992.66180659946,6598.2185845646145
61.74799680709839,767.412812979749,2291.8890201579793,3091.124406893386,1264.0924870570968,1378.1289825024153,1460.4923803791885,657.6617063616762,914.273047054305,456.1495179760141,763.4674005029177,239.42419424648963,865.3312406518208,1292.9682618137158,629.0644289471958,1000.0710921393397,1230.3752250103796,741.1712221963678,1092.6714962923268,625.9254511083514,1195.0162875065967,269.4065934065934,11298,366.5020301429714,13834.787068426178,6399.249815526558
61.86245608329773,686.9033140661767,2292.897500665138,3076.241194689933,1230.794723543928,1202.2919707456444,1289.0847514902334,458.2363786013699,667.1248885577959,727.4117586250554,968.1712117557228,388.0505424577094,977.8361699296877,1330.7438263819786,775.6888611233179,636.383917668273,1066.7997869940093,158.43101537236896,618.2891597532376,1083.3966152538185,1222.587667314509,268.14285714285717,11194,354.69535865361127,14076.912577898485,5896.055264371249
61.97581672668457,1017.9672958397607,2606.5967760923363,2747.8689241172124,971.2817189466783,881.2465131102489,1056.523406783957,139.16288943748472,499.25586687270334,832.5381937583766,750.0699499903395,176.39480286517417,813.6521960669116,1248.0153072688079,531.4038039054462,649.5613983494449,886.721954578373,117.65508460361305,533.5646727945852,1142.0239693400492,1042.2334417529246,264.9333333333333,11536,369.29452342661193,13525.520445616752,5485.888115670438
62.09222745895386,255.5846396457162,1832.8185448800482,3231.7066355545126,1000.7002255964869,1328.5205556999474,542.2676039145854,662.5466079303961,318.14182048288603,1366.32883459138,699.515904756746,597.6866492756061,1025.964906124929,988.1031549178225,97.54851177781933,469.7969219402287,623.8799519364585,259.9662941902152,587.8235694261555,1210.993498373438,890.868817601056,265.125,10704,332.0910252927488,14811.955231674385,5579.911341743793
62.20744204521179,665.576707355889,1600.8734954701483,3136.4596057186973,638.2927901794544,988.4535864686036,476.02545519635936,390.30160316661306,597.7091928583358,840.0856864650048,807.7759293342967,246.0129248340749,701.0855950359837,1336.7637386619656,389.12921388931505,808.9748480798494,330.5028197761567,502.63955435872293,663.9003384780431,1174.9557251584506,932.1995259237198,242.0,9978,348.8664050297092,13408.2531925214,5264.300528433262
62.32048940658569,794.507389707589,1685.941563849545,3017.925366209535,519.3958222691541,904.1463841723556,500.6628610503708,352.5407475397652,520.9459973701477,908.0756911046633,731.3682236180368,327.39824197249,481.35067243852046,1371.4581004336171,173.59620879325593,425.42621832874727,673.3232749301602,351.83878376218064,443.4809558721781,1371.301400950347,764.598544934735,241.33333333333334,9842,308.07228843454936,14032.103173045401,5054.429150789523
62.434664726257324,274.31921399987266,1013.2235235212344,3616.9644905416067,903.7749204820669,658.0747837021208,1152.6723451776954,322.5992043297528,96.76770849555348,1490.4128212238309,266.4864865481947,306.1640196716427,422.2946507635275,1462.929423389868,301.63695601733934,407.72951407691835,809.5947030080104,166.278387073917,149.6522879581576,1703.397048475769,610.7933576650655,271.79999999999995,10554,330.6712282326747,13996.579161631002,5460.7949681622895
62.548705101013184,863.8350139637547,391.99982411140826,3736.472556128508,897.9346452554029,84.63266297052013,1032.215297770063,568.4300044900338,529.9108043890764,930.6352798795172,742.6597090066681,280.6396695047466,347.74625044711394,1525.8489821038163,341.2552024127879,236.4211015532896,809.4287494480834,370.9046710190197,399.5637066249322,1429.3359915274723,825.3937663272449,275.1333333333333,11336,334.79719347682334,14015.480303948872,5178.799626542845
62.66545367240906,1293.5039630697506,634.002977891163,3446.6830414371666,592.2799077777904,448.0678395829585,711.526119812526,216.78704655412923,206.31655493223127,1213.6926458024057,490.1245698928422,268.38165276530975,339.2684899267835,1526.1862477831971,338.7105625324076,247.3969426928313,852.8578815918424,386.4920657037148,397.9465109619427,1371.4189592869675,901.3366248882004,257.4,11759,302.3206125396066,13779.996396947681,5048.373221890887
62.78198480606079,910.7038964888967,210.51046144639076,3857.3215269819516,968.8842700630157,740.5033986529735,323.0128114918526,272.4391409079156,222.39172629226866,1535.0649453411243,438.1186827629189,267.68934428082486,197.57465446678876,1688.6850318942868,466.0123033897809,512.8968835216306,414.36480830355316,170.8683390153645,166.53054408770373,1895.5434542115966,520.6892005753938,270.66666666666663,11319,323.1071584438015,15787.78745851421,5086.9170275636925
62.897921323776245,762.3577039769851,366.09698828907796,3944.949612234502,935.6087599004417,917.5950002116194,561.5430182480885,101.24823530733775,173.11898122453434,1286.8789859536942,268.2127384209605,46.17366708095131,120.30104041407546,1914.1744032489557,644.3931899172384,775.5666742346255,537.2913401097908,168.98889663473295,258.38340644435755,1614.2512030640564,390.8554902994946,251.60000000000002,10898,273.6291755637993,11845.456967584247,4675.255721000593
63.01446342468262,768.1488107827879,171.2968267391366,4029.978066830623,1083.7915017376226,1022.1939618229487,452.0494444202874,201.2816217996721,227.10892027430776,1113.4050515385802,407.45364891841007,538.3084370538911,405.661461938738,1760.4876285013024,884.358572556026,972.8328403175049,374.83619506466823,613.041281928381,659.5277694028385,1058.0395417301168,820.018314186125,227.33333333333331,11106,305.1147616810097,19299.402552242034,4576.2536697262
