tribo_f1,tribo_f2,tribo_f3,tribo_f4,tribo_f5,tribo_f6,tribo_f7,tribo_f8,tribo_f9,tribo_f10,diff_tribo_f1,diff_tribo_f2,diff_tribo_f3,diff_tribo_f4,diff_tribo_f5,diff_tribo_f6,diff_tribo_f7,diff_tribo_f8,diff_tribo_f9,diff_tribo_f10,tribo_feature1,tribo_feature2,tribo_feature3,tribo_feature4,tribo_feature5,Temps
866.3293704269912,555.3345029440846,258.06688220331665,177.74836891965077,534.6929810330873,786.499267147546,229.57214468790568,367.5372323766858,508.16574176101926,102.57050243299607,84.1971712558986,140.06640029116627,56.30527472411127,111.52637785866057,473.5187252717693,688.2154973834289,251.34327795644276,440.2958679926171,629.2787706398046,51.91046829150646,107.0,4299,153.79410820440614,4916.805993054675,2058.806503224276,4.000000238418579
689.8333233562234,304.22384100541314,173.96784551728655,395.67291099304526,797.7882077635426,583.7450112147426,218.35136944840028,499.4578423659516,414.2449959431047,96.38792747288149,72.44292009681341,94.8470627044428,22.235338152432426,195.02547537584903,566.3627541393414,588.4332908062187,228.22902588032434,536.4188914953544,558.1537952293828,78.34288191998155,111.45555555555556,4014,142.8637651944279,4884.4144250643785,2115.8848541521256,4.100021123886108
689.8333233562234,304.22384100541314,173.96784551728655,395.67291099304526,797.7882077635426,583.7450112147426,218.35136944840028,499.4578423659516,414.2449959431047,96.38792747288149,72.44292009681341,94.8470627044428,22.235338152432426,195.02547537584903,566.3627541393414,588.4332908062187,228.22902588032434,536.4188914953544,558.1537952293828,78.34288191998155,111.45555555555556,4014,142.8637651944279,4884.4144250643785,2115.8848541521256,4.200075149536133
620.2707439249868,198.11766914921367,176.05495187510604,430.81856382042895,837.0695029833117,656.048363563519,310.43561867126203,403.30876552701557,515.4974522677147,63.95868949210425,174.588619608169,238.34991958976744,154.8355970951589,45.19732159648929,404.4554675660136,703.3210371921547,176.9082972961185,549.5449694116575,481.3229439880279,152.44498417127107,105.66666666666667,3896,135.28097962642696,4671.089174074065,2093.371059358563,4.300155162811279
503.76630079338736,14.157595164359405,239.70014120820548,438.2192076188936,790.512583101754,843.0151515721795,364.50322632172265,291.20817576286623,516.1063488294058,134.43467085862756,68.9701270313446,121.87599881172655,59.705233804811435,153.2200147789361,506.3247732027974,705.462233378266,262.9928572635228,457.97693798689187,570.5213030388901,111.50751657528323,124.77777777777777,4233,136.80490548650505,4767.152674952653,2084.006125919277,4.400198221206665
418.6136111823165,167.32850579293094,332.5646176861476,410.6533929726877,664.2395036219386,939.1662379231858,315.55894619645636,434.4524805394633,361.3584251254227,199.23060872774536,162.63456236301099,221.95694094635707,122.01509106219213,74.25912952584511,463.81226040834923,637.9141518461923,193.75961859336653,518.0542725533466,552.6079033402208,62.1988650182194,106.55555555555554,4059,123.20657000617192,4663.956181063448,2067.8899846837353,4.500370979309082
356.07117823454564,437.5916839011031,460.5625674600913,276.7424980560991,418.0808187657409,811.2713533554056,69.85020070485476,548.7152535530485,396.1694870939789,48.46205069018457,67.06266269040009,134.89360461793657,100.81327609141826,126.77149385420287,440.0856258504027,731.4709110890531,193.41242417065178,556.6583911299236,472.87278192861015,126.97772254285441,122.34722222222223,3862,150.96689231157083,4909.998115482287,2013.1665814779092,4.6008460521698
380.21612945576095,574.2413521227892,514.1533199230803,175.15865627705944,435.229843014917,629.9213840929921,201.15440024806713,385.03672766431055,554.279859358333,180.06110376983065,127.99077851239568,239.54051179534218,304.50633474814924,132.33099885089337,350.16943980996837,505.30605149778677,278.5923239296192,385.71671169481215,734.1111224401869,300.0293795288757,118.33333333333334,3830,150.09741923570425,5257.4166658464055,2153.3603469440645,4.7008562088012695
390.9959727423182,598.7407951620552,531.4242465433513,148.6261656674839,486.1843904932049,611.9756856416496,242.91814508152632,355.22760782744956,459.527212890241,109.98745541794814,72.93479766395303,199.15903777852589,251.89042708226177,82.55413494144133,383.69409831247197,562.7370037539484,250.34666598773342,427.4716303221186,590.9055437970359,144.38868882718504,124.1,3817,143.68691324833821,5029.946944070489,2140.7880350439764,4.80111289024353
376.6800289535001,591.2831195807814,460.75170530636217,139.69169442863927,454.25001294215167,653.0141087696372,196.94047631014305,369.443948825548,533.5012545920274,176.038555270913,28.542769441000026,105.19397053684123,242.4362304917036,164.85949420401533,299.77906586086203,509.53319596875156,289.2392446603041,361.4493515728428,630.9688753939101,214.2130160571138,122.17272727272729,3760,131.94556779295948,4643.444332664898,1980.2886767446626,4.9015045166015625
361.5941909771015,552.5914931564646,343.7603231237742,254.63649920301503,328.5467925061965,608.5691606041984,301.91757175895316,251.8623828980676,535.2563206346812,228.84501482833386,185.48621943751422,95.60920788708965,372.96708147113316,300.88600807722815,343.1465162364683,389.32670192436626,403.3102000361258,373.0555587258521,491.3781582965227,81.90469814499029,113.0,3614,125.2963254348372,4347.395250454117,1886.22648097364,5.001636266708374
394.6688967022381,471.6029346697375,323.3550073395631,447.2982015362518,199.9865226898614,422.75757015075163,442.70186381353244,205.74060629660977,375.13536568753636,106.76259690285346,95.1328720662714,177.02056902573736,129.10430003902033,305.1424709492386,125.5356512256988,358.01439876922007,495.1851951468794,246.30353503345626,453.85244363362585,123.86730223685724,112.72727272727273,3405,132.0402981819055,4037.318058827551,1974.2196014656577,5.101740837097168
399.39536243030125,526.7153715827761,261.1566140619215,473.90330982643684,139.39671259286536,381.59097137922504,500.08732726720007,238.05131842417003,334.0124627204916,52.10112368253258,37.99787866070067,158.70850949609132,121.15321330983726,275.3221591719795,93.59736768543432,359.00437465622605,542.4773003377069,272.6260742922986,408.09370919945366,49.049987509185094,111.63636363636364,3471,129.29586160676064,3951.9137000180267,1911.1621780013154,5.20185923576355
389.03373239832564,488.6384682233931,296.6675956207467,438.72335961568575,160.0793832072973,420.1434095998613,500.56256308206275,203.5781719101009,305.1385423895373,37.8682696136402,33.55563440356427,155.44223120923448,125.40171827325692,267.1566205429659,95.24142715406164,369.2780985592352,549.8004565961585,265.0808286207124,389.42373754338723,29.927544047395358,109.63636363636364,3431,131.53382127920418,3956.8740373569044,1934.8249276329796,5.301924228668213
389.03373239832564,488.6384682233931,296.6675956207467,438.72335961568575,160.0793832072973,420.1434095998613,500.56256308206275,203.5781719101009,305.1385423895373,37.8682696136402,33.55563440356427,155.44223120923448,125.40171827325692,267.1566205429659,95.24142715406164,369.2780985592352,549.8004565961585,265.0808286207124,389.42373754338723,29.927544047395358,109.63636363636364,3431,131.53382127920418,3956.8740373569044,1934.8249276329796,5.40214991569519
363.6356690549579,359.8083018309893,400.12480718633896,309.431479634728,205.26336255339098,510.77972167936514,613.7727658952108,245.5403453244369,192.4173612240198,94.68875797063183,36.414597842319715,168.80062213377585,137.0634910290419,248.45866387956556,71.92472576606698,378.96430213437026,637.2546531020187,329.45230397926656,341.7035255022223,77.11047762150031,116.5,3301,134.63678811728897,3905.3144956149754,2004.3174171320366,5.502216100692749
363.547717709398,360.0903458026503,399.72178690808306,309.86052382260226,204.60374042681238,509.9579510092413,613.3908997003158,245.6568840135732,193.9631798689668,92.94490511611659,41.61213934838129,123.35371065126533,171.24978445983064,206.17390669088863,142.76712601984943,449.4780288360319,625.8356219895544,275.91772229384304,257.51913178671225,122.98619756725499,118.18181818181819,3300,137.1276190181657,3982.1812344423497,2090.356134176958,5.6022443771362305
468.75135826934945,429.6163029885846,521.0352530548856,220.34729107231573,387.46729124725385,673.5591609422739,835.7275004684881,483.999940231447,397.20694670066496,235.56263160519217,371.14315754507754,226.44435493159648,507.2380807360369,186.73556624186483,368.5025594772529,485.3625373548274,854.2073908197674,571.1051356828951,627.8263726197262,252.46256424152847,108.07575757575758,3450,132.15975055944344,4318.104018977145,2350.1958896409315,5.702547550201416
468.75135826934945,429.6163029885846,521.0352530548856,220.34729107231573,387.46729124725385,673.5591609422739,835.7275004684881,483.999940231447,397.20694670066496,235.56263160519217,371.14315754507754,226.44435493159648,507.2380807360369,186.73556624186483,368.5025594772529,485.3625373548274,854.2073908197674,571.1051356828951,627.8263726197262,252.46256424152847,108.07575757575758,3450,132.15975055944344,4318.104018977145,2350.1958896409315,5.802735805511475
772.9703058030796,663.8818911001839,845.5151330943077,304.0804404808522,687.5667129547644,872.3929347755954,1100.0819160658882,741.6726436607478,699.2788731774551,409.27257799134134,481.63305802655185,325.7805154421037,594.3598246730342,293.99690188834217,391.98217186725407,408.0161961197193,784.0696411386546,506.3254756155255,579.8392633865176,176.4529998999298,108.07575757575758,3807,146.70673234675297,4457.801816628203,2251.05320326919,5.903003454208374
1113.0228555203903,917.0544255490895,1186.6265394854545,519.9036210069816,893.3211751080117,900.2385638366512,1130.7470578169773,759.8848012360619,738.9910374528332,377.28167795611887,392.0984364511318,247.79926197437385,530.1240316654578,210.19119812879362,392.09358154774844,491.65789652126654,868.2269363764697,591.2315486990102,659.315427806769,274.2053092605664,138.0,4137,140.72166311751442,4373.999312734639,2391.5620803429156,6.003258466720581
1376.0567664611797,1092.7457339830632,1406.9180906352294,650.1741910248952,923.9520910011125,751.7305407882429,933.4818315949631,545.8518839896562,507.9705024999031,138.45489293545774,337.7088572074257,214.99188579730983,510.8519853204377,184.17109599753726,430.69984642537776,553.2108823307019,930.1707853704073,653.4760369043901,723.4792400835311,334.180797242713,139.92424242424244,4413,178.19380764906305,7040.0156090303835,2448.70709401196,6.103328466415405
1586.930777668011,1214.9531826936511,1538.5394870826779,708.2530056080711,849.4387481303332,547.446026863406,726.5763971237178,360.2728788103926,367.0689448046316,133.58670479829294,249.26876238665565,288.9229493515507,621.4524245132243,327.4172307821379,566.9787027273303,527.9487699673746,845.8153819622153,531.4776378431567,585.120654299528,203.33181532163533,139.92424242424244,4619,152.65552362095673,6909.9879076129855,2425.0191544364125,6.203611850738525
1874.5180341803969,1348.3135494398368,1632.003435294161,701.4896718171809,603.9253402457156,361.44431013371116,743.1353554342415,551.1493079703912,640.2192294766184,395.48943792482976,320.22478276755305,214.3466101036685,513.4390442025522,182.9081682618606,441.67671523660005,582.1654065423215,972.3875435865773,705.8884567517648,781.2670003157931,363.40258359813413,118.63636363636363,4918,156.26149763861358,5898.271878017678,2551.9301819674547,6.303710460662842
1928.2161493245428,1364.288370280564,1629.8626320932187,679.827249176856,546.4201360639228,394.2895680856045,798.1366806068863,598.4179630435295,668.762101130199,385.4876983698525,269.22847898218896,275.9061566210086,614.0636099068552,313.91726392857976,501.33374762060714,443.1262975503231,796.6099254796861,566.0167875903596,716.8496953638924,466.6257442277137,141.91666666666666,4985,165.38823253245545,4681.117328926761,2569.5245967130945,6.403800010681152
2059.7119536094992,1371.1654507112924,1564.868427972039,561.2557661741466,453.06079521382213,547.7192898415988,906.4469384213934,589.9484898438078,569.6232885327405,229.84812882133124,269.39394420067345,278.71060974391236,616.6109093367909,314.48841380943685,496.82193834669715,442.9039522055509,802.6092822491871,574.3663663739829,721.0829827064622,456.32923401180386,141.91666666666666,5122,164.09789674886582,4738.816426377256,2494.0422624517514,6.503866195678711
2162.3553218548777,1346.8755953499342,1465.2857898531474,431.9587036231378,508.54674559111874,624.474954750649,871.4490135154958,466.66874868398327,464.57674939151684,292.1335492504002,256.83130122708104,229.8314698182276,609.9499394056264,363.85319204433813,541.0576140865695,373.3341520777487,763.1909486986623,623.2046180837661,806.5124757506051,493.22190466746036,140.55303030303028,5270,156.68438014633972,5195.066503730748,2453.432676216613,6.604043245315552
2322.4359466024293,1270.413766047459,1256.2191484849404,254.9815007859101,722.0290171698726,629.5879251064575,670.1964265403427,348.63823840438454,590.1734289705443,491.2201565256579,259.74548282815584,230.72982213280412,603.0527319731552,354.03763372481734,546.4156194385833,382.32046959734845,750.2889779102804,604.7643984113105,802.2646718835441,515.2086954064621,140.55303030303028,5474,174.7018503104041,5399.989260305978,2514.1032234992017,6.704164266586304
2443.0285441551046,1175.368560650157,1074.6353356681102,306.62410841220304,877.820051966331,514.4302642822367,540.8305929641709,514.521423536629,741.2085064514741,448.4355935990736,313.0316134349934,294.61630391134395,547.4788512025546,261.71877429032355,600.4785493211635,421.4299201199067,661.3349174606518,591.0331618819847,872.8851369727901,568.6984364251039,140.55303030303028,5668,166.89768938169755,5199.646138908012,2466.599119289892,6.804181814193726
2496.913889209997,1112.2861739297766,999.8834025647545,394.768536130732,913.2784086158858,422.03365927511896,579.9787664972933,584.7256735337942,722.365602186804,354.8180286987582,327.72809894944436,304.3729003449677,531.279031499751,253.19284445081348,621.3151798137853,414.45101779559207,644.3728867186422,611.5417041656381,893.4362684999003,557.3753918217733,144.63636363636363,5760,163.77112709856246,5064.837860686129,2456.8388497953747,6.904460668563843
2529.196350016651,1050.6989430771596,975.8336270383007,461.92157788725,885.7115284738474,378.392489013894,651.1020940256129,553.8501330269838,651.1207741195242,366.6267299191979,243.52895155983785,304.9915372523527,633.8941480122214,234.83195147289922,554.1223055722451,520.920075534281,594.2185541670125,563.8986914461216,979.8840191257098,640.1922394214943,142.9,5826,141.6665352198885,5151.144540312956,2301.3896591839853,7.004609823226929
2588.2084464784775,891.4494782566402,1011.1779057639513,577.9497294195918,742.9205440202575,455.19957436661906,733.0460269347719,389.03843027610253,655.0373720999629,529.7320211038939,372.92090395540436,276.0366272868195,502.5873222506427,328.0650614756736,563.3131692299751,429.32077460072304,731.0029722289396,478.4155757408662,873.7103083636823,721.972045836775,142.9,6000,149.03250880532698,5048.846740399545,2189.665085776351,7.104614973068237
2595.8737179779628,860.0132717219605,1033.0448598068888,587.2269022241874,711.6714842790237,487.22182191455926,719.4996665063715,378.2983840818653,688.2280580294873,528.8103117608684,389.4196631874644,272.7284272753156,491.9311320342019,344.7378941568771,555.332160683997,433.8623241831514,742.2371048593775,461.65619067564137,882.0393514297118,735.7945186117392,144.5,6027,148.4445757400417,5049.074900481558,2264.3261923428213,7.204833507537842
2597.0892481273604,844.7454539228507,1048.851936130798,581.0151693706975,704.6363865468164,494.5402360823412,704.0813335745956,392.49382813597884,687.1287655270368,515.5870926587128,270.4401569910158,350.4248955962635,517.1425908276694,259.5153363810279,675.1408144784156,314.14383183719514,814.1417045878469,470.69361330896277,778.2811697882222,836.7528079124928,145.15555555555557,6043,140.99598729979053,5167.296997340323,2169.49363317265,7.304962396621704
2593.103126508188,745.5682351903417,1175.8313135817775,486.14843934375574,742.4712351106799,474.3386020968788,648.9973531372763,500.58429312779447,568.8789221097993,531.0978675259698,393.715509954111,243.8361313580197,544.1038800641736,294.45670916527763,577.55168708957,419.30662006095304,691.0879066298454,576.2591599540341,742.9543675169602,757.2701725100814,147.33333333333331,6175,128.3488395748407,5037.540541984998,2006.4014653284653,7.405090570449829
2568.8015268099207,679.2057678487441,1321.58783829498,313.5486285297338,909.7010476321949,336.33059653743277,786.8378090995335,484.117415238248,504.912693043922,700.1265595000607,236.63233067943045,383.0105137002133,511.2353379644535,264.77251218749325,702.9070962374647,290.2194267934789,853.4471480394049,427.3110843302722,813.168613772302,850.7164928798329,133.47777777777776,6343,131.34780343380433,5172.835144573225,2126.3973872933007,7.5050952434539795
2557.806007833826,681.7609101339305,1347.1347106315413,270.7914821653811,951.1089788956845,291.1632560254879,828.2790451136739,445.93872186673906,543.7889400996955,696.9228118684085,278.9520283170531,342.7014991586549,506.6723260627183,273.9709994700137,634.7415011550104,354.0053384596112,757.981505224449,558.3655372205577,674.4530384013146,914.1408891287552,148.10000000000002,6400,127.10496388006213,5121.640516857933,2220.1340456822436,7.6053307056427
2528.3432798418385,717.3749951353578,1358.7082908431032,240.43054889247088,980.4738889556037,259.4909340505044,835.2197515572487,390.78688429162634,590.434957867333,614.9039288709253,320.6150868772995,297.1945649219485,547.6997708236111,235.31124821797346,663.5436900479185,321.04665976038814,794.5999339213132,546.2501520326057,680.2009418515233,942.1342021112982,148.10000000000002,6468,133.7496387174058,5087.68524638433,2346.666160498962,7.705409049987793
2489.81076188387,777.2250444950811,1335.8474644224425,281.34501266025114,951.3361997647326,316.340414138813,770.1398805845339,442.32874607212204,535.5865827470873,640.0460377625651,280.19130107409575,339.38206173481984,499.2409907816971,283.81056736109446,623.6644256230492,350.95592697780114,804.5746388935705,568.6230649660221,683.4671662968811,983.1785537589924,143.06666666666666,6553,141.70319248742152,5162.150244159239,2376.569402876995,7.805570125579834
2403.2752271188515,916.7153189073666,1246.0160901845245,424.4328273941178,825.4781406140028,463.254042972682,635.6333874953937,585.093866645777,404.77030979506253,789.0551613553666,311.50157162477393,313.2356030014434,526.6237496351094,266.565144982905,622.3519910745194,372.55381781078495,747.242204687775,615.0007952807512,616.2516250595994,1037.9969874820645,149.18888888888887,6699,150.61295381284236,5123.044991091498,2332.740579393175,7.905776023864746
2347.9156280965553,996.2568813337184,1173.8012543697168,495.4491770284444,749.8043294806367,495.8852082462067,656.9691754883479,576.8322481872368,460.8709290526872,756.1077831589037,294.9357014408323,317.11713143617806,529.049290206056,246.18120069383258,660.5794717151755,321.0338115191155,787.5372425929977,567.1958663268367,638.9459933106458,997.6811989876813,136.04444444444442,6774,141.03903394815413,5165.423437462845,2215.923570287271,8.00592041015625
2260.886106283697,1105.4172814380859,1060.210900195335,569.5763415743772,692.3707698673248,478.9185114603616,764.5533611709943,482.84879192819375,568.678358063384,641.9456506185539,316.85770425481684,320.3715110289202,514.9664293505158,285.86382889860124,604.4357199795608,374.6180838941634,778.0706945915355,577.6087577147769,671.9967416338952,969.0378572846814,136.04444444444442,6898,136.36095440340523,5087.685570937718,2155.6808992303454,8.105955123901367
2295.9782600377393,1070.5515100495272,1099.0709408733985,562.5952441342505,682.5890715815939,512.0353991481126,733.444879778065,519.7270898301684,570.534159535356,649.5617590727603,408.55309870695424,404.0848237724568,463.47484489363393,435.467176238339,458.3148262939749,473.71376026186647,856.4353172358508,524.6962830570541,790.2988246047245,863.6460618973612,149.1111111111111,6845,135.50128703404792,4892.079341952066,2418.9537457003944,8.206201553344727
2373.4683592363717,1024.992747894544,1151.8094908185333,614.459105361789,607.442173593599,586.3549426828679,776.9980823460838,492.20423337246484,653.0138147278535,565.548553428276,368.31727527444286,306.53473070533727,551.3808905788534,371.80549880264874,467.05018672892487,544.3133162484135,804.9168791794846,589.3000834001908,859.9201441612049,787.7109202996539,149.1111111111111,6770,148.70681027975274,4997.28625105729,2494.3720525725344,8.306293487548828
2045.8687736445402,1153.34963907412,1113.4697637746306,298.4211449739277,936.0061967530254,608.7113942255647,441.20862532646794,828.9220101225003,736.5465512015638,619.8385649217284,344.9164513355024,196.4910920039589,705.3855785473754,237.2444464053843,635.088556005604,697.4169114703701,598.9522633365009,889.7900800633723,1044.818147477127,699.1394860188922,159.06944444444446,7102,144.89544482746436,5680.628932283942,2729.6545050158334,8.40652585029602
1969.2693470080126,1172.3959956562628,1152.4546805804277,222.5932429804384,981.7792046863427,681.8145141108618,421.83023587621756,860.0684311153449,806.8523873390319,555.7420599341076,378.321783440885,148.62129850402943,711.6222587123177,309.853984336219,541.3524188890301,611.1920187120272,653.1184967581474,791.942607440663,870.4038415929344,872.8632154829752,161.38888888888889,7183,172.57925821117777,6400.732893096008,2728.8513487217388,8.506718158721924
1752.7434068577477,1186.371249082833,1343.0114007132574,165.88865331809285,984.3524546176435,862.4842433256601,608.6835216393014,725.8716795347751,813.5162678606358,481.6754487326042,297.621042932505,291.5432466536123,648.9810419263488,171.94526439919693,677.211028413052,717.3710804325992,631.1685490366084,827.3181911528189,990.2318935804905,744.9441837408815,175.375,7393,169.75606550235833,6901.316486093585,2612.2448187733553,8.606846332550049
1695.8589216675896,1177.2780710640914,1401.5600125852868,218.2532694391473,946.6522870799399,866.7019643328367,652.8965113967392,670.834845800033,755.9463847410419,540.5713155597557,335.8172356882502,238.0397698867204,634.3696372175516,204.8054297500482,662.6147514226478,656.4611588997401,558.1634591573867,901.6012572474798,1042.3703846250662,686.712067766092,175.375,7462,166.60063410805955,6832.919679942714,2543.7631352813805,8.706970930099487
1284.5879843459606,1073.0273368933515,1820.1080013066914,674.3133923828616,499.95219578928504,639.3451408750122,746.5403471739246,796.1049794525071,677.1339682090774,751.8383961913918,643.4252254582983,186.64221988784897,699.4665356759053,523.7004079691177,659.174776967272,381.74218175482963,274.80278766478546,1211.5903463117747,1264.6473027305983,557.2381127096729,150.5,7907,166.24847810864253,6991.125039230728,2770.905381982721,8.807008981704712
1083.7511161118507,1012.6602778346835,2016.0237646031414,905.802654173448,285.47039061260136,393.3622582607237,630.2387963546922,1065.0982517726836,953.7837479420613,575.4542947194701,337.1455751310905,143.6098853457207,795.4270514201625,445.3441003764883,400.8862907550516,370.51304339551103,540.5660413497837,1124.1173433034223,1127.5366776153116,779.4285245055523,200.0,8203,180.5177978513466,6306.8823171436625,2857.331417562369,8.90717887878418
985.8998085223519,954.9747306652351,2105.8972266895003,1022.8116319944274,378.1693049261958,191.11707796070237,430.47507811772766,1127.0500454488472,1027.6134064946557,381.0500566328914,369.07823983988055,118.07177953244076,771.734141023526,430.74991611127444,426.8713229840401,377.3867852620209,526.2863948506309,1119.3807111176227,1131.461897274438,756.7424033745333,178.81944444444446,8402,169.6440096453594,6211.197265486959,2814.2955068431,9.007312059402466
964.8813387642293,867.9409000221563,2107.0149872678808,1038.140469732384,595.3504160814321,288.2080924790641,314.0627554886979,945.7167790198943,832.4579895083746,561.8738864041917,407.97300338937373,114.89913469844998,730.5402106182445,386.5970306132291,437.5188646294549,421.09440019127175,583.0120568306179,1112.1697538329747,1132.0902998651857,790.8808082616202,170.375,8626,169.10773268923452,6017.758395614759,2803.8993530197035,9.107382535934448
1022.2295564899498,770.9973215488639,2041.9521684485305,981.7005952145215,780.3673857466683,511.30950061013175,481.1705198292615,745.3182555145021,670.1122443391193,735.2226455222024,321.19597743650024,123.6400485149368,810.213667029282,466.0926757586075,468.62499091957903,396.5235378005248,517.0171720616028,1038.798939131921,1038.4761853119326,870.6312448677537,195.375,8852,163.5517053533967,6057.301977933868,2801.1332213449696,9.20771050453186
1151.1191089448375,655.7172660752503,1894.1333028518263,827.2264566777833,844.5806666085481,638.327280135191,664.2591167601153,858.9699560959242,861.7896601976031,581.7466341966096,373.3522620589805,118.25513234075613,766.8106994378248,425.45841614948,425.16470988801757,379.394767618319,526.9408773690044,1112.4484701448025,1113.0228678262627,786.3971833177892,178.70833333333334,9060,180.02644577313856,6183.961184795919,2834.1680571506467,9.307929277420044
1270.915728766683,569.6410327464349,1757.378289090455,683.6016586450445,818.8987809760185,648.8002192943529,700.8629783957601,1009.0184425461337,979.3776690338583,445.1249133100084,411.66603645303337,169.00487057580148,801.7721597981825,489.2448742009581,414.5045976846315,347.4245285313294,478.250953088791,999.4728858098473,1005.0669369438726,896.328039471391,158.93055555555554,9229,169.8337115636437,6200.083159074145,2836.693371534836,9.407986164093018
1544.8738197100292,405.6489146956262,1455.7610811506083,400.3759925667058,606.8284251217475,472.6795746851041,517.0228489371142,1077.1123335786908,847.3049246356992,673.8195946797488,354.0358202680891,96.43957837326396,749.6145903008426,408.11593410780534,394.27675646826435,332.3994010866367,459.20756935167907,1078.693184997717,1004.7838285211693,934.0876419119811,177.45833333333334,9517,171.880543986239,6060.4564935967355,2768.009125743092,9.508129119873047
1691.572205440731,343.0628649120412,1325.05956253059,359.4231586080368,460.1987421218829,329.93695171396683,369.33049116374866,964.7398186411634,704.3808487507661,756.1393447021048,376.3357619980797,140.6561314525235,798.2886832410308,453.57745024179286,452.96776066408427,399.4112125288491,537.6188031861992,1121.4299104816423,1102.120637583172,835.4479661007424,148.97222222222223,9674,176.51543302555785,6066.7791591875575,2639.6654484481137,9.60827374458313
1956.1712150039937,308.4475795140593,1198.574243374391,541.273611198756,267.1958719676178,173.11106894784058,319.75928085978074,730.3191514247352,738.8189817545674,602.282529396641,352.1864047236412,258.8939648992299,399.38709269105846,328.25473484594596,45.300854473915585,65.63598175078484,250.0369223918683,705.7016631208501,892.5284002153276,912.4433023659416,143.66666666666669,9939,138.05344928730187,5667.489830915643,2216.1863914617797,9.708399772644043
1747.0487951219438,375.90120471029144,1203.7094082656831,330.70945835631596,294.3639712409357,141.22299640537338,129.00517858241557,708.084794639962,529.9322349580087,801.2771397093427,409.0897459098999,347.207807623357,313.16057617602905,375.5711152065485,33.55262692767656,126.66351475996174,272.9290535281965,647.945436129525,908.0788472933535,905.0590608473595,121.22222222222223,9726,137.19253571368034,5592.460001304618,2250.5272943863492,9.80856442451477
1498.40104216661,607.3206696988682,1129.0603643926281,208.7292184288806,320.3666387336009,243.4646610407328,158.7966671394305,458.1823483750461,628.6347393229839,723.1727274703821,327.0162785295138,268.66061858479344,391.2970957325232,277.8635417226549,98.25205422966303,124.71094658653843,211.33455796411647,587.0786152843812,879.1309619259376,928.0394361839351,121.22222222222223,9470,133.07530331117536,5713.192071070969,2173.282393683197,9.908626556396484
1367.3580299577807,756.5154425734619,1050.6173399208246,317.4991394476189,327.6785693311256,304.69815590411855,293.6962517196691,363.02034075461717,772.2786835884397,575.8868097721944,280.42081790787654,245.53135169542875,426.16834172340555,236.6140737694612,157.61967951102048,182.99891703595486,237.85639268208507,520.788233794691,923.4045455421708,886.6056383210599,121.22222222222223,9312,134.57417254222958,5773.3137458130095,2165.6728158912338,10.008641481399536
1311.6493158198323,828.1322863408562,988.3468341335578,391.6560004804121,292.789069907435,285.15164880292104,305.775527517506,423.831232890023,757.4851817828994,591.9580019850741,200.8276536454464,261.8635981044521,464.12465478982506,244.71196104123553,229.34989718844034,264.85290526102074,326.36497763282404,498.03294335023173,988.9365987408495,833.1614669944488,123.66666666666666,9245,140.01856666951602,6390.645653942749,2170.644854616835,10.108938694000244
1292.7106790415203,854.0929877533865,958.5751335894486,415.4330188122957,266.4018687921511,260.4410171900275,286.88703803412966,448.59001713952085,729.2245282575423,619.501638926838,406.7898121299432,212.23530999322938,515.1531074471864,147.7004614145852,284.6143757276489,302.5824368202499,307.48500521570315,332.3920078524738,1088.5485928675532,707.1660621946613,103.55555555555557,9213,125.5048694178941,7155.209396872158,2002.8168474310153,10.209197282791138
1200.207223454709,1015.8720285739254,749.172679329264,526.0649554303717,81.50522023933162,90.21118269691847,82.4706483060035,450.090447447515,706.3649624085401,621.9699234809827,226.01464160681033,290.114972701253,374.36556821695893,289.80626638898156,101.18423791858646,120.01888066249366,124.40415070540845,493.0823560161397,946.0480104698526,847.5845623285984,103.55555555555557,8987,109.90290741180866,5787.595499873799,1811.6041114784894,10.30933928489685
1191.80152088461,1044.2800363537488,717.8387183804857,533.2695708412839,110.2813016472361,128.2089966678253,109.45796898197277,409.43091079007405,756.2453683587325,573.1350960710005,216.64948209600357,300.374388359126,362.6633870571296,300.1747675264965,98.74520599508462,122.69329770646746,124.52142975136857,481.7348175084942,965.5916108613917,826.8952373025749,103.55555555555557,8939,108.12203928709971,5796.651482658521,1794.6589150890927,10.409595727920532
1192.4533678974924,1052.2431883205088,714.0975410392448,522.3514364794337,136.42580581919134,152.7352358747683,134.4843346894712,388.4763178508899,762.8946539522741,568.4863779956769,213.82222533333425,302.76772366902463,360.12130552327915,303.08114548807316,96.59659562168633,121.14862156056009,122.55256739398948,482.4650813813883,966.4530023897973,826.0599871177071,104.26666666666668,8911,111.7750166710489,5802.983719760058,1786.9678902251978,10.50991177558899
1198.577345640392,1053.1284325332097,724.711734415454,496.5360692013576,159.19985580744677,165.0914124342302,144.56024691647687,399.15951283262916,735.5764494450817,598.6925028682006,212.07568009892674,304.72759927041744,359.00678833888367,301.45722092900365,100.70459079346371,124.95360552590911,126.35882416966521,482.3875681305215,961.7542236119465,832.3557464190827,93.4,8882,107.36404677685698,5805.928611614154,1785.263812505028,10.610086441040039
1191.2606521684875,1058.7313326721865,709.4120643550274,517.4038280535033,157.63151981497973,174.6448564094872,157.97094484047864,377.9636616092529,749.1868465960627,594.2028445846877,160.94307019947286,357.73932262910705,318.1865269820015,310.46217716406966,147.83132849992435,175.28088188511956,174.2123100974122,464.2263780632759,943.9896784437832,863.5905133394641,94.07272727272729,8902,117.05457493625352,5850.886136366707,1831.341431827176,10.710267305374146
1201.181771927414,1047.6228353822626,728.8845486936644,501.1633995605023,144.3959343187699,154.2095612403475,137.82072137290268,384.88706461493695,762.5020141976423,573.1464654206144,201.24205462439954,316.73201580961336,341.0075584402891,322.8835635689223,104.40835861085516,146.51194682982597,156.29487931063585,438.17341217089734,991.6138172731668,819.8998519087008,89.0909090909091,8882,116.35010441315902,5795.984388558086,1890.5281086056477,10.810467958450317
1180.075027625457,1074.3566972448864,695.0709349179314,511.8627730117766,178.73455792600063,180.48415490958033,149.13007021500025,412.8820478048858,731.4760178611847,584.2136332652595,154.7348714728569,359.68197042124183,346.9928258345063,270.8707744358294,129.05984719005818,122.71595281330728,111.58145982499693,482.9291628740465,994.69409329062,788.8013868856646,89.98484848484847,8916,114.16385601172118,5861.513666728737,1921.8357163772243,10.910732507705688
1111.129543398753,1166.2005584111168,625.4470986054417,486.8123273148933,256.80810234380334,192.35797319155833,104.58998347216067,484.9778624319298,787.8551523953028,489.473381175685,130.72584534829483,392.8393592992044,382.60437004502097,214.39802382577363,136.6436838057996,73.40956098097564,62.87078226177724,476.215850456958,1053.9503462541754,751.8064251982669,89.98484848484847,9012,115.83460359995695,5956.339715529944,1921.3795274146803,11.011056184768677
1120.5735945998906,1154.911753916735,626.8119167256187,496.9547246007915,257.26852230998344,202.40530857768087,117.51356145467436,494.99149108810894,780.989173740759,482.46824696697706,177.03964225197961,361.71338631639026,290.44561274003553,308.15399153505314,199.1043425634692,184.93324457776814,122.5464845964211,583.2413031509362,1016.4650499362247,680.4138233802577,89.99999999999997,9003,120.44143330677721,5889.562575704488,2025.8066998741751,11.111136198043823
1116.8722928303807,1158.3151926742191,629.0256862370827,492.52378978979374,252.70380955648264,197.70778575957974,116.6096441216846,489.7784330522694,773.5519234146817,490.39216157402427,173.6901142502387,360.563991487742,297.40503659202676,305.0487032142311,190.93736796009242,181.1754392110503,125.70434352952847,578.0993012098695,1002.631406986135,691.5015587269912,91.525641025641,9002,129.85616812129763,5834.4881330072185,2031.4243303331968,11.211357593536377
1009.4344006914699,1252.297017580654,701.6984044912508,393.7726094095101,146.7407972071765,152.84327614079146,181.78177959139876,464.80087228803205,661.6421731342465,531.6380830560506,171.36133876285678,320.91860784694245,409.7718212030605,351.1310964583623,158.9807513373698,258.8129217567741,238.99039342789038,657.3073476005369,958.91086104468,634.3228620471617,89.33333333333331,9122,128.8620975762105,5801.638127038143,2153.2796436319095,11.311495304107666
706.7238054215898,1467.9832518584483,1002.0133656462432,413.14233900491917,177.12257608336435,441.29736805918185,484.12101380517214,762.8069698159392,735.2457718423307,286.8998132193158,167.25309796725048,354.21855780974005,492.4597470665519,380.350036665048,187.71419336248377,392.48859428146875,422.5647455451494,851.2927547275209,1025.8996710421911,406.3604285723522,85.95454545454544,9430,119.4136739404525,5781.601799398782,2164.921805074995,11.411631107330322
510.979690628567,1577.4692024680146,1196.3989828738577,596.0294233750287,361.967199346443,605.6069224566376,577.4343096529885,884.7940501488716,927.4592772698767,165.56748515968255,318.6270565510605,256.6842181821457,514.6943974993843,491.1637770545886,266.7788014114163,338.2263690669574,287.52532894941095,724.5494947537286,965.6715984279202,532.5329151641773,85.95454545454544,9635,124.62121005024824,5965.753474115858,2108.9110758448223,11.511809349060059
197.53913480253595,1703.1504451571363,1456.529249931675,901.3588105498281,586.4441131416943,716.6969069851281,521.892291746069,781.338451253852,955.6885701666698,476.85033312341295,369.5943077749221,221.8116808336147,499.7062827159289,496.25903748706827,259.18750804874867,285.5984160785925,260.6661618280105,704.0717677158325,922.0281716096624,518.4927300712175,106.41666666666669,9942,121.86076138780493,6059.171744408659,2046.672733063911,11.61195683479309
374.2542480886078,1892.952999905693,1828.3550334338672,1356.4523080856684,905.0168590356743,740.6361886581519,320.7744268797838,236.92875405313777,490.15496768083153,774.595877471538,580.4496178296198,191.97361833427553,496.5542920985854,570.9347501054154,329.6735445790331,93.01358218146353,250.54916087690967,657.4944612203351,772.5021843978952,523.536752146931,75.25000000000003,10519,135.5018830584391,6174.496731034478,2219.774716680598,11.711998462677002
703.4771493277963,1976.41389722671,1970.260841508774,1525.2968175725618,994.511240721121,650.0374360250577,287.7406975187588,208.74465561202766,258.1674824571161,627.9112403484575,331.9449595609499,298.9951185906645,609.7398013166584,637.0257159083822,431.19112482482956,342.11746395317283,35.688339093977085,443.4196870665194,657.6621753853204,768.6854858965698,123.50000000000003,10852,135.56892129282508,6223.689204574802,2432.580783601765,11.812148809432983
1133.7510636950308,2034.1641152534228,2039.5140901592738,1588.7058226635177,941.2416694013926,376.4510176020351,361.27754755488235,632.4976792888044,672.3211680234857,223.7052626420121,438.8252289150307,198.891937068094,510.1964392666161,539.8837509354148,321.3228084710411,300.8322897805403,140.735764378525,535.7016205393276,763.1826847183315,758.0633422643515,104.474358974359,11277,148.4449882845335,7796.706764720477,2437.5090243918157,11.912167310714722
1449.1546423034151,2035.6022681705442,1997.7506881232446,1508.6288568471136,777.5183192388065,131.38550925679542,423.28126913423006,756.0575831353707,841.4142142844436,502.0246278822372,359.36063218078255,282.00839564796,598.0501488864111,631.565986569022,409.51312294037734,273.93911730040895,87.95374249545402,532.0478084931844,736.1449234307772,648.6277514997138,121.23076923076923,11627,137.94396216988022,6269.069564177547,2349.318205777707,12.012251377105713
1790.1693473059984,1985.819595421554,1846.452936383369,1283.9091220063985,475.6362450390279,249.64173787773615,407.41860160114027,611.6729483053526,676.9361598250259,717.0427949352404,438.1830462024066,194.8099476604436,539.5791846610365,612.3668402259692,469.7380831900368,359.57199266411425,72.42435029982246,510.4772511757787,721.3463121625957,555.1535488550559,100.08974358974359,4641,125.55558844518532,6567.841815769366,2163.946590512717,12.112420320510864
2173.3352682506734,1877.6196839106767,1566.321470470983,905.9088355144203,55.3115921153358,566.5718736251374,350.6003887188046,205.5807474557992,261.12262694787046,537.1226196691331,416.17442353310344,218.09251514231283,558.6426579813744,623.3994935398827,457.6943394924103,327.34779361057775,74.38152532966251,528.7246190073203,739.333479334132,589.1377707489506,100.08974358974359,5090,134.46036685379195,5555.194069463447,2257.6346187202507,12.212538719177246
2572.160488444707,1721.8819407169738,1179.996143542351,456.2006816179112,421.6427677210014,795.4714831490321,375.91711899643184,339.0218991118857,544.7455515726655,100.86970803978406,360.5526161865952,437.481067010117,517.0499418458808,347.09748270734354,310.3421108886479,617.9290718366103,283.5251939859729,394.02893524288663,693.4694223715918,252.82501769267716,103.66666666666669,5519,113.56582514365216,5253.904540284507,2026.090568833734,12.312729120254517
2638.0431958458626,1683.5487438930465,1102.305492768332,401.5190494607871,488.37409400088524,793.2262299078827,359.84428441517434,403.39870131862347,604.2231120405872,155.78651174339058,328.4212196062396,383.7513912306772,564.9908308901811,450.5271224467333,232.70913220930478,547.6270304816028,258.190510767167,278.232102870931,576.4064797493974,255.9829934557327,103.66666666666669,5618,109.07913468023527,5393.740306913311,1898.950204479957,12.412894248962402
2854.5991375683684,1486.0242197016105,832.1271673164954,491.5275591258157,610.4600729693111,572.4472589553608,114.82126989093432,395.0480120007825,474.14203585688375,381.47487606942514,326.57594985447656,347.9237977593163,599.7329801024308,526.9166567961414,211.84228074678123,488.04751545493184,248.40923440579633,203.1387280931845,487.3180169222736,310.9620969240402,91.65384615384613,5889,116.0908026118328,5358.293443478258,1947.9898582768362,12.512921571731567
2984.0262033798117,1332.9971025858852,722.028115856454,670.1065701430337,623.1181846415315,386.4757643047254,71.18934549865045,283.30288497864757,289.76568906129563,374.60778434237517,337.6046246151327,367.94417036040755,539.9844038614373,450.2414554364601,275.57495328114885,496.3281532583286,180.52927223192935,295.34382507415506,535.6725026453797,381.27287027942566,93.14102564102564,6086,122.23047467597658,7286.265688508078,2061.2203553183244,12.613053560256958
3151.759162525447,1078.1763407273745,760.5628742482379,929.6857441811314,523.8749900413038,346.2059045088378,313.9342583636318,36.53757510987069,370.26270641427794,107.47408410923535,524.9940750296926,348.5966711852968,324.47273533625025,595.7369955227696,433.1651374528689,287.533901376829,354.1550560411848,20.39450390835225,475.5978746251539,148.33339493772954,74.57051282051282,6356,102.01662251338557,8345.599928137697,1738.0792374764794,12.713330507278442
3093.4868905580106,1194.048023723005,683.0161056963584,861.2368569005077,620.275347356575,242.43529452896675,302.464445094794,87.53997723950546,271.50483512178386,201.57787518608762,401.79131085588244,391.0602609464102,383.97153535430266,441.8085000105807,470.5653692863338,248.29744382309988,248.76127446435382,183.83256364554518,259.7191800247819,375.90137383490634,81.04487179487177,6242,84.69985125350206,5407.1951713084145,1538.9409017692108,12.813395023345947
3152.383655024703,1038.3427872979069,830.3976881143651,868.8129629952996,465.43635803833473,397.48123052591865,166.1375663385659,171.57825560002962,236.20002238957287,306.4890640057798,360.9694285797914,404.3640776623521,427.9684402975423,396.90420773545736,463.61184483519685,289.4555860390491,203.22568713990503,230.26262612772186,211.37096494653613,427.91249052355204,74.23076923076923,6398,80.18509608800628,5418.7424983424735,1462.9576374836838,12.913748264312744
3169.9667832332316,977.4785091418512,903.9701958851557,831.5940744195968,442.3725818845587,426.25163576724333,104.82481427451042,225.6961799868601,162.09858104647395,342.5794791346394,425.9528100785187,360.310580758413,403.05502277142347,463.06970729944254,411.2481688985647,314.49538973761724,179.9002510983247,201.36468777073028,251.80729668525186,411.57233305295546,84.76923076923077,6477,74.8382201220317,5270.6288425741,1442.139237104419,13.013891458511353
3178.7991635014055,936.8615353136319,962.2929971828447,776.3313751604545,472.2302731321396,413.36529891574935,128.8761263212306,232.94663320239437,136.78450930777552,311.2666463778519,407.611438076202,377.9620670547074,390.19864774333075,466.2713917305014,417.48407011762765,310.6296124557374,181.40552825115168,200.581749583346,253.0013287897349,433.1578814536468,82.66666666666669,6540,83.21215047864631,5249.998400735576,1423.471034368306,13.113980054855347
3176.3941545152643,920.9592500332399,1001.8629663293362,700.6584489520051,548.3399865825177,341.52967747111796,202.30523874205758,160.40125929898213,214.7000579155643,260.4915404132366,456.6390567737142,330.07461140822926,429.1069892036539,450.9588809970966,411.91791696782354,312.66579650458067,187.44574359846828,196.3730339763932,258.5288252887508,410.33580932202887,88.66666666666669,6618,74.85718796541724,5211.776688153544,1424.3256059940363,13.214036464691162
3172.1078157188213,923.7952784283463,1009.0226499286574,675.3447950822308,575.9266683518529,311.924205302447,219.21135427929076,133.73646555070815,232.3532410101724,277.0686880425703,417.2710126488244,369.1216538386954,388.1028177871839,491.39881299420716,373.8223495137325,354.8680594714242,146.49352131406084,239.9714008646769,223.73805811501745,390.04218089237105,84.81818181818181,6649,75.94032659027974,5271.206858461433,1441.0956584491082,13.314162254333496
3148.688190756601,962.1470276207942,987.8185814056187,665.9448180692289,592.8236842716228,314.4810495757301,179.55316533502372,187.9362471137776,166.95769954228743,327.9004749658032,439.3580218685907,348.5185760742503,408.8828293769573,469.42094749350525,394.7682495046055,336.3233756789367,155.15866466603572,232.93725224884315,219.89897255997582,404.75671823376814,95.09090909090907,6726,77.02755579335269,5254.975128839652,1455.6195909510627,13.41423511505127
3171.5318618410874,923.4261943366927,1022.1402810584498,640.0215870795823,619.0890719957293,269.29097738335105,231.7821720801486,146.7275747869153,211.73601145011722,366.8289464607458,507.3326767067579,282.75117053842325,483.7005981170983,387.70772051046515,480.54665464996697,243.31633873095134,237.93883118838636,183.51745713204846,264.7154190239758,518.5518778996499,88.47272727272724,6676,79.68610207160603,5180.865086002917,1529.1330953524712,13.514492750167847
3091.670090283146,1053.4835648429926,891.2815870076549,769.3195687194572,482.1211405116822,406.38323116308686,190.27458187888442,155.51595023260427,289.73689223236585,287.3287670077216,407.0205974533384,367.7624390058822,409.28002289850014,494.38590101725606,391.92904417639835,312.22002991477933,291.6019872067032,78.48526104224898,396.92241076643626,504.73234194510314,109.10909090909092,6814,84.02025182257364,5279.815716937474,1650.8623064468388,13.614757061004639
3017.3785962173993,1165.2333410819765,779.5535720495419,878.0397251263952,387.08481745085,460.2044950758312,296.07871668169463,115.36081523756658,382.29907533826935,392.71337158461097,373.42838401802203,387.5463932373111,443.1770200307269,480.7187130267693,449.1525070228686,251.33023492069046,309.4631900280125,88.94160224550549,346.3154730745586,496.9480193605712,109.10909090909092,6933,92.33590899538642,5327.505398758849,1604.0235221081953,13.71512508392334
2919.256947658198,1292.6181928426233,668.4312358098665,971.8807486513774,383.93435844333914,441.33214476195684,398.8117418894579,55.07092699595816,370.50966278892224,453.6406237828948,394.53307859311195,375.9177680298807,414.5468553165957,495.8736350660654,405.29683042084173,296.6598694937854,307.5951522509924,62.06682317697388,390.443510773593,520.3000719831754,107.0,7055,91.74693794490291,5281.3680243324025,1665.619996816119,13.815385103225708
2813.694876895116,1402.263514258976,621.3548028008388,1003.3569916489206,493.8634207340228,342.3981575073218,400.2573717156559,94.35703212505821,245.48481187796577,348.03987435858613,390.61429798776794,370.4961003436584,431.43017259862046,478.61037539391583,414.1415223718502,295.73043013084384,289.4017243149435,76.94725503966296,398.6187756632544,517.6383487172594,95.0,7190,98.03268962954166,5302.8083589535345,1697.7429363231158,13.915468454360962
2707.5494801785426,1486.7384866313153,651.3201533083192,976.0515650546864,607.5115302481179,225.88113022606603,318.43635719383167,147.85437694464233,219.6034197673192,279.3406613268676,401.20150335067245,403.0716239167023,375.8840787931737,531.9154389225062,420.2181902028376,264.4244369591094,313.43924439098913,95.00107498004954,349.83422360846447,473.92541937306856,105.18181818181819,7302,90.59221453350304,5245.5590192680265,1702.1285464135153,14.015517711639404
2702.8197427930872,1489.311761684853,654.8982137067766,972.5238934178969,610.5714556589106,223.14979557353098,312.7107024055115,146.38429761484582,225.91615527499988,285.17828690300973,415.9154295308448,421.2731804277663,331.6737824994008,581.8945606606305,419.927808042369,250.4948492255747,360.9281676262364,151.0504060950161,268.69688608829915,389.13339360524805,105.18181818181819,7311,94.89847439531499,5202.430903146182,1717.6958546456217,14.115562677383423
2332.876991447853,1603.8047913614766,1021.1406855400639,602.8291089540861,631.5275011959637,525.1757674418118,419.1689854832557,229.086366038663,481.6017448667946,555.4667194273113,499.5603439696731,171.23340175645467,588.7159931296735,555.3081155902826,107.71934057420333,580.0507564823589,646.783016300576,319.9247239938156,315.7551690018587,442.3608462755583,110.77272727272725,7681,95.89708086756013,5522.452741350335,2041.3354802535891,14.215648412704468
1976.3992034073879,1681.6923163358117,1365.9536776402217,311.0210191612908,585.727939000476,848.0397882643423,766.665380189983,485.9408574854695,507.0030797311502,506.3213279829184,498.7895908521669,170.32119034851817,579.4522553546772,556.4207022507171,118.74998018531888,562.5506521973451,626.2559257722266,296.21462799289293,317.7035800578659,455.8964895517739,112.02272727272725,8046,117.91335981550779,5533.184286198795,2029.8997135713216,14.31569504737854
1615.3560197241318,1725.0858821914273,1664.0921637742717,466.574400385552,480.1511328062884,1017.1143911061641,947.993668652175,566.9933588381085,288.24171522875076,164.1934689134838,481.72328063484355,189.68215085868127,582.7518464812916,536.9192102397589,121.56308212340339,579.4850941626974,643.6207905745996,316.64660628923326,316.7512172711305,441.958989861325,134.27272727272725,8400,123.23253748295554,5552.38622336415,2063.210028332096,14.416036367416382
1311.047799020691,1724.6350826930477,1852.6110960315589,791.573229089046,353.6194683494295,966.4070300606296,864.1173434698956,425.2213698846294,40.964285772264795,260.1345474035257,471.55324589885333,202.0119708300048,581.5672939292671,520.8080356720877,132.64685227428453,589.9934307522235,655.1275773778254,335.8273433804523,332.47694498878593,441.8961434202735,120.69999999999999,8736,124.88944252035512,5569.014105569488,2113.7643918945655,14.51623010635376
1050.953746368145,1687.4473246798848,1954.296725115467,1080.5607399622725,271.09228647397055,741.7203489053092,586.3329647606461,134.887057181052,352.55031477735446,519.737904196051,407.2463075658731,265.3454736927122,645.0573144110468,528.7136656590274,68.81861785816872,604.4046841555928,646.4686366551716,286.7885548740441,314.9537087710273,484.1279299251803,143.09999999999997,9054,122.74337854832604,5454.67024519794,2127.006778912654,14.6165931224823
910.364316866259,1617.122365359918,1946.727808980619,1228.912277852238,266.5836555938393,483.06790326633654,377.84220008216715,152.17921475049718,433.86775215852344,449.43924563144003,444.99882032942344,239.47878909591947,607.5159118206956,490.2604985218724,109.36740083728115,647.712084222089,699.3281743579764,329.83102521113216,254.62274106922303,454.622728853775,126.06666666666666,9313,119.79476131195779,5404.974731662767,2077.1681094074947,14.716655492782593
867.280996201855,1499.120962472471,1848.885419649255,1291.745594268044,341.4662618862415,395.5643426448759,539.8133163293787,414.67443465683806,328.94533112838735,162.2875603743388,381.9844683166744,276.90352443252226,659.4152051003754,552.014993203381,79.40264614070634,585.3010931262004,651.1506238501395,328.74021331537193,289.92450834251974,416.71908533015704,126.06666666666666,9610,113.5217745135459,5373.751426832784,2042.0342806754484,14.81699514389038
940.435502203384,1367.35271013046,1694.0124698786435,1237.9405195968247,399.4330330740949,613.2617059454113,768.3428712568674,483.3074796626827,93.83808272139684,264.5271401977458,323.3170853626348,303.3447069595705,686.9823532836238,601.6576663921011,125.76942523824187,567.3764931978551,679.4944616194686,382.5040031289549,242.31747285485093,397.23550383784317,147.8888888888889,9845,117.23995178233774,5499.0222067415925,2003.0274419116568,14.917221069335938
1043.5658156947916,1249.3500894086899,1544.6468682309742,1128.8999837970014,395.981497777473,758.0420248831275,817.4759621877665,394.6210969475237,132.2685431343814,386.8210251692293,411.8782779489837,304.3695102223027,700.8790177528067,583.8888463452247,60.546875363440506,492.6852425867372,577.5379476441485,393.72431616497084,315.65090282603364,280.35404673490603,125.34722222222223,7817,113.51801212969137,5758.172040573414,1911.3658414908982,15.017358541488647
1256.9465001497424,1031.9530739474285,1282.0988291861065,881.9549961251846,336.77044042429225,847.8120598860045,685.9056116363663,131.04405299303656,371.5328024989803,342.58175326303376,394.2138801720449,302.7415599901645,698.2931703113982,587.4983166628323,67.9563185133769,507.2986022871478,599.1958515241927,386.0994429137835,300.52996872123606,308.42730817133196,125.34722222222223,8081,110.35994859814446,5737.506686444323,1950.4985903557126,15.117610216140747
1503.946645706026,787.6601164928259,1049.8685406521502,630.7981976404691,267.5097240784781,759.7878284709948,423.38847337400176,278.21731955714176,416.1184334422076,88.13294499203894,303.1610145168614,245.15795688868772,596.5156783492299,488.78096244234246,70.81456968271976,581.8290531701625,516.9899047396443,342.73279618117334,402.73382098615673,210.02428305454796,125.34722222222223,8336,104.2449405532798,5095.068107997737,1820.478754244877,15.217782020568848
1581.9765812708729,709.5624407224639,1006.0319822888015,584.9860733030578,241.80885961954323,694.6773758528138,374.904624176354,349.0642200667625,370.74165477519324,67.8761825061122,256.4274152963022,239.50127201540272,384.3239209458495,274.1508978608072,261.29685421946624,643.0823213266892,303.4815237859551,495.31402235853466,504.2117417972277,115.04673601128935,125.34722222222223,8431,90.06477000564473,4420.6855935271815,1641.6388034831573,15.317851066589355
1548.4307738999028,743.045432306632,1011.0957246417055,586.1022370038679,268.3630797546073,728.0280244978868,363.37502197079027,349.11364255236657,404.89077508297,33.14916970541933,270.5816318492643,224.0480438826776,370.79441474109933,270.01422529269325,233.97859659996152,586.2098902140374,348.829788715923,473.04714993107916,429.77697322348996,149.81072518421388,121.36111111111109,8379,103.04970684506506,5357.408885184292,1689.6812713856184,15.418035745620728
1632.697019133061,667.4759482561053,1046.2026268059176,642.8997333621587,189.4453754506723,709.0043243964104,447.39725452555086,265.39602734401,435.31276408294667,71.89127834633503,256.4440901485141,292.9266291387482,577.8918070489199,457.00217920967754,242.62339503166652,750.6089296433885,408.9394572361685,394.2867323112609,609.2966776547995,30.450920224950572,138.375,8479,106.9384530429968,7770.885630458057,2016.2565005432061,15.518103837966919
1582.1186533002615,704.4785961427243,1003.8971384849773,590.7005538786354,212.3623074528651,672.5775793913639,429.2906351036477,284.8003473389173,386.4393056404785,105.33402403239532,427.5979561554717,158.48340255719145,437.6909807292439,488.12391474248517,108.7467408326975,581.4088094926451,708.304808266906,92.4018573614644,753.4724087770062,279.28833604539926,126.5,8421,115.34379024685371,9264.725259344967,2136.758799990037,15.618408203125
1298.15147776752,902.430573573459,683.446048132002,340.057193573718,342.39736255353574,352.3269149807603,709.6321409467051,218.74967388923983,575.9222884258887,394.1770670082111,262.7598863524854,221.97821391499303,328.31066125256933,290.60346446815475,195.686671914343,381.3220217570649,735.3904199765954,174.46588538840697,753.0927926639528,490.0716304718007,142.51785714285717,8090,106.35597163143245,5324.172145834536,1939.6659200936992,15.718677520751953
1256.9560826364554,931.1409223724518,628.6849784616486,343.15326027326694,358.1451899981179,333.28280952613653,756.8166260950056,192.90976266585895,623.9704176605209,395.0168924444827,318.2680063928964,168.10736529811913,380.05738725343303,344.26410360619377,132.65259914368337,441.62454682431996,660.6507265045617,203.9466818465185,671.6637404825854,476.4828568917719,125.5,8041,106.03490647448578,4507.685138415933,1861.5977214102236,15.81891417503357
1162.003238402352,983.2281088004639,512.1491206672804,483.74409984952644,313.39340094933203,469.5530171717346,741.8513286246616,39.427977186509374,555.1132411110333,225.19633911544736,261.7068377493834,225.83310445436058,319.20267363120655,327.02865177429345,163.5706156985196,442.159339404143,701.0893665110921,131.41494364109647,673.8165015683676,390.5452902710068,119.0,7864,102.10502327877916,4682.097664690529,1831.2356072810373,15.919242143630981
1111.4877049420265,1012.794190280422,508.4967345701425,649.4104425490873,234.99641923324373,628.1608499046372,608.2713325603792,194.07041551098067,388.867924617338,292.49601422263885,314.900058290855,176.5704531874911,372.08780485426246,369.7742523879364,103.83081594670536,483.68724863932124,633.0239588025144,200.76918110207492,613.326566426069,441.1617245537219,119.0,7699,110.40757673472618,4887.423666350758,1897.4216304613328,16.019577503204346
1161.1099365286059,1073.6256741912052,837.3435855247941,1012.4107900777992,261.2174717057756,867.6490020732839,282.7872687411581,538.2789211626126,562.4173423633414,671.6038819359484,586.7084645392117,105.20719768517887,643.2271884923529,459.94085331912765,289.4600468562253,425.02217385498244,708.393454993121,381.8870620682036,865.2500523868849,618.2991099865891,119.0,7274,109.27535413722003,4900.405386818644,2141.3147769309685,16.119861125946045
1132.4860894105336,1074.5842132204352,769.8847095760124,983.1180850611074,252.59862062320366,881.721320835426,243.96295426897282,548.2734844473931,511.0109108888213,701.9944189459653,127.83408332905829,395.1123317165082,375.24074118573424,666.8842057018317,250.2371215677105,848.4591981106322,226.64683043825138,688.9884958507124,723.0119765516868,1017.5536481846916,154.94444444444446,15408,125.95741494553906,9434.493548807284,2525.16943595645,16.220024824142456
1109.2728444590625,1090.5880505144578,729.9605918374783,992.4038790650792,284.51854371908144,921.2726991800101,201.6845466709721,589.2078797959166,535.1538591039451,736.5792180473175,117.34053215636702,412.29273548905405,396.56608426054595,683.6999978092886,254.67383632231497,835.9619865915337,258.83807615581657,660.9944660437407,718.0522809362147,968.9266992406036,168.375,15476,152.05237972327393,8181.173998467746,2523.4430653171567,16.320029258728027
1019.3307885651736,1194.2609651900814,645.67528114059,1111.2587535991715,439.5659861652965,1061.1303691516086,176.07974919272695,682.9712304151442,682.7925130219402,708.6838200408106,115.86036966965264,413.5059886197076,363.3837701337517,708.7779141640209,314.04956008141494,913.6267679169366,230.09588892918163,739.7245690083042,831.3762947860918,965.7992335506949,166.30357142857144,15601,141.80350546893186,8679.8093277634,2511.6216888798344,16.42015814781189
1007.6097631859093,1210.037387104976,649.8778241716979,1127.5008308980493,445.6203838357458,1055.86516971532,193.48915987993135,664.3888171067775,665.5275442121741,696.2816153406648,114.32023797490132,435.9217602233487,431.67965808418154,668.3313639666826,223.58231892387562,833.1794472864648,199.11954292722606,742.6151789982326,790.8481606976062,1094.9947626851492,190.08928571428572,15646,143.17519708644247,8185.396609190519,2606.9246209409575,16.520564317703247
951.1244731399487,1285.6817186562837,687.1023212868286,1193.3884407755274,457.1929675680341,1011.3943370250508,254.22618728275202,587.7577629758784,589.233425161994,697.158600524778,154.3432515372256,402.5291738946748,315.5641259416008,743.8265052481195,357.6360832837928,921.4898660562654,273.2014817162657,684.7864264888694,760.0273863278243,982.133394492805,192.57142857142856,15701,150.21795264805877,7565.109777500702,2787.8321290571434,16.620882987976074
985.6598036804479,1244.0395791349497,651.9660870984636,1175.8869637127877,479.29020879228864,1053.1006201082291,259.2896076517913,600.0430155514489,605.7678240881903,656.1600494298904,138.68684226007812,375.94075110086874,321.1703443469713,679.5526262050089,348.29748273873156,981.3116660457695,245.7816370241985,746.9289802212024,828.1663420983226,886.8892895918926,208.52380952380952,15670,146.22588950181012,7677.804809599468,2747.3754812529346,16.72134828567505
943.9613604330107,1284.9623231858777,697.6900181390083,1164.6129597919105,434.0090457455409,1027.165618635705,214.77187932527357,639.3844292992408,646.154694914175,650.4261154763656,154.15695526613786,411.3986915295335,328.9173548428791,732.612467269901,327.8376091873654,917.3131481773776,218.53360510817402,755.3053232040116,845.2516009342804,928.2082348111645,214.66666666666669,15715,147.046038365291,7835.554374786323,2663.527999748483,16.821775913238525
974.0284926327729,1263.2628004896162,669.241365365253,1188.9882092367484,458.4035076160428,1015.3194657807135,233.79816699539705,619.4299278717551,632.4844944975243,680.1130802353601,150.09593947811493,373.6354155508938,296.63298199778274,726.4323255809726,374.0633278858164,939.3326942647917,270.52147155240317,701.7288432403683,796.0838075332404,984.1050697362374,214.66666666666669,15679,147.50376916848285,7926.032292164002,2658.3409996759515,16.9220073223114
974.1838076491927,1263.2108608109536,669.1540399444576,1189.1846814876099,458.40389527873117,1015.0706777530165,233.69334254220536,619.5671017219552,632.7150191891681,680.2904384403363,153.35420350441962,377.62516918400974,295.78627271671996,740.3858967445557,368.5971898266588,917.577061351688,255.39680243456726,722.0870672062406,824.222012055878,972.2466897075882,214.66666666666669,15686,145.5110848303404,7869.232767019243,2687.36753386622,17.02223825454712
796.5477720168856,1297.6148895645858,723.9178319039385,1047.4332031976342,584.4663732842299,1156.4287049486627,411.6019260624828,450.12009356327195,528.3303654878155,856.0364655239601,235.5595923483414,224.13514110692674,161.87353561726476,809.0726637672976,527.9998946641678,892.5473822860615,376.9213326557493,691.0676498944442,866.6475382242863,1066.6991570998725,198.28571428571428,15855,157.23448929340606,8008.031229746056,2823.5386123451517,17.122522830963135
787.3323835651165,1296.7539157970489,722.9965468595849,1046.0516487444452,593.4196118657353,1155.3461207907274,414.57831071653516,452.5915269137324,535.9934015497747,852.2773624205342,134.7010244832384,377.5998904394748,309.88667276552417,675.1487069611841,440.9995660945668,1023.1108529936831,404.4968704891179,554.2306839662813,695.0079466922163,1188.600508544341,205.71428571428572,15874,164.3023848822748,7813.141051163284,3015.650130097867,17.22292923927307
824.0368042789569,1311.959637097398,743.7674363461051,1029.8504376668748,571.8289209011651,1188.2066811674842,439.50339173805105,414.20838575785535,513.2080278505805,888.3516812260444,118.03590901633565,446.8481879997433,378.2318395391993,604.2958929509545,478.59005168491416,1086.7255042872887,476.631185469687,504.0026260144459,708.4679769793769,1223.0617047655546,205.71428571428572,15826,167.76004373069617,7692.429603020872,3073.4685147565797,17.323158979415894
837.8727763269079,1321.1947343790298,756.1193828511305,1018.2155991615485,571.7932854229474,1204.0067351318746,455.4037453931406,401.7242170238888,518.017026529526,893.8521567725309,204.62511844747362,356.71218276332127,336.42566421944383,664.052831074907,358.46922208507294,1165.484822670454,547.1856875722339,372.3679344466879,664.0430325546489,1328.148867492283,196.0,15817,163.21185631344466,7835.298956451161,2980.9050487444647,17.423474311828613
786.8194229372356,1265.520206038761,690.5995733481838,1083.803547318918,518.95239658704,1184.0569435478722,439.65043480708,363.18944589992003,463.78289029835526,956.8143030962582,86.94170468461918,439.22927056924726,320.8688350796744,704.8276517366038,429.1407323315927,988.5015545588274,379.01911055761883,465.3573502437351,517.187898742144,1423.6203578845652,175.44642857142856,15876,152.44502657252065,7665.45348953312,2886.6465763391334,17.523476600646973
837.2224265502778,1338.5494371159596,760.2354614180709,1026.5903623714837,592.9531990575609,1137.7623304552042,380.79720264960616,433.58147103850456,433.1389905489456,972.0737286307414,86.04407695837399,433.8304236074591,316.8608542572917,705.8253448343255,420.7438184021199,997.5761974334335,390.5378162411706,451.466986112706,524.0498228839241,1422.4348983744392,188.17857142857144,15810,153.8132811090794,7685.521520530308,2876.106588651096,17.623619556427002
911.3386482295167,1457.1405134107433,846.8860457361707,1002.7817202477689,676.7034700117234,1018.2558218071192,269.0030614613061,467.02823764657404,312.1928357552527,1094.2268181078152,92.36820953455052,445.24946798575917,333.21933578096474,698.3737037534338,446.14473447671173,962.2967938727678,352.4956677414475,472.55165883862156,470.51901753034497,1482.5757600917061,173.71428571428572,15683,158.09799083758458,7676.109882641901,2810.86719578634,17.723955392837524
897.8723440657093,1434.1290769948728,835.2046571536832,995.3476156331024,670.6139892564464,1038.7520908024876,278.3737149179345,480.3863260343831,325.1911890401334,1083.9117335611745,159.4235227676373,459.5275513845734,410.23934485055196,601.091311414593,532.1320937397081,923.1158500645756,272.9840490927471,564.9141260316685,406.4368224806653,1544.2164362284066,192.32142857142856,15712,153.5896575588929,7751.032682269346,2844.185522661087,17.824127912521362
884.8266465771705,1405.5307457126823,843.9177681845346,958.1310081719906,703.0807788643449,1021.7373229597238,240.28292598554992,507.48059562619244,283.39419356185283,1120.8900638989323,203.3069560296554,492.179379016649,455.54951688847154,585.4245583859779,564.2391842629238,879.0768984102135,256.90587625247156,535.5043755965926,404.72533647954856,1531.2521054630022,192.32142857142856,15750,158.05523657873076,7795.049993932074,2830.273967290962,17.9245502948761
913.747466958954,1469.3243198613804,776.9518499603911,1076.1192152001609,583.4444774680783,1135.934993647364,348.9257018344556,557.6691043924429,338.49841665570676,1159.5817604937288,98.41110152985092,418.0642443915701,329.9652733942866,646.0461971233868,468.8293484729404,1026.5985108730617,330.06977682183145,678.2441955047906,392.7849020688654,1662.8592898635493,176.46428571428572,15628,156.34815625667983,7718.412971492044,2923.603116239969,18.025015830993652
905.378468596656,1449.8809737097254,841.4528308817705,1024.0458100991038,635.1351058551545,1075.1243788800066,349.14346347551844,481.6796446950485,397.2149667008329,1084.2661284794222,103.09771818675199,210.58725998303848,396.43212492370196,424.097933084211,716.4648397489655,764.4440454892464,218.94835917670346,422.57865119943534,568.8054376382476,1319.9912499660613,172.46428571428572,15705,135.43172725875766,7541.517940738113,2739.413771104502,18.125351428985596
952.5838712392746,1473.783278461347,464.1019978490685,1135.902000659161,728.0193437554348,1137.0571962625218,147.98112829934726,651.369897789984,264.84517413117766,1034.9494988666995,221.08447779061467,99.16588791427914,443.48645729720647,347.2751572722014,831.7801539511554,674.996038575141,211.12757887846533,407.4513809487213,620.3131318656583,1219.371377944421,156.875,15331,147.13021252607246,7418.797774544244,2785.454117584519,18.22542715072632
1077.521376178988,1473.892494420078,174.22215235257428,1132.820550855374,1088.4172374717189,969.535071738186,294.5392137919691,564.5720940400092,630.312018510031,668.6171650879371,220.60316122836053,99.69497746920146,442.6267932352247,346.62663620595805,836.6370842575864,669.4168263594455,217.44625390966735,399.5779344904988,629.064783258849,1215.672191994508,156.875,14950,151.9000720106747,7410.271388079548,2698.8120990048437,18.32550072669983
1257.6830254854676,1454.0179127859112,422.2947325579846,1024.599932290581,1413.4972420734905,631.7655127674614,500.0498218504062,272.2944572245085,775.3904830344005,733.4156929372696,203.07745879954126,118.68465251465102,423.8398468048466,357.7178723617319,856.3335003469565,649.5667903723717,240.40240525955778,373.5420767843365,668.3771425240304,1188.9461756290946,167.90277777777777,14592,150.45414583447553,7433.469340807327,2690.891315125459,18.425533056259155
1451.3956644565765,1409.0776005205187,770.5524893857057,820.1395325958114,1558.2162828517935,345.6242861819423,552.4649424724051,115.46303613868554,567.2682730415529,1054.7714755213813,203.9069693409453,117.08779934286811,427.0086783217642,352.7020492507114,856.6914348071241,649.8319980759553,237.09968505945866,379.92749154728136,651.9245526300632,1198.8049574004303,139.88888888888886,14231,162.65185428691325,7444.712713696568,2760.351927443983,18.525855541229248
1661.5266627746275,1342.5580989614768,1095.469242182151,535.3786925515913,1515.7978808469713,542.7491114026982,459.9413020925186,457.13800542029867,234.04859825433806,1011.1984695164726,199.15269724635857,120.47926603963899,431.0882670279501,339.68299890350573,864.9880522194171,644.8935067552503,236.07638291499916,389.9090803238,627.4107967806555,1209.5642598686604,139.88888888888886,13885,158.53465318134243,7448.464463916837,2760.035734613555,18.626283407211304
1682.1533351388548,1328.8132499787916,1121.7137559915404,497.8948375243229,1488.4806318659337,579.2685842056737,427.8274466327276,464.7130718816388,251.2265305114937,973.3918035340847,236.6263395148128,388.2419090748831,496.78040214129396,313.15870140686224,1127.2482607416273,505.30823911972317,446.4886232097539,516.759292059901,338.3170040028437,1398.5288300625525,150.81111111111107,13841,171.1831759820033,7709.149497952225,3045.9648595623294,18.726482629776
1704.9299100660935,1297.4067071583659,1139.7397873214995,449.8602730305629,1435.3227541124465,602.2673813601066,380.2645731893715,421.64619020855304,303.9350554855674,970.0814966181237,234.27826841432298,381.3086737998218,496.2301202396333,304.94605369275,1112.6379746061602,510.68241338175466,430.04293149912246,496.3037762677379,364.53345436779784,1397.0891013143182,154.8,13793,192.37874685823195,7689.341642899554,3106.378229121055,18.82674264907837
1707.5790170643418,1287.4462046087376,1136.253587511379,447.8680110353245,1430.4513257057617,593.198789585435,386.96872974513747,417.9984651314003,294.78357484506006,977.361792688365,267.3860450117097,402.5393281126899,529.9612816665848,277.37238621719996,1095.354824444971,538.2769007574136,404.83840304312645,491.938569227709,382.5045383080479,1381.7829885692886,138.91818181818184,13779,193.84795511059374,7803.316707270855,3154.317454257848,18.926985502243042
1754.2281821894385,1082.6941188777162,1036.247003503402,530.7757319601197,1440.6716407705721,379.5898113051889,595.6433618170138,522.1040432431638,76.62420438987168,1015.0246488303325,87.11688812278723,353.7426101820566,343.6265009311704,476.55210766583593,1278.5984922934633,434.3929361468219,587.7949453967057,682.8698618480086,257.21317702556865,1272.1348132869755,142.72727272727275,13561,195.85191849809604,7737.135579945189,3350.8815406801064,19.027048349380493
1788.440981684638,874.3779013768433,883.224430899657,732.6155387328073,1617.736108137764,265.3260722555755,736.8982468357809,711.4560110693492,193.78280508386348,809.386369403692,89.42663829133089,350.8004037876692,339.68600968753225,482.04815782593863,1286.4954979333736,438.4776835687919,588.9455568920964,689.6795263096451,281.09546310762596,1260.4088704661253,142.72727272727275,13353,203.91838469015215,7700.8691604254855,3333.6243962908266,19.12727928161621
1817.3403863179233,672.1926596478456,695.756758002359,931.676703894553,1823.561588950256,415.85737009213415,742.0112371023208,762.4782784824189,366.7075627584533,764.2829749858048,121.14805590915007,321.2046278928431,324.96531738491063,498.02203343076707,1309.523123121337,419.5653782994603,629.6737686828875,740.5501678592547,325.9320362519088,1201.2708698751421,153.90909090909093,13144,207.17261198458738,7374.993656390886,3290.459813924493,19.227569103240967
1829.5650153965544,542.9230539642983,522.9764477770954,1040.2501830639728,1919.0787980104792,576.3059120035239,596.1201951690668,619.4050944424351,334.5226666136831,942.2336048285738,77.8049776065168,362.99475301472665,354.18507909403735,464.1259412688999,1267.2988715126057,408.2658001073876,623.4703573137277,729.4980209998322,278.110688207881,1192.5218857426567,153.90909090909093,12970,208.82899787214905,7117.568962674588,3325.1447572098286,19.32763385772705
1829.1000152102515,513.1472453486865,452.9972117215625,1055.885834550202,1912.7506683014915,608.4618535088049,525.225016635622,552.7984344824044,267.73579528163106,949.7281747688104,21.329830677302724,436.671101003635,449.64309041002036,377.44814455799514,1224.4656175379039,275.220699507299,794.4815423908715,912.0995336469633,503.7993985216569,1148.2750343736736,137.63636363636363,12895,199.7011514759328,7551.660981065114,3276.1966923428486,19.428028106689453
1812.6279129081788,541.700642592568,384.3516304549635,1001.808216474883,1784.408527277685,553.3298542788734,542.6698811885619,613.4266262549261,221.03766219637507,769.852028416565,272.0013783835818,180.6402308800707,191.98002186039966,608.5698145847902,1361.2202021783805,492.6075412478625,575.5200225726625,726.3331953923622,295.3892808192711,1096.7385331829846,137.63636363636363,12714,190.68041301944854,8409.266574853646,3174.1472453187575,19.528143882751465
1849.2983940608283,467.6989662399742,376.7497363923863,1121.8660614116357,1939.875339308794,694.6472018262428,392.83933760786624,457.35195557901636,64.92700602912679,819.8010281476722,512.3772302717266,128.67779722042266,59.05559691148057,790.6656899420092,1407.4066284352118,639.8243388014719,522.0567774028873,730.3681091440995,278.76813050066016,962.4993180313022,150.8,12878,187.50085509723016,8730.437944709844,3238.5299975787384,19.628556489944458
1969.6058602563114,360.12300508327786,368.3144968333736,1366.9826492145057,2109.459560306697,899.9093680363591,304.53506099023247,522.1127008813611,233.23172803944425,580.990979160918,484.2692477322598,98.05063051484734,32.55902142405953,802.8953680147451,1438.1256277819941,669.8593376973907,504.1713158686237,733.4881225932429,301.53408974482534,921.4711099069197,147.68888888888893,13111,203.52717503793036,7615.379944751752,3206.3898453512306,19.728718042373657
2073.267493178936,326.97902782183996,385.18308321297485,1499.000426098581,2136.556196220353,954.0446804283774,438.21235305187736,678.1478076078299,353.2716235872984,515.754479292768,483.7584816121624,103.65449396025919,24.047984483333842,777.7518215830818,1439.817073862058,665.5397689463618,458.2808336045334,676.5083898607571,260.8125141497095,896.015433834287,170.7,13281,198.96157447471177,7397.177180810817,3289.0990170169307,19.829046487808228
2237.8812669290896,320.3879787561114,392.307703678519,1574.1696210947798,2014.0218060960926,846.2147217252369,593.2702236809765,731.1059944839164,284.46725314963203,722.8595103169267,535.7492105728924,169.5433055931949,87.04706174813367,709.6645945927357,1405.996353372029,632.8933581796239,406.73127007680006,595.6246984690084,219.58386070413255,878.603106529333,170.7,13468,204.7863648699915,10519.158634450829,3232.126260645075,19.92910599708557
2448.831918003673,393.1493023662507,426.1014985245317,1559.6653317643163,1791.593094236866,626.3208301692499,632.0646174668025,600.9137479108622,90.92560973333823,788.394866347471,735.8851482994212,413.48944227647706,326.55923413624674,496.96334134554684,1537.4600720918306,832.5088579774464,192.0215159736496,672.7175993823017,502.7048784137668,665.9498440570691,146.45555555555552,8386,160.63108454705963,6461.867843583415,2869.9854616457806,20.029215574264526
2969.9816015930433,749.1378396636993,662.526081416304,1315.8392492754683,1363.4269917048352,376.26514618703237,459.43140100517223,124.27817083071804,455.54070210724433,353.0056377703531,477.37533402977704,200.62787335675299,261.3367215480196,762.4234181041273,1101.2531855017457,396.7897171500415,421.2116569547835,208.73896298938243,557.5879275400924,490.071217231626,118.59999999999997,8917,132.90094536980408,6010.24554713346,2404.6042668429113,20.12925410270691
2619.175910864726,577.2764020248284,616.3291994181202,1611.163770143607,1420.7422473367355,196.8328358555529,767.4483265539551,278.7255280832539,504.60646841349416,678.6404416433193,555.0506246382796,537.5044589548794,633.6058787314154,1122.2046084201852,732.6955081069055,195.75518326855828,822.4252352314577,213.15165950207162,850.924066824114,668.2430885067155,131.5181818181818,8569,149.34261524020354,5549.189856988174,2782.7424501799023,20.22938847541809
2708.701264925111,580.6685524937135,570.069440320033,1520.7682048643562,1463.9689171295365,268.05999996868184,697.0027309228295,289.38871095801073,413.40766322124404,705.6176494317821,419.67361336446965,145.7880480381791,240.4045168373198,955.6218462510068,1141.9059858841642,248.08860153254392,763.4688182266681,362.0014368169147,569.4582816026176,1011.2287755836934,133.45454545454544,9209,186.8691390362307,13439.934079867056,3252.7890995515736,20.329554557800293
2681.268511396128,584.26038271586,591.0232867736662,1546.1818305817476,1437.4519235638138,236.688067618717,699.3729635648149,257.587878452973,423.5373126932711,664.5435166220956,418.01711429518815,175.40501200152056,273.3307032477472,962.6585892425592,1099.0002351550434,208.63083263555717,736.3459372960464,298.3597013375557,555.3980590160351,932.2449881074023,148.5454545454545,9198,205.11325643346117,9780.617470048752,3191.7494746389693,20.42957901954651
2677.145135608743,591.2178764837819,597.1760671984653,1537.7232018198692,1439.7360367661238,250.9770977252959,692.1189123370193,277.7060445253114,422.1554498735481,694.3867022957903,398.07548035623313,151.57458227966254,289.03109421893794,1000.1099734831575,1061.8248219390787,180.66886677966556,706.0585827386542,279.36892050044895,514.5256230129886,964.246895888599,148.5454545454545,9172,173.51840134530738,8207.94053496268,3189.051993359651,20.52958583831787
2694.6595965578954,570.0294258883752,578.887645024196,1557.6530145501865,1430.9622694859531,221.99916056378277,688.7425553903283,243.73590049144025,393.62002127903736,688.9960636936652,386.85502391990104,155.4315694612484,311.6905150087477,1010.5814307428769,1031.9191790631103,189.6007831507936,656.3950664832184,295.78468999838657,458.1134879128002,1035.2285420233168,148.5454545454545,9212,193.44362810368654,8618.773113972527,3217.28190195408,20.629886150360107
2739.601490673092,518.4752630900931,536.5745285415567,1603.7434187729066,1413.7294215206337,163.5260269155115,685.7896677409175,186.4138352557528,352.13229548126554,686.8698546608206,395.1834801369743,156.14582788080565,297.33096855663473,1001.0652800629343,1050.9416007363566,179.71354193818294,685.6743803702117,268.7027450267519,473.56220753486394,984.2036640302636,148.5454545454545,9261,185.08931571492525,9329.468923017816,3274.011873986597,20.730238676071167
2758.5806165996664,486.6942454948454,536.4515242176476,1634.822646389056,1380.1757097594787,157.6878619416927,650.3459282845604,215.5747463938097,347.68349099963086,710.7956597261905,389.87933420603434,163.4704405414037,304.4441004734243,988.0345235785795,1063.1083243876972,197.1627943616704,703.4315662691024,278.30432446373237,504.59619477406056,953.2214974297174,148.5454545454545,9295,185.98482030000292,9504.451161585974,3277.0813276829667,20.830560207366943
2823.5014351285345,367.64032193388135,589.109014537415,1725.5261624167476,1274.0286105966873,245.04610060498746,588.4334907210023,331.82764915982386,445.23760143411033,667.8055835447974,324.0966818854452,217.07217940706573,389.9995232613257,946.1560837756748,1093.6105949961216,274.0909639855501,757.9590180751288,304.3025121250662,562.0280524551405,892.8724695672445,141.63636363636363,9418,191.36279299639688,9399.27404133472,3309.4151171349577,20.93069887161255
2882.3046582620855,262.09912124154374,708.4797732417471,1764.035329955808,1243.7864339352548,376.8384344318019,678.4034888588567,383.33031719867216,544.2636975766605,533.4713625659027,467.284062657713,68.92990128190634,327.82222152655663,1106.3666495308817,936.3260390022219,353.18805688501465,706.0118198025879,466.65480497333374,722.9627787507039,739.3971535670057,140.90909090909093,9555,199.24165390858866,9152.120366511728,3177.647969494532,21.03071689605713
2868.648542689094,283.81181301311096,664.5196259761,1775.4266431181052,1221.473150576646,358.3073762505217,634.8266449542245,409.41244197681226,562.5774313624909,527.6732189823449,335.20182130718564,203.44861576404983,302.23791994556404,1006.544562261714,1003.5476013099279,211.119736837385,573.498917153825,483.7771742143084,716.4499798146317,805.0817011099319,140.90909090909093,9508,189.28193005638713,9308.451762618464,3050.594752743652,21.13087272644043
2875.214386020917,275.6169490447286,702.190224725591,1743.154958471063,1261.3079785111097,337.95437955808524,646.1245609807293,371.15768342307217,523.617091195705,568.135228127564,331.5164521719191,206.16986160601678,266.03513120264597,1048.902731621759,945.6010117328669,268.9151433640441,565.9067677203318,549.6564701793301,794.4290416973695,697.7343991039957,141.56363636363636,9553,165.33567678638084,9381.858784806409,3082.720424205282,21.23117232322693
2876.3666542352807,326.7670521733775,780.357463230843,1619.508450366692,1362.9947421316588,213.68897793284776,548.325353315834,423.2947389000494,585.1179184419109,535.1730263594319,363.0629560748728,177.17175651802287,291.0739879175288,1033.5400571008329,972.18641457241,243.49197972040525,560.979293310709,538.5604868420456,790.1873379193493,704.5931479970604,151.8,9672,189.8944800437402,9371.96839554413,3107.0763948032,21.33124566078186
2863.9693483771534,427.1817833764414,821.0484292990664,1527.7790087964463,1392.263155640395,168.02784048575035,440.1574904209897,537.2485137571432,691.8626907326498,421.738778614491,290.5856280373851,241.11225345705617,226.2679845942837,1085.1250565512203,904.2988179655928,309.34620672067734,601.2655913393526,527.554151940462,762.4761038018187,732.4842331844228,139.0,9794,196.06937186909997,9409.593402404047,3160.655614153353,21.431518077850342
2842.333508253541,527.6333929092476,825.0897064161966,1503.2580168521893,1351.650100652919,251.37650273785428,441.6287027491589,568.2404713825765,689.2815415504037,438.67397245523875,372.0903628928877,180.95009471969158,308.7890484944582,1006.0395028494173,982.4024226881143,238.8350411154008,521.421147887566,594.467285288422,839.669728900154,654.7826722580377,152.79999999999995,9897,196.2939234832873,9316.197659551568,3203.678983699805,21.53178310394287
2814.240414334007,605.6679044253254,794.9696799563645,1543.3472875588602,1275.7537637675152,320.86461509774705,520.6101052601381,499.7439780288941,608.7147291593355,509.2771565981862,333.1814576760241,191.8550240520314,273.33055023077617,1042.045519217444,984.4175771035302,216.83757055080136,521.5696708908522,589.7753090622016,864.5122198898167,614.8016704290409,148.6222222222222,9968,195.4693847650086,9392.435352199194,3092.656285485874,21.631822109222412
2770.3359565458054,694.1594681376494,732.1782436567705,1630.0004602566084,1185.7687011497515,362.1324272805448,592.1986648275497,416.85678579501854,582.502900067542,498.73422610195956,436.36573442462634,218.21026882658364,343.0265529233048,1007.1946354869893,906.147955324339,330.7285512082307,620.6871765366893,488.2054762355559,755.0092743034678,706.5201915697426,148.6222222222222,10078,186.96303295998604,9282.794367735996,2986.457608718726,21.73196768760681
2769.1780952278978,695.4863096655462,730.2327454666573,1632.0157296760324,1185.3982676534722,360.55535812283244,590.7808070693656,418.754558402618,586.5540788644149,494.13786830469,454.8087218706311,238.13630762239686,346.74858966610697,1021.8677677967771,881.2550045024659,344.42450985644615,635.6882531085938,478.043376790059,773.0370033674235,678.6477324504161,155.66666666666669,10070,211.60544185992634,9254.16886682629,3076.633222641136,21.83202290534973
2757.9111448234,703.7472776677264,714.2535623086084,1642.5262712904207,1192.4109847140655,345.04682880452276,575.3898310803605,434.16196861822397,592.2692999727097,497.16624019659565,333.5937827373655,86.60300824457184,441.28592857897337,828.4956266357296,1065.6915805214694,418.17079617347576,698.0352502241097,417.5192753165854,567.8291476554773,846.0141008936776,137.55555555555554,10090,198.05995406220822,9483.972319489534,2962.370140467967,21.932240962982178
2647.550692824442,749.9289059426582,597.2986066952849,1664.0195026145175,1324.3156478724788,257.5208427643734,498.3276007916304,492.0594996607297,485.80764379903434,634.3459810178255,408.41400642485087,222.3450687479173,288.7708259810783,1015.7364351242252,1012.6299286203512,246.5958629286504,533.4898337527501,565.7051628537193,630.1758853290079,887.1564426997388,146.88888888888886,10229,188.79090339241705,9288.456214763606,2884.1979992221522,22.03257441520691
2537.180193728373,775.7431502987646,550.7877698908048,1616.1513681313322,1441.0517987528392,333.33580950078215,581.249649559869,424.52611292398433,384.40047836269883,638.8643080262088,364.8737874881498,33.95927016180276,515.3996856674672,812.9377531944774,929.4132837142806,449.390424617476,708.2780247399854,440.0417301716955,757.4214031696872,722.9999233553372,145.17777777777775,10357,176.28109550610174,9553.21901869343,2839.4392871207397,22.132967948913574
2407.4960678152047,781.1547478883226,599.6865375953643,1498.9982680980545,1489.6516063938998,469.71128538137486,711.123422996189,290.8195796967834,488.56596959670514,502.9017089488226,359.1875322787125,88.3605740720703,413.0738737359181,889.9604221579955,984.2552555334219,363.619530906927,638.9617199746597,471.3530354498385,652.1591856593974,819.5334993558808,127.42222222222222,10496,175.1856957947352,9471.655125264948,2839.3480458955055,22.23313570022583
2308.744822867466,773.591320143033,681.4404659851477,1396.294367976253,1466.1218994543046,535.9320415261536,751.4535221941723,286.19781483025173,581.8842328457437,482.61076962815594,358.09363806984334,142.81062068367294,363.7652018039225,899.0672475377972,1043.6536125318075,386.5555493013932,685.2430075737549,407.3789307137039,656.6923104674528,750.1863959301232,159.11111111111114,10602,171.06604047814614,9406.312398302178,2777.8108832568787,22.333211660385132
2243.422465287541,750.0758236693063,747.1744710421865,1347.8265221347835,1404.5478082228985,510.72168288564404,697.2555924029068,352.61873063816995,536.995541427011,545.963177830262,358.4576829747989,166.71599468740558,345.8518162713304,898.4948370863813,1067.484644003076,402.9374706827946,708.1610725567931,379.04442451080956,664.0475081841456,715.2733258465586,159.11111111111114,10662,161.5021494329111,9345.098847804555,2730.154081319373,22.433262825012207
2079.9939987370894,676.2356729680904,902.1012619492682,1304.2241548485047,1245.333131803025,379.31302571398436,536.9300236042623,450.7909107087641,375.87345977851777,579.2300358436071,390.18453249991245,108.70873690619003,360.4029193729246,979.7609667483356,1072.0305388932845,350.351661577246,700.5036595054332,355.72374855971043,640.2533826701762,677.7203234757258,149.66666666666669,10831,186.20400232846706,9429.643476153753,2768.030120919626,22.533581495285034
1986.5637672493951,617.0984756455825,969.393815398404,1353.6915155122485,1208.190233173673,289.42724750573865,536.9261920283182,398.21312604070107,411.018619641721,479.52478937049784,315.53387853450255,363.2373545724549,623.2616823873923,719.3500089890841,728.6379424575832,177.42138917842396,405.7592067479018,600.4168987759949,467.54869162283717,598.8078190711191,137.0,10923,167.66136502559527,9078.661227095168,2505.8844959436838,22.633827209472656
2202.551558065511,810.9172954721785,912.3275830270771,1145.151848823665,1142.5050021078605,412.17145473064073,343.0219675312321,630.2508050640265,191.24775476379594,569.8220629558069,324.2478913460689,382.392703185683,638.5198488170856,699.4748147333081,703.5566499762202,192.46406572738812,373.4562277193421,637.7183018830389,452.2523234551255,595.3771458898332,147.09722222222223,10694,159.05291792188555,9105.840176414873,2526.4595623902483,22.73397660255432
2361.7620672498447,987.257394751285,983.974124079791,967.8436834415594,1003.4515672087709,435.69235549570425,181.45779425447128,707.5736582212298,292.9083616568284,447.83908448259814,318.2710385760438,367.26017511645495,622.2222947093518,710.026031612991,729.0390936179293,199.6040477392729,382.1238753492095,632.3546833156323,420.1116322248186,642.7932117651474,164.94444444444446,10516,152.91045072429426,9199.013665521936,2566.9757069552043,22.834327936172485
2463.520785870483,1109.35565906826,1088.4106614858804,883.2069232860026,879.718149387206,377.9530207801302,234.28509443597738,633.6009478357385,394.28357886250757,356.70274555379774,447.61166572018425,383.4110448429219,489.6094421325616,464.00134209273875,637.8494439834047,409.74279789241865,232.8771576612427,782.7131568581907,597.8482832950925,415.45910626126795,164.94444444444446,10388,144.52790766497606,9505.328638889028,2442.4541726844063,22.934518814086914
2349.4394768756365,969.6056747218893,930.5493897428931,910.0750867311251,991.8416893299727,531.7201540652105,85.46094401083404,789.8931831959479,474.10316454717673,257.1149185914301,512.7247210448006,433.8519982027654,492.9477525093429,390.49238427436086,607.1923346175855,466.0368356087067,257.3703605245701,809.6320713429624,665.1459560516271,352.0604950529801,164.94444444444446,10553,150.93228615267947,9540.262540902171,2503.4742457767106,23.034854888916016
2207.918151604602,821.0069165405109,698.5396416651259,845.1033940249083,1033.160059804101,742.0978753894713,288.6574170834474,852.9293036033686,706.5800924091676,131.53893128476724,594.0823593442293,512.4329716321682,544.2422226490331,299.84561987221656,529.9189605993638,479.9528260749357,351.23296817675066,747.6810983603984,701.8800799309664,392.3933525896952,164.94444444444446,10806,155.27542806733288,9557.661180513649,2550.828413461086,23.135045051574707
2137.435961430563,811.7007233591364,610.3450658378636,721.2912821814429,954.0102100419009,804.6686894736212,473.92821264573035,710.9121127665979,707.8514141108018,350.01704316111505,571.5010215274322,488.61278769621464,523.6925859848785,327.9374965156679,563.0365587050117,492.77955159967104,319.95514609467915,792.612009461473,731.967535010996,340.8802924837374,149.20833333333331,11036,152.99629490646097,9567.98711179143,2590.3301214170124,23.235140800476074
2123.64470529375,931.3804786205392,702.9960813723045,520.5012447713376,756.631647106441,709.6257877987364,528.0809526273514,494.0795206147253,483.9795574292663,391.9414454107419,422.9276375651925,359.69676663787743,396.3426260097232,304.0273774369833,562.5116757622689,580.4001502582199,462.28050947753326,661.6021529011448,660.9526705836513,468.19959876226864,149.20833333333331,11261,149.51155111303575,9603.883926494593,2450.3794058572075,23.335299491882324
2134.3789300234,985.2404102106298,759.3010554938866,455.95732582702016,692.9296004009306,650.4332776270074,493.6423795224498,506.618668081001,453.64877704524895,340.8011210996096,308.38890089062005,298.185127195938,348.4501782987707,275.24540680915317,516.8512710731712,589.4276682218799,529.5977944801298,578.7005362464804,562.6789043821624,477.8969914621032,149.20833333333331,11331,154.47299546602073,9776.115660222486,2347.0066932020336,23.43559503555298
2124.818190233727,958.4854096148022,732.0692200013401,476.96801174145,706.5457947337944,671.0353540499419,519.0540472151479,481.4795834444273,430.1471168445925,347.8676732234049,167.8921105153988,342.9151107013392,432.0832569666521,189.617229242592,351.63528097242664,455.4601692286879,462.1115953885131,698.5061343700563,609.9093820521465,292.29016095882025,141.0,11305,137.783226807939,9583.338790147773,2222.947998863713,23.535980224609375
2040.85672978327,758.6576119151897,556.3710991123644,585.3496572776722,719.7093114051529,730.2310662502678,638.1385780396358,441.3475558237075,308.6082755006271,243.0808184637096,163.592705765172,350.1841597622077,440.15291410524304,183.44122293124923,347.41343428386574,452.37718449776287,459.5441643159114,693.3266759199803,602.5151995717383,304.23357928309275,118.33333333333337,11096,147.34542850387902,9110.256720422007,2208.4023617168496,23.636022329330444
1929.2666021370676,554.4252531461087,495.17783274216947,635.7991816478,608.4813695884477,630.0310924015334,577.8810869520512,666.427271311479,524.9570841120765,91.66025869456973,172.30831406610153,321.68115414331305,412.3676684348863,213.00453299083676,347.34524720953345,451.0288466323508,460.8549653758338,723.2928975310996,635.4237766012255,294.39021949785814,118.33333333333337,10884,133.6068785220759,8499.389820064704,2148.422233070122,23.736281156539917
1836.8346921312914,453.5663112764051,579.4105357119519,634.9888528564171,467.16691308407843,479.67683374591013,437.97099895522683,780.4499643479949,642.6349976716854,266.6822912890857,174.70985708032933,317.6465049367023,405.3603113767759,222.08645951754275,353.80786786149406,458.7014273175752,472.4192389323085,738.8090204596801,655.7617456684471,268.2977072544859,118.33333333333337,10688,122.19948107702646,9060.957869563263,2065.8483961182274,23.83641219139099
2007.7312470678473,551.536490009416,365.1784601425103,792.9791734516524,722.4056086056286,725.1850351705097,682.1030742224478,931.9490716508243,819.7838153865042,364.90475742020857,563.4556680302564,167.73588550670243,270.93060550505214,676.4425284321387,492.1923933223314,503.11342742482714,524.1331838510874,1173.0782083346053,1076.931818128455,582.1918908634473,135.0,10965,138.94362615439783,12320.119640412986,2601.262088839345,23.93674349784851
2411.55691016771,824.9585628837759,152.18467099239075,1269.3228472150283,1088.4805620916618,990.4771157294833,889.9648501987915,1366.7163192098728,1193.9632782428112,765.0158846480955,704.0117821230831,313.1417386767359,405.29693000497167,808.4817228439025,545.6187984953093,497.4455435999551,488.90149898752696,1262.4935266927532,1135.1474278634971,698.5712748001071,123.95833333333331,11431,182.04801566905024,15970.969396758694,2869.512977520456,24.03689742088318
2811.692493726514,1111.7115463598457,512.2301464069004,1645.2706460957395,1268.3929979209315,1036.3732617424405,845.3147665626334,1434.2824778869142,1133.7000613700766,752.7472520566937,1026.6840431713974,621.9939449194277,748.2683718227187,770.0115304445308,219.87266196816822,185.36479294802908,367.8092490021782,942.51114684054,989.7340680218829,575.8780632644886,162.08333333333337,8893,155.38270991541796,5455.47046114128,2443.667795414225,24.1372389793396
3666.53433068735,1738.1371700105356,1285.7341022485878,2203.2493604394485,1380.4782837464238,858.6967627552418,493.3439978076784,863.8171165761044,311.2698144407171,199.43726231484754,729.4205210863347,414.4483173347294,543.0059603069204,1021.294278057106,627.7105249557553,365.63823102486737,132.50122586857057,866.41502527128,616.9000249247053,150.79896942037195,85.16666666666669,9761,116.80366555936394,5068.164070221726,2008.5690834646562,24.237406015396118
4080.8913175478997,2029.0506026435885,1616.9875320040453,2339.6549696158845,1310.945318887772,692.9911881666862,368.4533475590405,450.8687743531228,291.20741444226894,296.04434957747947,741.1349290041866,406.53642376270767,530.4702408951705,991.2491940606658,613.0009130820268,374.9442345249489,164.32298787593945,904.6185402968379,629.0324199863718,135.3695177065182,140.88888888888886,10172,115.45189325968954,5105.0586796197895,1977.8077694197732,24.337655544281006
4511.322916821864,2283.4132554442353,1876.2995328339728,2284.6929415846116,1036.7905888169666,358.0382303039354,270.2845162426177,566.0053723845986,700.097050287506,395.0723110524337,742.845145285799,396.1948750860605,514.9459702804274,982.040341225041,625.1531876736445,400.7638329252597,187.69297425010035,913.8495539288899,601.9286672202911,98.21228661914643,140.88888888888886,10609,121.91889766473483,5120.52970156329,1945.0388328966774,24.43781542778015
4680.187928841639,2357.0889266223276,1931.0303963737656,2181.6507158747536,867.1163763120696,182.52642586150452,241.8339881240503,735.2997061967964,713.1295922665969,314.6477503447497,682.0499029915978,554.7456694481784,708.8337548758232,1237.5808259141281,703.5003231341685,286.10815467745675,99.02968393207762,722.4846111733498,764.2216809111177,385.8225427442021,140.88888888888886,10794,118.39739934519767,4851.51084621888,2183.5201017492273,24.538328886032104
4864.27682111765,2395.741010638115,1918.0182265984909,1989.0790955484133,686.7803730876873,140.28389096757962,150.43003902475235,774.927583284938,521.6341812607936,121.73617364622376,679.5292017093309,540.1866076472454,693.7275728326555,1231.5980544624656,710.0443129421261,298.2684791462228,95.30357383103483,713.970783060713,753.5460721950622,381.85138892202923,140.88888888888886,10989,137.21837959738016,9717.829688954802,2213.6806270083166,24.638709545135498
5067.401317648055,2385.9920057480444,1814.319892288692,1750.773705174836,686.7856172056687,386.8547384877486,143.23519106376335,588.8463934503262,432.7197560078172,338.75840023562506,660.3720325826887,474.3566942168795,638.0951070968625,1256.7037641425306,774.0020781858508,345.7649651989926,156.23806812387267,681.3663313684979,809.7336617213733,429.8823164256558,115.77777777777771,11249,141.98408128455753,8695.067614952799,2318.7761192398493,24.738776922225952
5309.27939073231,2314.2605015740673,1592.075208704577,1568.1539948343452,966.068689928692,642.9831165134963,343.5536655807443,308.43243922271546,745.6239388190918,542.2180124234033,682.5953812225233,497.81680618011296,628.9534710808753,1210.0875894366936,785.1554446911094,406.120713625971,202.22888862806752,604.8701726795944,867.215757870157,524.8734961012292,120.55555555555554,11562,144.7150717028578,8583.291282559589,2313.7065884034046,24.838928937911987
5423.716306852967,2238.0496594488814,1432.0005809934298,1602.1224365544372,1129.5568613137755,682.4278343432757,382.7495759415254,421.09453046452217,809.3535149094643,445.1787681804019,711.2101730630515,550.7839147060093,654.9914120630384,1154.9614220891135,757.4809177766895,432.830102780204,212.72953605868844,549.410347636365,867.0902738704704,579.1253436007835,143.0,11742,145.31436905317605,8710.03274718074,2342.783451205477,24.939149856567383
5516.892337629575,2132.6180974692493,1265.0492749149773,1730.0073821358153,1218.6828361088806,615.4690244488294,324.58476157854636,574.6050466951075,694.6760621603886,291.099630835969,701.6537706464696,551.7184678594012,668.8248793715461,1149.121438992021,740.8538606673769,442.9843363667038,228.5652897155007,519.4332481795765,896.209066269459,604.9104257287268,143.0,11908,141.88094217507563,8832.230706141314,2311.1295836319205,25.039485454559326
5603.401237511662,1972.4591011227076,1097.0295162504062,1926.4196812568905,1195.3427590830813,430.8212472582022,147.57322678021436,590.4609053408017,542.5769730936431,431.8982222412656,640.9797454287856,544.2406519316083,730.3312453569506,1141.911545346006,679.0518952490129,480.68033035684357,286.5714277967904,453.0842164541973,971.3112294688609,628.95693240656,143.0,12102,140.69603546777677,8895.113794039986,2232.012389082538,25.139580965042114
5683.938450631033,1745.6089434169364,998.8013349728418,2129.8829359376996,1034.3833046642712,247.08111090753712,118.52098755572658,413.07945182733255,708.1973905626018,607.3328314401697,657.2700618330109,547.1887884919986,713.7682230318698,1140.3406874470033,699.5170425933346,471.47900245767534,269.32284211308945,477.51933033713266,944.5806677809035,616.1380434476868,138.44444444444446,12347,125.00426651305747,8818.136147214767,2286.1651907384735,25.239715814590454
5725.898191122523,1552.7864801673982,1047.3613668059545,2212.835693716144,843.2739622177954,363.0288897457632,298.80509362603493,237.61572815906973,862.9068081077527,522.3766438484432,744.4354017527188,522.2498309829654,625.4714125043017,1213.6429533980443,696.599186175748,393.7489696759511,229.74038051913848,429.908007767335,971.2396833109436,680.2057624334338,156.5,12541,131.75142296956705,8742.460994908395,2325.8078958210963,25.340083360671997
5712.9919486674025,1767.5036332927793,899.5877433250298,2255.612374651003,1031.8506975114376,158.97408816970804,327.04485843606966,276.30637639584256,976.1533573417857,739.5040718482743,1058.163627154235,517.6494067149462,341.4836422198972,1533.503377148963,672.5460804243145,297.08939234541253,446.7421380703213,163.22194820708623,1313.0543253003575,913.9438880896768,156.5,12320,123.45138488739373,8262.036183067454,2663.207337209621,25.440451860427856
5720.9672984097615,1817.5579801461881,846.3956724986185,2302.4863461150176,1046.130074877572,172.9418435258832,383.7557072198973,239.20643148668103,1021.1463288377663,719.5209903304489,950.358899015485,537.2550955323151,385.8975491905152,1443.1570760217865,747.0123403991086,198.47254002441016,376.0328034489668,262.6290250282909,1277.317220538927,986.3654024253111,181.72222222222223,12259,157.03026651564534,13329.718967730738,2791.051488980769,25.540500164031982
5650.28989921251,1649.3308311529868,1113.2586800528707,2035.8250381011821,1189.6112110634745,110.54424441776919,363.0574037800165,502.09510252446347,1140.7500791860878,980.8025185902698,627.9903905203859,774.6376360289199,531.431100854081,1356.2051774107151,1080.467932320094,211.7351755844672,607.4168924918649,465.47449205065027,1598.4839364324744,1187.2024975388838,181.72222222222223,12529,157.63036395545305,12641.714606925885,3045.125216977327,25.640599012374878
5559.835178191145,1586.5976015064607,1342.6637837671524,1827.498017027633,1435.6735890078044,297.591025002977,606.7640236713137,624.1438175997654,1380.3019403188575,1009.6309763886222,646.6518518656025,755.4928281628532,521.2057809391208,1349.4978330616252,1057.80765290342,180.4939368262031,574.4054831764437,474.6587440917693,1578.92579476161,1226.9906890749592,178.0,12779,184.97472392655155,13287.73110351341,3121.091264368796,25.740905284881592
5443.170438865595,1642.2309405068625,1512.6468984113826,1774.6004309721047,1632.204922786938,421.3923797128524,765.1001176740785,513.5123293506309,1354.7495110580583,762.7213320702416,697.5449116005701,692.1890557207797,558.5835572162092,1287.5786361431308,1096.2520596911174,213.49476078450385,618.9891701607995,498.197523465246,1613.9623586657756,1196.3378355793031,203.75,13018,190.81660653490377,13858.248882475847,3177.8743647924553,25.841045141220093
5385.349804474072,1700.4854773868044,1552.3242268580548,1819.5206523707814,1657.8171926207297,424.53046800751974,750.9843332383215,416.8002361710594,1260.5893940274102,745.0457231529145,716.2450468467747,668.3104299641807,549.4253649889357,1253.5065592136332,1090.6750418759927,225.04501467946275,652.1928778679427,598.2189918744447,1730.9567902130138,1195.340447741156,189.75,13126,201.37045796944716,13972.209731065504,3236.455522745689,25.94134211540222
5574.893519489986,1487.9522419875561,1586.0336527598722,1581.444781084427,1803.8010529503588,645.2302046566712,1004.4948960287221,582.2829886027456,1378.5067081856362,480.3877206561137,1161.4157113021613,425.3234619322135,1104.9636697760395,981.9651592581523,1614.1398574607892,701.5565727225206,1012.3658968945833,318.38421144297735,1407.2307602959925,971.1941379322155,216.57142857142856,12850,203.26878338784505,13146.042596851465,3599.950893164193,26.041629314422607
5932.593144096661,1102.4308524294856,1886.5799072156221,1157.2099423530256,2229.1441851659,1044.3423414734327,1330.397596629386,574.4849985119226,1086.8465812323846,605.7101681707952,1107.1825302344778,367.01273011016235,1055.9745825249681,899.3787307870696,1648.434062724787,770.6220881182907,1119.6778107116354,388.90496712738144,1368.62617812998,944.5194409438039,216.57142857142856,12427,197.37396136341374,17371.239252889063,3538.1892612129195,26.14202117919922
5877.1171275394145,1161.5311535441701,1827.74956687201,1198.7552018428319,2183.736218105281,1028.488214932021,1342.3745613784106,624.8292514836869,1138.8656932705717,563.7517152369807,892.2809039057912,385.1431843367636,859.2582792077084,646.0922062192077,1769.246139512227,1042.1440439489193,1487.579056639469,742.0760925469334,1380.2299328020101,907.1482209407701,269.19642857142856,19966,195.69135961184307,17336.539148145654,3888.320711454329,26.24215030670166
5795.253931489975,1245.9062613904582,1745.0139699583121,1218.5432073686952,2174.80484806788,1079.6845601752805,1421.491285428565,696.2026972811254,1124.670712287415,617.3326230200764,895.3552701274854,378.2372978411634,879.8332523856486,626.0849673437019,1785.2834789422925,1034.1506578760466,1457.3864697516149,701.4296519165449,1386.0525851898492,875.3365929864975,212.66071428571428,20051,243.5167147519732,18129.63471571554,3871.839557793647,26.34225845336914
5638.721556811749,1391.4492121511312,1628.6446805867693,1168.6386021737057,2283.325616209229,1237.1557682487767,1534.018283202111,672.9016533969623,965.2091004306972,733.430474444867,885.5112061325952,406.7451963911927,815.9440236080183,668.5067682987892,1773.796676298696,1090.680294240123,1540.8013116410496,740.4951218187379,1299.2414974671394,972.7235970131733,262.17857142857144,20206,236.96129615536387,18702.10442022222,3747.2266265879844,26.442291259765625
5621.896311069059,1404.2964627973283,1623.8859758411236,1155.2572961462308,2299.851188202897,1244.57150666712,1528.218144948438,657.2247993329639,966.2092892543224,721.9322656171563,901.9680539189787,368.65009787522496,862.9268869643466,681.8963030513793,1723.3941183471914,1025.4168577858302,1526.1962950536902,813.1659157979846,1342.0368030110399,1013.3870016074259,227.25,20228,241.8963926549083,18844.51647263906,3655.875863356557,26.542396306991577
5503.054904997448,1475.3248265193101,1645.3487882658835,1034.0864606865307,2389.4134269953793,1206.8952754614154,1410.0372808044485,592.4323966801994,1084.322838965967,625.7154673918985,916.5825822635587,339.8889345804281,901.7610868020777,688.4219296815523,1697.0733415211118,994.7965096252096,1525.2477603198233,840.7656320773262,1345.3944876874311,1031.304253013114,210.125,20342,230.54226883334388,18684.527812113607,3627.470996266177,26.642647981643677
5388.969420688918,1519.4114521114261,1727.8165531140041,933.0700571296168,2394.761453261555,1090.690330937845,1337.3108083905952,689.8119061238133,1128.8942060620911,721.2707449975294,891.7381866943069,384.2551275157952,862.8742586968793,655.6345228689598,1742.335223766732,1003.980975472188,1492.1720172870062,817.5348951810461,1374.0404655078905,1014.5790707348747,179.18055555555554,20473,224.67602740072587,18458.703030498502,3644.5678893385366,26.743070602416992
5314.886855685169,1531.3782442157362,1808.4604124803047,907.6969753497328,2342.7730291777325,1017.2895496001727,1374.7239233640305,764.1600650528464,1064.1891631948347,783.2271384245647,839.0993378279155,470.4432261509289,845.2430185927409,569.6349311078123,1788.8260091968518,931.3509022826953,1440.7475370357895,890.2899384005639,1382.4985687050007,1098.9755033784372,179.18055555555554,20551,218.28596742210152,18332.476638529493,3623.112417301202,26.843258142471313
5324.482077054027,1532.0179368716254,1796.3661672938867,905.6736525629324,2354.0301021057962,1021.8397020409978,1363.0361703977237,760.9289687768153,1077.2002414264637,784.8242603814448,779.5734493614659,558.4090744958788,872.3092006186481,499.23945865179695,1781.176690555349,853.767143441906,1472.5629037428425,948.9638891782632,1317.2225689524216,1109.5863523831345,179.18055555555554,20544,210.19898585778506,18339.491869513127,3539.057953586319,26.943524837493896
5384.966221858023,1577.3694920715202,1722.0933340874253,827.8329280784378,2426.456796723993,948.4889185887404,1330.1059257810646,854.5913415268029,1025.896013859939,848.9152703895663,714.0650932292355,637.3483082224283,944.1511902179492,489.1167445480318,1710.0334762535324,836.4716550177682,1560.972126598571,921.6653635424569,1280.313313574317,1026.9019322601835,195.5,20453,200.18831255812628,18309.573190264753,3432.744437631156,27.04384469985962
5484.715635024989,1718.0273490769023,1650.5904144485432,646.4283007492749,2457.308345954895,773.8155432798618,1460.02721358652,931.913951829751,859.9678916770118,736.3184881085436,733.3546911187415,623.8334928787874,920.605303442648,470.9807445712619,1732.3229900391118,813.4551204536448,1561.1802524486336,945.127531473629,1254.558216281307,1018.9031101942111,195.5,20269,201.26673810175538,18298.90194506562,3421.7461928380085,27.144111394882202
5558.150055348288,1875.2060289853816,1675.1501376826814,521.2059620302404,2374.9558606544488,729.9093982203561,1619.2018300607192,838.495416303804,909.9467491841406,594.7654450921798,731.8644194061272,628.9259150010481,923.5592083038648,467.0803638251978,1726.2639027117714,809.6265140151702,1576.6654363366158,937.505871905035,1253.5949572219365,994.7927503767297,195.5,20101,211.99035039179262,18269.05099642164,3456.945918119434,27.244168519973755
5560.847726449414,1886.9560333386084,1684.7963992972973,524.0467832935652,2362.5174715142316,742.4412530522012,1613.3530510192786,830.1603097970567,917.0691898789834,610.857541351922,885.4109305459538,592.6089311705189,778.723778588468,311.0795593577384,1806.7128660041637,670.5642491231131,1698.0905986827202,965.8290409613355,1202.0777100161533,862.8873541699853,212.25,20095,211.8639790718168,18414.165508950962,3594.7091410130615,27.344330072402954
5581.056420972611,1998.1658471646174,1790.2114923049273,588.8533374260584,2258.617520042578,858.1691491705179,1526.283596498743,819.3430543537582,925.3996831481021,713.5921533514208,752.6583948674055,581.238029062775,863.1066940366895,440.3493566472886,1828.9920156179846,711.9057889034142,1584.603749271871,1060.5682207559823,1109.165601848885,887.472539961643,213.75,19970,220.43200908263051,18241.902726859327,3712.4522276457124,27.44458317756653
5583.710773419377,2099.1229149417313,1912.882982371985,710.3341211746871,2235.766096526479,913.959522876957,1418.5343681953077,941.2625372497096,802.5862123514942,638.9717727541079,767.8574802861071,589.4044409330417,865.8032091168911,439.0108340358426,1817.710357713298,722.186635946604,1575.6576219329181,1067.7921313713832,1100.1638134246296,875.8525250066662,227.70833333333331,19853,226.3469773688454,18227.217345005396,3663.547458422993,27.54458713531494
5571.584964842553,2179.6064859839335,2020.0666650234525,824.574302674325,2301.9983115926243,883.8811529740412,1416.2174006569082,1015.6164960967842,759.500192851744,526.8483724435503,752.9903888942262,581.3133331925872,863.3038508605616,441.0981519961158,1829.1236146281956,712.6186779564741,1581.1541482345426,1070.481031149422,1096.0706944658725,865.5916029723215,191.11111111111114,19732,223.52972425231607,18232.08082894164,3580.062470525556,27.64488172531128
5543.949235600132,2225.5774792394395,2082.768440849856,888.3217832294087,2414.728214002413,778.42524341564,1524.5044762550967,947.6918151696303,871.5082208548159,603.2023085360289,767.9911247825137,594.0051811796137,873.6966600008017,449.6507670863969,1825.0690726092723,717.0860251688237,1576.5799391404914,1075.5102294471685,1095.647581869854,867.9239825450142,190.40277777777783,19611,223.18318563295617,18267.61535152547,3542.233228598041,27.74495220184326
5492.632188782279,2249.477331614193,2109.340040847164,905.9901554954386,2528.4171301458723,658.612348854575,1630.5845124414716,812.9533462351474,943.8982324331886,713.7032681314112,417.96597707669224,122.11497611710742,400.1062521863911,70.44140184990705,1478.3329978445688,1144.598735629409,1169.062139527243,1455.0000297386598,647.0356552424381,450.95543525602466,190.40277777777783,19482,194.73784872573998,17787.023478752093,3142.040925894634,27.845245599746704
5343.061050575257,2235.76620801609,2054.3125634190246,826.3751976153827,2603.253658658916,717.9957991550467,1595.4682764859751,852.4570610405231,749.2152618803844,600.4427394144907,495.6409399055204,228.67854490934803,527.5639874811271,195.21500990966453,1511.3126513737386,1029.338290372177,1285.2180609881734,1345.1152477353385,927.7845675028252,677.3133901292116,153.04166666666669,19158,190.80706235237517,17897.226198399596,3253.111980538939,27.945509910583496
5070.084520895518,2148.0945844742414,1834.6929923779703,629.9009048598883,2412.6432840466955,1201.2712400472992,1174.3752758843038,1342.4422670761776,339.68814194317565,134.59273444400543,509.0154106513607,258.9497450632803,543.9900994381813,169.10709472498633,1533.2939251305327,1030.7291122299364,1267.5546402219732,1366.1477482731154,885.0644502214794,633.5847324217463,226.875,18680,210.8043648488275,17947.753085048796,3285.197905769129,28.045877695083618
4817.814273963041,2032.9047878008548,1565.2514423976577,481.9170448729826,2064.126372006441,1507.5707030112076,832.2752615945882,1518.2015667724027,679.2596976971682,497.60821311726426,513.4952229180419,264.21577779875395,562.2040290065693,192.9443844115458,1564.3776664710147,991.3748487710612,1303.1746217973669,1334.7432982974904,849.6128884976058,592.9583736339837,159.5,18263,216.40655064106386,17952.573132213183,3281.261807204861,28.14597249031067
4467.111270825544,1838.6045976611576,1132.3343925614226,446.2736762093105,1572.0189305181304,1595.221766898792,1060.2243540662755,1258.620601448949,1033.6229194416032,780.4711448408647,503.6151680545467,242.69066772323646,546.3456307050635,210.44946909292605,1543.98787239595,982.1394900621657,1337.2833671506187,1285.7477772686327,894.4061507232567,636.2110192675215,170.5,17770,215.8795511929193,17946.946837788135,3281.7374711844245,28.245999574661255
4126.538644373366,1633.0216558166708,690.1613377212609,601.3098105497922,1411.5457923103254,1385.9027557626405,1506.7710306769106,805.5295748451134,932.3181494959297,610.5464453579455,503.7799953060714,246.90552253493752,532.0385685451165,188.91542378764737,1522.5480172159664,1002.5821092987744,1329.1967424371592,1285.2079006431416,914.11146154891,655.1616276856507,147.66666666666669,17302,208.1667547766363,17967.153433723983,3221.0654813399915,28.346386909484863
3750.632965569516,1395.6044974269316,239.8398851514148,804.1041571276538,1709.9053615214154,947.4110523710889,1713.419102180894,833.22858909924,476.94912831869505,142.9751336985843,511.4279412632995,302.3956325791163,261.59254746432964,345.23592441681654,1381.7482976827143,883.3946863163499,1616.708630261307,1086.0040872662914,701.1633805244959,360.43646010698524,195.81944444444446,16843,173.95906243759572,18218.322585948477,2931.1717405834784,28.446589946746826
3593.615892544766,1284.451935302057,201.23489126667783,841.4702368913732,1891.785425895923,794.0287031200966,1628.833589930472,1015.0172552152412,424.5268098826586,254.92350876907494,508.2317507690029,294.9919508120882,275.3344198279318,332.3025909167895,1384.0191141915793,891.6247450147592,1604.1346603520608,1088.7411640458022,714.1946077584482,373.65483334427137,195.81944444444446,16655,174.34207492440117,18195.093173324145,2942.4169109845484,28.546921253204346
3384.255329997849,1113.5681954426898,387.3293649555997,803.4484062072011,2057.4884950356986,821.8772731832478,1401.7469317071614,1103.335417574474,646.5937921037961,428.3937962062786,511.90754839777816,291.1906618180906,354.2075180409854,256.2647693730003,1333.4791352898853,966.8612147297868,1613.2133009989645,1025.918410075523,737.1849858154231,347.65637202420936,195.81944444444446,16430,174.84528821481496,18078.518046152036,2944.757995648096,28.647003173828125
3098.9554707673424,859.7041885002826,682.5416625210851,661.9483735747261,2094.6293101828555,1104.1140836009629,1281.9840295731535,918.4808822341172,787.8089887208122,374.00260704686406,531.1288359984464,319.23549809065986,394.01032219024796,237.67767594524574,1279.452887939947,989.8434901973241,1664.1162373492375,998.8888348206925,692.2785075594688,307.4171468479244,160.25,16137,174.6276939014051,18020.896911920507,2941.408125933701,28.747147798538208
2756.153479601654,541.1032823703213,999.8037828840902,437.1422315271888,1928.6266883698406,1392.274920422236,1541.6228509502707,585.4263731226206,619.9756200986479,87.70999927184509,504.58385778447246,278.36535058240446,393.676641729056,205.6401423132766,1298.4527237781306,1036.2261770745124,1659.8850953988763,940.3363440306472,692.5050270648964,243.42976266445157,160.25,15785,174.68856378602158,18120.82466441282,2891.0383505628174,28.84716272354126
2433.591812862901,232.34651265135767,1243.9979657366266,217.26979496203595,1629.1022379757815,1459.905686726677,1834.5737813807082,683.8258277995288,304.2457657505436,238.35367848949403,505.3532505494815,281.7384243829746,407.4083165945288,198.36594700389622,1272.4960668529295,1034.8762991777621,1689.331938809465,959.7226666604303,661.7303291073639,274.01600257677825,160.25,15469,172.99926182333647,18150.776979187693,2874.472949986256,28.9475736618042
2228.713910427973,40.03128378308379,1353.8450753773927,139.50757333377948,1435.5592970403977,1352.7666634298441,1866.7700346408599,888.2550077899311,386.54647141815497,334.74417798567583,454.72530253930756,201.51676680234507,443.50351909907755,124.67367265705425,1259.1929323619888,1120.4215899768533,1754.4817074784316,904.8984428033466,576.8886037325482,262.76780531567545,149.20833333333331,15255,182.28469645150506,18160.369508589785,2940.0563484700288,29.047829389572144
2042.2926300266286,171.05241494579528,1396.778089696266,199.19014275238862,1375.764880155084,1154.416860432917,1713.233985289207,937.3121742231277,569.2218726250568,233.4366817045515,427.4669222593583,165.35888360211518,479.08475068094054,93.31656700955435,1224.530478940815,1112.708741856769,1765.5411132993372,936.042092811308,594.3829955380277,270.00198931510783,149.20833333333331,15059,183.1929344858603,18005.725137645037,2949.7160378907224,29.14792275428772
1888.998569713382,343.6779277820185,1374.553616733057,298.2562315318813,1479.8537067382204,1034.08062217244,1545.5047820237703,801.6275338151303,560.0412421168,66.20308768980028,391.68239969897,135.16650630126242,517.5898587028631,100.28284237088701,1203.5455296543314,1067.595948911984,1723.2523183627516,927.8903706196396,622.1159658370844,224.37054293233308,153.0,14875,180.01690673615647,17998.38267873491,2911.3985033239996,29.248151779174805
1783.3398229217714,477.4528397755642,1307.3554993127173,364.0808491730342,1626.8913414474853,1081.9997750838459,1540.0685533172884,669.6961856054617,420.838959873672,196.85876484486323,177.32912719473265,333.7410742436465,806.0846624193751,450.5972481736472,1326.737663563862,853.0552000045706,1420.4589337817422,580.9995310274667,522.8963294312822,445.3666548871554,143.54166666666669,14728,150.78892118030842,18573.91293817496,2537.515430951591,29.34829592704773
1916.107908814287,339.26951630286084,1484.384331006433,421.4586968737293,1461.8416607954186,870.7856691891151,1346.9767045326964,655.4839070970165,563.8513613449516,255.28749867663922,217.8836386796802,218.2776504705859,739.8691842128051,347.4860173275804,1224.3772902481437,820.4856301893036,1416.194098093788,674.0085951918448,619.8587772292883,385.80575252625414,143.54166666666669,14943,148.893154370179,17932.823497727582,2503.2836885490397,29.448495626449585
2044.2711947507785,381.4170110130823,1712.6720415521531,637.990626281342,1471.7065881773135,702.3076756203717,1159.8798400060496,456.40924318426215,493.37353284537323,458.01036142901205,398.6808096248215,72.9175869005035,816.7291772250574,408.1825641464145,1050.5424682962057,551.8438811188083,1128.563001163823,543.8578280811067,704.3127400766555,730.3090749452355,104.69444444444446,15178,135.79130706666103,17134.70605356673,2309.7336880226785,29.548903465270996
1965.092929409156,278.45242191845745,1541.3089318972661,468.5533491497441,1330.5665617549148,684.8424142210523,1136.256305640802,617.3733668787542,678.3859641665582,551.9517124197732,462.2991423938978,92.10823929137447,826.3346781265449,419.8007706700891,975.5457700093323,482.6917853177118,1060.7916285488973,589.8323824580365,790.751546685429,808.5056268706948,119.22222222222223,14990,148.85101254251754,17678.952614819733,2305.6210514991253,29.64893102645874
1942.1724241341794,229.49544031106888,1475.4773702880386,433.6085413838178,1221.5848332777018,601.514975725558,1036.435635107351,610.3677274940317,705.0884655805487,638.3219430645346,397.98683467111374,40.41074380625382,776.400528713521,361.27080524872883,978.6344228343992,526.4768110946304,1096.1737007997444,641.8629814556098,829.1853060714564,811.0050264441046,105.57777777777778,14876,145.89394139542105,18692.298050906396,2257.9458249671443,29.749144077301025
1944.8016986557798,197.22084613455803,1460.0366164934117,524.9903902163926,1116.1778310879201,437.24298800081544,909.0062309398924,456.24546718713344,562.8738944657574,560.9576694212449,374.9565134525347,9.653607259553596,750.739623332802,365.87255618580616,922.8632091947663,446.2724255971118,1018.0038086161501,551.3862015391437,739.5464605545609,766.0948670090398,111.80000000000001,14721,136.5988811709318,18777.460418520684,2186.39444978517,29.84923815727234
1960.2413764338144,202.92634931125102,1489.3946963643882,591.0077730633946,1128.249067022768,415.6382659192892,929.4376200831706,409.77462082600056,515.5818111305068,496.9480251203734,125.40967005800825,431.5684903157582,480.7644172502496,546.6454042157771,600.9228525142904,88.7173894252272,799.5119634295482,115.22423653330749,301.39573400861406,389.8790401779757,111.80000000000001,14635,102.26728349179653,3603.256822941383,1775.8110741552841,29.94931674003601
1851.1568228747062,411.580964483527,1225.886209256729,312.101799134266,856.6243734069127,322.74554426483684,588.622482652805,360.94470346037184,387.89044835414035,482.32002454860924,146.9369778837237,454.51017125589823,495.736120616145,577.7537826784359,623.9573782691522,128.9965224509957,842.5645001720405,122.98183641335069,321.1798183663937,373.38864030697124,77.33333333333331,5555,103.98206813633333,3527.232454161831,1702.893084552924,30.04948139190674
1739.932221291498,800.2586211645861,861.7867787062518,490.7174995786246,463.77836021885264,305.9366328931957,469.7078361474117,244.6822881918803,70.12646429808503,169.4619903660697,253.68940802812867,250.08445724853198,398.3585692678673,311.13062246128334,363.2172790274699,258.02033855934377,507.16959839040277,267.9351570183087,74.73062067104571,232.60926699629786,83.77777777777777,5939,77.32771327739482,3119.4508032890067,1371.3331729851586,30.14965319633484
1716.5700963234406,873.4527255491057,787.0046577952371,565.4814305088789,414.6662830781644,292.0696960709733,540.218324404959,196.7588235054137,23.312725940884622,102.89340804399797,176.5824064870633,256.84970729654435,405.7214856343731,337.64456794293886,419.001690448048,182.93104635847402,551.9583534333262,213.57092186437444,75.83151348126141,249.3518444870862,78.77777777777777,6018,77.19315524777141,3185.5895570324037,1406.3684707900338,30.24983501434326
1676.4889175622345,958.382221683776,703.6376394102165,647.6420962234084,438.93178885982513,216.7979546924831,612.0417400257154,106.76833417248417,76.25390203545844,179.5688126938956,205.80207682424054,266.70646585158414,378.9624316551412,354.57935392087484,388.0541094362145,185.88094716479625,577.3234637532427,187.52116291542598,66.38899592915381,242.55406620727933,87.22222222222223,6113,83.13995061590239,3156.3433561978973,1352.445731475866,30.349958658218384
1645.113389365667,1003.5043980422043,672.6683600442875,677.4638820533285,494.54265626097896,155.95744408181662,606.5835439217448,127.59497051714506,101.98935269038175,218.60008989906365,183.55182243335912,243.2826198121441,414.2197618858434,319.3600359787914,390.58502802529307,219.09076631314497,554.5184199925425,205.51081354723067,30.428898852383085,207.04906125213768,84.01388888888891,6173,82.0890905238942,3220.436274140032,1337.3022649266186,30.450089693069458
1591.6856198482772,1049.0107600187762,678.6384965989361,673.0483734370952,574.3310033049517,143.29142662707233,526.5830074261006,210.9769399430486,73.56492227647517,160.23826941582936,196.81249731232813,257.9033612902783,392.99141308932,339.7929132930794,390.0965408143195,201.5302818511098,564.0880739178309,197.9881467940848,43.29881782693739,218.08982259213778,97.0,6262,84.09875301998181,3249.545707762689,1358.9083223191635,30.550140142440796
1589.3816312919976,1050.2806046747194,680.0509982738073,671.8321122580605,576.4831121259035,145.32171099503068,523.5738776777149,213.01666700922627,72.5690923193283,157.75161572286237,240.34521556982543,314.14894231471357,327.48295886985403,406.4455453559651,426.66247173793954,132.94663662512767,560.7564023739084,237.60225558509077,99.18027835792186,237.08107392675123,97.0,6262,81.99604178619182,3229.574168106758,1427.6791358622627,30.650511026382446
1542.3106200743957,1050.5428687179672,731.5475235445273,617.3579839008925,560.2697607234446,200.13946765735244,536.3761785746353,162.4544461707891,61.98170935605973,192.9465465759869,210.96046415880335,250.02820020369245,367.6920802922169,384.72551221451,367.8336070349298,136.23230406268556,616.4437401809738,206.73074227476843,139.1747962266154,284.7414497454375,99.20833333333331,6323,90.78655393571677,3242.3250437498905,1446.7690881446147,30.75058102607727
1546.4236106431065,1050.8784129703795,726.4646788129425,622.9794850004946,563.3695504831495,194.99567399914747,531.3187439420758,170.8418630926844,54.16102804775148,181.85581983909373,240.40314556937142,323.41803407923254,337.79751357734983,388.255482984897,430.3878941903565,171.2009224513338,553.1600299110744,206.52556080345911,66.2852223159695,251.2127753740665,91.33333333333331,6316,80.29979094736822,2984.8958912039957,1459.7614624911819,30.850922107696533
1393.058061655904,969.0348919846945,875.5588276955473,530.6263164826124,405.57895629295916,164.75408315274203,649.917786976818,266.1622131222535,181.16227318645838,146.80132221796828,237.54028524004724,192.13306709782447,337.4850255806693,498.0385345709932,443.69650596659073,39.68470410163073,518.4518844047848,354.770336724776,118.309345942007,104.40094850106131,97.10000000000002,6480,78.63151988956572,3084.922286025968,1518.8395228617696,30.950937271118164
1264.9725323828452,880.2477651244168,962.9916378278068,572.0387740510021,374.7227488269075,123.73437430599647,622.3171458983318,373.9710659526264,188.72733617799605,25.79301850317465,228.9444196930466,207.60692119072098,336.7714508025674,473.55547344999025,428.8672270233579,46.41053512626593,535.6841862028381,322.8614182830451,105.98165219929936,140.49272922979605,98.0,6612,86.48807333935889,3506.6454505312468,1473.2498994759062,31.05130696296692
1113.4831042442233,759.3555126155854,1026.903412406899,704.2611708248495,479.88097960406185,122.53130841088962,493.42126490311676,401.1642437873706,130.85139367899677,129.18663358240735,239.868292371239,208.5539853281523,323.1033376739905,481.8625460950865,437.4878062192012,55.390568078339165,537.114213325939,321.54337105660255,111.16152966206867,129.2086761114715,81.89999999999998,6760,90.29190031122153,4511.166076734411,1469.582816285947,31.151556253433228
1017.6628837658675,669.8342614255831,1028.4600024767985,798.0599547369588,574.7789895767232,121.69448282025337,418.4011694637687,318.78699421614266,33.46512837276234,147.02255773355827,158.56530684666498,226.5749863572976,526.392076256714,516.6191431274937,464.0802937549504,157.095115078233,393.95827067579575,383.4251772396737,50.6659306530087,254.34925249375618,83.5,6861,89.63736051265795,5137.165749921163,1391.9043909783447,31.251607418060303
1012.6624078028045,665.2783768264678,1030.0357543821465,804.9114195095466,582.6333083209205,126.57617601297618,410.34048218708705,309.3490838048414,19.816384114797938,153.79358749457177,244.14712229326207,255.86230608571586,373.1142965176677,376.0371311518073,313.02340393123984,110.77205276546631,540.2693690718145,493.9072305996558,166.6658145347656,259.04176072585153,74.30000000000001,6863,78.46422907186202,2536.5342007967784,1266.229352504765,31.35183072090149
923.3724276997534,569.3454508572067,956.4726042534429,820.0071693560977,574.0580911007892,32.17109366120803,508.32588949472637,349.8703435521685,116.49293699276966,124.71697597572097,203.87274764714402,226.6234536023863,406.3130507044615,419.02951860798777,357.34531786800534,86.1584839184726,510.65602094528003,460.0635571986329,135.70430952592437,249.98098672351983,87.40000000000003,6961,78.5804906625991,2642.6029334000123,1254.5934610080662,31.451855421066284
800.6706658037049,443.30567971754334,813.2065184594828,782.8113939623967,491.0808430164757,123.07455486491062,624.8208000398611,504.1730978115622,231.61105335806295,278.27514395179725,274.5598922767976,291.1465318708031,390.68874026301864,343.16309366645964,296.06324335370954,156.25638971788825,495.1230001938127,494.586827101173,148.92972838514413,296.0370528728719,88.60000000000002,7119,80.15689257572058,2834.3009417267745,1268.947218607077,31.552130699157715
710.9254782377599,389.8542818513256,657.0847640630973,675.296498042176,342.6763667388362,248.25240514282623,603.6454223056721,550.5188444708864,215.89141227084323,307.3646725847167,257.3125734628953,274.15697738541843,384.576075081449,353.20578280981067,297.6321525389398,148.79744171833684,503.5348926150361,496.79200530806924,149.65457410910344,290.3018927213404,85.81818181818181,7272,80.95875170182529,2854.3177601119446,1228.9162600271998,31.652345418930054
673.9635448214952,427.22699278510413,549.605559358154,551.7881804567987,222.14271234734818,310.7753707708121,496.8011623502038,475.150008547112,124.49340415097896,212.62890600802658,260.9843742657046,276.133674510326,392.6171416213521,367.1548079355617,309.21285097708494,132.68538367157174,527.0276497099946,520.0716258000762,181.38659445590196,326.4413921285568,72.5181818181818,5126,87.60283346899828,2781.7562313484195,1194.4211979728398,31.752745151519775
682.9849761788427,526.0103180257506,514.0702422565129,428.1316425881352,230.77514721178773,298.88256383444946,385.68320025598877,351.0589683955965,50.08469234751337,146.2248623420119,38.12110924904675,157.51812934848428,108.216308449673,211.53222585690472,117.61513373320942,399.20949408821843,286.75394245378993,312.5852368426095,111.21521489966325,119.0602375210618,72.5181818181818,5255,61.25876904524607,2450.9532400782005,967.2452877139804,31.85278058052063
653.2144504948687,400.80600372847783,489.8340710281624,514.405392574546,123.09036204400043,406.59538943506806,387.78006899090514,368.921721286883,85.00488620192401,27.59206106038576,43.38020526517495,161.33782622503531,102.55262973500524,207.55318976566352,121.90851360831844,404.19975778975385,278.2448910484126,303.12557799844427,120.97489004042076,126.06107405523245,72.5181818181818,5122,62.693152583659035,2437.1660678926783,972.6162593353185,31.952834844589233
628.755376523626,251.3197788361794,437.1755296810593,563.7790006670136,34.32648816716562,549.320845707525,289.3422249599612,268.8657728398021,193.72239774191803,123.824729786103,81.81929472340046,194.64152977787546,87.31313788565127,173.253267885679,157.825030166695,396.771812273577,271.8828258487302,298.4304586031621,112.81557766888234,141.36836454665035,65.0,4970,60.07819296180959,2410.516155479497,957.852778725614,32.05328392982483
623.0257306387853,44.58048668442917,343.87226303238623,568.9026701431823,233.9968054936456,657.5430728489839,67.80281251717253,74.96390955149022,248.6955797920447,259.9471846148538,84.13877004643584,194.11143637508167,67.6063093526052,171.8038845952851,178.80088316803688,420.6112316453924,240.69876063635584,268.94386485998746,142.0298712076497,201.69071624491062,76.74444444444447,4747,60.295939599911755,2423.985598198509,962.1306409303437,32.153422594070435
641.2721379195688,147.36825011579882,284.78681940139404,528.3324004670385,347.6726993848548,633.4333860205362,158.17710012153626,209.9242565778092,195.59973091950621,232.69118128290526,61.169820625804334,170.95652450935495,62.77240292718765,196.26766567565585,163.63903315996728,444.2768076494564,215.51879419899967,240.62954516634787,171.21853809301464,225.610811403373,78.02222222222224,4593,64.29464158976964,2454.0310970197247,983.2699794560402,32.253631830215454
692.4998937026166,361.2576220154628,234.41297740535921,411.3236671988725,446.526369048734,470.55865264076095,353.26346351941726,373.9989863477517,36.403928604561756,35.17512242865239,103.16026469680341,213.5535933773945,91.52234817557071,161.92917555963558,162.67472111901876,401.2787131720624,258.6105225610498,272.8138411058697,153.63621848643774,189.73083173861826,67.19999999999999,4381,63.611568832041804,2389.093067550335,1012.8230682737435,32.353771924972534
771.5868635710926,569.2575610466434,270.23687273407415,255.51023845897743,477.2000366460302,258.36861474952707,443.4093112386544,392.02027463891574,189.71045481665539,183.11079069573057,105.4017655111139,217.64478325194364,94.909879048561,154.96778798590321,163.06313405924058,393.56622117743046,264.4401391002463,269.09831034336077,170.4284382436621,207.39415887924142,67.19999999999999,4165,62.703072945790666,2362.4509650095833,991.8243067790413,32.45384120941162
871.5514444061204,765.9664440778948,367.8657180897242,103.46086297406208,443.31226387593716,255.85031030882584,412.35903714240874,270.7649208776949,299.56310463791164,304.97616955909626,90.75241280863331,214.50623826195286,89.41994280839405,127.79415279105342,177.77882991256945,371.1173756591871,280.38240823328306,257.13040309193923,212.37637132198236,252.8196024067035,67.19999999999999,3947,63.13956644007793,2379.8535606396435,961.7500249548268,32.55407190322876
940.5202986164259,880.9294157146818,428.46586201311914,97.7978650567093,362.6777237978043,398.51415353253526,297.7466642627072,126.93672473972724,248.56021428116034,235.79286967695882,70.22090001885064,212.34953557771547,95.42201338050148,75.4296467998065,212.15901128538005,340.6941694139204,303.4004912059951,246.0286901091924,248.54834554907995,283.76789665790227,77.67272727272723,5565,62.37139232302805,2438.4050325545113,975.1265511191821,32.654648542404175
1030.358538919908,1008.067406017379,490.619684913508,224.15517476105757,201.59652797742717,544.8139585182154,128.17271792381695,191.69228184845343,68.27028773641912,60.97475305820682,81.32619434555046,210.81876703664108,84.61181263173005,120.93595540470814,186.748266301667,362.5145439120775,294.4420774348161,283.88428394622696,206.4067928078811,250.87469892064547,64.63636363636363,5378,64.05236271603405,2402.3468368991985,1016.6700936473635,32.75488495826721
1111.9992511282917,1100.7363045732204,527.161445006359,340.0971802663956,32.845459180772856,580.3387983037318,235.82565317308973,347.9513077004368,146.39703161727275,218.95512554968536,82.19826971561243,226.0114934608277,104.57031293584957,127.38123409313138,165.19394558304654,382.96073821024623,288.16038764658276,304.5358392494405,202.56731995289138,262.64637808913704,65.36363636363637,5204,62.38559099567952,2428.219147101609,1006.4676137524813,32.85528516769409
1198.0084615738783,1173.223191842466,542.5011377392694,436.03203365388663,178.50148659912946,502.65238682969635,406.2972319071434,394.5219141270735,290.427564037987,315.16165501679876,126.88904252592998,144.5688928120013,9.385546009511339,112.28598925712106,267.6024909185662,316.689131411352,286.79721326761995,208.11521734989518,176.67019823306484,185.35732364566877,65.36363636363637,5024,57.069037499427004,2313.5857201289477,973.5418358864727,32.95537734031677
1314.9889314174418,1238.949652504809,547.8003408072756,527.4125792104516,410.4835178797902,283.4157118959113,514.7932652028372,288.7028356565395,330.1357044123172,239.28398031153642,133.81162775237365,132.3101337448271,17.943753069936715,100.66272318344483,264.3624228715025,333.3510331995257,268.8146699268594,219.6779720342632,164.95273708503717,196.95993956933256,77.23636363636365,7485,58.05310214879864,2297.319681796248,946.3777011545084,33.055877447128296
1449.0899142898254,1281.8705057790614,555.6187139943819,588.1330625914226,599.6882921387805,75.4681114019919,469.48009666374065,64.17621918591304,209.43723908298875,52.3915127998211,126.3267405832387,147.70858970105925,13.458679097751112,115.68527651849088,275.09260378006235,318.8157315144771,274.421904745603,203.98534213288758,153.2980190317603,184.1912518444623,77.23636363636365,7217,57.448384592839204,2311.799583760526,927.7938462491825,33.155906438827515
1534.5329201511506,1287.1946020796186,553.6861213040502,589.174813726631,656.0589728563157,247.10612944336262,341.15781570154445,121.17598315199132,67.45013536337133,155.93368695050063,114.46435790535071,227.36058512009905,84.80352600222898,192.81864464453497,326.37097733757236,237.75687902002855,333.8116273781004,121.35319573618818,149.73286617156157,101.3761744646985,77.23636363636365,7025,58.96317081660776,2410.3666806761858,965.713254449054,33.255945444107056
1664.844684641891,1255.2553872787666,535.0458354871207,520.9611046836542,617.4451381340363,495.9553686402406,75.45775056057488,328.20872315079185,226.01618929584313,282.5994874766745,121.27435214771275,139.36705376734818,13.569074280394737,100.81779035451649,233.42745479307646,312.56753283585357,340.53333595536276,220.01244677707575,250.6491086475892,160.76600953969182,70.10000000000002,6745,67.99154500824228,2397.480690784507,1116.3766887649008,33.35618734359741
1607.052280349041,1318.2789975463347,603.6218825830829,635.1147177856524,739.7767388271126,479.85531059637077,157.15084318705922,380.47524720729535,255.24706155219639,404.30704675081506,294.27080895963957,448.73419708185526,313.86122978079237,412.39590209803384,580.9002592760278,472.6405579918286,130.43967945041,466.14679780435705,348.2223825177845,567.6053468579532,73.25454545454545,8148,73.82610084930259,3786.156951166736,1472.577008729587,33.456228733062744
1598.114555248471,1383.509039594201,684.3612133484137,726.6338227789241,830.7522657045076,561.5332448314274,179.35344011434722,467.1413855439571,337.1184382773185,455.9521216143756,455.1435387920047,575.906320754261,420.2488816210298,453.7169713061535,575.3249396280372,547.9138850624546,17.00913409733128,428.6811553777174,294.72361191310523,440.55563290444627,85.19999999999999,8253,94.67880142419182,2764.181625745458,1434.6728685948435,33.556641578674316
1639.492977711613,1621.9431563584653,946.9876712943666,965.5458083172607,1027.4793868401403,807.1811001815357,236.749773049993,580.103974460886,420.0480699115505,351.3807315929265,455.1502244820377,588.4420626709341,443.2767403065782,490.22894243014696,617.4635478259145,602.2986047699965,72.49541780764963,478.2418733424576,344.1947999644214,407.30935920229626,75.06666666666666,8502,92.4895785726419,2828.083533062002,1431.4407802675053,33.65666174888611
1738.9577786667949,1843.0007504615219,1147.6973677537576,1093.4928997566644,1069.883132322068,887.753094524515,263.9270220918256,467.84199345991647,281.5301552271352,144.03083484146956,542.2154098526463,623.1340834158693,439.90096009920103,423.5244814747814,525.4605337405073,512.7719498693311,27.119645148598373,433.61701508007434,329.42527994941634,492.6901028873927,75.06666666666666,8735,89.57759227870284,2822.745405340467,1427.9275496462037,33.75704646110535
1833.4348796335835,1986.5585850002972,1253.0317583613148,1123.268201141163,1020.838666432211,849.1468370068898,245.8733116348934,323.4540269936359,136.31483191572292,238.2133667627139,410.6972206844188,580.7228077066366,462.1252732838398,538.8417647425746,671.2239437014204,661.0868230118501,134.9110827324705,478.3193407497696,316.17242121611196,325.3472196321154,108.5,8875,91.11127007950209,2718.2958189311735,1573.9490503186073,33.85707473754883
1937.623212984121,2098.780112525327,1300.5607335558775,1076.1186930904814,902.9291179006826,726.1725042708013,146.62249855584017,303.61621338669465,203.84038260471198,317.3376764856642,396.4107385509527,580.1408099338591,470.6195070393649,554.9835517657979,686.8021090668111,677.4791801320465,151.5046717132545,476.8862929767197,309.8118920215867,309.4950769379187,108.5,9007,93.32084207849488,6676.99140922038,1543.1907612895386,33.95722675323486
2046.4247742015675,2182.977367528161,1302.0868154808295,982.9641103795556,786.8040923833904,622.947786097737,28.043872382056414,418.68338829735166,307.2895743639119,259.2909024532099,389.9645167413274,580.3121991172973,477.0848680706618,566.6262973615594,695.0837881510494,685.1547515436142,157.0897739145141,455.7368335983942,286.3128791691189,330.9622956458725,117.65555555555557,9132,88.25996037908652,5701.861483366491,1560.2356811654054,34.05766201019287
2246.883012565115,2286.4699742062708,1235.2746432233407,775.63974008944,710.1731842473005,645.087723829302,207.282531197311,560.3292820786479,336.0244089179097,82.31579982245097,405.6221869799827,583.9217224247196,453.8157284502481,525.1142731443799,687.2560818215112,698.1739423544608,202.88114124761245,518.1759708255214,299.5730365240367,257.02298404706954,91.44444444444446,9336,93.78805205429839,5065.9746203428695,1587.9457233818534,34.157724380493164
2272.127356754195,2290.3680199480646,1216.118700706665,755.9841670828073,728.6545260880997,670.7348077843153,214.59574858317401,541.46727597946,309.55133600477694,109.14097580583038,359.7300405547244,678.342848146012,546.3179611796887,496.2118199356171,580.0048021365421,605.0462633988092,186.3426903406716,616.4759191390632,408.36389673378255,146.2638342529776,109.60000000000002,9365,93.80565622019232,4744.257826035218,1658.4893398985544,34.25804805755615
2288.6791800335814,2292.113359679939,1202.3983657345693,744.0141348350103,743.6403786321783,689.6677508779751,218.92438153430783,523.8535483683625,286.39149478324543,133.70070471765035,357.04859028659706,696.3470618627518,558.4186103703764,481.01850441859665,565.1599966783581,607.5727534738666,215.50795448122886,629.0735929053217,393.27028068654283,168.70596636301912,109.60000000000002,9380,100.72101280968664,4871.842566061572,1652.3340487293233,34.35842227935791
2312.4974172025177,2280.6223465527314,1178.1405825483782,755.4008156977309,760.1617471138287,681.5258532606846,192.5400189022805,530.3361474355407,314.8804300052325,101.98816109316414,354.1438859799198,680.6194581846698,563.1742083371818,499.623932787274,550.7875558017269,583.9440215048778,219.78130065795438,658.8631324497757,416.70053725463254,160.25461812208786,97.41818181818184,9403,95.86507300986196,5090.344110665119,1663.2793593223364,34.45857834815979
2328.0496041604,2272.340533145305,1162.6681432700516,764.7647480252017,769.4796099645507,674.4364859585783,176.7415738238447,537.748315600993,333.7055961547274,82.6508459710491,335.4622660593514,647.5122776941744,618.0485555624934,516.6053932977483,490.60895818157803,596.3315544064051,284.59940463215395,628.6854436768773,339.46291306990906,212.9355191430317,100.30909090909091,9424,98.09890601772005,5149.090871626757,1698.4977776257094,34.55878758430481
2397.0426638990193,2205.8147465968473,1125.7553592045701,844.4062510148776,727.144125106601,598.0567568158967,232.87467617319936,595.5724402036617,303.0494058964108,163.42956075380118,362.07686382085006,678.8322212054395,551.8957199674048,515.4032104909085,539.2111350754319,561.5871465381925,249.8218914907464,674.3407336159055,376.7688137768358,218.83709227194203,105.09999999999997,9497,103.6668407634336,5003.791140672462,1724.0536825807421,34.658976554870605
2406.202291660705,2195.309803189239,1124.50772245213,854.5658063591525,717.4320080119815,591.9243787302137,243.85013874897797,595.8019183579078,293.1522027241071,170.85410321172822,317.54854285731597,680.5552405777175,626.777014139927,452.0129102785756,565.4307224561257,640.9570711695802,184.1924888506811,644.2867915127822,454.8851870921959,156.69412703148922,101.36666666666667,9514,108.97178532355255,5068.6164997914875,1670.5165814019992,34.759037733078
2757.0489882994552,1717.7048034464237,1408.392408944012,1118.054119198995,358.63877949557286,948.1376148154031,560.0250120623698,116.96671282738495,520.9722284124393,320.65386537223753,312.9137087692567,668.6098425708303,863.498598315791,435.33754970818234,585.385636588566,936.8228185220314,366.2664304553479,407.678280133018,712.8178145050937,274.3762373198046,92.65555555555557,9986,100.35037662573765,5192.439128579353,1885.7689146173418,34.85919189453125
2676.918902067027,1833.950409532305,1291.7635661218553,1107.4849858715834,341.1017425948553,835.6153222822745,572.3628520235196,195.30049039977644,446.23768980511505,365.8860207697152,479.14295840330993,545.2106349457325,599.1750762714612,752.3544869152472,196.36912132960953,816.0858935532797,651.6708923724847,165.3760347640994,649.02432516567,541.1458836488639,134.43333333333334,9876,121.61585984403322,4742.267392059167,2397.3899417676917,34.95964074134827
2667.93771503233,1848.2156388407761,1273.7832991863902,1119.7524082058942,326.9560159431613,836.9608871904879,589.4386476750502,185.7210129731971,461.65112274534425,372.33160035960975,459.3757842798548,547.5459147158338,611.9555093775962,720.2405137477176,233.24737715848346,802.6129931007196,605.5452450348112,191.13862588507763,600.4963307011574,484.16438652170194,138.65555555555557,9834,143.84536559641188,12592.905871584951,2397.587918732074,35.06004738807678
2634.9920262337887,1905.0035360355225,1197.5354550976772,1203.8708723283291,237.32492820644146,898.5135889584623,662.5872594956244,97.93661791295449,543.9843400176013,358.48343258480395,413.3414973149999,596.1399323983595,559.0098892529292,744.0335051589001,181.60545834392553,815.8011335206926,692.5374162539127,115.09150481466583,706.7169673730056,507.04957152624434,131.04444444444448,9772,139.50873815198128,9971.118584625927,2372.6859930151977,35.16021680831909
2639.824600769714,1896.0083986840498,1209.7989641045824,1185.4632217589328,256.365643741495,879.2179799873061,654.4828397310413,121.16193141962871,535.6543317699766,380.65515840315646,471.76728848362336,536.486365427247,621.2031522079042,700.1364003492275,247.47601137928433,762.0441820979809,646.6927984894261,200.21455692950235,678.4689191114078,588.9796067104226,137.55555555555554,9762,142.19148960238442,9359.657256159022,2446.587259281503,35.26030516624451
2636.628628618103,1904.16189504023,1207.9228907591169,1245.0267904219884,249.9430905895729,926.1867478094562,570.3332854963123,176.36351465401916,447.6828209118485,392.5987470487102,440.5988552488639,568.8993739841685,589.7128499625258,744.3913320931291,214.1635009332587,814.020772998479,604.9525774907364,206.09267787538454,605.6592709332512,563.7765792762226,141.2361111111111,9692,150.06025631673305,10068.759341759964,2492.5125002047043,35.360612630844116
2641.0470635030265,1897.2685148832102,1221.833241618895,1242.1634854331028,271.3521241731198,910.4325483883771,562.1472893071208,188.6147088022038,464.60742569724766,409.57010532718147,512.9139669455038,501.39329233200164,645.3840906385119,670.2396730171941,245.23682276598637,769.4993503166535,687.7529227714566,130.1250457903794,664.1485699729543,485.9940608676283,146.0,9661,147.0398316447625,10449.488620879709,2450.221586779843,35.46075654029846
2682.271399727178,1837.6600234324933,1328.4929046952952,1183.1227644336466,392.73079948094204,790.4230441462706,621.2376037561714,195.045291909478,585.6297038727218,380.6714468211385,518.1890802628068,494.1726902695178,655.3249061582131,660.5396156586002,260.78630556035796,751.491049668501,697.3414781789628,131.46905901284686,687.7290319616006,481.4658971469291,146.0,9539,144.26876113058267,10394.518785615019,2415.8227462558825,35.56099009513855
2741.722751068587,1757.0141157940295,1444.0393213876216,1081.460607367875,469.58832854435434,708.2894194773739,736.2810995721372,124.88494291009222,602.7634030400101,264.89986516568524,507.4983241648023,498.0271490016398,660.8271849341094,655.4428833497159,278.16026752077045,732.7695693775642,715.433202403518,118.5584154349479,701.4570801873062,454.0152742308004,146.0,9427,140.17022608966494,10219.026513908098,2392.8502775969428,35.661214113235474
2801.952421426224,1678.4871742330329,1525.8608395800377,991.6673541774865,481.0972602903856,733.0782754368939,770.9186718465621,34.676719790894175,520.3049909556321,296.9570410588411,490.83416416187185,503.39262974010126,671.3700444491969,645.5832886003382,298.54513140059987,716.7321662842193,735.0705808914776,100.80465162712693,696.1270544449935,445.81445721103825,146.0,9330,140.5103030038946,10167.145963460014,2407.5066774648085,35.76148843765259
2878.457745777101,1583.8609849740783,1588.7475464656577,922.1387873557258,438.1396999340317,826.0810479959868,718.0198854757491,92.36319743223333,469.1774220168758,385.3121288567239,505.21657436617284,496.68926513343627,664.9438894107084,650.9537215478883,278.028546927865,736.8572730595527,713.0668218747015,119.9839983553997,695.4718655522242,465.1071953045468,146.0,9240,142.41006924761706,10195.622315214816,2431.3847740362326,35.86181449890137
2942.5770582119294,1511.4663279434592,1608.3418432640035,915.8251237383763,372.7278275933072,883.7402408126329,645.3265703740177,148.8378658779532,530.771047238549,364.50733740890115,491.5538787568088,492.89512145100855,684.9984431916171,630.0048669647629,286.0972121099773,744.1875934384458,714.6613247424324,118.41296164385363,681.2498123331953,481.4367099614021,151.43055555555554,9162,143.3120789547756,10261.626966766838,2422.1427559402277,35.96194410324097
3019.0819935713666,1437.5556807373628,1596.0936850496746,962.5037859584908,296.52021031558377,886.9868378551131,618.7596002219229,154.348913806634,584.6843575146021,286.3642529880076,482.5782202429893,468.46578603348087,714.6391607900892,614.1624129922773,250.66117610593065,775.0319709394175,678.2605294007866,150.28928999402686,726.8264199172611,433.39455543471723,129.56944444444446,9084,141.12567443993237,10293.709602658088,2400.875246202928,36.06195330619812
3077.3354906915483,1394.0550909036494,1564.2027862794173,1018.9192911075612,276.8794412658405,844.4203596438311,661.966088350773,115.1580909141438,554.859538514306,303.3549584579941,497.38738539998235,508.02223092990664,672.7058380007184,632.4197507306362,297.9111168729351,746.0312957355897,709.242312228558,132.5332920287045,696.6641761062425,465.9587231301369,144.0,9024,147.16567697876866,10221.405736027926,2426.570361830235,36.162357330322266
3146.8717558157664,1362.9024752248124,1504.3775784351485,1084.2162379774202,320.4284612811556,776.1363318889894,725.9257847957484,52.482389155113545,491.13261256066147,367.3171265547604,492.7348257601124,443.6612025942995,696.8950224344964,659.45523471403,253.31067772673487,715.9409780448465,744.3938741746374,79.1663282409507,654.2466498765061,503.2443499383316,152.09722222222223,8956,141.9891537154582,10288.207510193693,2402.3731068511306,36.26277756690979
3043.0344718200263,1342.5730959302737,1605.9858411452967,1101.1385309874368,258.5659480367571,714.5225371740501,835.2065061883575,71.12214203936519,370.9317439691079,484.2959276781067,547.8481614822763,286.8132330510731,681.9272531705665,809.8243499403642,337.5598920145229,565.5051273944667,878.6698622895651,133.9475105286375,597.6329073455738,571.0507974232551,128.44444444444446,9063,147.48647268536217,10427.52681997884,2513.9481440767518,36.36307191848755
3042.3165409950534,1322.4115177278886,1584.51775004292,1127.3183388922705,301.8569925989867,719.7442076440218,780.4900632891024,8.422314288138113,444.6717975541971,427.61857950783894,568.5841836518454,348.22758353683747,613.9695968857932,696.6120356118823,281.46213529191783,773.7425872316574,716.6626156096956,119.63314431829673,531.6151911831607,722.8070848153297,151.81111111111107,9068,148.4167947415227,10417.663533847888,2757.4261084342033,36.46324110031128
3002.443852708432,1282.7688082251805,1592.124638849782,1192.9763765555317,374.1394244060411,708.3914157178173,716.0833020370815,99.51149347148043,508.3871470961264,470.5990291473876,470.1044541637052,401.4398758473233,744.1336092514806,738.4637585316577,287.5353331263343,643.3180665703359,747.2068803591862,117.93823174012674,660.3520559043075,666.7056933969219,128.13333333333333,9123,148.3990022925721,10350.8300563081,2717.197777060048,36.56332802772522
2933.864781041054,1109.8539677122753,1436.5966641784642,1180.883547141968,360.43129828606004,854.3150386115018,778.5613025326656,80.3316546877294,412.8490539747841,364.7493461904382,618.8788814762104,418.8770520361092,642.0742961588469,572.2244295125658,116.4758237037565,653.6050452017298,922.9610667798388,124.82781384984007,698.9805913318447,457.64086030310915,141.7,9290,159.10651619820982,10491.375949612246,2893.538626398205,36.66357183456421
2929.365672139883,1047.519862378928,1359.2078127019981,1099.4755216719545,276.0170023771306,791.3464068599723,818.443622758986,30.28742029136526,470.0906161258564,421.83487433883164,473.6444700800454,339.05051884312945,643.4024622937178,678.488766904094,213.25773580964912,712.9886985157751,841.3962663805977,21.653074286315007,597.277728304888,601.2347130174643,161.65454545454543,9372,180.5866490431689,10260.360689937348,3074.1062149828385,36.76378846168518
2933.7955114581505,1068.1313927521667,1387.529805096136,1128.714851381692,315.0783135232887,824.7868758424669,795.5968109719967,63.956041706242395,442.51801456159143,349.9636993765856,157.6318063985071,61.58494856045705,253.43603402704213,361.8427476802312,161.4582582050812,355.14575403231464,702.3696844195838,341.92375016599493,287.56409866931926,748.6355011905047,130.85454545454542,8198,144.98236562662004,9939.034747485313,2388.0711161835543,36.86400389671326
2632.8837366422595,1104.6418131737676,1166.925472503321,1140.0895599178252,495.0543960151588,436.8805265701919,908.853968306176,595.1503490537555,267.85484622479106,707.6045590171632,229.00725867238754,215.4943460275636,209.52689167773028,192.57709686287814,308.6827428125636,387.25414453495273,483.7474143855744,374.44786661390856,252.2495447197183,484.5808991923025,129.64393939393943,7402,150.40993083524148,9768.319644605133,2623.6723830801184,36.964404344558716
2278.91823386377,1332.7272372663103,746.5481317558649,757.5608848382761,921.3380598328862,462.6662445051797,68.61697563410308,574.1999170944586,498.964939601659,249.86097733689533,118.35868283756317,132.81452148341907,133.09348990408265,219.92670303063204,358.28396793524036,338.8100799453664,427.2214221483875,371.83901402332975,333.15393880966536,508.9958865432926,103.08333333333331,8339,132.90656395022626,9858.642245671408,2282.468640533103,37.06469416618347
2060.874673744297,1527.420797914139,547.4771921884582,370.2807972052882,875.4576064194553,792.5659755036252,628.8386599458579,19.031268874270637,353.6457149270715,601.1242917414006,107.96905173169061,217.20935715609647,55.493204829994646,157.2908228442733,458.87178262040885,450.9513877234348,437.7410176483958,259.42374501163187,400.9027849339823,639.7750530368013,135.83333333333331,7860,141.0164118539753,9995.88486938654,2509.318623395961,37.164854764938354
1850.7516091898913,1609.3143643584665,582.2958675619585,377.4941132140076,300.78789708031326,458.470136830077,621.7878398081476,599.8390184141068,407.7521684627567,263.398157269158,102.34116243075073,290.2350215324974,79.63995859530853,123.48729254063055,281.35121022016807,344.9938442835087,497.04045083073726,497.8323345889527,396.1854673841341,414.27210749026426,118.71794871794867,8151,144.73587830591248,10499.717535312047,2614.1602084193373,37.26512789726257
1754.5257928237754,1599.5827973422806,700.8783617062762,609.178595742874,118.57668163209117,79.85415416875003,288.1736760969941,563.3697202101362,574.012413312564,603.0728520923603,103.08283024643097,148.3283540217397,123.64997697938928,221.29238079874034,376.80080524662884,339.4125363000963,380.79821777340504,354.20968625195115,393.6378594730213,555.7066899984699,129.0897435897436,7773,134.85828648944812,10212.681308946214,2496.863193015223,37.365418910980225
1709.1641453121943,1570.663844644916,749.9369739537829,692.0569096894105,309.4578551937797,115.07630772579215,106.01822686554286,417.1359763978591,488.5476260883001,571.9308961768318,76.21787121196503,276.457162407304,128.9125714291824,214.98791860185543,237.9116624524845,213.50523165384388,331.4097640157866,495.0602519594024,547.6709582163098,669.3780227122144,130.025641025641,7748,121.27700354026464,9718.231195882783,2269.282547125165,37.46560502052307
1637.3603821339582,1482.6833319932641,774.3168016231596,728.5131764703834,528.5066039955288,363.0094950885323,307.5487258906393,200.69202923757447,219.5518050388564,295.8785600723152,72.18267809242823,274.54815911746914,142.93088594042322,231.3373282653208,277.7589268603201,251.16873108965285,352.59285816669694,454.54887406086084,487.00277974579325,597.111778276494,121.23076923076923,7511,117.57660296654282,9362.354718396782,2105.9073336443935,37.5658905506134
1587.2510805701759,1398.1543060729725,759.9819604544947,697.7600135246083,609.1795424767436,463.07933806924416,456.0964291187979,343.17393452959794,304.57161633393224,347.14905734274714,88.56332746049586,298.8822268668631,171.4063443358984,261.4675170140271,281.2946690125177,242.6552374201643,327.8755829397548,415.7147029147267,451.4026118562843,564.0009024083726,120.89560439560441,7293,131.2926159511003,10743.200912092258,2184.364871258754,37.66593027114868
1515.9230172323025,1253.891047782082,695.018015754489,582.3981930153043,609.7506288410643,477.4128018133581,509.0836202555225,528.4162627033194,507.35837249988475,554.6584782655652,86.22968315242322,290.85807961204347,165.9907343260241,246.28215830325664,287.3288988045974,252.32093623389318,347.49024016924045,461.76775316429126,503.7139478013929,621.553212944449,127.19780219780222,7096,139.23163480095167,14015.664544115736,2293.9692422144835,37.76617360115051
1723.572197441781,1608.2043673871942,993.682570246473,960.086317799192,911.5997740453608,799.7012202927463,829.3650458440271,727.2152211632704,721.4180725740006,800.8634672050138,293.01794300598806,513.0957515319899,475.28671566153685,594.592964212127,703.7902005161943,727.4384087049934,866.0565332372622,860.1157902175637,938.8460503794936,1130.6494938959652,92.02197802197804,7494,114.21026410519947,16646.526368884442,2406.6724589491987,37.866599798202515
1610.31465278891,1444.4863396475107,829.203415024328,801.1824851956906,747.7756520040549,650.5659163991742,692.9188654176036,578.0202530507783,591.7724137567255,695.8236278611496,483.74809304592185,534.1473682158102,457.82945259231377,390.14204334634036,465.7082379508944,385.57244375320744,471.6957537667263,435.0964918138942,497.18632226857767,725.2356942314918,139.42307692307693,7343,127.7825215372236,5596.453586449211,2251.4359929451634,37.966931104660034
1812.8746430354693,1698.6024536150692,1076.7486146678489,969.6859482195217,910.7150374070466,722.9950528262843,685.0639482109822,574.793101847084,486.35530510460706,497.70958885919936,431.4911611753684,517.5742763374353,448.5054157553015,425.1824094747119,508.16573479881174,445.4797140224064,530.3750836235832,494.2953849317839,534.4133805181059,730.301087192708,135.92307692307693,7580,133.11909258337369,6525.297146124711,2278.969193553844,38.067243337631226
1985.1853536558929,1871.4060959095011,1224.2889370855808,1015.0609518780658,922.6115540555069,644.234122139573,532.2620368888646,410.07227497269326,301.3594589090026,401.1743133423277,438.9461251845537,508.50996869015995,431.8010692259317,403.6936359890628,487.857186967463,442.8133980291164,549.6075407227535,520.690253997827,581.5650133526403,782.0584992862973,135.92307692307693,7789,132.08578234600068,6201.722019130852,2259.4807003224314,38.167465686798096
2239.308183693562,2080.8869777156424,1371.925315504744,985.6526395957274,816.1352202696828,417.4558459503441,289.05251588747535,225.3531063410449,389.4304821972186,641.9017400078511,464.30940630824114,506.27705656968624,420.415109991562,373.67645664443086,458.4178720706748,423.5065789937222,544.7557614883714,517.8566238573792,593.2786723682264,805.2166387043277,107.78571428571428,8034,132.1307179261726,6365.299590266202,2278.8614278332416,38.2677686214447
2461.745822906755,2219.4602195047746,1427.7502519404907,867.9211609479577,622.827802865203,221.48089123412203,389.0478551940314,426.8480419386192,583.9744967822927,714.9384618519464,453.2628337078651,505.4222104202806,424.7739962366757,392.50655498336033,480.1544978874162,435.1310223757869,536.3827903314229,499.34685851705507,558.075555400357,775.1914875414491,127.57142857142856,8267,140.78819179771293,6112.0695658779705,2323.81955729416,38.36781072616577
2690.3374193327704,2321.826587889129,1420.5993196083734,680.4825770776216,396.5547844546603,320.73974322177685,615.0282542109651,603.0725138586131,593.789590975652,544.4991904507158,445.79834055376705,515.659804489053,440.3020707884857,398.92362014852057,474.6777036519364,415.38106307754657,523.7464544401298,498.7998063290943,582.4594000495837,800.6735955693014,127.57142857142856,8494,134.95373968889095,5757.40082340666,2350.3534949961086,38.4679479598999
2782.6658743843577,2340.0441090591717,1381.519702314415,585.0975184551523,357.6734521442874,414.2815415075026,647.1472480409338,578.2720859876497,501.61148440709684,485.5540110191451,415.58829412065273,617.8847297619567,554.8669326909472,405.3532449265705,388.15451234561243,323.0958732387056,562.281363968183,601.3749391447421,694.5522019160763,800.3037232298657,127.57142857142856,8586,134.96359685612984,5693.578172427001,2430.524236592976,38.56822228431702
2988.6870300479645,2331.274144031299,1225.4204449233364,414.08833732745654,495.57868899752725,553.478280973596,546.5635500093339,363.9852398284208,424.6065765768724,673.7584281971701,424.4653382014493,501.68976356823,478.12269599062313,477.5130928425805,500.989456555485,298.35528642289404,454.5964871479404,546.4867614400229,753.9694107306901,902.1605225983758,113.85238095238094,8812,144.53576289068604,5827.709627020404,2532.481289992235,38.66846489906311
3175.3420243438095,2275.3390637605025,1029.810459500464,448.55207803258037,708.5569739154554,571.7103952537007,337.4057930477018,296.30461841823404,633.6365400472554,788.2659956438033,423.04387658462525,515.6422618653456,483.1191694173211,463.9985641051536,488.6267756146476,308.32840430102607,463.50625380380546,539.6287905541546,737.361054403434,898.222301300409,126.60000000000002,9025,148.44882086318685,5724.78543104954,2590.0202120501144,38.76880860328674
3340.557562397775,2178.481803589675,825.7156473851597,632.4584346089631,857.6700377985059,473.42657138202446,251.5444366265896,494.1234570717492,725.7828886351944,644.9233869781219,420.9968524492591,518.3885676127259,488.73869288670744,458.5896009584254,479.06748115888587,317.218079421053,467.981349037569,525.8712711594155,726.6670099079818,914.3290946875425,130.10476190476192,9223,153.18339411829584,5715.29527905061,2623.201940513539,38.86915588378906
3482.0254113673495,2050.0982287659185,661.8226733744638,820.7051600493969,903.2942326677546,296.44476749260446,426.83661676764183,613.2044970225664,603.0548146109951,504.8251654810698,428.3254781297443,535.1082478574073,472.9553281501927,445.8240858096949,498.7599458925396,324.38737060260127,442.5323366908208,530.7736320954848,753.1276804512324,905.720750251245,134.85714285714283,9429,155.5097875945912,5728.237763601363,2625.8519084691166,38.96950125694275
3503.0536340364524,2020.9201516021978,648.9725851624806,842.0590581751824,886.4435221663317,268.50705325440015,447.45145872146475,594.0671985167967,577.338637040975,533.8047429803378,524.8848656606243,620.7030186973217,333.2465562272597,493.1168301035619,657.6714904738301,269.5994374185772,438.2659396667532,683.9490053715019,778.2425754402085,750.8755945797791,134.85714285714283,9445,149.7462454504593,5539.608387265279,2707.6766934739017,39.069639444351196
3704.1409516851227,1669.2052207869708,758.9451054293693,969.9851033497933,562.2868591568623,421.00228872195765,508.1806684892963,229.88279084444417,765.5722810470493,817.3405333847429,313.4176977686919,612.0400176051866,703.102592069103,220.16877140516698,524.3022742013956,610.0423216362923,124.58430925845624,641.6684648390861,1103.4121924325427,762.9891411817473,130.92857142857144,9826,156.82214524009652,6858.972113043156,2993.7752577151623,39.169843912124634
3821.2424617619777,1419.6919700555634,982.2347676104024,972.641132146467,322.1605675160723,662.1713585115539,417.2798675712585,339.9166623775625,968.6287893707797,697.5848618740687,408.314672656715,529.900952205817,545.8040435642675,380.7370347693139,429.44484614326177,502.2294692644494,284.4788300950292,489.34521686589903,1054.6557044142512,901.1478954178582,158.64285714285717,10073,178.12353553188098,5638.071268536125,3177.2375126679235,39.27005577087402
3821.7035359426336,1421.7476362968387,979.1390773789758,980.7883168437945,315.3484164276006,671.0407902210382,426.776781498827,344.29522517743004,990.1452000767168,695.9493808279249,609.6537476128552,440.1509497823884,460.28034784099225,613.5614000226427,231.02608709606804,619.6632040283104,444.86480509213175,414.20507284241955,1291.606281875707,975.31440650019,161.53846153846155,10060,184.22730020561136,6958.696717041518,3446.6896401052063,39.37019491195679
3828.844370364915,1391.6141361915481,1011.7997492364377,943.0659994720514,335.50418156758894,645.6735175750954,400.97878750648357,326.88945076841276,947.7109113535387,725.3148070791765,668.9780677327275,388.5110555057883,521.4246350936897,598.6602960695574,215.09586093171364,630.849090627643,353.1906065709984,438.8882117744004,1178.8627103774045,996.041007031826,159.12087912087912,10115,200.78521513245482,12519.213063162213,3494.954846402531,39.47059178352356
3824.9717570374087,1437.2726942396537,970.443452735128,1020.9496898907001,263.22884578453716,724.3171741035649,386.237168903809,407.42134698683304,950.0293235427122,642.9570193627372,500.8041447256133,539.4384604232138,358.8305059807392,679.5619784012978,232.23826777256608,693.7381509061695,487.5969793823524,528.9259686401406,1315.538844353359,820.164257565918,151.84615384615387,10019,190.66042913976202,12248.822866408162,3287.14891613706,39.57090973854065
3816.082763324014,1407.663871292736,982.5552081089703,952.2202511423922,355.1940904962395,655.32969479338,473.425172928006,362.16472686348635,1042.8514946903506,628.9513025725215,644.6319865732348,394.30671859687845,505.03520921469726,546.7327453399485,301.63853004081255,549.930259206622,508.17183850853746,382.3908165464798,1377.7115441125575,916.1926743232664,149.52197802197804,10129,174.00894077460032,11063.446433855519,3055.5012928090364,39.67122745513916
3828.2662471428666,1409.027540153513,996.9523283569733,965.3353643522267,324.4714854772658,653.3560165286644,429.92695362844444,327.77916109690375,1010.6885503060756,685.2285303533148,631.3683290757205,408.86803560701355,492.3888666555361,564.5148344810063,280.7589028202376,567.3111361647782,481.3568511155208,383.7419628025465,1342.7787170088977,942.097042345697,143.78571428571428,10065,182.61083171796884,10663.352863226788,3135.8804271185463,39.77138304710388
3823.3218199930834,1411.5086993059103,988.4455457444246,967.471507958615,325.4679316115748,662.4161448529442,433.6184151916765,344.8454017317105,1006.1037035301304,671.1373170445637,467.78833379622614,585.0867582311698,409.829559010335,717.8100223923021,165.9978782561203,618.6662174110354,377.9054570361375,267.46787786179107,1349.7066340670467,1040.8403401868432,136.1428571428571,10083,196.862261884923,11021.125258099317,3314.761350655761,39.87167549133301
3819.190779658126,1416.5949465055742,981.3357093652729,975.007734684404,317.29071018158896,667.1523165786444,424.7890749275717,336.2730722692152,1006.6754413738216,680.274912050474,730.9108976257335,352.5325021217819,488.97484549317824,598.306775389553,298.86546977341374,739.6794557194307,401.1065432327563,514.1639192025987,1150.48546313971,1097.554109092485,135.21428571428572,10094,197.5680312515994,10953.915752165001,3392.4826268556494,39.97191762924194
3913.03020026748,1305.2727543310227,1117.608179339871,837.9523786650249,451.5847972020457,661.3558231874454,513.8147392595466,476.6050003371952,911.7549575272998,724.5944863882931,605.927826778979,414.495438293235,526.8288342547221,512.2097457030665,352.7867487533412,590.055263070808,548.718073425958,566.77516814895,1186.6546840821936,1020.2582269893991,134.8571428571429,9944,192.59204679300757,11291.894523225583,3224.9727752755243,40.07220435142517
3898.4523819074725,1322.6234768219058,1101.957661751959,852.2758983715812,439.91702507169475,646.4425271411383,517.0707930437461,465.8803169250127,932.0937268912921,702.4764469553219,638.7711661398971,407.34142668264514,478.69844045530033,569.180949081862,290.2228717627001,594.1880442609908,511.89831275350207,502.65516016988033,1254.831564473126,949.9321150129889,143.13736263736263,9979,186.50080570826054,11256.844172107558,3086.187822015341,40.17263078689575
3951.61041215081,1261.87431324276,1130.4433693048704,843.4843151552893,431.0752286708602,704.8978531283167,457.36629064020894,422.90002402037675,949.4163356639995,687.3714075617704,628.3695353489777,397.6000752194535,508.63691533040486,540.5668450627733,312.8099347540643,625.9588356412501,485.7768324427564,494.8654235281624,1241.9401232479252,963.403446975753,131.42857142857144,9902,180.80075765772852,11205.421170613481,3082.593882734871,40.27302551269531
3959.9882793199536,1253.6084973561378,1129.5236862188863,849.4728779462484,422.77909560670565,705.3256262862212,454.33581095447926,416.2052689653196,958.0054234740786,679.2524152872612,613.9754140841873,379.916441453586,558.5886165419726,505.12937753731933,333.9213877546491,671.9344835291283,442.9483120952507,460.4833123080904,1270.5411962770547,931.9897612738914,130.64285714285717,9904,192.86923601787765,11210.764477612436,3241.4458990061953,40.373210191726685
4027.8061776520026,1196.893932444475,1101.7666426999479,913.3795818528314,354.7326053627963,668.0012866100777,488.97052858151994,433.32010070670225,955.8316719573073,701.5840463205337,672.2784010346846,512.6099515816322,386.7330043823516,597.5273299356627,389.1867860307081,536.0074417865304,602.3837776886063,623.8833305807391,1117.3147164181767,1066.427194036308,125.42857142857144,9832,192.69008230189706,11015.867025003645,3281.7592043863333,40.47345972061157
4304.290706655947,1056.2593373308882,910.308038848718,1182.5166663387558,285.7582083705918,392.4528192557462,765.1796066180644,711.5117774858519,681.0023592186282,964.6294597042253,680.2804796409198,457.37060159967376,358.69292554437453,674.9309639855979,334.04836701773615,417.0076914596951,729.2015552462694,764.1874837911275,955.1652358076959,1249.9988383171096,116.9230769230769,9551,185.6885079382431,11091.359876928376,3201.4449623019755,40.57362413406372
4362.451916334049,1053.0126835114502,856.5187012566628,1220.2377472521066,338.0886298714099,358.1280618266768,783.3648685876811,723.6299719052937,671.2437798781516,940.0829387679871,668.9336983697705,474.86313754634784,393.51398843343566,626.2330643680326,308.98759064149573,469.628403408234,673.5174629879732,710.6832859842305,1005.8977868284957,1261.8621932376423,145.03846153846155,13103,183.84221997415065,11067.139755294429,3125.546908037112,40.67398190498352
4512.710975513421,1102.1812598350652,700.0351512426003,1255.4769473995548,491.01666044067423,426.0375613532419,706.6014130612382,616.470536536977,813.5555270779879,784.7376148216757,675.216112681106,450.65447178686213,373.78920755331376,656.6749357627257,323.0316796913235,450.64277299169964,682.8768988658502,707.6911042273521,1019.1602168816374,1216.15212804002,124.0,12932,182.7183138821312,11066.352493365277,3152.585362722796,40.77437996864319
4635.8639277991715,1197.032620731211,583.9651908789785,1209.948939219958,572.7416003511833,561.9005884498615,570.5872818271254,498.5358272640997,877.4187262452415,844.6860178949081,696.7479114717803,417.9388253735021,326.44057820210145,691.1195038404228,375.5228200306633,481.9206712410636,635.12345815288,649.543075132358,1071.1253035056034,1219.5749256588729,115.73076923076923,12809,188.98310606316488,11103.188577033481,3229.7910607380772,40.87456655502319
4698.5546312755105,1263.2608833141674,548.5632069196988,1155.9738924107894,582.2759509287924,612.7036872368199,533.6963552823672,510.2575532022281,835.528781726967,917.6804514058731,634.309606236919,490.94026592039023,458.25674645773364,660.1478477219237,255.5183293664577,361.4559326643388,758.3203722583094,732.0380679546296,1072.7890473322882,1110.1214220902204,124.23076923076923,12726,196.21550388638337,10980.854398402944,3226.991916593343,40.97497844696045
4866.78810115155,1486.3950287969094,611.0434842126947,932.5298224996154,471.9898856884159,593.9556895767938,710.7985800130675,734.1160304606854,663.4946095418852,836.8797868051836,715.3431225183946,466.42560103039,343.4644959928491,594.5943008293027,309.26279888480275,472.56100950952253,749.4972085187503,822.1324722958828,932.6242025608946,1144.3930544671807,112.41666666666669,12508,190.94321709957512,11127.699198687023,3205.4457540712347,41.075289249420166
4923.17656836015,1569.3188438492327,677.9041679016508,857.3669203406881,403.6320169270283,542.7004015679277,790.1337116166754,774.0675203135019,703.003269410606,750.8685935542265,592.7220995784337,465.44218425692026,462.9265381479178,738.4064061750611,352.99245742102335,454.38617065350144,628.1690061579736,669.5787349692946,985.0845901763566,1274.5812408382146,121.33333333333337,12417,184.9782119389181,10953.318855737343,3135.872825076613,41.1754629611969
5059.357579888183,1787.2062381160822,924.8523776129233,804.0538505004274,169.3503885479991,297.32984869270234,818.8286796766274,597.1849884354996,916.9645979820194,847.9323110412165,730.9965149421931,520.580336888035,426.46832005152265,569.414823569328,192.4323086361125,318.293824052396,783.8386185037451,681.0322778518914,1125.741926509318,1224.6165624208497,128.5,12180,180.8313387459409,11129.533731093183,2999.5647869048803,41.27585792541504
5097.214678867188,1849.6445518674739,1002.9491920165558,843.1506876439292,156.01896295885064,257.99481479076303,773.1554937922111,513.7694551304962,920.4118679904251,932.2016490744792,596.0608939310232,426.9198696705036,387.70755853082926,680.413944829166,332.40922921300825,457.5692306331406,766.4033831623407,797.8474803413095,1058.7327072893668,1107.1007952265793,111.58333333333331,12082,168.90664603527256,10972.53256496149,2842.2637733371666,41.37608885765076
5189.665368395213,2004.9252952981826,1209.493801530282,1119.327366608096,426.4685628238423,499.3303625543292,503.3224527294102,599.3685904969267,634.168116383138,827.5429607319851,574.1495380902815,420.06218007157094,399.1667508497961,720.4916132053088,378.51829466527244,509.1477344985391,745.6313780166428,847.7140968557136,1008.2955040967139,1037.110273856926,108.63636363636363,11816,174.4931089985937,10909.17338325229,2832.1339693991386,41.476109981536865
5244.199057662713,2096.788726934687,1331.0154553441894,1343.5195356307413,641.4776708473399,716.8677447641717,526.4736294622703,833.4285098245479,627.700606680989,594.6881716022838,569.5726591289033,413.91055705643953,390.84517079428,708.1912220063836,363.10722249595204,490.51671441768195,736.8805791915911,821.3912929192679,992.6870249935267,1062.422914226296,121.45454545454544,11561,180.158255389114,10856.361608650031,2855.7911052188115,41.576411962509155
5221.682938032079,2092.116092015036,1357.4190396681884,1127.6086896750214,631.9714982619306,755.0583653036401,65.39343427523956,888.1362257225653,137.07017454273094,711.9477544999892,1329.1706161570432,1155.1071324658717,1112.7524452081773,1207.265216726045,920.1492071771644,1082.1045122542846,478.1431013076474,1377.6416057223053,664.2227474294059,515.8507499436038,144.27272727272725,13904,170.29009992146604,11650.946001826609,3641.929160991397,41.6766402721405
5319.012494108187,2330.567390331556,1708.3501388616228,1375.7369014789294,1087.3786902814134,1225.17682758668,410.0864903862022,1361.3790029149495,506.9593257254573,405.2110562272272,739.8344289773925,660.4463450853443,762.8891091408019,801.4267966076867,854.3269789336209,1150.0759635562815,488.16191015018927,1665.9052256143752,705.7691279036051,626.4658349039765,137.45454545454544,14389,180.9993743957096,11096.077697475721,3096.8545186401366,41.77686595916748
5277.618866916264,2246.901821010133,1606.1539333626943,1274.5893479896104,1006.8573955688767,1165.781147790233,386.92317723516834,1354.558433166457,491.22974476541833,493.8398497907663,882.0145667564601,734.2363938524636,749.2003891271971,786.6590241549026,720.7093134940217,1000.1707023126704,348.0212871461709,1538.5440793662685,585.1488570714542,748.9627462671004,137.45454545454544,14268,165.97124285523688,11237.344464833579,3040.5401865340837,41.8771538734436
5297.390509272858,2280.417785259911,1636.5469283561602,1302.4859630934398,1000.2648415344834,1142.1368479504417,349.16458407831504,1314.766287728564,451.0692321494741,533.2921809944652,902.7793275176418,735.2972038246867,725.5388028004911,754.4074351262947,680.6397082708736,972.3689736125716,360.44131317781194,1559.4631328742064,619.8822383790005,802.2852911542237,172.7,14318,180.4434874625795,11250.630659343245,3079.5838163366534,41.97753953933716
5384.040236642448,2414.8853627884446,1742.6109852305522,1389.983023198636,945.2220916506961,1026.863668884998,219.23754169208019,1203.578947750404,373.18094471844415,671.009227398556,936.0710256730626,750.6512314436154,716.7188452620217,742.6632834303484,647.18831036846,941.4775943452817,344.39733883778547,1539.3811972396043,599.8429850830864,843.9990435901161,129.63636363636363,14444,188.73958094276162,11346.948767778493,3057.4203826976172,42.0776469707489
5418.738331841176,2455.289460959934,1754.1644450065403,1383.6711586825265,900.2883305974354,994.4994906613815,241.96985901559773,1243.1919437226018,424.6810651922198,633.7343272486115,865.6268890775855,757.5229704214834,792.9883757826736,829.4711515864075,691.0456982616573,925.1280298407651,272.29925396022645,1472.1931871269387,544.6440543550583,881.4939958450716,139.36363636363637,14489,178.45798958231077,11350.324297111363,3074.5802567591536,42.17806029319763
5414.500061947952,2453.2555517170385,1758.4510715865258,1390.8614731177245,901.8384852923073,986.485259789216,233.5084347383592,1238.993910908321,433.0373564472976,640.7199766640929,858.7195560544449,753.752565985936,801.2988425220434,846.5650293159724,705.5670158819744,915.0712584699548,237.7774904170677,1441.0226387345976,542.218106914723,922.7693162299522,139.36363636363637,14487,180.36375697253874,11352.279600259924,3111.4982801292044,42.27837324142456
5419.144137974422,2455.789760253962,1754.9445071542377,1385.1794073583922,901.5633345807531,992.899781943067,236.11954915317412,1236.4290593567507,422.74003211677194,647.3742750672856,856.3950293602185,750.6838289342387,804.6538246807776,854.9366907865528,710.3345217944754,907.3567200598293,226.67210112044222,1436.0829599659855,549.5221848566636,927.408961452813,139.36363636363637,14490,204.44089783382617,11103.331944517082,3223.9917696084435,42.37853717803955
5411.135217830681,2451.6012629843913,1761.0652493849454,1394.537024420508,900.7719911621638,982.3194408283078,235.62874753901792,1244.7116893539119,437.57695441523,631.1503529214241,875.3914136334558,641.7663075752772,788.4648648739395,936.2993198462237,781.846785001037,819.5675212680748,206.68014251882036,1497.9399936894358,695.1992009580953,792.1956332454341,157.82727272727277,14479,191.15493087863587,10913.580438338488,3186.777478945841,42.47887301445007
5476.178200914122,2457.635302173966,1696.5348967581751,1349.0778373524324,960.5419130776418,1019.8498790499114,169.94972504285553,1192.1832982739975,464.4282583619217,641.9232095110482,861.2054255128597,808.3593605199957,788.2509804796598,796.6575218068897,739.1084822696616,965.5963081957706,164.21580812385307,1361.9374454471724,597.580061893225,934.846655074215,142.0,14553,179.06056491641516,10841.802222704342,3078.0283657780474,42.57910966873169
5632.822533314034,2420.499664152248,1551.6313329663712,1359.3969788263587,1100.6803036760543,952.2540783400805,169.13732607173344,1297.5331178473075,599.9488941219097,485.02841140389074,869.8391358718712,605.1463669990584,832.1095253023967,993.6978246257304,735.2431107870884,755.944071750815,303.0150136342032,1576.3238434877692,639.2974552876163,820.6022123802403,116.80909090909091,14696,188.67339632472613,11521.009389426486,3151.407426566991,42.67931127548218
5770.847404119174,2357.5401698813716,1461.035032187466,1452.689099966949,1167.133984237316,822.6144664990338,309.1736243954814,1432.3371759958334,599.1560618724174,504.0488187167228,864.4343040871362,599.4829926854155,849.5242841237888,991.3116097562688,716.2606253251314,782.1047964585142,277.0392381233622,1540.6512664367767,650.4282142780918,799.1269090938285,145.63636363636368,14857,206.2030067198065,11762.372195634802,3121.4154549198165,42.77973675727844
5947.135290316978,2229.295702303338,1443.6138822490616,1643.0261924457345,1127.4349697980126,666.7786544666625,433.3691246576336,1439.6205574954588,406.4608376277537,691.3617319687154,864.2288143289159,592.3821528560147,857.1413314136148,999.6755576367076,706.454587137172,780.8784091635573,284.10279228404056,1532.9129102219777,631.8742615692264,820.2908271679174,145.63636363636368,15031,210.9395535097974,10757.93534207782,3194.4998497374654,42.87984800338745
6082.000712862571,2095.787059733628,1520.3387150502035,1782.195438435807,1005.3229727879848,702.3301082341407,422.40244155184126,1296.2992150311752,381.8667481750994,655.2775265147942,804.640746699177,597.3738088036548,989.3415638627564,897.3983297646323,721.9600741834463,919.1096128328767,179.3456172164471,1614.8785162877018,796.6950123481245,740.8540447516473,151.82727272727277,15199,196.35203188211688,8994.01798538657,3092.5351509965826,42.980104207992554
6313.625596637106,1813.25074749608,1776.8915786551672,1945.3071530005648,708.1248827897683,986.7155012094213,262.04828709567715,1095.8929750067794,675.3701494202276,357.08089627361693,1030.7271171127113,580.0163064105672,818.046267243261,1257.3148797823449,521.083762790439,911.9914712837601,319.5118132759806,1230.5668066131004,912.3079487693562,463.7515495049734,125.0,15498,168.9679817714225,8039.9042421712875,2816.1648550844097,43.08023810386658
6265.879213018724,1883.0503866860972,1707.1237868182386,1944.036252579571,759.8013839399171,933.024714835072,327.71362419258514,1059.9948331868418,655.9989579224252,367.9147050006578,918.2721984558445,606.8787400598761,781.8040606012678,1122.795533109911,658.9885904403251,768.0766953029413,377.9054768087779,1276.831361926026,782.4982861773675,589.5373242320687,125.0,15422,167.30099223841597,9213.801883342054,2670.001728629197,43.180521965026855
6303.903090923481,1818.050574958906,1768.496498313704,1904.8040033242457,757.6481678646828,929.3673235678605,285.833832980841,1125.5592146085496,594.6220481540051,432.49450566820576,732.2578850840899,763.4285084650477,671.449870794249,1026.7784503147248,873.4756761741518,596.7590260015604,612.3534063297739,1094.6143819842407,932.9131285404007,479.2391115730527,127.1222222222222,15494,154.60413718490545,6164.019048928465,2429.885815168726,43.280611515045166
6454.561645780047,1554.7779008251518,1991.7113581729195,1582.2385097649567,1038.0178313565648,663.2944978676317,553.5779320328844,1185.702117709736,531.9515355292287,573.3601718636706,772.5254013808941,718.4099889843865,714.0236479819843,999.3051686484637,868.7869109476196,565.8452395538995,614.4650276520845,1138.927675447797,896.5288811024551,542.0456772801216,98.13333333333333,15830,155.4520272098157,6124.402818236321,2388.2599752448486,43.380974769592285
6521.489951609803,1468.3815164175444,2062.8115846720843,1389.6946414414638,1231.7387538377936,465.2293160590239,723.9999465801259,1036.0600191472213,730.4760223844359,450.58220129432897,801.1712359522187,688.9805793245848,733.9563646276216,1010.3995258805923,828.4017931555306,589.8387609074921,568.9942624270496,1208.2685585431202,822.2803893972388,619.8246033091472,123.78888888888889,16037,135.59521946638682,6097.536427584177,2416.900613300475,43.48145079612732
6573.878171358848,1472.0275753182086,2060.808140355085,1256.8204660610559,1376.5682002966785,414.96813011689306,761.4910561836672,827.6471731182501,811.6144709877393,268.49475561550156,807.6714658496472,683.0244904215122,739.7361557518486,1001.3219659958604,840.276964225934,583.0607605293924,576.7796679632196,1191.525936913688,833.7196921713498,603.4979039290902,106.72222222222223,16274,139.03785097264858,6105.785427896658,2449.91259425642,43.58158874511719
6642.139346800942,1780.2973350259588,1900.7212078328007,1449.8787287978957,1447.6514611093412,951.0385415470142,540.1069502932199,1145.3436035721263,491.1989947179971,812.6950573326911,452.72373295473585,1044.9038454660695,399.41344171652304,1363.5074835688933,516.3366860595111,925.2823882518427,278.8251317544509,1541.0849795741412,517.3166597114916,946.971141146028,106.44444444444446,16851,145.8963124564321,6478.109815869381,2797.620607570511,43.68160605430603
6682.354260142783,2399.420208141466,1606.9022814612438,2103.9638288592582,1299.849526929175,1544.1606295736033,359.84261209930423,1784.941305586543,200.7372796054557,1158.9507737071672,404.7760612456909,1098.908143149444,351.07009663171385,1428.839011867681,449.17715287766026,991.0693372990015,277.07917648445516,1622.683256644472,512.6130649101315,994.6356688618982,113.97222222222223,17546,181.6423547391458,6660.403425195114,2887.2365904059366,43.78189945220947
6683.492225929206,3051.1304905756033,1273.8060791156913,2726.7817010197577,982.5708976733656,1801.2243508679162,608.0522938366299,1903.657928150319,712.6786739349807,852.0596225087749,257.95401639235115,1182.2833835533356,428.73881280374206,1412.389683321571,477.8516598354246,851.9011376078319,350.2975172937129,1491.3338603796992,506.76865162871337,991.0992165418996,101.625,18192,170.63594652346217,6649.663096751132,2751.020431291832,43.8822820186615
6645.41930947676,3814.6383413352455,897.4967973597754,3271.07362365753,514.6562023769687,1684.7158144552714,937.2974414377873,1372.8074196623027,984.8752950239551,163.61630080176462,266.36042756547414,1177.2653344464256,423.7169839604175,1412.4728919808367,476.318465423476,857.6654907198068,344.6162060283873,1497.488821780804,500.80405774911657,998.7648553284827,101.625,18983,169.66657888122592,6660.43368136682,2804.2655130378275,43.98251414299011
6577.665158388484,4517.137043253223,783.0016305004501,3539.147968384476,506.6146505615184,1207.6089952073455,1086.0556725335018,629.867318894388,825.7678800563469,942.0500874619011,288.21667830383706,1178.3658595943346,398.76624737596626,1438.4046022222076,451.3719617466084,854.0117599178772,375.3816319920818,1465.7039290769194,516.1841292698141,997.768221132016,127.73214285714283,19766,160.24283330982271,6669.949454747277,2821.4645033634165,44.08277630805969
6482.772098536232,5078.063311419809,1002.5251122206504,3482.2900902418223,920.1753586152146,515.0625573621171,943.343704240841,1057.5190861977767,319.44645958179626,1213.879455191215,291.62779097164173,1169.5447072911757,393.82757363020755,1440.2493457932915,436.49533841578267,878.0463211857118,387.9448527768001,1457.6776919372085,555.0080312544534,964.0654526710101,181.01785714285717,20495,175.43714633908456,6650.851285143546,2793.0130081692614,44.18315887451172
6349.566436251824,5568.403736331058,1401.8312832299573,3110.0295361640533,1331.2007949177284,386.2605402638298,581.0632174790919,1758.434476237541,468.398915072369,798.9067410968732,280.7325079436642,1171.1156309237037,408.5002278346549,1423.9002552214743,454.5423420612476,882.7093035353603,364.616288875736,1484.365286668745,559.7330585789505,940.3986597363985,142.83928571428567,21285,176.86821104310496,6597.573570697339,2783.421219627005,44.283565282821655
6201.909224310053,5882.614794278902,1752.3857111793252,2543.674888216192,1525.5977510475452,1067.9207394306716,356.02097519359,1856.9410753833922,876.2704681428429,173.37094555968602,272.3615517811963,1131.7120361376217,380.97122814869834,1471.2928681904832,387.8006060851166,842.9761991330279,426.41668690466435,1437.6985379645237,448.3711827255521,1036.717791211244,198.125,21979,157.62408156072811,6651.74988607122,2789.1612847426977,44.38398790359497
5994.19361887602,6112.346957184306,2116.6511774147234,1704.926353503337,1531.9097582331256,1648.9651028284695,737.0636215268568,1291.2257631236582,949.6276563203121,994.3800837397755,244.7492723602029,998.7004376179867,387.2453893429679,1554.0301718873186,253.11831822386094,804.5055884074983,522.8892143529852,1418.3487279465096,331.3834471319811,1078.5070300190148,85.375,22820,160.99534767725717,6957.565126755635,2756.6207055415575,44.484156131744385
5766.710977472826,6196.7365177051215,2410.1119954431483,1053.2097975128615,1350.967424831641,1877.7135804388865,1149.4193290520598,484.2970377308308,636.1095509789359,1368.0988426313136,262.8318353608328,1157.1724829767195,436.06105455382595,1414.6351552019119,369.9718657838554,923.8103794496836,523.5441780687206,1327.3940499476764,392.8333134645372,1153.5374534025445,193.625,23681,156.07435065563604,6871.700920798339,2711.629424803956,44.58442831039429
5544.037156269267,6131.605481256788,2570.6861346059422,1307.1749145518922,1041.3205547176535,1696.0935575812907,1236.1753508560748,1013.7578568606516,297.9197070746453,965.9530479880522,261.20235812905287,1144.7915670264285,422.94498044954156,1425.9430941774751,375.0255593162731,916.7070378683586,510.1446470063731,1332.1743925880965,408.09701387200244,1156.1408480207506,193.625,24451,153.76496291727054,6802.736973466884,2632.600983447828,44.68448042869568
5330.392578375125,5943.910343748333,2582.6516828375698,1959.8107552804581,682.3498245344903,1207.4865044737062,976.1847797777167,1565.5418259703433,520.3881851604657,345.8063899373881,298.79608885383834,1252.1729710041288,527.5405487630073,1324.269115248054,373.8557156984241,997.9902502721029,623.9543577755709,1270.6070102858698,290.7901353831526,1171.2253953051872,193.625,25134,156.2144710244293,6524.5939051229325,2703.1385326006193,44.78470420837402
5090.599451015967,5623.066257384552,2455.95048955567,2599.698543404234,411.4916002403992,522.6806515456938,429.2600012725368,1615.3527997560705,744.5357069211166,939.6017486283554,297.2601777790289,1247.2060955210163,521.6759725678058,1322.543772412943,379.86817071179814,1002.8434443743943,627.7252845988304,1270.520932230089,289.6943677890513,1165.9982179423816,193.625,25811,159.15108607938566,6571.701663532631,2700.039860078,44.88510513305664
4809.952195445056,5142.337022683991,2176.8143673066083,3091.041712554745,659.2748319753282,614.6861270740538,316.8145401539177,1073.0898017113368,685.8500551277763,1338.9029584419734,295.7409784090091,1211.6977831340798,477.0960068752145,1301.4603583075748,446.8317034224275,1069.609272338955,691.6123369735515,1227.604174895862,219.00480097609628,1137.129210841329,168.58333333333337,26555,175.13013112419705,7099.289349046927,2787.9617184464487,44.985294580459595
4531.286526882446,4576.605834458892,1807.540688465812,3311.447042059421,1075.0150862712374,1327.2617506317085,935.5810558751859,420.3193498697708,466.39851658252906,1038.5885586499921,297.179992710857,1225.0428800738493,495.29533080123826,1308.0281344922917,413.4147524369738,1030.2452445249362,646.6573142193253,1230.5301438445206,260.4535941544425,1199.0621887264185,112.18055555555554,27281,170.52597073887563,7522.21216919214,2818.19992332899,45.08551335334778
4231.986326422856,3894.860679461298,1331.326090039863,3224.9132639528852,1379.9314013197045,1821.8020849964876,1283.401556890191,995.82543035792,407.1383211355816,338.8968982379276,284.59623790567605,1215.548107129867,479.05917428040675,1330.5324551314473,432.60757803404226,1050.6927490345802,667.9146381378031,1235.2260891454139,258.8593077629444,1187.780578999277,198.5,28008,165.61500439044747,6670.08832748645,2756.9852026143762,45.185827016830444
3964.1037309126577,3235.5078786157724,878.8369027488582,2893.9796682591455,1488.2992635505702,1927.829543058561,1262.7342967252723,1532.1646458430157,639.5634934168153,895.2316796019412,292.2145180746921,1229.3570524685435,494.9270494188896,1352.3464887993064,423.07956215662904,1048.481861968988,684.7474730561989,1185.6357544957082,193.5679230207715,1120.524292856847,198.5,28699,170.24350524808048,7197.3929103117825,2699.856665024152,45.28632164001465
3674.6152562796124,2522.7410820834857,493.3720718990602,2288.3170735881313,1365.8178635067366,1606.8424023858765,829.9957566009988,1545.1018773090875,686.591764198871,1293.8427965571161,305.552100025934,1245.5445687855379,516.7505426110623,1351.8954499611496,402.31024671346995,1031.407054706472,679.1824937790201,1154.5634802043814,160.68157141020816,1095.9932384509132,106.875,8039,162.43013552263437,6453.385134686024,2569.2366466092976,45.38647532463074
3417.2257614933746,1956.321788716748,626.168198095095,1617.2235808104042,1074.5666643968161,1013.5992856160913,202.0595643982852,1057.2846325924652,536.981751111276,1004.2080749774013,275.9796659233986,1207.9167483716326,465.69224971238367,1351.7156339257558,448.5421964774958,1064.538091062292,679.9367966752772,1218.465486580319,233.45533232034384,1170.827156850778,106.875,8726,161.72647940630998,3923.8135704343185,2464.757601331715,45.48688864707947
3168.716108997819,1664.6802569624926,1076.176771227827,1098.3420543152376,636.1982693142176,414.1223625917826,516.215660268087,444.511458739444,359.73809684934895,334.64555628541,562.0811956360112,452.8217729873571,554.3985306082575,614.508504733887,541.364601190506,309.5378279913117,570.3006852426071,454.8934630015783,535.5707664810474,407.1947713850365,123.89285714285711,9419,98.12120265415729,3142.9003858882797,1675.5721369980517,45.587132930755615
3205.243283292894,1661.064844367547,1035.8992205940174,1103.053825498961,714.4215158256072,400.80899941286486,471.59873626016173,410.26625149503616,420.5463301218682,299.17651953128734,554.6367260526603,461.9407707865412,541.2916914950617,624.5604955707878,552.1501453480618,314.3031120608475,551.330349929432,450.1335744431136,549.9877263011912,398.82907300949813,104.125,9335,93.12905569821459,3147.8414695678553,1663.564238730621,45.68753933906555
3283.812363072944,1622.2607298764292,1048.704380865768,1040.4133831381967,843.0296777039249,296.853494059314,563.514720676721,274.34272532911797,532.2806624474523,173.21864788878273,609.4215044604862,401.9531055161585,600.2681429540991,561.3482903717126,577.1464891906824,253.0506021794188,621.2999517125035,402.9289193653178,581.0513459077267,360.27598289592,104.125,9196,92.03777677834411,3113.7307137469497,1729.389651052284,45.78759264945984
3378.791928287252,1555.6273958043375,1131.5159996886491,928.3021226607274,911.4045886359823,167.0912634752848,687.3408258036761,265.25087549026136,498.2270768969034,264.7587982090807,612.212566831697,397.9112543461155,605.1253547581491,553.4175547111284,581.0759507461902,245.0240137834247,633.3609915573422,404.8276609267389,573.6597255427149,372.5398171153416,101.08928571428567,9067,99.56921930970927,3122.4809072457724,1744.4314058752457,45.88779830932617
3502.598265519716,1452.4146764907493,1270.5501768979468,779.8700862014957,899.697615924379,169.5640253079579,730.1940860414176,412.99982110115246,349.2347961973198,373.3851266260928,660.5834510968024,366.77327344233873,639.7501564115265,576.7282309404857,519.297125775587,305.38385301109827,577.325299221213,420.2663350706687,588.930240987008,341.90098578087935,113.28571428571422,8917,95.01374218629277,3034.5873408252437,1741.7009621013708,45.98797941207886
3639.6115638692363,1324.7302138170883,1417.7846560492126,671.853446478774,798.4494235820556,317.4207650693354,638.0657368893665,485.8766270382665,356.20702451757273,302.83039730966914,595.1331467428223,392.3238519130929,641.6658430403161,475.8394459964132,581.4712846809508,270.50343667223433,639.7163474423285,505.21732061945664,505.3682623515447,398.4725352531716,135.07142857142856,8770,97.02244130092294,3136.5736652215105,1689.395127075758,46.08810114860535
3724.832137096969,1240.4688075725621,1492.6679126531253,663.1791443228959,711.7385497980977,384.3712721291989,549.6237885498118,451.56053543337634,445.2100755848865,214.266139476456,597.3699247696527,385.44750355823305,653.56854435007,469.61848306094134,563.5049030623129,292.73866483565985,613.4324236386221,501.07263691096034,536.4889694285114,359.48853533358096,104.5,8679,98.22140710529723,3121.001052828635,1638.2781076470053,46.18826341629028
3870.3199218091054,1094.764919378412,1570.2572574874057,760.8749553764594,604.2656756121179,397.86536641283317,518.6966394490287,307.0112881125895,472.9301986639903,300.61707019128437,619.2612649009895,386.2277135918108,620.0717779117265,537.7690552273317,578.9773537630949,239.97497655052254,656.3988038450534,455.64494277694246,497.58784278771856,444.2196369218149,104.5,8537,97.62783286719761,3068.5593017575675,1698.7511673552754,46.28850555419922
4014.6851146666872,959.8525906484274,1599.2959560497166,903.6359544822503,619.626084685418,337.4561423080518,641.2519882837078,310.48529309798215,364.7302285411349,418.4986772838996,622.3456318733165,376.43500765370095,629.0326637727609,549.1818281428106,573.1300807641691,233.6187050701843,669.7638016515167,445.8881499057704,478.7517172578187,478.31192368725743,104.5,8389,103.81565678416987,3336.7030487746188,1718.928049407146,46.3888623714447
4100.728888958909,895.3581076379693,1580.4168486826156,982.243348790636,697.7767095713682,255.2948718068523,714.444586677617,400.591050554552,297.24382030770636,376.94423603598256,634.279593976774,307.08907175312874,708.2094519759119,584.8551348578818,537.7671426354062,233.9144051385624,717.4822696666241,453.0251798757676,418.64213718368245,519.8985926442142,112.375,10822,114.08678164063342,3360.988273817121,1701.1731421271306,46.48910403251648
4087.972356131513,901.9209922191642,1588.5683358565684,975.3433340196917,684.1950930442426,268.4339298019963,714.9441811473971,394.87369336252453,289.4394730656791,392.4526708140104,585.0801705273601,444.57362610010534,650.0657804541468,437.744647711792,433.767073716293,390.6764483051005,623.3080243401646,310.09618464084576,448.94779252899195,709.8894430137909,126.23214285714289,10836,83.19944469172492,3236.78779192308,1585.694950207093,46.58921527862549
4357.381576782009,902.1976081572036,1313.4252531975544,978.6714321318935,872.3732824904298,371.5109105292721,437.58562141266367,229.58151159700924,587.7352310438594,574.0415371182917,572.9264947718475,583.9051917317577,598.1576803034211,301.7824280273272,401.33079370908087,523.4421197334641,535.245608975379,195.61201589734665,547.718008234384,842.2356403670658,91.375,10524,98.56263408974624,3056.6126168268743,1719.9580859844234,46.68932366371155
4545.698979821096,1035.7456740663702,1077.0935002856484,897.142312428327,904.0908905636682,606.0716077248444,255.96354371692286,58.793692489713855,614.6831694376681,743.6429136279553,587.8024464192594,508.92138606079277,585.350320786045,373.750006153472,461.3187339711786,469.02599998669365,500.1701324135147,170.63687752710413,588.2191313398158,822.3764584022856,124.33333333333337,12965,105.53401572431031,4455.229410328141,1745.288510896005,46.789841175079346
4736.594386370189,1268.0525898667179,836.1549977252103,720.6057836717364,810.7777272075721,778.5917919529687,442.68820064937125,219.67877600819227,403.3860540007674,633.2333290538777,586.8838773873844,522.1036234535127,583.2224594453927,354.70348874168565,443.7837944778311,486.6308543055363,518.6688123383243,189.94382865296268,554.1587003832955,804.0198002055954,89.1111111111112,12704,103.42089966455337,3463.271928233792,1686.479210982062,46.89019584655762
4894.891056926623,1517.9066936992592,727.3522373970966,489.4253461659397,611.5475593026472,788.1619201727925,667.5061439460529,354.83024336497704,247.38724605956887,398.66987486552836,609.2749071797874,511.44678957185243,550.5199864268066,334.0626396000109,433.60235615007514,514.382564133005,546.5703715912207,224.18764786488194,523.5407488131337,766.7680568176098,89.1111111111112,12445,99.26264089287992,3261.833716957345,1642.1343916089954,46.99021363258362
5017.570170371033,1742.7429559684037,797.5483268518624,263.70933045003517,383.11055210485864,659.9230393379869,731.4347200337221,357.3222677770756,459.88543549062763,535.8395942185862,622.3736359122481,515.9950944931492,538.9015814666745,313.2335400731879,410.49063965668773,508.4699183921833,569.3760328408687,239.658478143869,539.5236193648706,770.425270300688,89.1111111111112,12225,99.42214134783072,3509.6719575823176,1651.9060880689058,47.09065818786621
5070.8825097338395,1854.6329281141175,901.2740807080594,203.85908364719344,306.78212313401815,535.8977405653145,660.2237748662509,266.5057284486805,522.9499870416344,627.2841286357351,682.9064527615828,519.4298282978718,474.2784089341412,248.41862157090043,356.9631466678499,532.9709376649771,640.4565623350175,301.44627016087566,557.116497979554,765.0619853323333,109.66666666666674,12090,102.4414332686928,3543.384169297723,1709.2655305157857,47.19076466560364
5145.922391415715,2035.4527958262133,1143.0291234735546,371.5158081424258,442.3233971022827,394.4764650844772,418.3737461526565,89.13967829249178,389.5300286519804,504.7939060200244,563.9392394252557,476.8020147643955,552.4922596490156,379.31664140556506,487.20697976790524,613.6512929312697,623.8193238672454,350.6336085071902,436.2741057809231,642.1653374351179,93.44444444444446,11857,104.3734653983133,3340.774126129291,1775.2942635043062,47.29107356071472
5199.33155743027,2187.649767699404,1387.6411256957886,632.3537780646469,703.4637380117626,575.4273588390946,400.50901361992925,344.001052878032,140.49078172779315,270.92391637567147,612.2317146378506,514.3743639409901,565.1766127478717,370.29230399625084,490.1015212815281,590.5064909393881,580.7819742197887,350.182558712937,382.9297168823635,588.3415614883606,83.55555555555554,11587,107.04556636589135,3460.2921524929966,1690.2952756395853,47.39121103286743
5219.773662651364,2272.2644204983067,1546.2896124180736,811.6422326421384,866.0182713841513,783.9204071632146,613.2771793913255,477.10961658355455,294.1957837721957,434.36451215012977,604.9613218150674,509.07488779990734,564.0788087865101,372.5908331102384,491.4196850408948,595.5966166312294,587.8136245675533,354.48616977668,388.3979347444355,594.5495512555937,83.55555555555554,11377,101.83738124023662,3507.700609681043,1624.3633845972126,47.491299629211426
5214.637013923549,2310.691862026486,1643.9119396893745,923.7417339340578,922.6803809703267,890.3326533646319,758.8216347454688,434.65953614518196,455.8033931692021,573.2249199623161,252.25311912764468,157.31165031619912,273.1622869296237,188.7060359891059,134.36715367643498,258.76357081762455,298.25060285826885,305.6205339409773,184.6601644778423,244.49669790152066,83.55555555555554,11154,75.72875040514147,3140.6473027319507,1285.9426162661555,47.5917181968689
5153.804466786261,2339.1641263764836,1788.2047507514694,1122.4717308769732,889.8076165907098,913.6920275669921,853.0683538319593,270.9934691951104,614.8485868645255,501.5012832532798,125.26935658705595,19.40961691559005,175.31397472940097,205.9267204146721,76.87771506687847,127.43613135622765,171.35381052540166,426.8186720309705,111.95859597677692,193.8580403763559,48.25,10535,71.55405140995052,2975.813233291712,1251.5434220315462,47.691874742507935
5064.774231607119,2350.0398504539594,1879.0182277059816,1309.2679100366663,837.3286911797818,806.7462906710996,759.6281215959083,665.6772120675007,620.0446142595625,363.4976713146929,136.96150483488097,31.182009190667525,184.32028670868257,199.82012027375828,70.75866750448547,144.5739567655554,190.9104323358164,406.7121009067644,125.61329278272176,191.44173508083014,87.69444444444446,13910,74.46743445414293,2992.723471419851,1263.3814301103841,47.79222321510315
4959.204109575626,2354.3292613430485,1908.095744547929,1440.9961681365232,844.4610694778528,671.6506343114374,575.2461513658163,944.1184434571114,511.19194938159166,547.4735893236525,125.11272738635395,12.957779657973129,166.6020281418232,195.09604277272885,90.63796301236434,139.95748583841365,179.14078817996628,413.7472624755481,103.24025120899299,220.70681379050964,44.66666666666663,13186,72.02472413057728,2961.989522276235,1252.4394823637022,47.89234685897827
4846.45850456908,2357.500832477038,1876.7364608162527,1489.8227726570872,923.3814055518993,661.0297180076631,541.7871041757371,902.9253098511294,495.5524629619712,673.5373957327193,122.81141405432571,2.273977101104383,156.8378269309189,185.26483830077856,95.01188350464638,148.0722366709976,186.19000580874282,409.1076782971478,107.20243785380693,217.69065557863877,44.66666666666663,12451,72.45841152129861,2945.006829590311,1256.5084899999933,47.99236273765564
4725.062363925009,2358.849742512991,1785.602382030091,1443.069117722541,1020.4505482746232,789.4882328998106,713.8243202485319,552.0312457351765,603.6661436052393,529.0572753665355,124.03692038397064,33.14945829650329,172.76594199576604,208.2925626675077,117.80759861908902,152.539542004451,196.40536209184387,383.43506371291346,134.4951727222899,202.15466933226688,91.34722222222217,11713,76.66005074556942,2978.888800052628,1271.945656016614,48.09250283241272
4610.7643247894475,2352.7893059469866,1655.470107597062,1315.001790678085,1061.5130033576042,897.7335368604222,832.5767506403423,257.11240401069574,622.0177220023805,336.3280447980747,129.68063749828065,34.00401978768569,187.60797313015814,225.62078821312952,105.49367714172485,122.36491630001973,166.79600651039644,405.13190855941383,133.22904435557527,242.77032824001063,78.01388888888891,11718,81.00439782606672,2971.142203364291,1324.7811564534172,48.192771196365356
4476.517593736895,2337.518394176224,1472.0550024417093,1100.8958686003818,1033.3667478981965,925.9808860665889,811.9531377275074,648.9444375106909,520.3619027412614,537.9364141023428,120.55471236622023,50.87802615004732,157.6686372860029,185.95440772642166,116.18097739572814,159.53849475128027,180.0739308640423,446.0413642234975,50.17764379452029,297.5509542580151,95.66666666666663,10962,77.98713610270065,2988.89637379993,1339.5221319414422,48.29291319847107
4357.3728365079005,2322.8243141943103,1315.443918848657,919.6854559621923,964.6594024179108,866.0312085219605,684.7175584163347,941.764245474984,491.07002976363617,697.0596326190142,135.20024954202856,24.468499244925113,189.82078462157492,224.60790119594296,100.97216648042617,130.9181201242584,179.2395519943934,404.09771688567645,99.67597510044158,248.72272022908717,44.75,10267,78.33299479792403,3120.3337003796446,1317.0836451200398,48.393526792526245
4232.1176097561165,2304.5450615795035,1197.744173241831,834.4192367472928,873.6722830360029,740.0332983529612,546.9912878766568,916.8917106497776,575.676910767539,548.0852215160246,105.78123162761896,60.15618240253643,115.87116850184107,147.1081386813445,58.25084599102129,94.84057250869388,95.95026878712389,463.92149479076784,135.50405803413335,247.78728751897887,44.75,9521,80.70815918681117,3698.5173001312673,1229.4019979220952,48.49390649795532
4125.711496005542,2283.718218603594,1170.7218525329836,904.303882298722,817.1178814869793,649.7852774564523,573.6627256699048,587.598822257132,605.244419769065,305.2735789363611,103.9552056054766,64.74502728778617,109.92076629628056,144.37248392071672,51.64034498365563,87.3911173071664,95.39239291358462,456.80353857643036,138.3852936147982,240.14466513050385,44.75,8853,79.1944248728421,3880.4593746640116,1212.753751175871,48.593961000442505
4022.0292795437163,2249.488728168284,1211.1605621319875,1045.6566710446698,794.0721140939538,635.2717451377025,674.399891930738,176.11236055335465,497.70800924974077,452.90751074917205,121.33648190925335,157.11583166369175,58.97329987381188,164.34841147237265,56.15336912914821,36.83249541089736,173.17885590151226,345.5099305414655,155.16679791189958,235.90494787738697,44.75,8190,66.6479912957607,3133.588935640334,1108.6347753099526,48.69416904449463
3929.7811556252923,2195.9907944368806,1264.9752207890187,1141.3730292001908,774.346737500097,651.1407342237663,677.7526830992971,466.88866182284255,345.5427192467228,559.4561195395436,120.60117980007433,156.71620253991608,63.58476658362541,169.09274680155238,53.61380693252049,40.94899237290977,172.93486582426362,353.3026556911661,142.23374355302863,242.25425270032386,85.89285714285717,7631,68.3238506121646,3129.4724587737614,1120.3581528037166,48.79419565200806
3829.5468471758886,2110.2151495523663,1304.253717680044,1163.6843215129275,731.097711174887,640.4534883035524,552.7711023799866,735.433284520421,354.88694323513795,406.8823638516983,114.82948567810165,127.03917173839503,30.36060365447823,111.98207448005961,72.55514080266154,39.319756688132316,179.10919612985708,313.6899891020137,186.71587179189748,253.05555383847638,43.71428571428572,7074,60.86312838881261,3066.923800007282,1079.9963862666866,48.8941969871521
3713.9404062204685,1990.450253660998,1335.448569356348,1115.5644959084714,703.7589569047261,631.4524128265789,417.04870437108195,765.7568139818545,546.5092185054758,275.151860198083,108.05876847706675,127.6250245463051,50.665294463407186,129.18281671183357,44.69767772848817,16.825498742846055,148.4839202135009,337.3990577630862,208.94329446688454,226.6343228015908,43.71428571428572,6459,59.83788092692781,3088.8110706583675,1049.858483705806,48.994306325912476
