tribo_f1,tribo_f2,tribo_f3,tribo_f4,tribo_f5,tribo_f6,tribo_f7,tribo_f8,tribo_f9,tribo_f10,diff_tribo_f1,diff_tribo_f2,diff_tribo_f3,diff_tribo_f4,diff_tribo_f5,diff_tribo_f6,diff_tribo_f7,diff_tribo_f8,diff_tribo_f9,diff_tribo_f10,tribo_feature1,tribo_feature2,tribo_feature3,tribo_feature4,tribo_feature5,Temps
1560.4326861282982,300.9850543815808,436.5995338302254,86.47639539968006,1252.1558634643336,135.07299400538403,536.4788452955205,519.8206429968072,1069.4230117026832,622.7739529388923,59.51189386704799,100.29409126861763,372.49149303723476,241.9176555589202,782.9271825334927,312.804929387247,381.6267536146321,474.2035014193887,1421.353633651217,883.8892000593215,166.5181818181818,7272,213.27077763394487,7536.978240334676,3425.1277059316644,4.000000238418579
1558.356335220905,307.51489888824364,414.65243345185286,98.37780683058996,1249.599506802254,119.03317154343182,539.7787310026284,514.5077501158016,1094.6956145542088,651.1884827710937,276.3580261173062,125.41796490288635,182.83292115244237,29.96780830105135,985.6581852304687,96.99909194326302,586.010050663447,630.5574153615175,1390.1475776590305,889.3019762255101,176.9818181818182,7307,221.91874387010347,7797.207971740254,3621.579663997446,4.100205898284912
1564.2382861252763,334.6672824976576,373.61416862384914,98.34553734648978,1282.2427277668946,78.01935511746726,580.9151457568908,555.2655009514416,1064.5460978554863,619.235589283537,302.7010348403756,148.74092984763863,185.7518747837481,2.9860156302775955,1003.0658385310169,111.0622988382939,588.8846968557984,635.6403514708853,1369.05760945463,868.6190770620088,176.9818181818182,7344,241.23033696072608,7901.613607555986,3580.016890161458,4.200366497039795
1546.7300990641131,282.55751337795607,432.3052760219225,134.77191599926667,1221.2211369275421,120.7934690979764,551.5099138702227,530.4215502879254,1116.2117610319228,663.540889388205,196.2640180219333,79.0393282177247,185.1292699986749,115.24607973402436,956.9219755718652,73.89320751703917,626.2446583269365,673.0702170285597,1404.9838436541227,889.801816445529,186.5818181818182,7284,245.6333181317936,7787.147401645836,3749.4941747897424,4.300440311431885
1549.940264483735,289.06794152220243,428.78786943001637,127.69580432510122,1223.0513523755208,124.92142290196317,542.5078886787423,519.5189474624174,1126.8520189048515,677.82894133817,177.99854490080764,109.91516143861031,143.95297039889115,102.10307087833296,1010.2747910275386,51.74905798103976,607.9543932458926,629.9634249819202,1420.863261616644,944.4979080129624,179.91818181818184,7290,254.72156268851825,7599.6249006260405,3732.894779624762,4.400634288787842
1425.3027039095025,28.92103817487682,579.8911011818927,378.6100716649547,1260.8077056263078,183.0950042702488,804.208921841505,765.1349149688162,864.9655961076393,476.0053000922186,117.25442483978985,150.01436064326822,167.83334533849813,213.17227208049528,1087.8905473905145,102.31484791540511,767.782263943847,786.0318718483569,1239.1274553926648,821.4371797362921,173.8181818181818,7031,249.96695848582118,7482.5600111284875,3757.95563179918,4.500672101974487
1438.649723207102,53.941592843127786,569.7038085286162,358.67494474770854,1240.380562495275,175.6275949937046,788.0501339973686,758.4513254453107,873.805531072588,458.9880034095588,246.71297151119487,26.1118615124207,292.0260034707127,245.64333102631764,945.5697335310252,183.46288766588032,849.3344601844562,912.5865307439647,1114.4732934407607,650.281181274658,187.0,7055,246.39996607767586,7607.796843237602,3835.87181130406,4.6009252071380615
1516.322502026555,158.7106018201752,601.3036827992145,368.1556741561356,1136.6478220383742,273.04244817503303,868.7793097231232,864.9536606307662,766.6535488618119,409.8549003761987,298.53776416919,84.06138559025464,354.0391813763538,303.9641074690342,923.5351041610057,259.5392176304289,931.2077374936968,990.8432308761837,1038.278874845224,661.4870312866609,187.0,7166,236.60616590990765,7859.441519758411,3813.7849200540077,4.700929641723633
1489.160701976504,132.1574902515975,574.9684347864196,340.8434929266863,1146.3794238985022,250.44495962635068,841.7591326640008,859.5934467862237,763.1666207235991,370.5429216854722,223.81789144213806,251.4787132282169,242.41609041724874,221.77660520044412,659.4211464802825,434.93690878393176,1060.8722767397514,1231.6112212037153,781.2818748663873,616.6879922371269,177.45454545454544,7131,234.94733172840904,7863.467819922705,3738.8128203184538,4.801232576370239
1714.8556133071966,278.53981766158716,828.0210273358016,599.6285399585347,1566.488423710123,232.4345095045027,302.76857010969184,753.3393559970449,1071.0220274875476,334.37809217887815,888.5374263407965,778.155690182704,830.9210292072162,806.5162207162977,1557.5156863284649,863.7274140387075,866.3710824021648,1666.0204999588468,918.813594562711,822.4565553880635,187.45454545454544,7338,243.7543686983052,9196.350527415207,4605.6067997307355,4.901453495025635
1793.6932029016705,354.30520567198965,901.9302659195151,669.0971334415046,1642.8991179551779,307.9573063986761,245.89483099828115,812.603062322912,1067.046604090933,372.6824169147714,296.9068353589647,187.9373414369609,491.7999612826002,498.2587275458032,1322.948003734093,358.82079568039666,148.74415996788585,956.0667852870768,1476.4907251876425,640.2109361407693,242.25,7442,303.80363983209236,12900.91176013288,5026.6846517675995,5.001652240753174
1706.5593073026648,287.4738127471255,848.2667106119675,638.7436527339796,1603.8077549112086,291.28081876651015,220.17710430184454,755.1755221175941,1148.0820564818666,445.468873327109,309.28609161407246,209.14867322493984,517.0414876336149,525.4261060368294,1356.8692911439668,391.6835789847573,134.19126126882384,1013.8225755819121,1431.9173522967378,625.9657097414123,239.0,7315,331.8850536240152,18814.897193442834,5080.584865099392,5.101656675338745
1706.5593073026648,287.4738127471255,848.2667106119675,638.7436527339796,1603.8077549112086,291.28081876651015,220.17710430184454,755.1755221175941,1148.0820564818666,445.468873327109,309.28609161407246,209.14867322493984,517.0414876336149,525.4261060368294,1356.8692911439668,391.6835789847573,134.19126126882384,1013.8225755819121,1431.9173522967378,625.9657097414123,239.0,7315,331.8850536240152,18814.897193442834,5080.584865099392,5.201826333999634
1673.7571894224793,311.5175404322099,902.3708889430736,714.1237627084695,1689.0191429370022,355.1545177194724,245.84114893766812,839.2926411947395,1015.2385684379566,293.24724276329414,307.69092984205923,182.0157850829565,496.3761224840667,480.19313458550914,1310.239794246606,304.3876017704087,341.51546783124707,947.1294858844082,1342.572784537187,446.20400695866033,240.9318181818182,7285,341.362078998196,16188.40229289658,5726.042727689761,5.302155017852783
1718.6525210474392,297.17252081504813,861.4794801886153,660.2731547111753,1639.0040534471675,331.9763848403798,201.3728150111432,837.0640290151641,1031.3660810251713,306.1012586587511,244.31702405824103,41.972642702340714,373.31188387362533,424.9094533303306,1287.6105198523971,356.4815862559362,187.12974728714107,1037.411346655908,1284.2162049911526,377.54179938296755,248.66666666666669,7352,376.6953186504734,21210.37301232136,5844.394212290932,5.4023542404174805
1835.676388903042,273.7206341875552,731.0230979293632,542.7464048996653,1565.6396419004911,397.94874567833824,62.21625470520955,946.2705899112534,950.7487448070561,232.3072351638669,304.1135333908802,110.19498471672449,347.299651956826,314.8995887345819,1173.770727082015,352.1123758061451,58.92299423172286,1114.2155629515926,1240.7934477676997,337.9169533595127,254.09848484848487,7506,366.4684820932283,19946.160940636226,5557.307469317258,5.502569198608398
1807.3998849464936,287.33053412517404,770.6322547833665,550.0499751379629,1549.5712315948285,360.4359959351297,83.89064007572765,925.1432179701882,976.1912215351314,256.8046692368127,303.3734085997041,112.82318490000111,354.2002006952245,314.3164556053182,1166.112916064272,341.367753517473,65.76364982800868,1112.605297589937,1244.552637169742,340.3806192557898,260.29545454545456,7440,373.62870590930197,19086.778338732845,5538.368905836865,5.602595567703247
1931.3719468480583,219.89378512650282,606.3729538054345,645.9621383926883,1730.9397335404706,485.5672878022392,228.0372637772871,846.5964219289394,1070.862387542114,388.9195666976057,199.32961661625862,92.95680671687094,421.0370446797259,513.7643910676529,1344.0496650958532,303.69178535337414,274.65164204253807,894.4199976688678,1461.5335361422133,571.0676590549474,252.07575757575762,7664,370.63265304911187,18737.900195934482,5926.455404134958,5.702703952789307
1970.865406860345,219.35130144957023,573.6525619265107,707.8147320232697,1799.3284292977437,503.7972599909687,294.2163686366141,782.6777856036778,1142.350327731004,457.68090056514086,259.5520370869096,10.700046004658821,326.6332360758072,440.3562840495346,1338.9215013072583,402.6260621249701,255.992267911441,948.8072062798497,1433.8977343630656,588.2444119081575,262.4166666666667,7722,390.71544160038746,18980.057564099683,6076.747781582601,5.802769184112549
1983.0409658558979,210.79880286286837,583.8451429584487,736.3707707225577,1806.0012612381674,471.79511281377415,279.71721632503596,782.38911545149,1118.441250111238,415.4321860501162,135.14987914259416,153.65897953400884,478.8561785656526,372.80150800265113,1166.361147024749,418.78310555770247,149.40677683398815,1132.4994056014386,1316.1765632247589,610.9589182312994,264.3409090909091,7745,370.5836000495874,19593.18922568565,5725.666347461654,5.90288782119751
2054.3917560024793,232.4756544384123,728.9930325727274,877.5607073879268,1756.7074335003665,268.8742812933089,144.2456333542944,942.6857328229917,915.680291976778,288.2977873132123,186.6136566272931,87.57003671635673,426.76039111697,418.8425644984031,1223.4541170205393,363.0535191051814,119.77179703435722,1110.791229775785,1285.9653637024583,548.8018113881103,244.5,7977,362.3828685525549,19589.530481209687,5594.800168632284,6.003100156784058
2093.937740487079,305.49304381652604,871.0455462250258,920.5797400672343,1640.0908590484098,254.16761376969396,35.99292037841168,1067.2384883311572,887.2022556232826,429.0432280665109,227.60147183152773,57.93391143810826,413.90377880207694,464.2076151028682,1233.6101744942491,318.3371151605888,71.25345355897537,1156.5310739708602,1236.4975806715815,559.5666875472173,255.66666666666669,8098,378.4834371759857,19367.84724053386,5814.502131429036,6.103323459625244
2098.64533225292,321.6935379727722,909.4878234014337,902.6280938382062,1600.6385213409915,296.7620223247166,13.739568536908342,1039.7155752647757,930.2194443032816,416.54872501183536,109.71566153422846,134.60663466721937,370.5896337348834,386.1178824972434,1353.850938255018,334.28778192996805,209.70556381706362,1093.8656446931764,1119.7897225953634,399.5602224902576,249.78030303030306,8152,377.9768196986562,19386.61900193985,5810.473580832157,6.2033772468566895
2109.9476736906386,405.4321450429912,1051.2378559837114,782.0739247113966,1492.9300970836348,462.6015168348062,179.83194742297508,863.9841123809491,1027.1995095427962,272.31981867793115,333.03254654815754,128.54185357062394,492.3019662815177,484.3680993222862,1140.7166400811172,421.49256285291614,189.20457357271977,1014.6944217774247,1336.136104567188,384.8805772673646,262.6363636363636,8337,355.92976314966256,19212.391815155926,5616.943166776482,6.303428649902344
2120.680591019826,377.39651954270556,996.7034060823131,906.527928373959,1473.5317226030993,440.0643479289735,177.79852661201542,932.6036808721695,1121.2199826251565,373.51219735350895,439.5675231947341,226.1194609189864,573.2384648797159,558.1569296233907,1037.0366195048537,497.45354461210763,262.2919443979044,988.4164570422773,1448.6551332563677,420.72527624020097,262.6363636363636,8190,351.243930133339,19140.94471685944,5687.345942545113,6.403483152389526
2098.300064046381,364.6074800522147,992.1192806239159,824.2933068482429,1545.1527964518277,372.49563930502495,88.6100460693174,989.7458275315637,1055.1626153367065,429.13630420315724,198.72079204479266,37.97710071434147,327.6566314184137,618.8110264839091,1218.5793312511119,329.4606554958842,198.00944215128808,1192.7887081534245,1513.3079884061642,614.8288020441198,269.7272727272727,8296,372.8586045123984,19342.843746653736,5995.305144128493,6.503602743148804
1934.724847252379,749.1169716450555,922.3801942318446,850.0651651703263,2327.8052412180396,435.2975118737141,746.1371033486047,1730.3275914807382,1691.0219652402454,1121.7859599391866,357.0758904870916,554.1435257294653,235.76760057986334,1084.4547613688635,1562.5597491929648,664.4086197910849,775.4857151853325,1577.254460463001,2158.146215221543,1059.886873689548,280.05454545454546,9079,385.0420779753101,19870.33491517098,6541.165726431082,6.603776931762695
1956.3777590030556,1382.5281745277239,1116.2150647123567,1559.665876158332,2849.3288484377917,1104.5928379883906,1315.2873732521523,1927.1745577740164,2230.794622484301,1175.08616342961,726.173923095033,882.5246298508279,574.2582446045595,1345.1517341644033,1348.8287088102734,808.754750462502,701.4853349530584,1267.0930148462978,1904.3430586981153,824.4715417404022,270.1,9836,403.57240519810944,20250.723737075285,6377.721014507032,6.703951597213745
2258.1538135597743,2249.137219845697,1601.9689393549756,2521.718594007544,3095.9572385828997,1731.6537754941482,1631.161282122669,1376.7108195887054,1956.078064191271,431.29412034911536,692.0087868015858,854.7236867653374,547.2358928801453,1332.2619539868863,1375.8311034573285,811.7167090882732,720.0207656051563,1276.1232829136636,1917.3308619323202,816.7267683522957,328.59090909090907,10833,420.6044363161705,20201.435317399286,6436.562589295181,6.804230213165283
2415.747099081973,2536.2567800448264,1759.0788806826233,2772.4272356293786,2982.6728012637122,1766.688075357595,1506.0506951016923,1012.9539389267469,1597.8205608159003,98.01733752806298,163.5403011376828,589.1196425518789,471.4900098475917,1388.0626926908446,1993.2859483107306,1241.8240172940207,1333.702859961394,1435.4397466686787,2294.6770065289747,519.1492409115442,328.59090909090907,11222,426.1744821221404,19537.02354133596,7155.64305169914,6.904418230056763
2441.4138141826147,2578.8399491303803,1767.3549392059535,2788.2882402188598,2924.1910263304417,1723.1856104334722,1437.8467978573144,982.5466953436237,1567.3996818970552,159.42975500939488,592.9699604195989,1002.6162408934022,1039.91554730322,1938.1180757020945,2279.981603485153,1658.248373716934,1452.5902912039123,953.3532714114718,1841.2161159363282,373.2414678096661,345.4,11267,449.1744119387523,20577.592990018646,7291.570295380513,7.004556655883789
2700.4417510488765,2902.129822060951,1649.8239102037571,2563.5231460454993,2220.5563609014275,993.8519506118653,1113.1258760761218,1645.3132423474312,2261.0120501870574,803.5245645006776,647.808247601737,412.76914785325334,286.8975480999217,834.2153716878502,2487.133512428284,1706.4641613109577,2140.927892385255,1927.2232402999603,2705.74188767327,664.2402961957011,340.9,12020,448.16420821854877,22976.210063441507,7935.555302263468,7.104792356491089
3115.723124401273,3254.5129626150424,1534.1557255100927,2020.9352438872445,1991.6853791067279,987.7426586210167,1900.5664000670834,2311.7059872235236,2778.376703170513,1097.140568899982,534.1909169582711,377.2683298684411,187.71506320538975,893.1302500997102,2383.422618565073,1597.1596261166587,2023.2423861326354,1902.4111323910324,2716.3315798528815,658.7016384840955,392.54545454545456,12919,511.1564327116495,27176.000408794607,7846.298990134252,7.204831600189209
3686.5113597256777,3621.64799282003,1566.151021144839,1193.182741644304,2791.206880003253,2011.8521513689766,2759.606743945465,2268.0776154951127,2305.5939719262046,807.6104265770366,491.64870890720545,452.62820209193654,134.8058240274965,769.9949891048291,2406.300471424275,1689.468590361931,2218.2351380033992,1960.3552177823967,2644.3845244720906,562.0812501302518,320.3636363636364,13927,479.1532220205469,29272.450398042303,7532.827259070495,7.305067300796509
3938.207892407983,3726.1406168047965,1575.7946418925085,760.6251829949689,3225.7432755118966,2316.632078533889,2772.782021957992,1874.7003764158628,1871.0209666213318,389.63323856578717,350.41736477045725,759.7981559726697,324.3654300865943,614.0204637579636,2264.553143653018,1727.635498888987,2522.4354407048513,2256.95135670912,2763.6181198745508,755.4748433374236,388.45454545454544,14413,510.474091518213,28702.879579538057,7807.678114988629,7.405234098434448
4145.269970470031,3749.1969915027826,1518.4626491196877,383.92848149486866,3475.7152600851414,2334.7352436436627,2471.3965517355996,1558.1732037488423,1893.6833597844075,347.63631114586155,318.03208052162125,670.341945407153,260.30996002516355,700.4248703083291,2181.334838657246,1663.4335486632608,2544.583549902533,2332.593316950522,2783.7797716663886,770.6991271281835,388.45454545454544,14770,533.5327250094031,27692.087140221025,7824.263753284712,7.5053019523620605
4357.325136360265,3670.841688370932,1345.7560166919504,486.6550291251237,3443.4239919907877,1986.6738846060525,2047.3742508347,1852.948094004477,2366.456341556272,782.3219633835483,302.52367186498844,640.3544916065403,264.57314427071447,738.0331484311166,2140.235396295703,1673.2595199770635,2613.913657292866,2357.5291679438574,2730.21222999439,722.0471572091358,351.3863636363636,15283,501.00565246856706,27165.623871639764,7920.988142526285,7.6053712368011475
4563.364126003835,3506.3310761420425,1112.7405714963238,985.7803101653276,3128.1958451489086,1482.4485473100176,2093.0283612641183,2330.288682082417,2490.5461679415434,865.337800832982,307.9877226090195,663.3584163390556,272.74618841228875,708.9999961336725,2172.060879050131,1680.4693905809463,2575.4144842655387,2337.4710698672743,2767.878284146945,767.4547861663477,356.83333333333337,15764,484.577642524274,27388.72934920634,7991.581543159469,7.705450773239136
4744.743517583433,3247.4146939559387,836.7377748366416,1453.47087108104,2617.151973424968,1306.1011955907425,2602.391459279412,2370.833572435192,2030.3891095702265,427.3990301320006,288.7480368581247,647.5345286017568,296.7992570373094,709.324647630768,2186.1693874608814,1719.594724853869,2575.6036996583643,2296.2201570798525,2766.835938771403,775.6948830011527,311.83333333333337,16288,521.6172739205233,27808.516951053338,7877.552356414479,7.8055689334869385
4920.090014909831,2881.333540930527,593.4581594429349,1835.0665864097693,2173.0540411691395,1747.3757294898073,2984.076689870486,1900.688083537087,1707.333355998039,358.77954632374446,452.31794077961376,700.1786380828607,107.61472157332383,857.1604130398377,1982.7893820522984,1656.961064856596,2786.255580572267,2245.628212341041,2554.6264864446975,633.6619450125932,311.83333333333337,16864,494.2642998490097,27646.539529717407,7599.353419813442,7.905791282653809
4939.078139828588,2814.044420354973,558.8587268470968,1858.2085578905985,2169.1226736473177,1827.6874144499577,2965.545910475631,1827.7220836643558,1771.4594558196522,430.50165568432107,708.7186762983558,850.7102074141491,209.35577099458877,1081.3716710287192,1722.1710138458714,1610.715661248264,3053.2534803540498,2212.101771908224,2294.827057448745,542.9422821828365,340.25,16940,465.4291535715504,27198.41425762207,7977.246586190462,8.00579285621643
4987.599240571969,2416.366990697124,372.70155131033846,1756.6075236425825,2490.6451581950496,1987.4554546811169,2548.2602730666244,1992.3136629703304,2093.4304401471377,404.6172150819375,235.01631033477983,825.1999976951156,384.86532487498187,631.3182937277569,2118.626478690022,1251.3896257690153,2878.603309555678,2626.6628264766578,2179.8255797115708,167.64147798229106,324.4166666666667,17373,521.1064565549246,27685.971266579967,8236.213116491504,8.10605263710022
5026.607819986761,1776.419158172542,583.7078780426061,1391.344628422731,3126.2476354846767,1786.1686543369794,2194.5539403634584,2618.2348430158977,1853.7623577021695,321.2904784371277,215.54975318791028,819.8018502621752,415.02363612922676,577.5056021560299,2179.970298809014,1196.11190533989,2868.174701398458,2711.4734197046528,2106.290082584307,168.0423938720314,360.0984848484848,18009,546.0222350916313,27879.864864084724,8274.439703083575,8.206150531768799
5037.002548125074,1330.3559318983007,902.7451691946249,1030.9147355236528,3447.3450347217513,1410.7513255585604,2468.3392480477332,2768.067196689754,1388.0309051220377,435.2155420319119,140.97900761996004,906.09396900408,432.38868946453897,684.9477668382341,2052.9349353611674,1324.5959717645333,2812.203705298155,2637.131011473643,2294.472217470742,40.253081457945186,350.1136363636364,18474,542.6769417270079,28038.245606526434,8249.923288989585,8.306410789489746
5033.792372895716,1350.5078529378218,881.1597214056629,1046.2510233539106,3421.0783005854255,1438.2428671577743,2438.250731759287,2755.860797454388,1446.7725367871208,411.4854364510643,993.5586675591574,321.28199367748033,613.8661994518529,638.1959327436078,2809.6140107994347,1171.0368383067225,2704.4738899814583,3248.078077815689,1710.308825287283,579.0605865745222,350.1136363636364,18438,522.3583394099907,27180.126550237488,8704.483684339542,8.406463623046875
4897.949971348898,1048.671367297763,1195.6587813552478,509.18205469868775,2933.4268215421353,1370.8304393332594,2734.865901544692,2124.2616066110554,2210.9551907678333,628.5212713965907,139.8890380402362,1051.4372048059226,349.3020612636881,1038.730040971057,1941.864237388416,1853.4730395992592,2136.159817612923,3217.69532872292,2569.642187574782,943.0779664594111,408.82575757575756,19252,550.4680004585216,28115.042359443083,9378.864874751984,8.506534099578857
4760.620231196601,1435.2613357780108,1540.0348671508455,1048.1710635921754,2213.098958003761,2075.712962066283,2346.9766831529223,2591.3987722850466,2494.248535442077,1125.421849275158,180.78284374770715,1173.518217125603,406.73254946184016,1153.2790723377987,2004.574648961314,1901.508495518421,2061.271085188496,3318.023735015285,2395.169151342053,828.6565619631979,408.82575757575756,19983,597.7110299764103,28134.139854415793,9289.246502290953,8.60658574104309
4612.817026370405,2251.6720689272256,1969.590637092092,1923.5909837969937,1514.4345052905016,2824.1955838084154,1481.1238064510355,3415.7417788395883,1995.9561271585746,1116.8107531000906,302.79010102706934,1295.2003515351544,452.4363963811335,1217.5778036898569,2122.7256485109497,1839.522805892638,2133.327933781837,3248.340068476276,2409.9579381179624,813.0041770860505,385.6363636363636,20832,564.9458433590464,28423.529461720027,9236.224170006695,8.706879615783691
4490.140190145423,3067.9971395473835,2295.744067515152,2592.7823050736547,1765.1656611531057,3035.057072456502,1212.1558136106992,3476.9800624559366,1256.1592925132454,402.83450343447663,732.3802771204619,965.050645956672,1098.2212226765525,1623.0048407638774,1334.2250305697273,2783.773039681518,1242.2073006566254,4113.173596418429,1604.8625704760434,575.6169797357593,394.5454545454546,21701,540.0602268955141,28742.640925127416,8434.446238181778,8.807052373886108
4488.93641917088,3079.6960296326056,2300.993194249915,2602.3186472584775,1773.970291108834,3036.901515004609,1215.9480199256043,3475.0451662957985,1246.9493959406568,388.8968970406827,205.27550425178651,874.127067226538,442.24579361795423,974.8400754462228,1417.8631868360112,2469.532983254234,1398.5278235320227,4193.070375015878,1984.5820069419694,1185.4492693643208,394.5454545454546,21657,490.9605504836861,27946.77954778407,7828.745882314444,8.907203912734985
4335.210229610244,3480.8766927890974,2179.312255931345,2552.2003391192484,2204.669352131,2551.784855988742,1638.6650002832469,3133.5104056270925,1720.0177332649696,776.5757861158374,251.10739845703122,841.1469910482369,552.220633168847,1077.6574726770752,1348.7886065965463,2554.1874201600767,1303.7013606305707,4218.927555995969,1848.9574474052795,1054.5977677845,386.81818181818187,22184,486.66022016249167,27795.764397492014,8085.569648044297,9.007482290267944
4154.168926781516,3828.9585547725464,1937.9117260835405,2296.5681569376266,2438.8257931583366,2231.9684784461815,1748.5847376049921,3402.1851774022757,1795.7857960972096,1109.6855868155733,451.7218097088347,1026.728057434874,734.4276261035427,1265.5390789069668,1645.0528473947281,2250.559360955576,1607.516413268607,4071.499194338533,2131.0686525685874,1345.1868642681284,407.1,22676,480.2310717038091,27468.49778018194,7770.86723176835,9.107694387435913
4063.7512280032697,3928.343651374593,1782.9748991231345,2114.0782142185394,2395.5019686090513,2320.2064610781617,1606.5232877982237,3596.399437206342,1603.257485949765,977.6823830429172,335.30186824523963,635.6548332019172,757.9885928810693,1334.0160713566656,1283.756885744451,2589.56481692503,1577.4941394381876,3690.583270586708,2345.507343919726,1390.2751228744426,372.43333333333334,22878,451.6368047702697,27987.769520010195,7237.035955595866,9.207744598388672
3729.106762815555,4136.427423169741,1142.1104313143896,1422.7024858887441,1889.3556452888433,3005.269184890866,933.7615785510848,3671.2615571308584,1316.6590723762386,519.2579454652983,285.05812765018726,759.5679781460047,664.2721952916908,1226.9498266527153,1288.9999351301615,2601.0664549650055,1452.1430537947087,3815.076760779087,2213.6248022717773,1253.8981081489424,337.3,23589,414.0938019611473,27853.59652670408,7158.57949610802,9.307847023010254
3333.4376848706424,4284.952348831871,275.6260422847142,989.4476080896887,1026.5569875074714,3662.058533197143,1185.7532948295218,2942.5627800762445,2156.042934362136,1377.8422057033856,357.44120218858757,598.731121491987,778.8955087389039,1361.4063582971114,1209.9946118471867,2674.6268652174927,1654.1818631604226,3520.713695900933,2529.001990734886,1587.6392972110705,389.42222222222216,24439,435.186421136606,27990.20965586906,7474.930591128963,9.408042192459106
3451.2940437946613,4299.802202817955,495.6137696295091,913.0285221441892,1219.111753885544,3668.224296301823,961.2012176444573,3137.097497706959,2081.206687567907,1369.3133746779188,678.6232837916814,1504.1008967194177,220.6850694201777,432.92751190654207,809.871413906286,3472.126889760673,1127.4086830790836,3536.766987127316,2851.643228233903,2047.9915304670305,393.2888888888889,24233,460.16472745998203,27005.554547965916,8551.32544629182,9.508052110671997
3407.199039518782,4275.383432103624,441.5330144261107,963.23552449369,1196.9430509777674,3613.1017785063455,988.0311263882592,3145.169042862126,2018.4715001730033,1290.5495277350249,702.504240146327,1525.4241546695184,120.8379082471591,559.9551598473876,705.3522788346867,3309.9304387018424,1241.9137773796722,3567.134554204359,2573.4347220682657,1670.5717674186753,466.26666666666665,24272,520.8037725294844,31609.150872313912,8431.848525318217,9.608307838439941
3569.4386743756063,4411.842726543731,553.6627782769881,753.3960990041485,1105.829098750335,3815.3411516814135,1141.956736180036,2933.362368230305,2163.268901047215,1322.3667242849504,599.2808823376228,1422.6946116091046,201.30289290192565,487.1538809384492,801.4544131194107,3415.7078486267596,1200.0582820212267,3485.0832886204767,2743.1884240438635,1818.5966971105142,466.26666666666665,24100,506.7150754418144,27109.695209984806,8136.403774300872,9.708312749862671
3846.8175129827328,4688.227820921975,690.2077033693955,527.9487601667333,817.98886212914,3898.0951226006937,1419.0396901701367,2857.524378654552,1946.0450048529615,1010.3251785763237,778.1067804848957,1594.8085487941062,144.15273354566088,631.4112851409047,669.3089700846072,3227.461289852673,1248.828432143615,3654.4732259007633,2474.133925106664,1643.4759910597043,406.6444444444445,23745,510.92900247979287,26705.106418511117,8428.07262614024,9.808384418487549
3795.060598631997,4634.546099726927,688.4613661431159,521.1074301459535,866.5056872581795,3942.7642222829613,1434.9678940257872,2797.3456584695823,1983.8707487462643,984.4463583565486,584.0649844725112,1450.7930391187062,386.1758819579449,258.49445922812765,626.3614940512118,3611.7731245931323,1557.3855481591672,3292.192614211982,2517.549532585994,1339.5419857839975,492.7222222222222,23832,542.8915565463724,28492.186881082467,8863.959326156491,9.908555030822754
3819.30147072402,4657.9380495086125,674.1896534858397,541.7153025892745,864.373729160384,3916.0373722743943,1402.3859576384764,2806.7182201655964,2016.381506582236,1022.3581928898295,599.1865201484661,1457.8673100799595,316.3428941118746,333.59453920754584,659.7517728485531,3554.908133808389,1465.4680207381102,3301.2468249400026,2618.09910764018,1446.8469953423241,450.70000000000005,23804,554.4121569670879,30064.308215383862,8932.056778287646,10.008820295333862
3820.586758547129,4659.7957989101815,675.5303209112964,540.8320996723902,859.8979323773785,3911.6935575886864,1399.68856597646,2814.7878025690643,2014.390871766258,1030.9692118390644,601.7571173634045,1470.7352815498946,327.78801565815684,333.025748606211,641.1518741497372,3530.129905582087,1443.02500357218,3321.3350508644203,2633.1390025829055,1476.26435025389,450.70000000000005,23775,579.7860911952382,29559.88419817543,8688.525122258074,10.10910415649414
3863.676776101735,4691.124935508144,634.214092086135,583.8119398517844,899.0860722541189,3924.5767407391395,1404.3860551021037,2769.317665453877,2015.5139194537135,985.2248736448597,615.1932746085873,1494.92565954221,302.08424942143154,378.8902551515523,686.1196893408122,3539.075097166303,1441.0976268691434,3234.7371707708594,2644.4934673122334,1374.822414859491,450.70000000000005,23776,511.69052213690384,28728.94010617242,8738.118120336516,10.209155797958374
3770.7629181140483,4644.884113261112,731.7657263544203,521.1782127295145,804.8981180290833,3832.735318775029,1313.5504690761345,2803.4339568367304,2112.8919309454764,1016.8398566055804,699.0317381576417,1650.7102809326445,335.59264747246795,523.4117929455994,769.7691447839903,3512.4860965327507,1421.6826216320326,3100.180333479101,2645.978655419298,1259.821899443399,431.80000000000007,23828,518.4789214348607,28708.03326453553,8689.394029257159,10.309420585632324
3618.1353448155096,4624.135632088734,880.7030488765924,560.7746214339912,755.5245469520299,3697.662594492488,1198.495680637772,2657.661248721157,2158.5363204262007,850.6172211822759,558.9308144988051,1430.4555516911703,421.8391932985966,333.84325045956916,562.1717813314062,3342.8862353676623,1236.453893569884,3124.823466127223,2819.3107732248477,1195.8669358543864,385.32727272727277,24031,556.4944537511433,28737.99732598545,8454.516710940245,10.409716606140137
3663.795096751626,4608.401737903369,852.7019837283716,507.2014504334121,715.462878301536,3683.0362044777507,1162.8087102474935,2693.1368404714135,2219.022551692795,842.9822907299209,533.5509574280273,814.2627725289625,1085.0253763507103,668.6309655469175,554.3519656789621,2731.5225934224436,923.2057317744645,2522.6363560947448,2867.2664496411603,601.8157618824888,385.32727272727277,23971,490.9979646492724,29721.236313443533,7817.597862372728,10.50991415977478
4008.76815489966,4406.774926660874,923.8010219491509,37.37872670941378,303.09297659199717,3326.3467711993567,703.5238858254171,2634.21154739041,2577.519179067262,470.77074585947986,460.42636702048594,928.3534708389805,972.3071581145734,590.297843579472,545.597933402351,2922.6702173374015,1052.8033440942506,2675.3135940657394,2759.6969681048727,849.3695698771123,368.109090909091,23468,454.1795945207631,30071.597439278383,7710.337321118376,10.61011004447937
4630.39803651698,3873.809296142697,1722.8012203996802,860.3029783475142,594.7097837055296,2459.7609284324794,661.6847358201729,1762.5770000081347,2204.25949574714,630.8005821579596,582.7112806903118,785.270796763863,1210.7527409400002,836.9996188721633,777.8413406610517,2863.3637303307223,1247.237751151046,2443.729515623008,2456.488871054762,1067.2861408787596,342.36363636363643,22620,458.2836180226077,27997.735967271066,7898.93421467187,10.710283279418945
5081.55968257833,3399.4839839499273,2389.3298239679953,1461.7785469602143,1173.7740504705657,2315.5680665462573,1324.3707850611997,1449.194447268229,1540.0905803563446,1140.526295626648,708.5276963342884,989.9065992586168,1082.1180076225426,833.3078185996801,818.4229522335094,2215.78334115714,1312.9797691604904,1819.328145357252,2088.693703635477,1495.1192751819226,356.2045454545455,21893,432.4054656886476,28549.19842174359,7447.320044357897,10.810400009155273
5266.719457977947,3140.4830548045907,2652.484816090226,1652.2302696810616,1327.7972942652614,2560.3312943683627,1464.21378740107,1716.8412988013627,1546.3878210598411,1023.2000962272563,896.0398632830822,1019.4901284324451,1295.5428069698462,1096.7706795943648,1096.8173473837642,2314.3528762635,1612.7864622760449,2031.5404668305634,1953.5535835986714,1491.8543870748824,296.90909090909093,21633,454.8474287390809,28691.201486349884,7160.2071093097875,10.910712242126465
5127.429004979134,3423.5563169917496,2498.1033731895027,1641.460310905759,1401.3130070732311,2281.732383366838,1631.4662578779512,1513.449824875155,1247.4529522552555,1320.0945351017065,308.0579882207085,1232.0070383587004,514.8987373666216,438.4117707797325,740.4998821271165,1614.3857556696892,1620.7700786847902,1069.4027156031605,1313.3011992741192,2486.6328846261945,281.5,21894,396.469752657117,27865.314847632108,6492.24652694261,11.01079773902893
5493.2958493780825,2479.8395526767954,2699.786445792503,1275.8515969276825,666.2517581546678,2692.844932079813,731.2364387141871,1272.8730981885208,1726.0017168779598,1754.8306364393752,334.3121067345688,1249.6253346879705,479.52828555406546,308.96896608297436,638.6091884080572,1650.3369979746244,1515.7538116895653,908.2787115954461,1439.1087480233612,2634.954803610105,308.72727272727275,20974,405.23067374243453,27777.441009843555,6521.368536830083,11.110989332199097
5676.225250379198,2015.7022914894724,2700.6981570605494,1013.5572008170967,206.86829062572303,2558.433938164345,915.9400329051578,812.5819003715694,1460.3757040570347,2146.2388920767607,343.9101913074853,1155.9569159918512,618.2962605069413,392.47647502395984,589.8118043192187,1829.054560443294,1352.406200023499,1156.9033362855498,1681.6062953465387,2399.075883406367,284.21969696969694,20432,394.1418462100778,27968.587708113493,6469.679417177551,11.21111798286438
5729.974309191187,1884.5382321337281,2642.7803243066037,868.4879974176648,39.29169168921003,2392.2327758882057,1113.0260672051213,650.0450370014024,1263.420849913191,2068.775624213945,1049.5282783931214,462.26882741994604,1368.2873404375046,620.4801527563499,178.8101322585851,2185.8921554941735,1265.8971299167554,613.5115742061305,1521.698532939455,2973.3951287439677,284.21969696969694,20253,366.0621043658817,28808.111642364907,6517.445550841587,11.311129093170166
5765.93179734233,1814.7184248469728,2469.8421245580294,615.9012894099546,223.6466135232249,2164.045438661105,1211.9425431963368,811.6839088713226,1321.6475765849716,1850.1475106043426,701.4068349766168,771.9097440958664,1043.2240949878937,451.97696370419783,200.89932845511524,2133.3736768233016,1062.0288554070735,1013.4486626256316,1840.7873189623888,2816.6108117278177,341.8106060606061,19991,413.5335661664474,28397.800485332365,7034.618644436559,11.411261320114136
5774.281266468713,1854.874454247712,2242.303633952511,402.89660889543586,430.2341810970267,2139.8793567401394,1099.504214908769,1037.3725132146044,1561.6296330238986,1990.7302034767422,640.5876468231202,832.5856470811726,1023.1056409330608,494.0251341379404,233.83926285281558,2187.6224445956773,1010.6093586688588,1012.9449022269054,1849.0146857170491,2857.9783824880246,335.9090909090909,19735,442.41919577844243,28278.88976751285,7127.513102748139,11.511290311813354
5804.527537178479,1742.6080137339961,2475.145143935846,506.93064037587123,414.9040178304247,1955.3297947014012,1330.5250125659645,1085.7552989092724,1584.6141489820684,1838.1101163191558,1205.415969063889,338.1245026938211,1119.834230784369,123.85344178774673,593.4752343776091,1719.4750569022617,1287.1273725468973,1489.3880023975084,2281.551423627358,2899.405727922604,354.81818181818176,19977,447.49311426104066,28850.057912383283,7546.89520247361,11.611573457717896
5656.678212285142,2187.1080643611726,1978.8442149237505,749.9109318836465,336.68546659825955,2532.778724821724,1152.702901941293,495.6721330826538,993.1422428343839,1459.434040461618,357.9163542587979,1089.56068958979,1426.0430595007706,894.7784709597403,375.61661458675695,2015.9342288344412,1757.0551417506283,1011.0688543885773,1696.8098485861142,1967.9219649723154,380.8863636363636,19394,497.6132607854232,27995.540516393467,8348.666339042395,11.711836099624634
5584.036353746302,2401.776114383999,1880.4042230040727,972.9163628596077,425.06414763581665,2656.9729198883488,1336.0004823473928,427.4487383021835,934.9507501569468,1256.9935188704794,619.2397906997361,839.4089508970088,1165.735424069269,607.1492732426208,75.32380665166455,2123.988270741098,1404.8327542142833,753.2400285672998,1452.988756748268,2059.59356066516,396.5909090909091,19133,545.5876622068647,30695.22780584965,8629.922460804431,11.812138319015503
5416.660388093789,2790.0573211389774,1962.7891931467968,1321.0506440866045,520.089655029711,2529.1527402511183,1666.622197740381,813.5758608131048,1326.3187872879469,1507.435571614147,802.9293986735183,864.8937225288172,962.9214739175859,783.0335703475679,346.3631549931946,2256.180540649059,1695.696940970777,933.3870947881304,1694.7256045589459,2133.7627648308217,388.44696969696975,18809,524.3401900988264,28549.04015378697,8217.269277058267,11.912213563919067
5458.77725374013,2717.2070513089284,1909.0620556852118,1281.8856728137168,536.607670263903,2602.103047597009,1669.9323107863916,781.1265492290113,1305.1238764515308,1450.3035394192675,608.1755576147567,745.533570182137,1138.5022396070449,435.84631071148914,259.73014274023944,2427.3939716339646,1457.3601077504109,567.1694396898688,1374.841368262743,1681.9162315139322,379.08333333333337,18803,508.18047669547866,28227.518922916115,7773.865859846576,12.012430191040039
5205.614669602453,3033.3845294444304,2277.5385408296156,1294.5278330432184,273.2519741849576,2284.4131249958205,1323.6342028903443,544.9430580990503,960.107453198318,1203.64109846489,599.8932452105543,746.0056505383823,1151.7275850699507,421.67279064495733,260.4234513767656,2428.316456618796,1442.3329804258021,549.538495684346,1357.6344620711366,1664.1600018072052,358.72727272727275,18501,525.7595464137735,27993.973385183363,7962.76013595888,12.1127450466156
4933.132419039551,3279.700001645916,2646.732595670577,1181.0115848811224,183.0115836029917,2329.603037034148,1029.8484111437126,175.7298250901705,770.7177969804118,914.8341719134103,613.8970929664356,776.918491518208,1152.0496399799022,459.5400090540157,211.53255719162684,2384.715128295558,1399.698946926752,509.8865976073989,1316.2076024607368,1625.4661281692374,346.91666666666663,18056,543.7379696963043,27706.143165106292,8059.140722061957,12.212852716445923
4556.378998455023,3513.02700944593,3046.0101897907075,910.7447647252991,514.5132325545345,2767.890396423805,1251.9024659829813,499.08708185492947,1209.5559302106444,1298.0076090347964,881.14302038575,1330.6818374428908,1605.0237371553844,767.7849395840485,593.2764462818342,2552.860405339701,1244.2115332102442,696.5815511459834,1683.632596946407,1917.9682240894565,329.46212121212113,17622,488.31831622688685,28334.442413613462,7204.201136741897,12.312915802001953
4807.107943870468,3452.149034606219,2903.192499561484,1167.841643432567,479.60537026446605,2535.6716170713858,973.8377922793098,398.51477420645176,1119.0063506053643,1194.4167880677066,820.6282035355418,325.8535065297995,650.7031741671833,991.5766977510926,483.4774410144915,1657.1894015143591,703.0085409030576,439.9820576535463,855.5621420559569,1081.463227437634,282.3257575757576,17893,395.68466999569364,27466.285441068423,6010.489230897596,12.41308307647705
4122.741213342878,3426.5890800826846,2998.818037365404,480.96331571499223,437.9810427256185,2617.5387348315217,1328.1158552204422,384.23229907766904,506.82990267154526,526.1179699029038,805.1948201180422,352.35692157250645,673.5017680805972,973.9951881918895,464.03467174406234,1671.4932379426032,701.4464026930376,434.68390129536164,867.1335241930815,1095.4042214292779,282.3257575757576,17164,428.0699339515387,27520.661808898003,6003.669599770378,12.513219833374023
3404.3552838786354,3333.3839799032503,2938.3103901060654,717.2957446779571,910.742008318729,2237.028599688121,1317.156083911391,832.381144945636,366.82043936981285,566.3002616646045,815.8018729809323,336.6782921008042,658.5722273915559,986.9452217857654,476.1256740692309,1661.1590190862653,698.8144339193719,442.595473272149,856.2294621968849,1077.4082588150309,265.58333333333337,16419,393.3740251196404,27913.83540061324,6099.629859733658,12.6133713722229
2523.4655054606337,3155.309532261275,2687.5562554599205,1610.966590336237,1439.0363039851793,1374.6347373870274,874.1977833907417,1102.351131445239,1189.773045754696,1354.397194277888,830.384343350559,285.447187867066,596.2241960586069,1067.3863326930637,581.1093371889751,1544.0280870714205,555.1918810569715,532.8843450914993,1042.4072117316775,1280.8884680004946,265.58333333333337,15523,411.62435388964394,28323.741829967028,6242.70128030724,12.713600873947144
1846.4658997842375,2971.1375872898507,2370.0419850829558,2196.5958786781807,1663.1220607489995,902.8567895769502,337.406510041019,955.9966902960177,1319.4791359936935,1302.1716764641988,719.6736881965129,374.14314592213697,675.5510951724099,1033.2961932559226,639.6414039882624,1467.881031768132,540.8910940961562,631.8377150509262,1092.1599802349199,1347.906759258914,272.1666666666667,14853,434.6679122412919,28177.92742793714,6317.507175197994,12.814013004302979
1114.8115188328966,2718.6544872404456,1899.2992052740874,2647.86531828419,1671.163221733121,1358.1756123789016,407.00780877372586,461.25682726277967,876.7798939818892,608.5796674631612,710.2117889771604,352.89680893988157,634.8003870629689,1088.4303972964096,655.4790152035562,1484.763541192783,517.1275151415122,516.5410984405717,1008.7685998999747,1200.2759163282944,252.69230769230768,14096,423.6356511329559,26951.145429447915,6084.216681344666,12.914316177368164
820.781122753762,2558.6478770763756,1624.076269975216,2689.8122627870835,1500.188863638905,1660.2647725079617,582.6096425932251,142.07681102484983,587.630628149386,584.6857545334484,335.1585183219725,611.0402913901066,700.654555241618,1414.1643214532317,989.8730055127772,1360.6373589033872,390.03183335246933,381.1054534122166,993.0895929045384,1015.5007013382532,258.5494505494505,13803,403.1544618113621,26633.08753680253,6138.4791125399925,13.014408111572266
681.491378455904,2445.636646376082,1449.781153231332,2644.527698791357,1345.4571771683663,1761.8579065020597,614.3329421172413,177.46448251948,613.5010130678486,763.8206205272121,272.06009638788,660.47584720764,708.8136508593811,1491.627975626256,1035.6444406260168,1418.0058009141055,480.9249749688891,271.31387538216205,869.1540374992379,947.7813989363617,296.8461538461538,13594,457.7925944515317,28987.294915355502,6147.992558992613,13.114748001098633
902.0495993017819,2711.9463489160553,1752.3090232966074,2895.914501547761,1644.8346225762452,1902.9944370991382,875.8945016285404,186.51488126508167,333.25402277699436,811.6618848686514,238.47862679712415,995.0814056220105,731.310224259968,1888.8540208291413,1092.295413452881,1894.5087944665836,917.2555264035008,349.03754270613916,739.2688309438469,1277.3142747104873,296.8461538461538,13919,400.7392470357417,35208.735571014986,6853.368616598862,13.214807033538818
1125.2832996429588,3004.851603847079,1985.7402464186403,3192.8041616204864,1803.086078096398,2202.6544700361815,1116.416834937608,450.6163293655283,558.7116098716544,1090.406333822855,164.50999143097988,940.4671250607205,912.4497620821321,1966.098300228603,1360.9287018700948,1991.488830649266,1149.2716208067848,514.3699402238623,723.3405975151117,1524.3441591808748,251.48717948717947,14231,487.48951183565856,38777.138634876675,6589.40757543868,13.315070390701294
1167.7896012389613,3062.7657793418757,2014.3252941506505,3238.1482498409428,1797.1716580764755,2238.436937482009,1115.982606502382,457.7873400913459,596.7160612363125,1077.7184265450212,854.3701435533515,1146.7557592839148,271.11070599937426,1296.2718321690613,694.4282100187397,1089.7414310279182,618.1093790351775,555.9782731353167,218.2394996033011,1361.302825600137,241.66666666666666,14251,407.7432815612318,24896.875707697647,5713.842956285067,13.415316581726074
1866.7306057551173,3891.8331980590797,2244.136605737373,3581.486858087202,1235.1857155527562,2178.401453633229,507.7813079737488,538.331705873534,739.9367820647758,329.0291460733374,627.9987742218286,1069.0641083116411,362.7792753469591,1492.1000028675546,685.684716316345,1298.6125761114627,500.5315854350434,383.40884583699045,250.76144830742703,1187.1441491135156,288.56410256410254,15198,401.0866201507338,24663.649624400612,5535.604440770581,13.515616655349731
2552.5681371410124,4554.612450488577,2376.4528866147666,3577.3481379811287,564.7518363411456,1691.460434761539,353.38532193316644,934.9081493831602,752.9796709994557,1122.5379845639545,629.0446142501056,1091.4054856209489,382.5590471641266,1496.3325939516342,636.5326571753093,1247.401181285271,483.70841274051725,467.7926308908196,260.28378042364454,1269.4512145468136,239.974358974359,15974,394.71111206952537,24672.286186549776,5625.6326064278255,13.615782737731934
3027.674346233373,4935.483539756932,2366.7518305125595,3332.6260386039044,80.62734909720152,1138.4284250377132,683.085679184008,939.4761518951043,510.7266293894441,1312.5577006024735,719.9435499747759,981.8962620550643,268.1648230778699,1492.1828193173906,812.2573242091521,1492.460565980736,405.7551245685029,385.71175740654786,551.9746741532794,1027.7092544767775,262.5961538461538,16559,385.0697399167991,24842.676344632204,5497.669330736244,13.716068506240845
3713.9259938693485,5363.652229161277,2207.951874186105,2669.560210515581,782.3361270551743,731.3217205410918,1039.2947889864186,556.4909481082251,342.87586084888113,746.1082895073855,483.85101787422747,1312.949478995302,631.5886196550165,1525.4734409926252,554.0741284054507,1061.913538086396,697.2394203104117,347.9324007765209,257.2922354099403,971.8908387578415,271.83333333333337,17383,360.06597072403827,24420.35158698747,5174.164778504702,13.816387414932251
4013.218761938258,5485.5194909678485,2060.3034349370405,2293.0832128670118,1068.2502202617625,1052.6740710969527,1016.7579000779823,270.1784701726286,483.02989807885854,420.3945314134652,482.15518481989915,1251.609622295245,608.7237667333801,1576.8953455393198,496.5797848745692,1061.612629118952,656.5344985701047,438.7948768451609,155.44247836723068,1072.2971455550307,271.83333333333337,17765,357.734991353675,24496.882228395945,5153.915347368806,13.916566133499146
4327.61965856489,5523.063295512528,1782.4586509238975,1924.8620056341747,1229.1653743070465,1448.8532541564155,706.0855669681448,170.09812782452323,422.9602020471504,777.6811352739049,474.99016386688686,1261.5281757571602,631.1641502860016,1586.4194262058172,484.71982419179926,1024.572091102573,701.2002182332344,431.094143639302,192.75425213395306,1024.2774368411783,271.83333333333337,18198,342.74740033439525,24480.390644584913,5223.122184030153,14.01681637763977
4720.069377020282,5440.896439272071,1294.6100565414183,1822.4647962735596,1222.6431813291636,1696.0590976040048,163.35048339535507,680.7349716902374,288.3282419910107,1128.1969833763105,484.4552385844751,1139.982481809325,630.959247078222,1699.0756326757148,365.77928842137123,961.4982044438372,754.2666595392795,541.7276269992776,220.19309271806674,1013.6369670552132,231.50000000000006,18768,344.96747073667746,24545.89112795957,5295.744331851312,14.117163181304932
5042.699310307788,5265.374665223345,802.3043903216454,2149.8344830774863,1059.9492122184092,1616.7789280429631,578.983764647541,911.4258701512161,437.8837561232895,925.1203026905783,484.7984492865284,1206.3870090493529,598.898651470878,1626.2009672078052,437.3698721779457,1039.1915109234906,671.4934593682738,555.6383594377779,137.58461928233828,1108.5353298398713,279.1666666666667,19303,346.0684949018972,24436.88582714262,5199.487859673693,14.217178106307983
5042.699310307788,5265.374665223345,802.3043903216454,2149.8344830774863,1059.9492122184092,1616.7789280429631,578.983764647541,911.4258701512161,437.8837561232895,925.1203026905783,484.7984492865284,1206.3870090493529,598.898651470878,1626.2009672078052,437.3698721779457,1039.1915109234906,671.4934593682738,555.6383594377779,137.58461928233828,1108.5353298398713,279.1666666666667,19303,346.0684949018972,24436.88582714262,5199.487859673693,14.317209243774414
5289.2534619637745,5016.7441169509575,365.8292766045293,2589.9629203782456,756.3318110879482,1270.4998673717164,926.8162726479749,762.2811709716426,443.99743841169874,507.60644019700385,521.8002151568959,1281.3993532698119,519.6008737207881,1575.2136739126518,469.54970406932296,1091.6606741695066,650.0023198934853,624.500357241055,169.64784099982808,1118.259034868558,279.1666666666667,19719,356.68015326644746,24425.578516681177,5215.311951237379,14.417213439941406
5467.92350037541,4744.444101610732,252.6478164721203,2919.891619218378,413.7402538610966,906.193753464097,1008.4702030222859,428.501243284024,319.67050067186653,722.7387355188467,502.5149709812195,1289.4403920629018,538.9203028448048,1535.5910710862076,515.4039128023094,1143.936673171991,627.5241389113883,695.7274691999664,247.51459702992003,1060.0818538532817,273.1136363636364,20115,360.8332364719742,24651.904375907638,5325.471701246428,14.517231702804565
5710.986501616319,4215.243900054935,800.1515397217378,3241.2480602555806,234.7259288898113,849.8576270790448,750.46680344354,397.74539962597515,299.4863880069345,1181.4487832792695,570.0301897609575,1243.57356573349,522.2711189342482,1656.9403179456008,440.92659412192165,1081.0174483805215,537.1257177998735,650.2800847479898,227.01146296485814,1318.3264199142131,256.01515151515144,20686,349.5227883223,24688.963209929923,5455.445697023826,14.617472648620605
5918.263262753343,3643.1007744688804,1373.0868384260812,3311.3307158820503,813.9903340136332,1406.6412205270979,298.66583794860344,956.3810176911458,626.1043690897715,1046.0875281005183,302.91431956328296,1378.069986901142,848.3081549039516,1208.9662820689425,798.9421665707684,1350.4990119234403,712.4831917447301,776.1582569841399,299.7533258793928,1049.9301125242955,241.81818181818176,21283,365.22719914107336,24980.84609135478,5688.256031540533,14.717733144760132
6184.965416606434,2799.844376210957,2122.3671404060833,3066.05999028383,1516.3889618027354,2123.7941787790364,552.0738746339167,1365.5867974881342,874.007214035491,195.94781755133027,340.24735138718194,1304.0438476746394,823.8930105557157,1276.4047585886642,804.8184974898701,1404.042558709357,641.4068219094896,873.314901499426,397.2314509720762,944.3839616069051,273.5363636363636,22131,384.2262116337637,24460.622386968196,5741.498641414537,14.818205118179321
6194.003937514716,2761.8786147993437,2148.6546273449994,3033.5172504725365,1528.0121113179302,2126.203242853373,564.4694669647715,1341.0392035488442,844.7330928694043,205.51565702330558,799.1708917748837,974.5040228824133,852.7595558469354,1802.0217398358477,994.1129915495076,1762.4122793175932,414.8454552204751,1499.1720686255353,1058.4321414966178,428.8831262391971,288.6363636363636,22164,388.4699217068139,23634.94907720587,6274.009887222985,14.918302774429321
6215.742417522894,2606.5368589075747,2217.3775512649204,2818.262549224358,1463.9234741891187,1989.1447664393618,483.7812048096051,1121.0289447936084,640.774126285206,428.9377780845568,938.3352213738807,846.4429249675248,998.4859811390437,1747.4724157795217,1091.0230981354985,1790.751722058282,479.3355263942866,1343.7535359064784,867.3133603809142,579.4621146726416,328.51818181818186,22388,479.7746062679544,26454.633938009225,6119.932717873734,15.018537998199463
6226.263968578626,2693.7731354777347,2245.242358583129,2990.6254379636007,1627.4695911346498,2178.084270926364,666.4013763824371,1177.2708490182222,610.4220318686786,465.4569308057469,943.088567025447,875.2029518710725,1017.2873889483573,1871.7638300303888,1243.3242347390858,1994.51281151699,709.5566282345509,1416.875233064184,817.7449788652017,648.5054907917228,272.0909090909091,22210,415.3955809191243,24480.97289162883,6177.827721446636,15.11891508102417
6199.620062173434,2674.929219146637,2172.3430247168485,2935.8814771576494,1516.5817068827107,2116.731420274594,605.5479613854403,1271.7600336541536,722.645914603003,372.68510991250355,1147.1073881723646,656.1839881914312,1139.5650372534112,1636.363717759852,1048.9001184934193,1741.7975396688714,452.4372853722268,1511.6610662912321,1055.1030005179946,350.3904712304118,294.81818181818187,22292,425.8497785940608,22727.34087928645,5880.642473732867,15.219239711761475
6267.271618300424,2647.5822128265104,2333.2192826708506,2908.1198734277973,1593.597016159157,2046.4363346495873,515.2336441082213,1150.5812973539191,719.6746848319717,288.89704009813516,1536.0059568365386,297.4203892962142,1340.5557834250858,1273.5014607930523,639.6452107211486,1499.9100699811036,488.7487394400286,1940.0233652364539,1438.7560200741952,487.68157420001967,276.32727272727277,22175,343.37629145645826,20878.68342157359,5327.827707780943,15.319488763809204
6539.128748219553,2491.6329404657567,2827.5380066031826,2615.350183663089,1565.0643025516797,1587.9970039166465,86.29845480423002,1422.1293867419195,1209.8332255019452,212.30969559522174,1139.239616092362,650.0477892111122,1289.8591020757474,1530.6161599710763,1063.0479650484724,1457.002990602454,96.85652744838671,1701.653401654483,1491.315730151857,235.95634994300787,276.32727272727277,21614,339.70407440694106,22061.317708163806,4970.177767236781,15.419552564620972
6688.649367754816,2385.916847874521,3011.2250242343725,2417.7608238349394,1430.522846154594,1415.321737643389,129.7118406290527,1609.8954367420124,1258.9927673008808,301.67810967565254,1119.3325051739391,665.1291983889788,1340.710287819481,1489.4622142710673,1041.3281419880147,1378.1573209418518,110.82786225536346,1804.3130863525569,1536.0521929710503,322.95900671884874,244.89090909090913,21458,345.4499336687742,28163.54174116608,5294.44803659473,15.519696712493896
6757.026300322056,2327.9894250064967,3062.8440234646396,2336.2807974934262,1350.076264494422,1411.9246834195903,179.98699493312742,1612.16525863126,1198.293579055635,270.5714434809706,1475.4750471021387,607.7636181064843,898.1752235589128,1848.2591610120387,1303.4249294703432,1849.2684848337774,441.43364224214264,1453.5332392080743,1738.415672537652,608.0005656136736,217.50000000000006,21345,333.719206846464,33516.61186930456,4850.68945712527,15.619997024536133
7348.610351577483,1780.3962505075583,3244.162042527967,1979.8590583863438,884.0617707906707,1988.5629183225608,622.9554663982032,1000.5477106449066,892.6637904372914,428.26362783309185,1098.1617021328204,704.696801577612,1751.0289227108233,987.7128809297732,443.54506358090623,1836.5504185255961,841.9875519575148,1162.2691919382055,960.0039891820609,750.6443875888274,177.1444444444445,15741,262.35015041312994,22374.527471671783,3978.378748303395,15.720350503921509
7107.399590395611,2016.7070623822722,3276.825674708163,1949.4734188743028,863.3060445045248,1779.2288139903208,626.6627727539204,1188.901103343158,660.3121106916354,436.2361013333613,1131.895449862431,623.982330334702,1460.027870831703,1276.2799065382972,733.3873656469572,1548.6567383785211,601.7342900075292,1470.5506431985111,842.7492371873009,585.9359053508324,221.66666666666663,15993,213.03050031300992,22082.486634926547,3723.660509885183,15.820504426956177
7403.422139519087,1719.011702219875,3108.4816351327086,2150.306070995332,1083.5877530646105,1808.7540521331964,346.784074030344,1315.861325795233,868.4562950594591,177.79280354449486,1198.670950930336,638.4959226858456,1278.4297618208655,1468.9202696050108,932.5746043488097,1387.5733616534317,464.0433981985513,1670.1274988187552,867.3928371543868,518.7309985035041,175.77777777777777,15692,211.14586288775826,22021.671166674558,3877.0928388740135,15.920830488204956
7679.57342183696,1459.2075941699745,2874.739748398294,2423.769583335083,1357.444442593389,1631.3463397201024,200.20525516455447,1585.0721930720504,773.0399943859238,424.92273402288714,1206.5314425416705,681.5280832380759,1267.2206792991667,1475.0934056988253,926.4991273390884,1366.974010305393,516.5665035142196,1642.9529867370047,841.1191451827564,526.0703649619496,175.77777777777777,15415,237.57496260879014,22003.117740235608,3802.584103369758,16.021215438842773
7904.032565692456,1290.88063117289,2647.2823677582455,2628.630217476287,1512.328015699942,1401.7468378355557,415.42305117419863,1633.7126542328192,542.7169523046421,540.2375747533262,1192.6990820409833,664.8436153056707,1300.1599799645267,1437.592414742875,895.6391238803812,1430.367805109877,440.7725108762663,1650.687160005657,928.1921740173665,473.97159124238027,231.92222222222216,19432,237.84077443419332,21958.524606318653,3845.4164403581053,16.121485710144043
8211.293333721018,1187.2128987522028,2342.027242580288,2795.6915556912795,1545.8163075899824,1243.302460595904,673.2521995166608,1366.9860490370029,607.7886945029386,348.1212594549754,1201.4485710942895,647.6386827272394,1275.3587933989986,1464.2598221607557,912.1934638528737,1404.7297792247443,487.59560743118,1608.0669713918073,935.0404679996294,422.7265412322046,184.8,19097,265.19746229673694,21957.39807745999,3863.494963257845,16.221856355667114
8201.687458710829,1185.4387538684966,2348.86833483043,2797.2034227447148,1553.5328332377028,1235.3416787347178,675.6910355731454,1377.9521892739106,593.6923943866617,364.4031436868407,1356.8731893236347,256.6703748810984,991.2719758034488,1842.1762367459532,1261.4244571601116,1061.5793121573377,809.4561163454524,1509.937781592002,875.6573112676598,418.53103711259746,202.10000000000002,19110,237.84640183376243,22446.045801961467,4038.4317938024647,16.322109699249268
7602.437831790584,1118.63690303543,2642.18758704583,3338.07695709068,2320.7223950222215,465.91005082493217,1419.6761333077295,1413.2322725042088,1052.0626586961691,773.3911623298667,1809.8063960384695,404.93018195251676,559.7787772078801,2458.7952419977937,1750.3017854103891,939.8773108662078,1422.6890565595581,965.7552063262291,1491.4380409922176,453.1467110946298,202.10000000000002,19886,234.62928198632244,23067.35486385262,4644.782296502821,16.422480821609497
7153.603341214416,1312.7755536838674,2790.269470308116,4073.8168833725363,2949.8546719017268,477.4879155259199,1977.1845426682553,952.8800644086964,1658.879274590329,816.8374547238328,1790.450085549223,383.86098415915404,579.618095970956,2449.1245350591053,1754.4386954735487,912.4715749780652,1431.9729184162773,981.9612267037666,1499.967674548391,494.99362839001066,229.8888888888889,20638,329.9106029094453,22999.6765280677,4674.927789076955,16.522774696350098
7071.2644959220115,1368.8996344230923,2764.76483876817,4238.6157168608115,3005.2125399956053,665.3309338198599,1950.9784235841005,760.4407480863291,1591.0010891148565,642.3962156153677,1290.2230726274768,245.71354514825688,1110.8916306816868,2480.626251558358,2109.7243922592647,508.81218242289793,1882.0837267870554,1035.8785272229313,1957.6520960463636,956.4150963350539,275.0,20812,301.8213126241328,22463.016290258125,5210.847616231279,16.62280774116516
7025.4228141245785,1393.0032523363916,2683.0833895118335,4316.704686181235,2944.47808697184,762.5655628934835,1800.8036695114145,736.8768678241017,1415.2785407402166,538.6569698207741,1444.2165609448773,90.88435675354728,1019.9744945782926,2325.9596150965713,2019.2617200463833,356.01037331116726,1933.3859874277,1153.9220282508907,2092.005608141648,1088.547500000753,240.89999999999998,21008,317.5617080228453,22595.193679860135,5086.230787048887,16.72290587425232
7005.386288304858,1384.9804119180378,2422.1073091738263,4263.721882486497,2647.431581353695,720.8320325617176,1557.2538040506313,1054.9993276220994,1440.0689977565116,851.0878415608465,1307.2087582332924,225.86130055380048,1057.1588479003976,2446.480875812667,2023.8245789969242,463.88895405601494,1827.8890969720183,1167.6832139742958,2016.5828447041254,1116.168768435253,265.79999999999995,21313,341.9240334759652,22438.651379208488,5213.187614917086,16.823243618011475
7022.3406361846255,1365.0421788428596,2273.5603913637256,4168.7907085256165,2499.1245943662802,628.7071412138303,1589.4423246129927,1152.4898988468542,1592.2502807774586,928.6127756023213,1361.933795701772,183.7501274686663,1095.2179747476282,2447.7707467475616,2100.127329723381,509.31262349428835,1835.4366975680905,1090.043883250162,1910.238027559937,1069.8370841902395,237.7888888888889,21478,349.93663591434597,22525.353535261725,5274.258149279071,16.923616409301758
7053.104567164695,1324.899476885751,2178.765185000678,4070.6443418538224,2467.1837679369078,529.2620540486391,1690.3085347382262,1080.9965340539477,1592.6879963559886,826.0878587625219,875.7482091984865,649.2828898534818,925.3227005497235,2510.516325801503,1633.6484892523367,423.3539329795581,1888.2834897966807,1382.4271318308,2298.7125249065857,1109.6827465774074,237.7888888888889,21572,416.37089660507695,22053.455480274904,5103.856277030333,17.023821115493774
6997.920376630306,1405.8991699617818,2269.5334298529847,4182.796592029117,2416.5103496873876,601.0933164987023,1635.3491746320394,1198.0835935379182,1714.2961177733116,870.8783917542524,962.3709027857267,555.6513484758726,936.513103674326,2486.251147134712,1733.1044201884902,395.8461328854554,1869.567406913834,1291.694352831249,2179.661306330227,1074.568662057269,256.4,21448,368.12334777238686,22174.04763237293,5102.3346053569785,17.124101638793945
6805.824030355134,1717.5816429186407,2435.123838918925,4386.53681238248,2108.707613956071,653.8126391390963,1844.4153651977306,1289.6829784422368,1927.7689559773487,623.941402913773,636.9187637321963,1126.1854843155602,412.06160560853004,1916.1371792676887,1726.7234751523913,269.38475273545566,2313.533295696519,723.6027535117498,1645.8831006667276,1141.3842583706066,189.10000000000002,21103,313.4554347265828,21476.120927976095,4629.62930909794,17.224512338638306
6265.060694424681,2587.80946985555,2642.611983531156,4474.047207138595,1288.286701391447,769.6587359864781,2693.6398157126937,806.4539522336752,1481.9131773866031,542.6844065393287,638.7024894632657,1146.1523117781687,395.6902063326776,1891.1319209650178,1743.9312476014757,297.6634950370449,2319.9745990288397,708.7633851554262,1615.672431613626,1182.8971592203648,189.10000000000002,20220,317.4518697991542,21461.55862624688,4559.100022993496,17.324795246124268
5680.633506791727,3462.7970835295405,2740.3891870722023,4191.814395188699,1292.7561312915643,1081.4549321352858,3078.5776014115036,163.74683523847895,602.1202934134227,1342.8457624780224,637.7457013060689,1149.8811104659774,396.7060868320365,1888.9802916934584,1741.024707976137,304.65895205903485,2332.956265771821,691.8982585864907,1596.1699446294037,1192.9520504926245,189.10000000000002,19335,317.9429650259009,21429.354142795804,4607.728791205898,17.424877643585205
5066.600107744292,4272.259432167155,2704.548506901879,3560.826396907242,2144.117248897464,1285.6691967850536,2730.3311862863898,810.2750608845519,1146.3935151162436,1370.8006138907192,629.8920384459108,1151.535492637341,407.0045464064695,1883.4631170207585,1745.3273771176111,322.4898040105663,2326.4570987269776,705.0321267159378,1609.8046968351985,1188.8232712615368,256.3777777777778,18433,324.20338662992856,21397.615724326562,4668.456257930745,17.525234937667847
4444.6203675171055,4974.041145058358,2548.253177913925,2717.762714007453,2935.6959167934733,1291.335204499183,1885.12498340978,1288.1143520561468,1846.0131037690542,646.5933057759012,650.9111466148848,1148.9594769294893,381.36672651114037,1894.3738481516548,1737.716893824582,292.4693801305842,2338.5601195938857,684.6292165537492,1588.6879767907417,1205.0777658993998,206.5555555555556,17557,321.41036148352464,21371.098003393778,4632.267328591312,17.625298738479614
3794.084151505445,5578.498662947565,2274.3369620772582,1869.203546049539,3395.8342956484307,1089.9569747196913,1381.836143037829,1290.6213521363372,1772.5155496612688,560.3705796505537,547.4393004410219,1220.7073375044683,440.20487233142984,1762.5127144111186,1876.0441367223002,345.6192778547664,2190.6392376528993,810.9502052951751,1694.1339624570958,1095.2547890298397,206.5555555555556,16648,341.983470111317,21561.738686701996,4461.800662130708,17.725337743759155
3335.6828656836806,5892.860157137676,1992.2626109215282,1660.5440478355335,3368.3995101055843,792.4925118753345,1873.642839961726,889.2589043423997,1194.3231613286264,1096.4476197232655,451.41922417506544,1332.560520433344,537.9531459773622,1603.6842236473306,2039.4621437593103,427.6610361866832,2048.971743893553,920.1107891848776,1765.6621864012259,1046.3546501995008,226.97777777777782,16023,342.1461128055289,21699.069955759005,4566.138441528881,17.8253493309021
2891.810591052493,6069.374524115082,1621.9736765647083,1994.2552760432434,3004.8481848487963,372.1459935909929,2397.2396857625595,315.2173048607269,960.06513180225,1038.243958611167,431.46503341916866,1362.9974532800034,533.026484333561,1583.1472648713848,2045.4253908845255,397.84111010808186,2077.901038508806,885.6778000885766,1738.0139167753441,1058.722699791857,199.2,15437,336.90312119016994,21611.688505869464,4546.519421901616,17.925447940826416
2367.579666377867,6134.490229563543,1098.50194905533,2670.9079185954,2333.793907680406,350.46508275258685,2534.2724576138835,773.7828524212771,1629.804526776233,385.43631997976644,492.26241569400355,1270.6676475950235,527.4209535250285,1677.8333768271916,1982.2088302803013,477.99680203231696,2019.354990842106,1000.6310634746853,1873.900792191413,944.6987048533537,248.44444444444446,14738,315.07623745275055,21464.168292186536,4665.703681662859,18.02566909790039
1860.4132871907568,6061.282234265154,548.2537182472718,3300.367514256311,1772.9860152718798,863.2529070642647,2119.1417276401735,1337.4662851621254,1968.7690512828215,590.4247733732875,614.2076566273046,1141.1126731808204,643.4553359135591,1655.727541978796,2090.518417516126,537.0266934187501,1967.9773785523628,957.6548818713965,1774.2142372081946,1026.3427736234275,209.77777777777777,14058,318.23458844423106,21532.226323471114,4570.924167260964,18.125953435897827
1353.7531130311606,5823.198150912549,404.0347750720612,3787.097938791044,1903.3450824699016,1298.0292926571956,1325.3726060226468,1458.2422960250499,1540.0315852088074,1222.2550836373093,574.4724593132817,1170.6342105475235,604.4866047262257,1693.9047642212527,2058.654318501223,571.0808908825686,1925.0276924863226,994.0705034669567,1763.8699324705228,1072.2833309970247,209.77777777777777,13262,320.5982833102323,21639.42221876433,4517.64686066853,18.226285696029663
1351.8421665309934,5822.464980363584,408.52544900349716,3791.5330801667515,1905.4566342679325,1303.8317090937958,1316.9113303497304,1460.9916016022946,1533.845363021962,1231.2825169214857,282.07324189936196,1887.0583195048328,274.7200070949319,2426.732081963256,1459.440022443133,1257.490479778412,1292.5095862171388,1730.524338685649,1926.3732181043747,1774.8424583985118,229.73333333333332,13243,359.38217356716007,21991.812166206786,5172.374045965984,18.32647442817688
1216.0916332909514,5668.913081908808,444.56628410866614,3693.914298295858,2094.1946532436623,1133.3371550320398,1463.9700928485345,1288.9983382503997,1563.6281772476093,1048.4666720305295,130.34145543985989,1698.4168520452117,68.45629143965368,2180.2631456057156,1508.4141357770031,1013.2253289803144,1565.3998534106595,1653.9040708163304,2128.343039462718,1624.2091045195432,309.91111111111115,13073,372.29279991625566,21171.30948183701,5495.9924162340885,18.42672824859619
1062.9884581912988,5466.315075607394,487.9316301209667,3499.024576597636,2200.376198817177,922.8514805226785,1673.7349882024428,1361.3738179614736,1783.2283827717995,1164.5947193654506,305.34193096492874,1647.4787409212222,184.1045434733775,2121.220244758828,1286.690743577882,1167.5283471670084,1468.0883847908176,1834.0555048305635,2073.152088787817,1745.4180999632492,309.91111111111115,12803,333.87550505688023,21049.043518847662,5395.913178009396,18.52690887451172
787.4465896479466,5022.341524416128,647.0463195910077,3054.6941843725203,2137.305857422705,909.9474387732236,1804.7892879341641,1808.7356314539911,1905.2681887345586,1548.647282806222,516.4820228903872,1705.7259533792926,377.5225767384998,2227.5478919919415,1105.9961199026068,1360.2997382019191,1275.9291630188363,1784.3036989759983,1898.9043635484218,1610.5211887844707,228.95555555555555,12407,334.594857333327,23450.823616094098,5154.114110727824,18.626961708068848
693.5416525761771,4323.968108604407,1070.4041662622944,2590.5008501189077,1677.8095838731042,1591.5227247493442,1451.6694650786974,2080.850860960357,1336.5401920302443,1359.8976096814372,649.4382331443247,1772.3778214112926,496.5070850707439,2330.326620547095,1031.3073530791062,1461.6277088806626,1169.7614573454016,1695.6097439886005,1822.8925982851788,1492.396055929033,226.20000000000002,11654,346.30448029090803,27066.404788077765,5350.689956010233,18.727296352386475
1158.7313373196675,3668.4260550890904,1592.6266685081393,2712.6602145678403,939.2895790332832,2247.350224364361,693.9237562889399,1705.4169021365392,815.5577610880013,577.1609130560034,156.8786371983798,1179.8642380172303,710.0193208236891,1712.7820956583519,717.4707667790367,2004.502034576947,734.5259795342979,1979.268798713693,1101.6132047961662,847.8060214389751,237.46666666666667,10890,306.4887558314629,19981.519082667157,4665.984552911956,18.82755470275879
1152.5195454687323,3673.787871514426,1588.1581687158955,2706.896858268747,947.2196416005155,2244.41301434393,700.6659055349726,1711.924123845338,812.1606609306066,580.1603671864838,148.81896542549114,1190.882746410319,696.5346939376343,1688.1904908916426,756.2115288685577,1994.319158437802,776.4643799124169,2040.1613591507678,1049.079514516539,854.3175130839631,238.9111111111111,10894,338.2887656360247,19974.83087678354,4670.764003394883,18.927866220474243
1193.9393153408607,3654.3284460480586,1587.545712983427,2775.3088743404155,920.5037168845971,2194.7346294691474,723.0646938904262,1695.4784171434894,854.991072234061,646.5908331420943,316.04185372187084,1001.7003166104492,881.5345687278917,1763.3760910010371,561.535294566484,2042.137520210869,675.6975253465072,1859.9472879565074,1253.2190661673096,1018.2597808950434,219.3111111111111,10821,321.8335610104828,20147.247429653733,4520.330321829995,19.027942895889282
1142.2585155164509,3651.448928700405,1642.2529406660165,2684.7468876257676,878.9404973932548,2306.9627670101304,609.2466850105185,1597.5676365329616,933.3943113574414,663.9789514121986,249.94211954962367,1069.4336457821732,822.6348035177168,1720.2755680518057,616.4777463514959,2052.9866649988035,669.7281991970755,1880.181209182482,1224.53387129687,984.8706137786166,219.3111111111111,10942,315.79501198949583,20090.6483548658,4536.5849615354255,19.128204822540283
1112.1055112774004,3613.287117622154,1757.4374593363061,2643.8512656233825,763.7268691770946,2379.668195462777,535.7217683501696,1483.3607294045607,1057.1512492851848,802.443032868877,243.17506089831377,1068.3635582101601,844.053636150879,1702.6506996280464,574.2048587224991,2092.0399056817637,627.9686079075012,1810.4711027653511,1308.8373452749731,1080.8243538061076,213.89999999999998,11077,313.90098738036386,20087.0872237113,4537.823565848579,19.228288650512695
1112.1055112774004,3613.287117622154,1757.4374593363061,2643.8512656233825,763.7268691770946,2379.668195462777,535.7217683501696,1483.3607294045607,1057.1512492851848,802.443032868877,243.17506089831377,1068.3635582101601,844.053636150879,1702.6506996280464,574.2048587224991,2092.0399056817637,627.9686079075012,1810.4711027653511,1308.8373452749731,1080.8243538061076,213.89999999999998,11077,313.90098738036386,20087.0872237113,4537.823565848579,19.32860827445984
1116.7679315750545,3563.308985466564,1846.618629503501,2681.018120303108,676.88456303183,2341.2810777345635,601.1376233752017,1524.708232297014,1021.7882449894885,785.6172893667966,231.29807988246944,1073.1095190043263,854.7622356280725,1699.779916301569,552.2803637740044,2088.6206495274523,642.7037187640757,1820.9635025587434,1296.450667373912,1072.7434560521697,229.47777777777776,11166,314.1146555715992,20054.588430719203,4519.5254077412765,19.428773880004883
1092.7846426395074,3663.4175963100615,1730.4146514135061,2570.468727406513,751.5991704552556,2466.3642951969596,483.49541430205164,1397.4904576605572,1149.6846976389415,915.4204267900249,66.88148197478812,1204.222906123623,880.666424876603,1565.702259326459,471.4816050218758,2217.1011363892408,600.5284652225868,1720.8084041194911,1415.5923530490618,1217.6704832895705,219.39999999999998,11042,311.61981691006304,19850.85414395223,4659.580210755017,19.528944969177246
1067.891720018117,3763.883581515774,1665.5076564240455,2463.913664885622,753.164741109042,2549.582821664711,488.90910051312176,1379.7700050818096,1163.0736339883447,922.6927607509635,70.30720395170812,1201.9837087682054,877.6533671525386,1566.4204429481401,476.0585911527456,2218.1094028358098,595.1266819190297,1715.8336119335072,1421.029947670318,1223.9589913021455,219.39999999999998,10927,313.3056655574229,19858.87885313689,4662.980108808661,19.629212856292725
1039.9299750028915,3858.9340531082566,1652.9021738385914,2390.961550309132,696.3077207963015,2549.7165638308243,580.5329887253856,1466.428834608476,1072.8939475864402,826.7044869756716,107.7610795357028,1201.033956542896,831.8931055727179,1530.4525161519862,502.6058065812412,2261.3056895129284,591.0853415252138,1710.9717873321724,1416.5814225679255,1207.6640327345606,227.79999999999998,10841,326.8072352171991,19994.526717449313,4704.506338273449,19.72952389717102
1003.3727050738934,3953.7131408682817,1693.8668176131184,2374.4900522783682,598.3035671451319,2467.2060634020454,646.352773542058,1528.6493566968677,1036.074619036307,829.7720412317572,65.9171512726072,1190.5516602922578,890.0233262485981,1588.6565987179006,495.60819125445204,2222.373449096001,559.1730927907203,1675.9654015238723,1463.0186921106435,1262.6683190209224,220.20000000000002,10738,329.8746512096447,20022.642831162964,4723.63012691157,19.82995057106018
954.2739916850294,4052.32205624862,1788.1080903452535,2428.4812467882025,503.72991585642376,2354.746570501263,626.3363629006974,1477.0522189573844,1136.3852502543798,946.2565268166107,252.0582188299508,1343.0696741428837,799.8513762145154,1428.3209891363174,292.67812080118273,2062.752906040914,744.9991675619157,1792.775806345466,1501.1850730509811,1417.377946346369,220.20000000000002,10621,302.61288828754164,20225.63084731089,4490.589894824871,19.930232524871826
988.45072436077,4012.805803797525,1724.7893518427425,2370.4409371035176,511.0316592499779,2373.4844215999137,686.1580328358312,1539.3945902175542,1101.614419249546,952.6219397105824,215.66774864587242,1318.060907422021,813.7875327812899,1456.7170597689378,321.52983508265095,2084.503925115627,706.8576788848601,1762.9076769428007,1501.819557220774,1395.0522911907328,199.8777777777778,9441,299.7603528668882,20370.288121912003,4500.174497157781,20.0302414894104
1821.196387586295,3784.2477448170557,830.1116837058224,1394.518638828172,836.9632150898872,1988.734199321419,1578.5975432967289,2008.0988881632732,1948.1941882556562,1957.8311112283875,1027.1852671191432,2080.9739428292196,1229.5454872351775,1560.7706749952044,543.164044196392,1213.340648058888,1141.3475991787577,1469.1276711417454,2420.9361139706643,2198.7957366856467,246.65555555555554,10442,315.4921153187588,21482.974551564734,5222.115010695832,20.13043999671936
2115.043859567447,3860.3491849557286,763.9763094633296,1239.5813475233567,953.1551267919668,1722.122593527359,1650.1932711159723,1866.9914469761857,2113.4766469566052,1958.021523125588,527.8374616829298,1546.9116832979726,719.9747654667842,1130.6172187153072,372.99385316831604,1584.7657833948106,1366.7770084364172,2029.9218644735154,2378.525044646007,2492.2615381078026,288.22222222222223,10761,369.49851822021435,20668.634531124735,6003.1309098869815,20.230728149414062
2537.7495908291407,4112.810456268569,1014.0597529475509,1374.3135911868565,960.7827087839207,1338.5326815704354,1406.2507657484914,1440.8789059150142,1870.4830298206475,1535.256796138276,406.245831793886,1349.817791742709,524.8475640157704,915.9120006059972,644.5831391793018,1294.1593971432164,1427.3748291681059,1756.7274999053825,2402.9036999505024,2226.4552022537687,266.6,11143,411.39938290558433,18988.604504273906,5744.091755610289,20.33106255531311
2547.328754100695,4123.599725385241,1025.367582426007,1387.177860448524,945.3058546390175,1352.9483938584156,1398.3831845003556,1461.0570089970781,1873.6427971575818,1566.0806013685549,772.0277220133779,1184.7265128825488,744.1989742767275,969.5979569785618,1169.7774910185913,715.001080302001,1222.297450913912,1203.517980578233,1919.5468416579115,1772.8857424392143,209.9,11211,347.5346365633215,18620.840718413194,5060.336155090774,20.431126594543457
2002.9641882188503,3572.9414830693067,481.5307355570744,834.3517435128597,1508.797116624345,979.233388316531,1690.893851165882,986.7119293521345,1784.2237737081575,997.6321973868947,807.1698071520866,1205.22471032403,787.0515346206769,1016.2888295681593,1174.113343262807,730.9759247271627,1155.490933962522,1230.5726691623574,1857.6535744224261,1833.3273994202232,209.9,10585,347.7997640831677,20852.28330568946,5177.8252120263205,20.531171321868896
1428.32113432438,2878.029209173107,545.4389180676983,687.9613388197255,2113.0368818175143,318.5253679277862,1596.6399135104132,467.6863843676836,1127.807998624887,1067.2721283352332,301.820186795978,922.9529725014216,314.251764867776,508.27599365473924,1546.4533407885306,299.553250676501,1583.7613247051834,645.05085799957,1500.2773884068959,1541.6808184501717,234.74444444444447,9931,300.36491659503406,10579.770836578431,4661.165006641782,20.631175756454468
1374.2960728048638,2794.7355398902537,632.3738471530166,763.0131843774639,2141.1069754659607,240.50427000963788,1514.1368202487683,545.6657956443009,1090.5448622768408,1152.070015492466,325.87711451574137,939.8379138965525,320.6824538718454,517.9722735836458,1516.4476427450736,330.29822980502666,1586.9679901326651,652.0110887335269,1534.8724792944063,1515.2160655568866,232.55555555555554,9816,309.30345244867766,11043.528394289955,4650.3809575398245,20.73152756690979
1311.7118031555822,2677.69904734259,780.3254513623216,913.8758695955613,2083.651804030624,281.10279879347735,1391.8477456266783,667.7223515990752,1218.4326663970448,1090.4217500630414,297.9753663572796,911.6730606329492,337.3361535260615,539.9434863314779,1525.2737393769003,317.50939329787883,1542.010837617543,700.3985232477219,1569.298514427709,1501.219660110417,232.55555555555554,9679,302.3038296600889,10879.346717611443,4566.815938313661,20.83204984664917
1291.4538584029497,2620.7082555365278,869.5952298016953,1003.1382483252773,1990.9929395456554,386.93415573977506,1400.5178534680995,669.1710913630816,1300.7789030890099,982.3615673589583,272.31221752678493,885.4133447148814,358.3903116210268,566.3354582040711,1519.7547055175055,329.588136872953,1514.6763053838413,732.3238981047197,1619.887580321966,1452.1975665741288,232.55555555555554,9566,304.85952137856134,10520.354233796399,4655.51311000155,20.932647943496704
1298.0295925592334,2604.214801949777,919.6765452300842,1036.2575161822144,1899.039830051908,451.4412891638134,1499.1454329368423,570.5410502221719,1230.25808193484,1034.6168279344927,133.28311203772296,742.749443868478,497.04192604789296,712.0156492896617,1406.8448502137312,477.1581440968612,1589.6365105681375,652.8315163424401,1617.8355724891564,1438.7781889411062,232.3611111111111,9467,301.7352236444323,10558.570685197279,4637.240411657432,21.032680988311768
1285.2515840263472,2595.8530376504186,915.7714407088565,1050.7114640756774,1919.9181337013101,463.25584491444437,1468.1398409928447,600.1617038945142,1278.1793840592122,985.8158366557818,271.73755049682075,881.8753459532081,356.26753957475626,589.2952529672768,1541.4525865523974,366.3160833966249,1462.6299779848903,777.5344951231936,1725.896346614059,1326.1139567303926,245.125,9525,278.78608964156524,10541.353317422527,4550.405801798997,21.132688760757446
1316.3175706160084,2630.9115484697613,888.3783379824512,990.0709801319355,1946.0783027585921,390.75370804533475,1436.664795856918,646.9325336503315,1303.5418966818,950.9606440669345,130.51255114556812,746.6292210090122,500.22887971388343,658.6375387277085,1419.3575534030228,372.7056989220115,1562.449288847574,738.085565428472,1645.998950659225,1386.7417143783875,245.125,9439,275.19126030235304,10809.90198859238,4386.621995838075,21.233444452285767
1259.926181512222,2556.0222062426105,967.1077281771787,1098.8712800858389,1848.4845003540413,494.7316606856856,1546.2976739153498,540.9994270326008,1192.2260890987777,1059.644000875518,112.1005886536896,721.04349719587,531.5140835676232,664.8400767044902,1411.1368926447747,361.08211499026635,1559.7218422053859,759.6292256950702,1660.5130325026057,1372.8023554523118,240.20833333333334,9553,283.7541304658706,10839.950210918912,4339.89734939034,21.33384084701538
1161.537416505922,2407.704210580101,1133.8319731449478,1247.8645723538925,1689.2294346888148,562.7520476029924,1638.366203213594,588.1903983469035,1220.0003734218085,1002.3219998913969,109.4933005287602,707.137865212264,551.5521870042681,665.7016267011034,1412.823941878663,343.8200140402946,1544.2614099738448,796.1420262714098,1698.2728229145553,1328.8328436405263,240.20833333333334,9719,280.14033377997396,10812.277153247545,4311.444954863769,21.434221982955933
896.8276223776805,1829.484524852407,1720.4697052321774,1622.8048929559752,1531.7179865420987,671.4441973939697,1494.1468147302971,1186.6470733935478,1818.2913161485637,422.78703096847954,480.35731670969,776.1519501424077,794.5515311147084,554.0491247029591,1767.0000671311159,109.1332790078976,1116.4280128088865,1126.5192163920178,2010.8417511238383,1191.62640523767,240.20833333333334,10324,282.9925894941658,11215.43430171416,4769.8554241618995,21.534576654434204
848.2527491987862,1565.2080695886652,1938.1387962535664,1693.5550418169987,1716.6984593170494,645.7726164954468,1255.2879331037523,1283.7235973879565,1872.9739827446224,582.1755812578187,146.24630310886405,602.0345495604791,732.2965422567207,769.1262430573545,1432.8108024370213,341.0989167216488,1357.2193735315866,1235.0797176796514,2182.265276949479,855.8482568998252,271.1111111111111,10592,287.6972688041263,10746.460748838988,5264.5267233976265,21.63473606109619
895.1243167828233,1113.7725352116968,2227.705486891993,1627.7367113343917,2204.473838829464,433.90730085214165,900.0741491108873,1003.3142078918565,1446.5212467422364,980.1640954264413,332.80435359256086,725.3297599456596,667.5102026462266,578.9500345607129,1553.6022521727175,202.64287261884635,1403.798696499617,1030.8298938096898,1988.3007133817334,958.3527682143603,240.55555555555554,11055,311.34686401249985,10847.06185722429,5437.985575900949,21.734825372695923
947.330827758328,998.8083328900459,2277.076419385713,1534.4061171001078,2324.9283863452806,314.2780847408389,988.7329928790499,832.9771196998097,1337.6948251998153,915.1107515270753,74.94940849468603,386.4324276298986,981.1373296605361,895.285309681691,1704.2720449987187,254.90925565403916,1068.6701239091933,1037.7563343348268,1819.795734821042,1256.978592413508,277.3333333333333,11272,290.28050965316726,10485.904069496813,5230.186848842366,21.835057258605957
1117.6972630605437,938.0067737603833,2256.526654364504,1172.6895348659643,2370.1969064318882,97.29290035888587,1396.2706036673028,857.217656496092,1647.259506383552,531.7129086587548,229.6505706507066,653.4355044465882,700.237043638229,726.8651234639151,1459.0050968623473,319.5063694131305,1271.9990596710984,1258.0523206872983,2140.522792521245,1106.25430028861,269.75555555555553,11625,292.3236604164254,10822.710712491982,5174.67006791907,21.935157775878906
1286.7155758333627,1097.3096474265005,2141.1637989446785,856.2544098009497,2206.38046930421,370.209566528648,1535.9288530874014,1173.8010645854279,1879.5735705478528,742.1667383967623,373.4419482238597,800.0032333339165,610.1130335965088,879.6746822463667,1406.8108847620097,400.8807145151005,1081.6005859603017,1157.1708349903258,1930.6052561223707,1127.5615278237397,269.75555555555553,12001,303.53251843078135,11020.313509469956,4851.379390337942,22.035186529159546
1493.2391849049095,1401.8292640368045,1914.4216493923373,632.0055472811677,1874.7244400740879,607.0924780121527,1395.991724847504,1336.2194686628022,1743.2112007649762,1012.2214955771481,203.87461768771726,626.4829430573596,724.6624432722715,723.6463091934739,1479.797365612984,300.6600790982151,1266.3253944760731,1236.0497778772574,2113.200123420613,1102.5184826900434,277.90000000000003,12307,316.9479209750804,10843.231714343623,5074.234859601665,22.135305404663086
1668.8492488222473,1694.7061577509069,1653.8997931973872,741.5287501297786,1611.8445802318797,673.1687364314569,1104.1612338527343,1163.1889858630157,1457.0809488779903,862.2529317233959,196.62830787277647,615.0087020146414,742.5989672860092,717.6826780876322,1503.8891635676712,280.26798831106515,1306.806980264256,1258.4696624845544,2165.6893890988354,1118.2586805885244,254.1444444444445,11067,302.891420225891,11339.196628013455,5141.432500433853,22.235374212265015
1912.8513791509185,2090.9082168967684,1253.6340963639955,1123.045503784289,1538.1174740884755,614.5723784562148,906.1800990594494,768.8428137891806,1524.4799895793037,496.10494293069496,588.9228180940964,813.4667923148893,627.6609029212585,784.3224540669049,881.2934568768385,870.2197001191678,638.3608357057743,685.6604608198177,1835.8262285611704,390.1310258031586,218.8888888888889,11468,254.18469214062998,10242.48663892384,4481.173123261197,22.335496187210083
1751.15312473107,1797.2081174434625,1571.7548220620029,819.9705290216748,1335.4591509717611,883.4288300727466,710.6472111102958,857.3749432091463,1196.1506366209467,416.04757868636636,364.9772724218069,627.9539572255169,690.7978611308891,580.7122792640674,970.0150770870077,811.6668975106344,695.8586858402322,915.1965826827791,1629.652593344991,516.7213654079617,212.39999999999998,11120,258.46310711336616,10465.756575757128,4280.671944189017,22.435546875
1728.5501771516651,1736.166028940118,1643.0556488652826,785.3817226927611,1241.9895061117243,973.0428465041373,613.7585214798971,792.8065856304435,1202.0842238302355,319.96701828834637,232.9751059561447,509.65582638270956,799.1547352520302,446.76208216130254,945.9065020468777,913.1303372537838,623.2113310767138,941.6391274226091,1535.9998201479364,431.9070454559056,209.59999999999997,11036,268.6067465077792,10602.257401521088,4194.229544666495,22.535576820373535
1726.9744288366946,1701.9803346223005,1686.4705811528281,830.4277082100366,1147.0338030491582,1003.7556103083613,570.3665505325021,690.9701920081693,1315.9126291773143,323.8421411837951,398.9945441424478,660.0790623762969,662.0330707268407,611.688306192396,987.0255059381026,784.0985680284294,721.8128751300808,928.1487263645521,1630.9190395057606,542.3383905172587,212.8,10915,259.27609123154264,10442.096438653789,4329.8186134683365,22.635684490203857
1755.6423728425102,1711.5537065626297,1687.6304271577196,953.8414506373796,1126.8969148495003,935.2491211702715,672.1445185643088,722.5805244936529,1348.320167851885,458.12993750209836,277.4814365215995,537.5170125708796,785.8764830399854,589.7223117614437,864.4887375496086,847.9529728553747,702.6041849584806,850.6395248572647,1749.4183969221765,646.2373858427652,212.8,10778,228.89004008212163,10585.969874768867,4103.731514429242,22.73594307899475
1764.2558601959888,1720.4754708010091,1679.0415738904874,975.2270424260681,1140.7268762140102,913.755297759945,692.4538770128624,744.730266452982,1328.8840079467595,458.34656338090684,281.455868033851,542.6244274190016,779.7690376687382,600.1269829314923,875.4011252525265,831.2747414380466,719.2539508329041,872.310768471008,1727.4577374901107,644.7961420251075,208.3777777777778,10763,252.40135774901245,10612.007372544693,4093.306316925822,22.83625626564026
1767.9509936840327,1725.1985361401148,1673.6101576259518,979.3002464987017,1147.6464409367184,909.4799112561141,691.4336654697721,745.3571741233507,1326.0726834719194,449.7452108836746,332.9688479962335,583.1506998512299,754.5673305041063,544.9378856786312,859.1966094821245,889.7233720792249,664.6995998313035,813.1312362404651,1788.9818534945014,688.4677117653297,231.11111111111114,10746,251.9748572822657,10565.402570069591,4151.88450672752,22.93626093864441
1829.2745069721686,1804.2356370831144,1586.464470622253,991.617770865619,1214.6063024354007,929.7846445159976,614.726314781184,673.3699324957086,1393.6259327771975,469.3697658389851,320.1078517828373,581.0800644498679,742.5840542995462,566.0576448883327,888.7327380834655,880.1350632355483,642.5147898998531,790.3485519678935,1810.9410392757845,688.4424077681138,231.11111111111114,10670,244.7657903427749,10486.998791783355,4153.695145127018,23.036378383636475
1866.2664119065157,1849.8630487806302,1540.8766320080617,975.8256491304819,1224.4088122317328,971.8552013471405,571.4538313748126,630.3699382054581,1435.3626965960843,518.5001429606302,316.38507340650335,580.3225255755596,739.6185204581458,572.0109739403559,897.00725652302,878.5982377821723,634.262047275612,780.1722467852574,1823.6954184470023,697.8285110815693,225.45833333333337,10608,238.29411708651332,10331.691666124218,4084.9076443585036,23.136613368988037
1918.9605791925064,1907.68109822649,1498.3915294343944,925.2414573467681,1188.0732987030094,1019.607508668821,583.5281652749565,655.1280200741677,1399.9497871772744,497.77228917361856,354.388740909981,573.7616120518417,790.2760832740009,552.3371946784564,855.3289839795307,836.8315513065294,692.81588337622,832.1956812214428,1782.807461116482,646.1824661347404,225.45833333333337,10562,208.55591942474973,10361.248086008676,3928.327626120843,23.236769199371338
1995.8529364866715,1979.7423183901171,1472.7047521936358,845.5449707657638,1110.2659878263953,1028.8445403682942,658.6573546487011,732.3328866222405,1328.001231660645,423.96084128126614,349.31898680356534,567.4312804901126,790.2744114273644,566.6112567344439,874.8435013683054,837.0957053245756,666.1031967745022,799.9644459466562,1815.5134055680498,685.9925146618615,260.7638888888889,10478,224.11825223390102,10828.946132034085,4015.7603729601706,23.33698272705078
1951.9838980361938,1949.3172774582595,1463.2923987188829,877.8669737784538,1143.977377761842,1063.047172018461,636.9594199024306,730.5828301273024,1312.2624376967017,409.565169552254,363.58356671031027,791.4234175111768,491.27429101703206,389.4993473551498,713.0984358132374,1045.463296625154,877.5438281821187,1056.7471531927627,1576.9620514619976,470.6729479864184,260.7638888888889,10514,226.50027789979828,11445.884554080329,4085.037844143054,23.437296390533447
2134.260205622063,2036.5903973677216,1579.6643374935213,849.1221382072142,1127.3772308234998,888.6410960353878,570.7171107374993,569.9863019790079,1490.7164751516711,585.2309378352578,353.3363239940888,501.9591743000333,835.4104321780588,672.9355626754669,1007.0333787604642,912.3083735785777,490.0278935844128,684.2326384144014,1842.101441632825,726.9949314003085,222.20833333333337,10355,231.47630433782325,10631.99150573203,4459.70750553409,23.537408351898193
1869.3841996642107,1993.3966367352084,1330.3820909083095,738.6550254262548,958.8021458039583,1008.4063985558038,836.5215839591633,796.7072282293707,1502.8189528865219,681.2449962195954,400.31342994882294,825.857337939108,607.4815050052921,300.0381694987551,629.2898263797011,717.3321445838649,836.5177488672642,772.011679890639,2107.0933359402134,1052.3002055312238,302.625,14101,251.3764169690387,11956.459034655645,4706.9320354106985,23.6374249458313
1463.4421579176505,2121.450517242662,888.5474997593601,512.2690215021232,552.9716513650573,991.7796857065143,1184.5697471387987,901.7701816470453,1936.4295489656895,1104.3513003943488,693.8247207315864,1162.6290032486263,758.3419194373013,316.9954462343177,649.609181222778,419.31368231779976,779.9614399868759,534.1850153265931,2243.9220928128143,1113.5455388308899,302.625,14605,257.65265008974865,12055.026648109975,4784.954286683506,23.737565279006958
1149.1938597775488,2422.8282847750434,549.4451419697233,335.7161124736925,191.17636001836746,742.737638314812,1202.982321022383,645.2834191679926,2066.5341224815115,1045.3399798444664,514.5542171302315,997.1030681477066,596.8678309830974,160.98604309287603,503.07562081511594,517.9453911016831,920.2256422000657,640.3405561632703,2338.5573259826856,1218.6691015436957,313.33333333333337,14965,290.30689798351796,12760.263547010742,4900.131470209143,23.838009357452393
1021.2892047730419,2692.3656930161246,547.8575616402742,320.79198602700313,372.80253157640504,467.8379224905777,1007.7242759407007,358.1243203270382,1843.2377475672383,765.1419741916009,539.05812798208,993.6003448621252,618.7373815053978,185.7145598624352,505.3418368130445,593.5418608531678,984.2086491289056,731.3840469885158,2427.5166693581905,1341.497134937349,289.20833333333337,15300,308.1678020060133,19109.37039175536,4983.540008945427,23.9380841255188
1219.105242702155,3553.7524733372625,1296.5174385853866,850.948228058225,1226.8655137136507,525.663732125931,225.135184257473,860.0876170353031,1318.0235284999023,1062.4564943018445,133.91618479949605,1126.1230595906757,604.6354584736113,587.030227983411,982.983769850488,484.4302853179519,145.82638239502725,1033.4538067986498,1626.5569110582665,1504.576443836318,217.80555555555554,16141,233.95593066624406,22625.816779877092,4259.8120479340705,24.038530349731445
1145.6541419484208,3446.683452246631,1186.3889417137334,796.1182285541802,1156.8332509046838,427.40723698102295,197.73936293230972,787.9455093545242,1223.8760771325296,982.8061481131954,619.7176102269528,974.2788266098081,571.9108014110938,66.45667200690956,436.71039911314165,241.4622841362795,663.6539102175877,448.93664134252214,1618.346274423786,914.5720765447778,275.33333333333337,16038,223.6833238679063,10658.272784415309,3673.0593538908784,24.138656616210938
1620.607707983008,3934.8395556158125,1683.621916858754,895.5799991728418,1212.3447095413712,736.8303164221938,755.9556187041751,648.7475444064803,1679.9339238681143,665.6317579281115,693.8385986116386,985.4759837022998,619.4864743850278,104.70600949841604,378.1687349627071,311.2301031814175,752.0161696843401,360.53488872773215,1665.906419929845,815.0986268364885,223.93055555555554,16607,220.22606661191327,11204.06565563365,3777.1861346869923,24.238845586776733
1930.05948116067,4159.208195490623,1899.5785530127127,911.5062188045081,1107.6984246022382,803.6416738742379,970.7390683585242,390.1729115762176,1578.998154157244,368.0692460554602,511.8219622889686,1036.9877119124146,615.741389176548,209.34801420636055,582.289833574852,373.5521496565416,685.4827398693623,508.65839264931134,1853.979876343281,868.5792410412012,269.2222222222222,16939,229.02540099069108,11301.998132123716,3969.3724253995347,24.338910579681396
2229.915351489651,4309.390815501942,2020.3705981323706,847.6150983713352,878.9451190700765,710.5645163623435,958.1412572378952,148.27811015519043,1274.204991368545,571.737786369999,484.4764385391453,1053.3662256611206,630.5389322063818,249.15861876193324,620.0831410985471,420.922065244179,723.5204884207111,497.7015008013461,1894.0738803386175,805.6486696891153,269.2222222222222,17231,231.90692968356183,11189.574834991236,3983.5711213517143,24.439276695251465
2753.0950963760492,4455.433213104221,2082.5222206606395,651.2241213191833,355.111731099147,341.46823661750386,575.1312613202532,645.2264081398147,1340.8705625996868,952.2198691639536,664.2667821742558,850.8223154671497,413.0670286269863,221.82495410768163,705.8137074208817,402.16412538011514,594.4489152654613,717.8683025228944,2097.3978631544064,823.7885656309336,234.5666666666666,17763,248.85215132944117,11284.313816720367,4174.5986463490235,24.539503812789917
3034.530703907614,4476.082068348064,2043.971211180989,536.0715555961825,241.44022054290292,123.15027817479326,290.35704622843036,826.4572605588713,1623.3692826848737,870.0033696415012,493.88868198372444,1099.5088528819044,674.0952196961991,163.25084202731588,471.2131710575465,236.7330382177133,537.6401306380651,675.465999751744,1897.2712589026205,1095.0380022624208,262.9,18048,257.73240006697154,11009.172312430215,4415.317521093053,24.6396427154541
3284.483701677076,4425.180600731365,1917.4184085118234,383.4133308026198,480.0909460224608,152.41022163336783,311.08874954741947,740.2076938586939,1649.403609343515,608.5665058937452,482.8652555471264,1128.3493439031638,701.8882171155093,168.82956976310632,441.49860458894784,212.56045657558238,516.331927650379,700.576815366381,1908.3145864716782,1110.5250834440785,262.9,18305,284.636101795002,11360.410441900367,4370.925832467221,24.739912033081055
3505.8531462548954,4316.849579741298,1729.199132818955,224.35998694156766,706.6327855390305,333.0292771011753,554.2661099986234,501.85416583586226,1423.6978524629385,724.9360428667476,478.71195835424083,1131.7841443653367,712.911667265973,182.41969607025,420.93024435938156,193.7797104158029,490.80143884963536,738.1202618666462,1946.844566370208,1102.8009563780565,262.9,18563,280.4812898435527,11411.547361608344,4364.523567133452,24.84013080596924
3749.9614118519767,4130.528038417631,1455.1957686321873,174.3766085999083,886.4559416960432,493.66546940128575,741.7087834585989,409.4740447321747,1269.9023224622638,992.0887326108766,476.9160785730706,1109.9923556239712,717.1044079931247,213.0006637954075,405.62928973827417,187.67926195398533,480.87405167463606,747.2154385463293,1946.784850325636,1111.4667295049098,246.1818181818182,18843,252.18081819418825,11314.747388770034,4454.349903328991,24.94046950340271
4003.959741920405,3854.076816104206,1131.3743007860726,371.53130848919074,925.6108573753045,540.1995706212011,696.3899985494181,735.2534753865925,1573.1192266598637,854.2780023164069,473.7795032135647,1098.485901958233,734.5782849592962,246.00032949014405,368.220989675744,150.64805540359973,431.05263762987954,777.8573826804808,1984.088648842763,1041.1571625245936,246.1818181818182,19170,272.9356768862725,11247.178548259915,4484.762577460192,25.04074478149414
4417.077744346082,3317.8475228254874,750.3337165804554,818.8766634149554,874.4998324119047,619.4048993958065,442.08245246587575,1140.8901928377918,1980.6804251829935,286.28314199805106,494.8041701805415,1091.3141972986214,940.864669109665,449.7952521565925,140.7155782597556,76.62944515646011,305.66943628876845,791.9435385140462,1982.7561590824218,969.4960488693155,229.8,19758,274.4801818689834,11501.986749265963,4612.235733557454,25.140909433364868
4958.447502453684,2528.1536165236807,1102.1710830288582,1382.1461281474228,777.2664021954438,804.5818783523792,441.27337350713583,1133.2413598469582,1647.279246870058,925.6764503992234,552.2840408265334,1144.8412877426729,1099.3064123486695,576.3780567156653,152.60088275062984,242.1264919793064,446.02341957519195,633.4934738163828,1765.1436732977886,1203.2314684556507,229.8,20517,297.94682339596216,11666.619364639188,4716.498660466399,25.240926504135132
5427.3515594044175,1847.847929084058,1795.4079383160354,1796.8236141427888,849.8530515277879,1007.7057040476338,861.8262728429307,767.9672693395764,939.0591150091221,1364.2382695635335,542.8760985300931,1122.1954785831836,1067.5558919048394,570.02847021816,111.77569483298,238.06579228652777,408.6748703023063,679.2461294822685,1775.047438106894,1215.1416920373956,229.8,21261,297.40764299335,11668.390892396099,4795.899448094841,25.34093475341797
5880.163293609137,1355.5986768540563,2511.0944902316905,2039.4375083020052,967.0290476155152,1046.0952848147033,1076.4093258631726,71.35991634965153,1123.6255621023856,1016.9474293447295,717.7514280349931,689.5240876376744,1081.911889930633,990.0361133282403,469.2159296102458,672.3334120711721,849.4093788444358,235.9925433803437,1562.137740077139,1293.283446408836,222.13333333333338,21978,301.5323738243653,13045.010808911335,4701.108809049949,25.441521406173706
6025.260983715818,1319.5117589464041,2724.0920890803172,2030.7356347164725,950.2964529259244,949.1844833528356,999.930192183514,191.7111934984093,1369.5616485351898,759.7229644099316,501.4950689515471,1045.078834090673,894.9179942918906,673.123451409044,242.27435059083297,579.0246681876444,718.4216249007903,523.7490267047247,1268.3419057455792,1638.7917747119466,216.00000000000006,22258,315.83191428466256,11604.31876740589,4542.810006042049,25.541545867919922
6314.094866604166,1609.8920457250708,3062.913948931345,1751.6291083782066,712.7686829656391,426.96762929762207,434.43048250117323,702.8121490949754,1397.76227367412,1073.8522233927893,631.5311565714155,855.5266201601495,1054.170997389372,775.6921588042502,223.8348150639906,438.7012549929774,578.7030331985295,559.5994753046987,1438.1449191478034,1570.1902979575336,265.4444444444445,22877,306.7915448782214,11383.745134820738,4419.4769996286,25.64180874824524
6338.932494711217,1668.0850854051341,3075.542826403328,1695.7030235545647,664.2738469925157,358.7880633007638,374.43580928796877,705.5917412128701,1335.5997554707824,1116.7047611367336,697.8221865585416,711.047186082754,1118.7801997992765,987.6927075977363,465.1947144379231,555.4401114294672,683.709258644975,568.5923832879481,1842.4297594391287,1262.1172723286577,250.52777777777783,22946,301.79324659398833,11240.833098205272,4601.48460807106,25.742167472839355
6486.982590988809,2221.145525945369,2981.745479362689,1128.9825695544012,105.6926735867472,474.03469417947275,683.7318661581892,320.7677841113315,1112.4052998369002,838.6773517075209,733.7497398354388,763.7736338484532,1115.0735277645645,826.7814237053764,301.78376903391813,569.2374795608825,779.7496536103955,281.6894588306126,1704.860754693429,1063.0293804263922,230.33333333333337,23509,301.8787209824352,12692.89362885138,4692.92762815324,25.84244418144226
6523.408046633888,2443.1490850814484,2870.4618077603154,952.1158191674381,129.71730278437582,691.2497729976786,882.0288694404105,100.68072879008544,1326.6258030956146,628.2232282790179,802.1869293531352,737.0820303748251,1180.9318529708269,788.0713913868738,235.7295847364008,524.4232647203744,752.736270418758,284.1014936011435,1642.936392693075,1093.5203786746201,261.44444444444446,23748,311.70074298921946,11132.07187653491,4655.701128518496,25.942607402801514
6527.546381100116,2531.2308798453337,2794.993987658556,931.3397486895495,220.41310879366262,743.548682972392,902.2718841519064,81.98268607265116,1379.684277800088,653.7721554349346,730.3998444286887,680.3084239270838,1219.3926695176815,866.3802430272488,226.92260676616905,383.229139995927,676.4674702925757,348.24756715295,1505.7684971935405,1050.9830318638383,261.44444444444446,23821,282.324074379589,11209.785801454018,4534.229926901307,26.042664289474487
6515.497489017682,2606.590705133397,2694.500101113454,987.7744816541863,278.56359470851487,705.6758646428716,818.1940962411952,183.12024022243176,1291.931369653298,741.0529228811649,889.122878349534,718.4659245920681,1273.55509627866,702.646089677017,106.09722217178944,545.8072600057146,842.3712638701346,171.9803943167866,1685.5406943820958,923.6348377596037,248.3888888888889,23943,303.14062092659316,11052.184419155297,4707.763068497205,26.142807245254517
6473.423234931632,2704.6067863877943,2526.494635708139,1153.3919342589336,337.21177331163165,548.7836333997534,656.5553889908048,290.97925483529554,1162.0936341447498,699.7595989677517,929.5772532551248,765.5134511580694,1229.7472330850474,717.1938596246944,169.6315334537447,503.2673223743658,765.0567383252016,255.6298124646835,1600.3278339300612,939.5724710006868,283.44444444444446,24103,315.1778903206124,11004.743550769515,4638.402808406142,26.24306011199951
6402.2794819977335,2767.2043872744453,2394.332962748606,1337.9504988947522,352.46102652314505,382.4869028758295,686.1417321905622,286.3947174543256,1292.9303498955994,507.69569929602125,802.0557854709965,641.998842620906,1325.7238350556063,723.0319937346281,39.787876987271844,564.1422906530114,888.3273882597741,134.06165037490976,1714.614954544197,922.1703225419184,274.0,24308,316.92269768973233,11154.620555083591,4733.205986084487,26.34341788291931
6274.788304376099,2793.328983157925,2341.724630505158,1515.4463890900824,344.2093621023831,471.5763923629748,948.2369122028042,175.95479257000605,1515.5979911184256,625.1513897302285,784.3025073210958,624.2246189249181,1342.2239300563492,725.085057051497,15.635587741102258,586.1989218696068,919.079658246238,103.7065831658322,1735.6635971114397,949.185850098089,323.8571428571429,24568,311.97091108291227,11218.960008851293,4738.8924016737155,26.44387698173523
6279.209336502204,2795.167838820409,2338.509847862397,1515.652497035463,348.8228955783444,464.4131367040987,946.459127008016,184.08441039673352,1522.2783276774935,622.2410874175268,875.015908265506,730.1378656389965,1225.286508259369,784.4701713664417,198.88286478923922,377.4698019944299,834.9906031826106,278.98135960779166,1908.3087457978581,726.9448871038985,305.25,24564,297.1966814978616,11163.489234471583,4805.070781446415,26.54397225379944
6163.414698810297,2722.745664635485,2458.12746987379,1449.8244167669902,202.31516375323193,575.9526105801318,878.6623178015712,127.74869330972899,1361.1481462344066,533.5422642637658,865.4703430574638,716.8784963417737,1237.1154234701992,770.8541883228961,201.8525140734996,371.56520975489485,821.5467993594327,291.4066955885247,1907.8034879892302,712.7556349155752,314.02777777777777,24725,306.8950113749288,11208.913197128013,4799.050246219564,26.644052028656006
6101.919134331617,2671.0837371549524,2532.105529420467,1386.2449337492458,128.64259122742314,572.7636587992228,804.3747034990438,201.66211668246058,1371.8897615676817,471.1618126814292,912.5896766955815,781.6835884048678,1186.931249577068,834.9186965357615,169.17359911485818,439.6575875861359,879.9273589914994,204.27846137845987,1843.3112705432916,752.8281976439007,271.99999999999994,24804,321.60752991572963,11168.556122191145,4910.3299106265285,26.74441385269165
5776.452994266468,2359.3979871198335,2896.768337100046,1013.9828639628311,326.8910031531127,373.0546708037147,655.2326721447454,491.5447688267274,1747.7489675051343,723.3800685480995,820.8813813280561,665.3515832698481,1242.9209319208392,833.9269717802537,443.6179243064471,239.7650698694813,1045.9226661418286,314.9566275661577,2047.6713329744787,1019.1345432051776,287.62222222222215,25172,337.5463020317222,11347.19949009247,5167.537070261686,26.844631671905518
5581.394445359077,2160.2344377230247,3059.886163747351,862.9166763864072,518.6238892056297,195.73034829699242,839.0048490295128,497.81697931409997,1774.4829494860921,835.0809200728801,838.8729510163346,675.3321735008882,1268.4402700483035,740.0597539871579,315.6248878594579,231.33433276434096,889.9500223919529,378.67535513624017,2103.191679604752,958.0542889622066,272.6,25385,347.0148302119601,11059.285510226347,5161.335801192429,26.94505286216736
5581.394445359077,2160.2344377230247,3059.886163747351,862.9166763864072,518.6238892056297,195.73034829699242,839.0048490295128,497.81697931409997,1774.4829494860921,835.0809200728801,838.8729510163346,675.3321735008882,1268.4402700483035,740.0597539871579,315.6248878594579,231.33433276434096,889.9500223919529,378.67535513624017,2103.191679604752,958.0542889622066,272.6,25385,347.0148302119601,11059.285510226347,5161.335801192429,27.045212745666504
5639.4883843095595,2219.193063596642,3039.881721010432,863.3721126526502,503.6063588339279,253.1496522393984,804.0495862528547,558.6304613308416,1838.6758804629496,898.9818015495264,893.0662779491335,688.9037138340966,1468.2519342832552,483.71931900412415,435.60526213423356,210.67020608556084,887.6527180379976,657.5632962054086,2375.722500481977,1272.3494748917317,272.6,25322,354.25580508416317,11060.709280963432,5329.103797347535,27.145564079284668
5500.201666803469,2087.9273259994848,3034.1363636424203,937.3844828038921,458.0387385526149,224.1085313104433,768.088145270452,470.7370952035428,1784.8468688783046,828.6502203603322,878.37309472739,732.1559768013058,1274.0337454681544,683.1136134991468,232.17383897912947,340.47754933792623,685.4719700128885,698.963538597967,2461.9586873362277,1316.2467038993127,277.00000000000006,25459,389.93604169375425,13602.792430019457,5550.256921475392,27.245630979537964
4757.110459819844,1550.547426145681,2804.5992043889028,1651.0840331957736,492.68341823142714,933.9193798115251,339.9311373518041,1066.726085872184,2400.8406399957853,1486.8894854801758,1138.6576540019141,1178.8441347033595,714.3478565322819,1193.9233951539616,445.45043513755235,917.8448904454453,424.5669074410607,1280.597746352556,3040.3900971336157,1894.9942284438823,277.00000000000006,26213,395.7341649711178,14073.133113435128,6219.551311174735,27.346038103103638
4048.8939784238237,1487.0605045055165,2418.4251862335377,2348.036845101179,942.9868181408331,1541.171143131585,503.2514133080677,1638.3859296499045,2902.5438244443917,1858.5026025264406,1030.7547916291878,1053.0753395326278,748.9197528185332,1217.9160570121678,429.59104606958607,989.3151346014831,353.7119505081458,1397.8748929781568,3176.0279487915286,2029.2453770335842,319.6888888888889,26952,441.03255652321525,15288.828801805055,6108.055608923909,27.446186304092407
4121.1872301271715,1450.3792748185494,2483.6777220834297,2301.1219012784663,929.8983335028148,1532.870191548257,508.5955107680498,1663.072895879133,2953.197886505577,1926.8811556419553,836.9624543583135,716.0823869231596,1073.1992637259416,1147.8373727210624,432.8990241245744,1121.4270547316924,343.7499311293954,1784.9370932455793,3767.155561496182,2768.5720711916388,283.6333333333333,20149,424.71442132895487,14188.533524259576,6406.062911817197,27.54649043083191
3831.975386223489,1719.247788073463,2125.163031509283,2325.7361402918623,768.5622149786923,1284.8098065409224,210.71688881049795,1297.1016837900054,2630.470983029551,1728.9309380132693,584.4543988770168,526.062386033658,992.0952996469988,1461.919894035082,608.4736521087599,1178.102355606676,233.02548081480424,1511.683049111001,3393.5625914914576,2421.12911637632,307.99999999999994,20504,464.8809546200753,25743.96469098836,6074.448307231674,27.646735191345215
3448.9992833928004,2308.4321021098845,1532.8865352823686,2121.487363343534,406.20148769149716,665.3785836462521,409.37164821931725,1207.0308242435317,2888.593040294698,2285.7983033498103,857.3083739879188,832.8399701683632,950.9084916081788,1026.8846153020138,160.0349859080868,817.4801006916427,388.560581340054,1687.9290640018235,3874.475286036782,3112.9564230643705,323.3666666666666,21147,446.2327193368717,25252.49120530496,6378.654456802065,27.747036457061768
3310.2677122349396,2673.9319037740097,1313.8375201137717,1864.6167123078253,262.2473122877889,539.1733131633416,660.7494540595209,1567.4922891352908,3226.5910035219013,2436.1045096871817,1036.4118038553224,895.7624030851844,1126.2316182251013,983.8313873863306,330.7539709533892,993.9041873491324,315.3080974459766,1669.7493123420156,3744.65130330409,2940.8721599007386,323.3666666666666,21490,503.4154541864299,27026.640914151336,6177.926223728635,27.8470561504364
3255.5304339608847,3164.0792504875944,1376.5800578596347,1368.7727621760855,434.86962267812044,992.6848539123542,801.8065093900293,1863.9135969704073,3181.5376774871047,2011.665722766146,1064.4717764734396,896.2309488415864,1151.814575411999,1003.6588771124037,348.8952565339289,997.5682417686785,285.71341644342067,1640.0713996804564,3738.0102219344913,2969.4174376008195,318.8888888888888,22018,464.85454088858285,28031.52597477175,6254.866891333397,27.947465419769287
3360.3512895631607,3590.598912956333,1773.777750325846,896.6804727669463,743.4452515372731,1440.5108744561178,708.6755528573098,1655.2069485365223,2676.2656465903087,1757.3345325823352,575.5600795024377,1091.5126874193797,846.899130103264,591.4124333059167,526.8737697583094,1269.3583873085363,693.1414750605602,1914.4933890173315,3503.2661835713593,2533.1326245540586,329.33333333333326,22528,437.4846856207313,27535.612602384273,5899.1621473991145,28.047632694244385
3380.300928178351,3622.2605302421453,1820.2352336036822,875.2549478676814,754.9505907232426,1453.787931462037,673.897521470533,1609.6449285106526,2659.18258030065,1796.1764321529936,571.7442765530132,1093.9652442548515,845.0719393467816,587.9494836804048,531.062621812703,1273.7593883524905,699.2374672704804,1918.8093233629638,3497.448239943332,2522.9747088017975,379.4861111111111,22562,438.14134446136984,27171.548192108246,5910.94444388857,28.147969007492065
3355.456206809283,3604.465242315699,1779.3245133768257,867.9082320454464,777.8119784073236,1480.9126197965456,713.6143101435109,1625.5652325985016,2622.1814066929196,1779.5869627083307,442.0654659077286,1240.3618593936635,902.1001186103315,435.86489616383443,666.9855648934706,1393.7827184735354,655.8689881269046,1798.764169872335,3435.8545301861286,2623.836427328885,359.0,22537,434.60256055638916,26794.544319108747,5882.133165621388,28.24806571006775
3266.489494487758,3594.184784104427,1694.2576550961346,781.0152548707637,907.7208734209406,1612.9615366793596,737.3714207847128,1526.7199443433308,2546.2509925484073,1903.3002533216754,561.9764060134353,1056.7728976747062,729.7713997852642,524.0805759060469,712.8901653899866,1500.5699594471762,836.0925454091089,1804.373524595657,3239.809650820726,2720.6859557454054,359.0,22387,398.08916458124537,27015.984185228477,5761.83368817088,28.34829354286194
3252.51052515106,3599.103304144395,1691.310551774449,763.457933552199,922.1173901666621,1621.8280084333683,722.8704991668628,1511.3120439981278,2561.703147846265,1907.5767794160959,547.2419553742554,1071.329965643617,729.5653699992415,474.22441873340273,756.9705863544567,1532.4699667929399,769.6577794163476,1722.143618841252,3326.5393778354965,2752.8000148628817,395.9107142857143,22382,416.4443621947494,27063.938031948026,5799.498469061673,28.448310375213623
3253.498885552853,3598.2082528935616,1690.4453137934058,764.258649704873,922.9078736547839,1623.4752745181022,723.6584868523377,1509.1694705732257,2561.7250776668066,1910.5993271243792,458.46001436656627,1291.1703093561234,978.7798401399883,623.8990601617431,501.2518483133504,1342.459687753576,931.1119246707249,1924.0702422042407,3119.177916712225,2794.686931682001,380.85714285714283,22374,401.38802257957957,26797.619782014022,5601.773029992613,28.548339128494263
3057.9419552357945,3764.8572844436576,1842.118281498496,667.6167458292903,820.6181411555493,1420.0955493466868,729.3760380888739,1718.6359269819473,2460.8442385444473,1847.901958591524,506.0155193469066,1147.1681000876902,829.5312948026157,343.8547086667444,678.480225994043,1279.0749376373456,711.7336576371227,2055.7185947030066,3224.393549575266,2554.018725089966,344.94642857142856,22168,379.670762465557,27090.030396154947,5302.911079135187,28.648730278015137
3418.929263747472,3416.1199901742366,1486.4284226894815,664.03036603135,1172.3489150214873,1728.5096954714113,390.0285250313274,1608.9917455648701,2815.4679062550194,1491.5270052282879,719.761749111809,1061.7330125060905,774.3635766893917,14.849896856006149,941.2209165130777,1247.451218545292,567.9689488215274,2271.571701207865,3328.3769408390503,2322.272274395784,344.94642857142856,22537,412.49794718522605,27407.067295937864,5532.805302731002,28.74877643585205
3824.951064112336,3010.1634636510457,1085.366605648061,652.0409870074199,1541.0499359856851,1823.9170803810619,196.71819067680576,1967.634597599185,2813.688891219689,1405.7186235377203,727.7741986251755,1069.8246544204185,787.1741378434747,27.08090061311596,931.7569797698219,1236.1188930194846,577.123084550727,2260.6374618104746,3329.7399222264853,2320.5165012618186,363.7142857142857,22950,382.11848240061505,27490.598694375803,5501.403044596122,28.84909725189209
4265.387961465487,2584.106508624886,788.6247473412133,649.7797630151633,1761.4027778169539,1611.1188260148808,639.9847041051123,2287.1690494938016,2377.7800995713183,1853.1671294324565,731.9879953846857,1068.80965765258,788.6031502975763,30.646141034744254,936.5815736847354,1223.5799083652873,593.276669045901,2274.2153130920733,3304.987529538085,2349.586335112573,363.7142857142857,23378,397.6672863530336,27566.581026931934,5511.861816768126,28.94949436187744
3833.8618414918205,2962.25948623805,936.3484477037694,883.2883687400557,1876.391159162034,2047.5135395813938,566.1004502007349,2482.660822023369,2595.57981260982,1878.1156992800547,867.6020480857937,732.2171415569217,146.9705015232281,848.6654663089561,1784.0134210702474,1787.4243224301783,962.8312053610487,3117.0652581767827,2927.1136787195087,2926.636954833152,390.51785714285717,22947,435.4584454084145,26756.88795964652,6480.468873773874,29.050159454345703
3904.6559576758127,2908.343027917247,926.3952877233272,807.476699373558,1807.9893282815246,1981.4163625132296,491.6783493702933,2398.039801596767,2647.2303515940052,1786.3424365584121,723.1345013312684,756.0925132298054,251.68487539296967,508.06807189273434,1401.3281657493765,1621.0829432231847,501.0182410883928,2677.4966385289827,3447.825107799426,2370.68693165425,425.125,23008,480.3292571850866,27886.217513397773,6790.042742335343,29.151034355163574
4037.0252606582867,2854.5016281274357,1014.6305575313581,670.6212859963877,1660.157993121603,2034.0731742724847,417.9092819385316,2429.1599578831074,2753.2995765639334,1892.8842662413701,633.6864456437124,892.8019205365564,473.6467346877201,414.1819611928041,1270.3448349643822,1846.9199391943405,436.6198490628396,2855.7370089559236,3576.3475683698534,2677.193666026536,398.32142857142856,23167,495.9887988716396,27089.61235802967,6869.933810583469,29.251184701919556
4037.0252606582867,2854.5016281274357,1014.6305575313581,670.6212859963877,1660.157993121603,2034.0731742724847,417.9092819385316,2429.1599578831074,2753.2995765639334,1892.8842662413701,633.6864456437124,892.8019205365564,473.6467346877201,414.1819611928041,1270.3448349643822,1846.9199391943405,436.6198490628396,2855.7370089559236,3576.3475683698534,2677.193666026536,398.32142857142856,23167,495.9887988716396,27089.61235802967,6869.933810583469,29.351441621780396
4027.2436825318323,2859.2291406712097,1004.7613748228039,683.873402816537,1675.458158302258,2012.834910186182,403.76517613028636,2394.2699980966586,2775.611227707285,1843.839775074767,631.800658791159,894.727605874149,469.0792096670109,422.8099901434539,1282.4664890821614,1827.463659710821,421.81845186899477,2814.4528449432805,3605.389559355481,2607.4994810190815,398.32142857142856,23167,504.40743823743037,27099.928104815506,6900.375610970412,29.451688766479492
4029.150038350181,2853.9495010763553,1007.0332401132268,675.0529059870609,1667.6554332608268,2030.6650417332767,423.3104569387353,2419.194877913142,2743.3779377647306,1843.7598948617697,632.3419570691665,892.8344944684537,470.2405127537626,417.16703364971386,1276.370017780942,1843.9037478640505,442.4609716799717,2843.9679492016894,3563.2988064699084,2607.3774361328724,398.32142857142856,23167,515.2305166937404,27154.79343974744,6927.932217246593,29.551914930343628
4030.7049207280443,2861.200840896453,1008.9590601273584,683.5794365806488,1673.439693140017,2018.1110980153578,408.782053251136,2409.9621256608784,2758.239124540639,1863.441619753101,617.3154118853712,903.0182973901934,456.6856590530667,418.8372170831544,1269.4573366558157,1828.531951835178,423.87323007912056,2845.9344796689907,3571.7232542648417,2642.9224609497855,398.32142857142856,23167,493.9109764018262,27223.197284010832,6909.897263674246,29.65216565132141
4032.1051417124104,2867.6410950678123,1009.818177114376,688.4461764211692,1674.7526247864319,2013.4897069331807,405.36273101208263,2411.847728807387,2755.896490618965,1861.5849945612317,266.5662172427951,1036.943958800631,96.17430268276298,278.42465783672134,905.7075220615691,2088.763110696164,752.5136346794411,3148.0098776670015,3276.494419014071,2309.214721630906,432.1428571428571,23182,482.0177608133524,27577.353811943634,6645.505539635456,29.752444982528687
4066.34056709144,3179.175424291483,977.6560085565666,857.892830704553,1582.81016396639,1907.572524401163,470.8338698595291,2708.6958308031167,2457.4406702697306,1807.808174369765,582.3161343542492,989.1997112758447,401.66570717316085,479.5307532927586,1166.0517137033946,1786.69679549049,518.734044845454,3165.5714440094007,3214.5756874704393,2522.4536595507534,450.57142857142856,23486,464.6567061558242,27234.443217220803,6548.004562833305,29.85257911682129
4065.725004668826,3266.1777539353966,942.1202660649303,869.0179190935546,1504.7253795322727,1970.0592215018385,561.9273543451545,2756.320295379704,2424.824417279531,1715.6506030991575,483.9662468581419,967.4413530623245,320.9836724878143,383.91983515607853,1130.2353626943352,1851.4409677492613,512.3800179918267,3085.7728121094037,3298.0360340724646,2550.5812098342476,378.75,23583,452.05321926667773,27344.52999861694,6539.371640041957,29.952698469161987
4060.074377069862,3300.3311525046925,913.3574594738425,853.502028010757,1465.169670129894,2009.7086604232802,578.8806713475574,2734.4884887752933,2455.6477328279693,1719.3129652999232,454.8218373669304,916.3033661339184,363.44787486366,401.4167309239756,1235.3031857360993,1731.69119032401,417.7281363868993,3160.4462174990863,3169.058340473187,2547.529431520704,399.25,23621,428.8666940964155,27395.364478519517,6423.049091042515,30.05313467979431
3981.778337245964,3505.5221253580053,625.4109293932299,613.6343430360076,1311.7403012205075,2191.333536865114,470.8398706025675,2432.66147243341,2682.6877063345078,2036.9026100184553,214.5494167318635,743.5221266387371,499.4639196933951,439.96822968642743,1488.3422813513878,1516.5914177689388,296.1052919766392,3271.6604139042465,3003.2369641628525,2512.995767888669,354.25,23935,411.1711904665628,27714.811094095206,6260.403784814516,30.153186321258545
3868.3155540124994,3658.3788839964923,283.8151547642641,286.36571729300215,1482.1675793187003,2111.3305495228124,196.4144673930852,2481.471381131941,2491.263458523669,1998.2363248549916,332.35056305353953,855.3072741978949,368.6462376218955,341.9847336670761,1333.6613317446865,1665.390476961068,277.6560295036843,3146.7815866408732,3135.4919779434977,2603.9064995586095,371.30555555555554,24277,422.6494243728911,27498.524455864517,6273.010534771847,30.253420114517212
3686.7947613194856,3788.869525524543,255.53042518169093,205.38106953172422,1957.0506235778582,1712.4791791530533,287.39916937807,2958.3124132093712,2029.409019933025,1514.7983449843816,282.6520982832754,826.05243002857,411.84818081760005,375.2379695239014,1447.4900338435189,1535.3241180576927,316.7831733128734,3312.9784306386314,2969.1823439343493,2400.262960220712,330.66666666666663,24759,416.4358518130468,27416.05174107157,6106.956624692026,30.353736400604248
4034.5090068477525,3832.6252513577847,401.38969077841324,475.14192201672074,1478.664959254762,2352.3687579483667,591.8517689999867,2726.1036352400497,2004.2409705974237,1722.542141689878,1229.9824601456855,1856.1708194734836,656.5457958913981,695.4794574310838,1796.3436388073867,1779.2334348545444,857.3901666047204,3835.3592414367563,2090.9962397138297,1807.2646246234879,368.2222222222222,24104,414.1873066359257,26375.19621314085,7084.448698274237,30.453817129135132
4258.971827062212,3986.0968964113163,683.9251225582585,756.7891255549803,1561.7530464117206,2473.3674338187498,840.9212977536589,3002.590742184321,1705.75692636779,1442.6382750879873,712.599095806059,1301.0231372151998,292.0748809795289,432.93976519758223,1248.3670434933617,2176.4262100264614,821.9696254127208,3520.3242442071255,2246.248512079132,2059.196158596887,416.1111111111111,30503,477.55682015014344,32767.133579466717,7409.540056111345,30.554293632507324
4399.259723969607,4110.371063054912,821.6514920578658,880.3847540616533,1707.7854460048004,2429.2548206114325,890.0818623279939,3148.1260728659636,1607.3019371034793,1322.5915507470131,765.0737831565015,1362.6772170368572,293.1692433745742,425.16279850223765,1316.46872585113,2112.6444787072446,797.4138704857576,3562.664799334117,2219.6296010796123,2003.2044661876507,408.0,30371,468.8152915664788,27423.411070072005,7352.695836763865,30.654585123062134
4010.5073454824387,3719.2503489853757,715.28788281185,892.0829324427455,1311.3913919228887,2836.72866177649,1232.9633484746528,3317.072693138177,1274.1102716630842,982.4736450171298,640.337435996627,1138.2740470755505,797.09906368533,974.2578769997057,1399.5556801513305,2502.586206093805,1330.4129343100706,4102.464175805098,1733.4547484943182,1522.4063560683335,413.1111111111111,30749,479.76427314348615,28260.41429774861,7647.436397786072,30.75493025779724
4394.522252182899,4115.877528856622,629.6101713568399,630.858115395683,1495.4804828916886,2532.0335087804333,921.3734293931392,2920.510130413767,1616.551879083718,1299.049152961909,1007.9476202683633,1392.9709970542103,338.8287189608652,467.1134440619989,537.578863797393,2903.635879812762,1583.4587333914164,3936.840920642009,1508.8520184462252,1217.1701517270508,434.44444444444446,30404,474.9216809825924,26982.530763587703,8032.791177617246,30.855156421661377
4734.641962708764,4433.846968391332,511.1174174521151,302.2210889633871,1339.241443144098,2735.017908462913,1193.9733583076784,3093.00534082121,1344.337409695106,988.1385265899797,789.6702302503976,1507.5376275437798,406.0084079943286,205.8735147389595,1104.0626647296035,2513.16092403383,1366.7607336836406,3702.4365077793445,1610.5337361604313,1216.4378228187504,399.8777777777778,30061,474.95150159087495,28065.296052973445,7213.107544046545,30.956016063690186
4250.962100305975,4145.642957068679,945.4426491489052,710.8865540401673,1791.6199639357271,2455.295730525236,1216.735706190067,2988.7001443165127,1292.6704614215168,753.9709582524094,605.129033552343,863.5007720767615,699.1844968186579,860.8014407086639,1785.9053650541855,1871.5817290546904,1371.6378304264938,3472.296843498321,1613.5994628911155,684.9416146557446,410.90000000000003,30551,415.28931471460044,27521.26512465012,6577.108114703289,31.056566953659058
4813.002469727031,4205.073722962499,486.27210022355194,903.9315038805921,1904.1159491813892,1906.2541943569063,799.3391199414865,2441.8979925986528,1719.4014865542,767.2700227997152,688.8483337811746,645.166731395438,895.7951479250589,1089.0727232031438,2013.2339973869625,1715.39524452639,1504.1015148825902,3510.655327277409,1583.7293832373985,469.3448250019995,365.59999999999997,29889,423.74040617720095,27695.01039805763,6960.696906757856,31.157732009887695
5234.64440372591,4231.504970709005,676.5713527913341,1402.6230410919472,2358.625491536931,1310.601056196329,1170.828440621996,2514.2536357833465,1731.4883404491343,600.5303142444277,939.525646023501,1460.2465408077976,363.17901003373106,986.202133149731,1924.4965507651925,1038.2462241945077,1369.2236907410106,3073.5438810032592,2160.722772140615,752.266119106927,367.29999999999995,29403,368.9375960365445,24385.421786336945,6260.337155149503,31.257850885391235
5299.665891943332,4168.097888433156,776.5774267461003,1445.5979982366289,2389.2998988601717,1371.4482111762218,1146.1760121762738,2518.4443836438077,1718.840123385428,615.0030398251467,478.7833678123027,928.7502197630483,682.9370241047121,173.5720174200839,1044.62400112501,1755.2078782743404,781.7848462325874,2308.724945217713,2931.5125643967326,1479.9585599753711,315.6,29287,330.88543610620076,23550.552271061544,5864.2338873440385,31.35814595222473
5738.129919228807,3556.880596095937,1463.9505193389725,1543.1768171429735,2175.6738169939954,2168.244089622006,467.10191050931087,1826.859497040921,2486.497693886133,1406.095766567773,481.33490078487006,926.8836016699937,692.7429464325668,168.5002977913127,1034.5925432828308,1763.1683225982504,779.0936583209619,2301.83841887441,2937.9585081454156,1484.8037317251503,315.6,28490,339.48840727785444,23562.495795362345,5849.825859577365,31.458492755889893
6136.910924762096,2880.0913608895416,2061.970282374221,1551.1499040861627,1650.7170531853649,2702.162745008315,330.3482184855552,1291.8656269763676,2862.155049664599,1562.3808672454802,481.47012658001205,919.3021071018682,678.7883245613838,198.11418923210664,1048.6330116851598,1772.5872645931997,751.9370972856213,2283.100430994286,2955.1619482043498,1506.9872304244104,335.91818181818184,27721,346.89271260805333,23564.4879909046,5863.7726129664925,31.558512449264526
6528.091774571807,2095.895091093128,2582.071165859475,1472.4382527274959,862.1869157200439,2765.451720392183,1073.7205127023124,1923.997352164614,2353.088380681994,899.1111811220428,483.57446412530123,921.6189377107512,696.8508717872501,165.30270570572458,1028.4353811127335,1756.0664734848278,800.8878217266781,2329.760789989993,2902.6026332004444,1444.77799143141,289.45454545454544,26888,361.8684562215149,23460.343943260952,5917.256478674291,31.658822774887085
6869.768351480301,1311.141794833725,2943.651658872632,1338.1924230469253,327.6699865555798,2329.3262210684693,1479.3106620061794,2572.004835271697,1646.8558046638034,589.1207365765592,497.6733258456461,891.8091732900714,720.4604134534709,174.95396798959644,993.6697930580784,1769.2147870208557,830.8158068622217,2357.42552495924,2868.1291708071226,1407.7963358500542,309.3863636363636,26118,354.1610221356433,23473.694693136822,5978.900538006588,31.75915241241455
7247.6469352820595,452.5859565397158,3206.116461121289,1196.9360634983357,1204.9415856806659,1395.1763021959964,1486.6089180101983,2550.881115758522,2210.3759956563595,1539.2335338166636,460.88440576025624,1012.1963636133861,643.4353720717556,162.11622215981987,1157.0417704763843,1680.5422285877437,703.8399064966501,2230.574107204949,3053.3857881447548,1620.266256796367,267.0,25155,370.502669942447,23511.80743995345,6104.77254054874,31.859543561935425
7261.3131368734275,434.26385020592716,3207.5195016735383,1186.122911322353,1241.7168277525107,1359.8036752673966,1464.980735175197,2520.5013538884855,2246.5652641971624,1548.3026108368258,1121.839553618894,153.61373300698205,1480.0918971590943,718.8404276214252,935.5913583421665,1251.1919977267946,1525.864424623816,2965.414499372283,2900.376779156973,2177.3391604703716,298.4807692307692,25100,385.13326761580873,24581.017250912948,6709.331726112339,31.959621906280518
7347.91695670939,613.5692152684255,3012.850750244335,845.4550603336787,1412.6069094264412,1457.1352070135229,1027.943843824631,2210.1606087379355,2067.43222012383,1083.698090831982,814.3648668677357,482.29472498183287,1140.5317264577716,437.1161004323894,743.0845154140327,1574.0019177066376,1365.399488041164,2941.6042760233986,2515.1636228902084,1803.1761331397993,310.7692307692308,24682,395.32429112559754,23959.22404945316,6887.749550135133,32.05962371826172
7371.221680556932,874.8459637776702,2808.368153731721,578.6391092109236,1370.3007680260775,1730.9888814613237,1043.996802906164,2380.0996728512055,1791.6703868704828,1139.7024806985194,876.4880800858015,423.3377713918481,1185.540133015287,433.2462207446181,803.4229884425562,1526.8161104820954,1312.9935069933078,2881.985194214649,2546.568601906694,1759.9411726521166,338.87179487179486,24336,420.557534722426,23146.71640685014,6615.386108136081,32.15975093841553
7363.758336864652,1468.7652732028444,2254.9663926590783,126.66614828479857,1019.2045878360628,2215.5837477860346,1621.9105209084064,2945.1684702605553,1878.0529265857065,1720.7761265715128,633.9245708822021,641.9438876160254,1089.6456073106249,591.0471965833932,566.4324630359525,1591.323173175162,1583.2499742924786,3059.541849975287,2746.2192819217817,2016.9722650617666,338.87179487179486,23818,420.00202137547035,22844.32173860463,6723.190634140592,32.25982069969177
7325.614092789297,1801.5217697562423,1909.3635981957846,451.1446581497109,703.8684987169959,2264.2973414220787,1846.7849662620035,2960.5291992868197,2218.410129652498,1671.6955238556457,448.73898706814606,722.1307200389616,1308.1950920318777,745.5513119065511,840.3097254814861,1360.328334881985,1240.8488896461931,2863.4041362715084,2390.3027822569643,1922.0406614536325,322.7435897435897,23397,419.0439198428908,24490.66028572117,6291.388096044015,32.359992265701294
7214.5035039979975,2290.858655624124,1459.8780915252114,983.4112974663182,211.11800405632414,1956.9242737398301,1775.1912243269614,2476.293115811122,2310.0834863077157,1117.1184559890228,666.4246037940289,602.0125117821846,1121.8573976943812,563.3024947236833,648.6609129048472,1546.9747232376935,1456.0192283262647,2992.11904722369,2565.1362090708417,1955.7731067712161,322.7435897435897,22901,404.728881396426,28892.849126149405,6539.228169905903,32.46017837524414
7108.468173855664,2561.932331531258,1377.5243096141846,1249.4866987398705,440.78385952663143,1604.6008633915853,1464.9992993568537,2226.1072199381206,1987.036785092267,1180.3104039368216,759.6539873061281,583.7252525193586,1033.9256821543868,514.9249983088708,546.1902737715943,1617.3586795295769,1565.554641214408,3006.79825844753,2692.2593351281002,1885.560204810304,322.7435897435897,22511,435.9391328311001,33264.547737868765,6557.5020424123995,32.5603985786438
6900.300499418004,2903.659208301033,1642.2124632586672,1515.164162102952,971.9312860120884,1270.2594899762908,1024.018457525589,2526.679606796297,1707.8923120318063,1707.459414667983,1384.9386169020227,1192.0938834479068,620.0187843479514,1247.2857591671025,949.544212694474,827.3014030912881,758.8172970285742,2907.4713076382322,1910.3173652577937,2694.1264087901873,306.45512820512823,21982,376.13762526458413,23823.274975047832,5746.615240414401,32.660547971725464
7053.639119810061,2788.007639925359,1376.043500814354,1530.9033712297314,823.0481511283962,1174.9242878856237,981.0778072109488,2251.4399026024175,1463.4996560955992,1791.6939692138546,946.5317383343363,668.0006636835452,730.0473670743683,765.2966660427356,420.928581380925,1236.3575495084833,1208.5950053786157,2466.705114422995,1902.9835723060996,2457.3763332144085,306.45512820512823,22283,358.8752544370402,23282.425587947044,5266.408844239442,32.760839223861694
6903.842505048568,2804.544494677565,1608.0009697249054,1376.6775284633186,757.5682352755157,1390.3861169014447,1192.6503251577267,2234.839372942645,1638.4706455693615,1580.229861515851,777.1368886075887,298.3411725922069,858.0286106538427,712.5099903456642,304.1263202689488,1325.2493264636198,1285.7610173707862,2189.1725226635017,1564.8710539945935,2786.096043305832,276.0833333333333,22047,316.2992986428691,22903.94482744175,4900.79321052104,32.86107540130615
6562.301151726095,2750.5813183166847,2042.5121157268934,937.5348361435553,478.5901546325883,1797.3009761774376,1575.6279402951354,1796.4108781052698,1477.0248637810519,1819.8443814045818,814.9922331766707,415.7427725495099,805.9276299531045,702.2873951996253,292.37721344137304,1295.5267461529131,1260.5597872775527,2269.83792179372,1680.3398658686838,2670.041825097498,269.08974358974353,21583,316.44256659437076,23003.565086475992,5025.394046689347,32.96119952201843
6041.994428411535,2602.169648910458,2539.6549949268096,328.1184507481852,324.3471960976929,2020.7118657063977,1676.441857894492,1465.6192117943208,823.8444247232983,2372.539890508576,790.9020704522351,251.89323616927615,816.414483340114,825.9404682092269,435.3126451240869,1182.560958338708,1119.3970612400465,2356.8210707703797,1607.6339074100852,2736.8971851211118,263.7692307692307,20932,350.22288321803745,22773.664557124986,5150.47343936303,33.061518907547
5474.490968259237,2405.460419969013,2907.8405181722164,647.4284339711245,741.7649862774236,1836.9594538854012,1313.0508559698571,2034.3733002934712,1035.8537491557272,2132.5487134926207,794.8571273628919,244.040388426903,808.1926895225137,845.5374262610935,453.00516149396685,1162.938399756693,1103.8339707790894,2373.3974185877078,1630.6995523676617,2713.596356219453,263.7692307692307,20259,353.93926775918675,22732.25277486659,5120.533476882556,33.16164445877075
5433.282035110158,2386.1843625607785,2920.464112073224,692.8016733107312,762.0960609346921,1801.4073022241248,1269.8724818623389,2071.069911312932,1078.4525695371203,2089.4451678269897,840.9636522104689,717.7946058823221,1327.7623161440745,414.47238719385695,547.5074323395694,1633.5811999543625,1342.66215580789,2399.36586660127,1367.7572808576303,2985.0906767555166,264.41758241758237,20221,390.1562632012418,23438.90850459462,5771.251703112434,33.2617244720459
5106.018661594899,2160.2123939730636,2858.337571540882,971.7323119884279,704.9385283972035,1491.5789611972993,1119.2028621400507,1937.7482564378656,1023.0836233076063,2193.750651138177,803.355726905366,508.6562926410514,1017.7991892304751,420.46073124170556,237.87299584299535,1650.6795584469562,1508.6870931331523,2092.0448370592244,1085.8003530720794,3256.7917160975085,290.2857142857142,19881,405.69166437815784,23249.661228713037,6145.380386089154,33.361955642700195
4803.899758346112,1912.0702936184266,2694.0163363481674,1127.3934970295834,545.1953843904593,1495.078454261321,1356.8591343810012,1640.1155760550203,729.0268101274341,2458.1116022400415,775.7549219367914,522.8507117084829,1094.8682302116765,484.6279012886819,279.0326894436227,1564.8496809831438,1458.5932832227109,2076.9139508813178,1080.3982555125058,3267.153570032928,309.4285714285714,19570,454.4319012667829,23291.213714727477,6052.850861058936,33.46224617958069
4438.487688866523,1579.0202093009873,2407.7375052312673,1221.2048497056599,299.5099870314932,1806.2513543142607,1707.5968430633989,1530.9354525194917,647.3177605662921,2419.333917058525,837.6231524722745,540.513820378111,1015.5989235152676,351.9189214865609,290.71563970006395,1676.7328175920427,1480.9330202093936,2154.882086254277,1140.0756466194828,3203.0744829542973,289.50000000000006,19206,459.94511673390457,22574.15583781082,6124.2993348431155,33.56266474723816
4289.541899375794,1426.8827431928953,2255.9841075577915,1168.488812703588,152.72842202830637,1923.6327853403209,1686.0986858461915,1686.6106448723199,794.1701856563243,2291.6861268896732,681.4824893056705,447.8964062771831,1054.135960044744,695.2377638952821,114.44137039254097,1722.6937788163184,1733.819328407089,1975.8010731741358,1013.583650660367,3266.214569363847,310.2142857142858,19062,470.1568504948312,22341.03960061627,6173.331688718131,33.662774085998535
3922.842982248432,1043.191230005345,1875.906440386318,962.7718825152981,239.2630792192522,2069.4536747055377,1434.7000921644174,2003.4406851190297,1018.0532178023024,2322.298667657253,970.6529380481892,718.1168928727046,1230.2040152428065,429.07015067450345,484.6821982668048,1353.582719431215,1435.149934524419,1839.5799336045457,799.05635050662,3527.3389120561797,299.2142857142858,18654,473.85407727388116,22896.811834851753,6286.706202505033,33.76298642158508
3708.566303818521,843.688695159655,1716.7684662688976,729.8975795674993,440.67615387954277,1901.4844245742693,1207.5935681509113,1850.8102582824822,786.9405057427578,2529.6215993472097,638.4490896842909,335.74591303394595,881.1215476464885,433.7503655107957,287.81688890108416,1677.0772914616505,1331.7466117240144,2125.1569393487634,1010.0652220130404,3499.537543348478,327.0714285714286,18428,469.45983094271423,28243.76329172158,6266.8525362822165,33.86299777030945
3615.537040890434,776.1625074405785,1674.310810145794,611.2741120100214,532.6614642898386,1791.9232328506148,1146.935203051271,1734.9117852136303,649.4448473499815,2581.60684860854,821.4951286355158,547.8907457202589,1091.1151371676974,553.5174328728822,130.85697390474832,1741.5208355118295,1475.495533581963,2227.2374320586896,1140.0962176618607,3504.4083827707077,309.35714285714283,18280,491.95527382896955,36293.72234371885,6176.652404741109,33.96312499046326
3367.8884242994513,856.3078735042806,1869.515010044102,380.5604382386371,608.7037986578619,1541.519659644158,1561.3981281937731,1695.66218329206,951.2473024616054,2185.475970432384,291.7666539754267,416.16217187529827,604.9789390494205,383.4854755439483,1074.1611724447962,792.3878467322397,1831.135882228056,1496.602204524533,1332.0329846859645,2548.162313178955,286.99450549450546,17874,426.1968957230945,16942.315246245853,5647.06215140045,34.06325626373291
3742.3993274153877,659.6816437641637,1274.4871391817537,688.9419032826307,1076.1086798576778,1434.0080810655504,1133.6250639469915,995.5681252113169,615.3160249351183,1984.4785486898268,321.55320357122014,179.5117415921748,471.90613363299417,306.69488605294544,983.6831104912852,944.8311173462712,1560.5972341843049,1213.6471613458314,1114.2808107519713,2544.497445782606,283.445054945055,18617,444.9395325471738,19975.33004334274,5760.791167614494,34.1633198261261
3797.199094042852,676.5285145629657,1175.2661297056957,758.6519257490671,1190.6933020288714,1376.4437938646206,1189.8496976275617,888.4558601181516,713.5797957850108,1888.4128914655414,407.43006325402075,3.3212895523883508,540.9135874906812,269.32088588093063,819.5367852193519,1182.9326590548112,1304.3884386887296,1248.5381570231016,817.9844869988553,2818.1677790030267,289.60439560439556,18765,466.2620537147352,26287.686058973944,6389.1149448640645,34.26352071762085
3903.752001242518,700.1994119718948,866.3213400898074,803.2793893096534,1392.1423247754424,1065.2732373656488,1488.402770729164,1036.3523389047923,837.4996466746205,1912.817840092293,840.2611936797128,453.92867337685004,416.4814146471045,732.4632453425695,1284.9829328027697,863.4284125810047,1734.8477432417276,1159.72199755895,1323.110878754743,2566.401099920781,262.69230769230774,19047,444.01877752415504,31403.254126354714,5948.961549477094,34.36367130279541
3843.6193278947344,762.783277815427,1143.0960807720342,929.1728629945372,1413.346045073719,1250.7841568911017,1450.5111565618897,743.6680883390898,1075.7761039780798,1601.2334474664356,83.2597173950367,357.23257564774025,942.9858590299057,487.9176497510689,701.1751076484276,1656.6784459469297,1096.782846591027,505.94340384418507,1565.9533010932093,1866.494848182258,233.50549450549454,18764,367.31361923330473,11790.38821249642,5030.479291539306,34.46373462677002
3864.4522657793445,586.9593162759602,928.1433024251291,592.215918576756,1125.9107251275393,1369.6830314138306,1133.6110507105823,819.6530879954327,861.1984194789289,1611.2186298033591,627.9227322694223,203.77183220518447,412.287844693606,372.12056493026745,870.2247989691449,1231.207772962571,1186.5288841412912,984.5587659434009,1098.133757007408,2295.279692126198,251.0,19125,354.3264016376173,10606.847342749086,4866.307991270176,34.56395936012268
3869.654557096378,635.607421252002,931.9425752187418,680.2163152728211,1213.5607456961252,1284.3708203810236,1214.227457661511,881.456378731777,795.6516626081635,1693.187511496463,650.338184162767,230.91618079393137,392.20710583928843,406.8187332948541,912.924128472095,1180.0189366704863,1232.5736493618901,1037.973563217507,1038.1994025926995,2366.684652860371,248.9230769230769,19054,377.5386887948411,10977.071379948613,4958.856526260473,34.664294719696045
3849.626646514742,563.5406405228002,970.8883284263269,613.2308556306829,1152.42343974253,1348.9114901351527,1214.495687266104,812.0438988651623,857.3126704978373,1687.3916572045441,667.6848217055999,217.34397505422749,406.32974341825326,321.95776802448125,819.8795102164992,1286.6900538545042,1214.857670332576,891.1127845795596,1179.0893120422465,2338.2744918543085,254.07692307692304,19126,370.5896971967622,11445.054679262701,4917.215540613762,34.764334201812744
3939.8041025258844,782.9262648739066,790.5996196452811,686.2943573150613,1156.2949468084719,1398.1437019763728,1006.9591544471745,752.5225667959135,1006.6784216761689,1462.850595684824,838.0665037776726,362.62707626888977,322.1611515565997,192.69696337874367,653.617863180749,1457.5907011814872,1088.0070715270908,717.2340296057534,1356.266786303261,2240.9575215791424,246.5384615384615,18914,365.9172642186252,10199.177385440566,4939.098024155621,34.86457419395447
3858.498777277332,634.020219721686,935.5790614261026,725.808968446875,1257.9229211880975,1255.0748763883112,1129.2103360720973,902.7954844463617,897.0186011934329,1453.6986002424776,384.04024503076494,434.16365677533264,562.5715634348511,754.4975403340927,1154.011612868104,1214.7834222922058,896.4554480068359,976.0667981613938,1507.271539898708,1792.4341898453388,253.3131868131868,19042,359.0685133544718,11004.387685751655,5021.364700395914,34.96492052078247
4059.8315742220925,919.0811447805911,646.0951767872283,508.8684549340827,956.5460712758097,1520.404363063088,1183.7574039150597,799.1582767985291,773.8750285789955,1766.0446788855509,821.211747700064,293.9407860881322,478.40574162568646,256.9609515263678,844.0545080471136,1196.2992204702075,1412.5217493774267,1166.2917095694918,876.808700393488,2353.8125486535178,248.26923076923077,18768,380.1069061227404,10858.045708759015,5587.2337888195625,35.065141916275024
3898.263825201489,751.1413454289369,808.4961656905449,707.9406575978188,1126.6748971944285,1486.1660432851272,976.5699411058303,626.2555169894226,995.3674018410811,1735.9316181453244,642.9321556748569,197.80100213494924,418.0785873035618,445.04940356538657,906.7354785653193,1301.7779708937458,1005.2879780982591,741.2952051520766,1329.491572962568,2418.5980478182873,281.8186813186813,18945,379.784409746998,18467.92146938728,5741.576441821589,35.16557502746582
3970.7241392757182,805.0981880486078,760.7127330700096,621.6753787780553,1093.9498603045356,1434.034649834919,1060.0584763402535,725.4524467468057,946.9282966589547,1633.765833301133,567.3444675393108,448.65200669854005,152.31131585587764,287.1334924597056,639.1906893714395,1371.015942942355,1313.6739333395533,1048.6275632818956,1078.3569138610205,2170.810133635484,268.9285714285714,18889,364.89060376805696,13282.265196673783,5248.370103074361,35.2661190032959
3421.8777051180236,829.9228075462182,945.36528664289,1063.6092158330507,885.7475980875896,2028.1999107299018,1352.803693420464,1003.5532826365863,397.2650464327046,1825.6725247074335,648.8755724946958,814.8975943018966,237.29698638211954,429.2705177392099,322.5033927464853,1564.806022107108,1648.6685616192547,1358.6835992486308,827.5624280996494,2063.0088547710848,252.9285714285714,19463,356.34231780195364,11194.06986362982,5326.632882432228,35.36639332771301
3276.3834601538388,946.0518790213574,957.3591020903577,1103.394926432947,751.4560634769875,2060.534363379348,1478.9383271151125,1103.2375380403967,388.36478638246774,1660.3911641188736,505.52237931037456,382.90006559680353,315.47408953058795,553.4320559409023,540.5506690702755,1739.386513487887,1453.3135633459935,1183.812053974945,628.5411403351002,2408.1322018752635,292.85714285714283,19620,360.94134136570585,10843.682355500901,5273.328376409131,35.466516971588135
3186.4366949221035,1025.773134282615,966.0921066925088,1124.9337808120563,660.8437200701978,2067.6454085709406,1552.593929391603,1160.5911655292252,446.43267922499086,1546.010703059549,517.3540464744264,383.6972224217608,306.8681956150801,551.0472616673013,578.6751732891887,1776.0065268468456,1473.619550466145,1245.0363762432423,527.077824107607,2325.4760610214644,279.34615384615387,19715,379.2329720277103,11815.350491029065,5032.333339927742,35.56691575050354
2772.5598931227764,1440.555252412346,810.6914276769027,908.8660926881611,484.2018071163973,1656.8596181192377,1237.0605009566834,743.8537675176242,688.389720557192,1978.1037559094855,616.0895589081126,558.1495758117542,132.7938841679722,332.85515389159895,751.047828551449,1610.4064417178595,1200.6471637728557,1042.3020881771245,543.5633832238912,2630.417830885863,316.0,20118,367.68380053388876,11684.71163922375,5717.893142481224,35.66729927062988
2596.5840511765487,1614.9407534642546,737.1080181166928,783.4907216964359,595.5454380416237,1505.695629744746,1063.2883358416696,623.2951571638292,682.7649335851299,2067.634917956689,648.7488862809062,506.1114042840543,229.92616051499587,466.6652573705377,684.5860967352845,1741.6298427940708,1406.4755862509771,1131.8611269476314,685.7454553327537,2567.3041676980356,279.8571428571429,19111,424.9968007357924,12170.558248158373,6043.185219265987,35.76759719848633
2206.4773644191478,1986.4423568099787,502.49975510867773,367.7816278134389,1020.8239829170666,1594.1103216114634,1026.1128050656282,976.0968321012732,245.94369950707505,1653.627375545862,392.95865130370527,930.996776435183,641.3880946626807,486.08276272930374,1040.4292222583456,1190.56836068088,779.642782403803,1275.2048780568741,337.79521739271394,2225.2916478461334,268.521978021978,19522,354.2922373267363,14759.696816924694,5188.746882399798,35.86783027648926
2596.2372106855105,1685.451396379966,873.618055081115,815.8462010426558,793.6291708378786,1166.314102207874,622.4733513420298,712.6532180189932,565.6534351864169,1898.999483752832,385.6295219818481,566.0843921690281,418.8830415433284,487.196499591087,650.1423448702611,1062.0447493776758,648.0722981647964,879.2307593776802,695.5378313941211,2643.012753886467,249.71428571428572,19081,349.52714184762533,11383.241667088425,4774.631939410928,35.96800708770752
2620.539179697706,1678.0285659613953,904.7160555216516,836.0839756141532,813.3480919880379,1142.8334801141357,598.7098994854824,742.2972049389922,546.8282413923423,1867.1029553781916,381.6744065162234,571.5097226693354,412.88813087401917,476.7327430184915,651.6356719173557,1077.6964909786714,666.6036631698894,875.0186559623868,684.2897459630361,2647.0964704691864,249.71428571428572,19033,339.30598207263546,10821.506327742029,4892.5669540963745,36.06841802597046
2726.81464300908,1686.71923089561,1039.6304076425363,882.6637652340565,957.6434761240122,1133.9557568045993,613.8001612345371,872.2769730597629,398.9849803797373,1772.0509551892094,515.3352118203951,422.74064867255606,559.947197520028,655.3525175071263,761.1141713566685,935.3724403974629,571.8625312114332,1126.4587247288334,445.22929599585007,2398.218468873565,233.65384615384613,18901,328.24585874311765,10742.818934960362,4819.672466581573,36.16845893859863
2548.6628591669523,1582.30730861349,878.5798137491586,1008.3398284641039,714.7291863969552,889.3947378648472,312.84475793070374,983.1697299590763,521.3827001406554,1524.1806298792192,576.5418505152762,328.08915965671906,599.537094131476,759.8220646886615,728.9534442810294,770.6765179810908,400.8388254729826,1246.3966783759067,486.4223472414777,2179.0385680931104,242.0,19198,330.281918164228,10798.08758503486,4890.684449640706,36.26850724220276
2495.040118468501,1508.9654418189502,902.5543316316842,1147.9949183965487,733.7314908734612,741.436995507525,216.2289685948619,1131.162162950888,441.8717567393216,1426.4437493674748,338.4509190729585,517.6610145693847,373.5098606917156,710.6405642938194,518.1992743671198,640.9016925819691,171.23776476818605,1370.2393038581663,598.307453429325,1962.8142254429206,231.23333333333335,19369,316.497714960845,10575.292322022646,4670.882015461148,36.368597745895386
2506.2822108790733,1550.203901363931,866.0683335216281,1092.561951660357,685.8639071197483,769.3234333120085,188.68509997982954,1122.1450891201362,497.2766873658283,1384.1836972731974,213.63452975138807,606.5983103711002,325.4842689345265,795.6408921148173,521.2238356651069,516.4678720710524,176.22343788805117,1477.9795942560445,505.75473686702236,1989.5770453382347,232.07142857142856,19290,322.6738821394664,10460.171923357597,4596.228049914526,36.46887826919556
2525.542155231203,1749.2994810848445,674.3361914880331,979.4412311460885,474.02304632187867,706.1226869212185,32.127618912245644,1326.4048242369338,521.4595594408386,1262.4208374300322,331.11182033486745,565.8148347364346,300.29581986438,670.0683192372629,407.0256290478896,589.3274492461641,43.782387938268094,1541.5425627536292,617.2890204198629,1848.3529411258196,232.07142857142856,19087,308.48451024753876,10570.200360639301,4471.469234136312,36.56896162033081
2533.3221864227094,2029.3896159572726,395.507873600786,1067.0194742247995,422.53673736219355,472.8267902129042,284.4356410746185,1508.0471226737404,298.72317112061444,1512.6238505405151,139.2070142464081,662.8548663944409,329.8211831732079,866.3124716381109,562.4263125104836,436.9276806005244,249.6964256639841,1518.780084399608,421.38205136555536,2063.0991366707817,232.07142857142856,18804,298.0793299823173,10369.857905222143,4744.965811940731,36.66927218437195
2529.030452652449,2286.5201579167133,164.5978305122909,1303.1341509319896,650.3622272886455,216.61622285967462,458.6247738375737,1418.489829647135,135.38508669664765,1652.0118026828902,146.60561165766097,664.6340289516553,320.3085815154161,864.7948157025512,559.1708810584947,421.7010253953688,264.1745328602765,1527.7071443026857,397.91960075571245,2091.5850427935798,234.34065934065933,18529,338.76857144331996,10699.472474010512,4795.463317836545,36.76945924758911
2515.16146767176,2389.9803208116055,180.75230400736723,1419.940536868172,760.7859491220522,233.97979614754718,441.79720015878706,1299.2709116731528,254.56820867104187,1543.3951107066637,186.45296798102086,638.112294443116,284.5695215487617,794.3982823039737,472.17661452508787,393.40371405242774,284.54395310298924,1659.3125234168847,279.32298410010014,2231.3612064428225,256.51648351648356,18430,337.9752184637069,10406.468663680058,4773.398738638713,36.86957144737244
2459.9837541680363,2642.476276238333,502.70516766678725,1681.3748577009055,978.6006512724458,575.2459998014745,257.585002149352,1210.174973731621,501.2661040011712,1347.9315096170515,202.0691131454301,690.6407773067059,297.6516846336333,886.4590515573339,578.8032754498681,486.5955832693682,161.58927067840784,1585.6031144152357,473.28555504526264,2082.9943767370305,234.49999999999994,18051,335.06792409575667,10413.399559442518,4654.388712272753,36.9700083732605
2550.9834279645097,2498.6515088536144,219.26539993420081,1619.643021485801,1012.7238554687245,422.2135722414972,549.5810616814947,942.3952332227489,666.8835519577527,1086.2498558681878,731.6945975575039,1123.0999041836517,431.3680755856548,1344.0176914169265,1067.6969429298317,725.8470036607282,542.5079147458637,1199.403587230569,935.4988711251084,1658.1368325058158,246.6428571428571,18383,305.96220899792326,10962.740078301013,5138.35991730998,37.07020449638367
2604.9640487539364,2495.1692800981723,200.9095884797181,1682.9282425210952,1107.7314006996603,506.52007801244014,595.4037377541442,893.0588805439774,724.304063744808,1075.7062662532726,326.7473165519879,240.4214836112955,455.6702541277971,824.6466089038183,980.7391219076729,631.2468741423804,1161.979601176034,509.00516615509304,1474.3495431535966,1022.9363077755289,226.57142857142856,18468,288.1426825806475,10098.671815214035,4650.078827842579,37.17063903808594
2345.9522614486104,2420.156518446624,376.83111108436833,1286.8856025193359,732.4604317021176,164.59460334046815,853.5060375109842,736.2981269656209,1005.8722887446396,688.820349244028,282.94244435644407,641.0529037548508,134.46519520035596,788.0603885637238,661.3052202231959,269.33152913943104,925.7099269086157,774.7561870593412,1320.1389686259597,999.6541102475956,244.28571428571428,18047,263.59977841292965,10607.715572701418,4238.010937130699,37.27072596549988
2150.9838773077267,2328.122868535075,624.0770905414518,974.8917621897184,702.7750269276202,410.44888957544873,1164.7609017768666,463.428336537826,1297.596178519975,502.6096289317849,233.00689438475865,442.3865676329972,248.60807671296763,825.7257242580414,838.1389334007276,453.09855638477364,997.7483845719511,660.8175489293864,1372.2545601374597,1006.5732808357852,233.71428571428572,17739,277.63251980517964,10470.511114742952,4426.210938562277,37.37080192565918
1902.9330138871412,2140.7945657170712,875.2138940363579,793.9246029722118,1043.9084559939272,734.561735346064,1265.6191707195487,337.1994759587686,1168.6175930672503,887.1918170135036,201.58947634355957,475.0483524663402,269.80313692747575,751.8799335818811,842.4998633920004,516.8183169435948,1061.619615872586,620.1143986254662,1345.3992802361533,1123.047934601918,250.7252747252747,17353,287.5343010065456,11915.748521685102,4612.659373403887,37.47118067741394
1833.493823352997,2077.7941924864995,931.7055749769266,816.7400767480412,1140.8718494588725,785.9661470310937,1232.0018722403422,424.69019967078367,1081.1205547540249,939.5311006366625,262.52152543646764,501.09519358396847,156.16764753442843,796.1078157172659,685.031379612179,371.88646609459414,1163.8795198117955,452.8352477877916,1620.4414598126527,1048.9327983257604,233.32417582417582,17269,286.57513908018166,14620.4678890726,4782.86619755048,37.57121443748474
1570.2679317446753,1789.2652386895622,1021.508093506155,1130.8653293728541,1319.193208699118,679.1984946644254,881.0174036933751,656.361262637309,1053.080067031044,591.9414925320441,255.7129657971273,566.5694583166006,490.6809603514288,698.0279398019524,1023.1751355174243,628.8770532116378,912.4450230961346,784.8547310471041,1357.8109501792844,831.7376191656832,237.15384615384613,16907,266.6036203303013,10575.07719246128,4366.6100916462765,37.671290159225464
1549.6733407331822,1765.331278932484,1019.4658612429325,1154.1485099913707,1313.8681895589289,657.7670808519132,876.7393891689234,645.3217054926223,1073.5406746224735,593.5984998317085,283.39243399863614,587.0084506887456,180.67034280427643,610.7126599781271,737.3226064383168,644.4376129274012,1234.7127808393914,609.8610404239,1238.4980621131385,1140.1597211448122,221.76923076923077,16890,263.246387990328,10185.91733253839,3947.571345796004,37.77158880233765
1261.726984246146,1429.8372206933773,917.2881710995927,1398.6886435695378,1079.2621561010783,357.5330150295782,1125.2871049444586,311.49613049837103,1213.8406218288283,913.3952117397164,243.1873520384249,551.2972260271856,203.74417511723541,653.7033190204172,736.9948184368347,582.0622810752775,1221.7156258630214,548.7067443794302,1310.786183900273,1165.8671448393357,221.76923076923077,16554,264.2964917324098,10299.019582303035,4047.662493305295,37.8717405796051
991.77129647233,1137.3904741904169,777.3136603910435,1505.0418616712086,771.9194514329968,485.4416467007768,1403.1378345719854,336.8115393284475,983.7039708548423,1013.6107751374785,201.40891036719347,504.242596169047,204.1450017472437,710.7914629242019,682.0115579536746,561.5813924416083,1294.1713844843973,524.3346562109401,1260.1980516916303,1220.3534170602018,245.03205128205133,16239,252.7747231134726,10406.774721565545,4218.392869890561,37.97212791442871
790.2592662098302,969.6728220347323,642.9183143257866,1486.0171165169365,605.5371489851215,710.7348548306196,1443.44902977206,558.3171065146894,797.7350561262523,831.232905580983,306.5363849740229,615.9693850774953,234.79172418105662,606.1204718361319,795.1739124249328,552.9982840795064,1187.9475030300378,484.5972971595942,1372.6829349795803,1266.082525020967,223.4871794871795,16021,246.9873187192581,10348.512706296218,4109.229529140452,38.07213234901428
480.8485894026912,879.9483617921543,402.62464405756185,1304.9109376070408,727.314684293204,946.8743963708368,1199.2290400805907,710.5287443173258,1021.1937179768119,674.8943868327575,109.46884440773809,405.81880099942146,121.29174673725157,715.2860364785097,638.3014842343391,741.4756278179192,1213.3620524796713,704.6339324200857,1337.3655445538352,1067.6063097345912,228.2371794871795,15661,241.87881030088545,10469.92357532098,3791.1001456279137,38.17213773727417
358.82704955363135,926.7700777422586,298.0824972981557,1179.2024138351205,872.9773701640124,950.8672448797128,1053.0037897880384,643.6742172614712,1143.645693876137,822.6929671180907,189.1464522873422,487.0734166044274,164.7280131457022,703.7217541027044,652.7052607609564,666.9248957309901,1260.0165976154317,665.912420247151,1278.3392387880212,1055.8843584574054,224.24999999999994,15513,248.4055684267657,10330.79273726427,3759.2249758131047,38.27233171463013
194.7713029480562,1105.3772739841368,133.17284009737148,934.7268929448277,1077.8737572147247,778.8348955283599,1027.5442878444017,403.481344366129,1053.7530692304465,885.233390691904,155.37624493196404,465.9381990256061,127.75477619598044,667.7264356805532,693.4458174220969,648.314891904346,1235.4768114637716,614.0270453610796,1268.993118211067,1080.4661125129667,224.24999999999994,15280,248.35271925260182,10610.642377158249,3820.869120865554,38.37249779701233
197.14625212845428,1272.8698698546966,153.3437693952505,798.1680435701811,1153.8313779994587,597.4058849013717,1184.4317328228913,391.1488851043007,867.3152291264847,736.1534873865226,14.84615276439575,405.8974480068648,42.49172052475913,527.5356443103587,845.8099847974556,560.4043967648107,1233.021954916829,483.79531052441746,1152.8501141282964,1048.655421469993,224.24999999999994,15075,211.72586157554946,11095.842965071635,3549.830869816183,38.472649335861206
237.91584652323073,1361.9093756839175,188.42434612187068,806.4513074664738,1111.0036058848525,568.851486198404,1237.9182546785032,479.54260864494114,899.2414206293774,729.8992743255218,36.56965987176556,425.9614380978791,87.1581905664966,499.30355293142065,849.5896771898439,517.4412054815749,1292.7565970989976,563.2605641236815,1168.729687986575,1033.1224274862545,224.89393939393938,15023,230.21308673055916,10967.318970426448,3433.723227293116,38.57285261154175
226.77736498486883,1333.6448704561901,193.40875139638644,775.7015456164236,1148.2615386913499,533.6840947218108,1271.6424208878736,500.42724199364034,862.6757939460779,680.6627751281823,92.94402129294983,376.6132502515179,38.670099102614095,564.7070340974146,872.5687163722318,571.5342420629435,1237.7964447818133,469.6205077536591,1055.0042838908093,925.9546811965648,234.4545454545455,15010,234.34586625967847,10428.016500302074,3528.530799069562,38.673094034194946
308.57427432831,1466.635066863383,194.28710858325599,937.7833759708404,995.1491439276904,701.2949197832953,1104.1934400368561,353.8921038071684,886.3595812913909,728.9119775150331,69.62996216717016,475.9721565741337,115.35386465611246,580.6938940164923,745.0368844059084,644.4085665243373,1148.1274877306398,422.2067471257429,1175.9517132617425,1056.0542953029017,232.63636363636368,14890,260.04283694428125,15794.926546089984,3846.721891589121,38.773300886154175
421.3756400621756,1206.9643068036746,552.723654658052,484.66214796481484,1300.5473269759414,501.0986137181016,1508.8409923996514,858.5177390546341,1364.4861552851783,1208.1599540406826,156.37950811993733,486.8399338943807,294.74385105439615,399.03420206024595,896.0628798174322,554.8152108588613,1479.9724942334851,936.1512946546478,1743.5345928234333,1671.9613863704062,221.50909090909096,15370,221.8612016697032,22368.363155055107,4377.5331838949305,38.8734188079834
449.0350570834551,1202.8717475386863,584.1771699474273,472.28505762328166,1310.798338946877,519.2788322014559,1520.5899992305397,878.7699999031906,1392.5081711172074,1236.4439175198565,714.4293621841737,1059.905766731531,649.7801972435846,975.4980354636965,417.2608968834545,862.8872254401945,1087.399406269896,495.2255292023567,1131.8717837290085,1132.989411014882,214.93636363636364,9439,220.78603029042972,12035.247228636148,4070.9699466926695,38.973594665527344
1272.020441796261,1655.9906554314434,1364.1215517163175,1131.6784007543247,983.530058414697,1332.1904418922725,834.536110206985,440.45992802442487,949.0735757238722,577.8180966309151,436.56872350786784,802.2324372482339,576.4492206776838,820.4233435281998,432.1369861773003,1035.1870961532145,837.1964626298867,240.20202825211376,1042.037572199461,802.1244820002528,189.67272727272723,10242,213.43901621116726,14281.858248981505,3749.1391672292784,39.07400870323181
1586.2315117408064,1944.3912297061481,1614.8374415770725,1437.241852827626,781.2635389681194,1497.2438546456435,539.6912282892334,213.59429879250072,642.6160394055926,355.49376048043115,394.3549393904775,759.1705452899411,559.4057818159741,783.0652743955035,480.90810847608316,1030.2340504756962,859.5274362670672,293.71730024965666,1100.9653240476766,837.0773561552708,222.76363636363635,10580,239.28672023458373,17154.632302545255,3675.68406753607,39.1744327545166
2125.2391227176586,2490.246949590063,1951.3684691654355,1859.8083033185756,289.83398040073496,1461.6265739695486,724.5916556414078,337.5111969637473,798.6470636983305,865.7989020123855,338.87365026029545,780.1521145449373,767.2488917610402,1017.5739224971014,226.8360750097291,1168.032002648097,817.8532008790639,323.80910062090146,1081.4569526076066,1138.3334431054082,160.85454545454542,11115,206.73750245127093,17958.487122929353,3449.387854123288,39.27476763725281
2034.7724240332393,2397.9364342186645,1919.166841318332,1821.5620120658361,384.97056812157035,1524.424176864911,628.3207229650467,301.00314890723,703.1592429465996,821.1379881244043,365.0165477582257,683.3409800248469,555.7771201077818,785.6058330832838,537.1714207372709,1355.833574253359,455.72231675557316,211.24373632037546,596.5209067514356,925.2049136958952,199.45454545454544,11025,176.41762608610927,9706.8793791331,3264.4396216429486,39.37478160858154
2431.2675752281366,2774.283774925389,1878.9275461446623,1735.5357170650238,326.7962706367554,1104.410366649545,832.4846574611482,190.43103625793321,687.5326869662949,396.2656302510563,447.1150186350069,690.7441248378066,436.5811263139807,672.0918428975284,641.287375945325,1381.7596013596005,415.3543144282987,258.4005769895667,525.0262852265832,888.1945957634147,165.45454545454544,11457,193.45857286524983,9795.222368299359,3245.2777035273452,39.474952697753906
2783.6086155819253,3064.5281511021713,1729.8999289976807,1490.1793265764613,729.7779925947576,1082.4379889644335,754.6983278810479,377.703224867492,329.735624813952,509.0129719963896,376.3977954698831,836.6958998897726,663.6649781469246,817.8841762296175,536.2451989703035,1128.2563835758635,640.3727217268613,307.57607733479307,445.6211804529417,763.3607910632766,185.63636363636357,11869,173.69087759333348,9560.085493139324,2889.0281299306266,39.575167417526245
2881.157874997134,3130.4435760411743,1658.3279337930005,1386.3811899114019,830.950561455683,1180.1694045976647,668.9343528134935,399.4714779903454,227.15378348369535,619.898862094503,349.6753293472361,712.9606855979617,633.5822721989158,866.6579384677601,417.3247936527726,1112.6605092539637,720.4470310087167,236.74922184802307,597.7541064557875,585.7158065565783,182.5818181818181,11982,146.57772468202035,9742.77519909478,2731.0300793952056,39.67557430267334
3053.475671129938,3195.463584329534,1446.0138813099409,1156.8367835969782,897.3735106645398,1389.8699778194211,468.74215792317665,208.95646193614297,426.7803381454946,512.7090224175852,354.91963250060235,775.2358650424111,654.8584785869479,852.796930766158,458.46174612653664,1098.4514691804711,706.822428206406,270.92078793585296,548.6191840125448,623.0435773364129,203.39999999999998,12219,185.66824983079022,9827.238119449044,2782.2096743769125,39.77560353279114
3086.682357475564,3198.358546836736,1396.2850218185229,1121.5733000323673,886.8059251730928,1407.5748857658143,472.0130841162595,161.53841706959668,462.68191164125153,467.35616082629105,432.3956583395032,934.4464639208989,668.9566844960051,755.4123684692274,627.9281710237815,1212.673876480257,541.4556664641868,246.63729861844695,534.1916204066165,716.4493401751396,203.39999999999998,12269,163.2050705651913,9963.53531137936,2977.025442697134,39.87582516670227
3094.007125272411,3194.6525243453925,1383.5070973304423,1120.3099681613278,874.0307470255049,1398.3943147409102,487.8066882981803,161.4895574273323,451.2302307278754,470.227706492902,471.27193336784444,984.9129360269337,656.259453974478,708.0141133445528,667.2140026175919,1262.978483232057,504.4974932568506,202.2282062952208,583.4128591390958,673.8791528934331,203.39999999999998,12283,173.77561528610244,9884.275499407953,3065.7399475001093,39.97622609138489
3175.375599007171,3087.5989286696054,1276.588717987951,1239.7182693656355,689.053102961009,1203.1644634036395,623.93098008734,354.99468256529485,308.0193649273268,658.0596589383614,259.58752068779796,772.1532354535965,868.7991451530897,945.2777557967238,747.4365923146174,1255.1070634571968,404.6080859927969,374.17601056156116,680.9150864200208,728.0863755172414,193.0,12476,173.04494215079976,9450.984949527494,3192.0706986298383,40.07647442817688
3258.8385181525296,2906.3949200870893,1283.98842150947,1480.6827780044355,622.7114235779912,1080.874943732254,638.2974485253535,517.3895529433371,501.01942134483016,685.0427727493852,448.62268799148364,872.8475281520946,661.4157627058959,909.9761856550016,539.5221843014496,1047.285997765756,604.8332882156277,544.4579739041504,637.4786255921247,913.128540413411,202.10000000000002,12731,157.48688916807598,8866.15698876718,2968.044620049841,40.17655849456787
3253.002034986115,2930.061583653387,1269.5304993223178,1456.6531187071835,606.7608858664361,1069.0342961782028,656.3964316449166,524.7168680064433,486.05026091768394,704.7606405844122,522.4576791955243,920.3437363575501,584.6110634671771,908.5483063608622,458.83845870435016,964.163985361084,687.4671019724179,622.9433007459605,643.3330455559571,990.2858371490996,202.10000000000002,12700,169.6687786652916,9791.501160525986,3035.0059898692853,40.27666163444519
3247.8596695900474,3130.2795725708565,1098.0388662821204,1367.1342397922808,405.1599443756502,866.5702073025195,848.80740480459,730.9620378268982,652.7701201814833,785.8016232870103,688.6369823154766,991.0217329366121,479.2603234433737,1024.1256633743044,393.5922087002947,863.7603406925438,756.6636799075189,754.0726464511903,831.6798599457309,941.2427084554589,202.10000000000002,12496,168.37536594508143,11007.843585682433,3226.833320131188,40.37666845321655
3256.0485720734114,3165.0486223538746,1061.744831250903,1384.4126718465668,384.67068528713185,853.6370689216498,838.0523908293527,720.2173288557104,653.952401408634,750.4328589506238,519.1842814815573,987.4589283280018,496.7244989156443,862.7213737969277,302.0425438443158,783.3538295394743,867.8298329164229,838.6699546233447,840.8946051131094,1063.9381007978982,218.2818181818182,12469,189.99523954368044,10508.72380514947,3377.6059750270324,40.47677230834961
3316.7531344323793,3328.1120081262216,889.7755895899007,1523.5560551672913,397.5096665792678,893.1716636826862,718.8541977497042,597.3025364744831,586.6921280223202,644.915591793254,501.30145259332954,1054.0409613379588,402.94472978332493,936.0024692090722,289.43859824623405,797.8033564610904,757.4533683950119,706.2868558950349,771.8612512786816,893.7310245851447,197.54545454545456,12272,155.35711875199712,7223.745346592735,3119.8437484769483,40.57678008079529
3358.9138060388254,3376.1836769311217,853.0116696434039,1597.4788525079734,473.82313995088845,970.8841139079526,656.6074516530954,549.3318436078496,528.1505839553588,729.1764130157602,558.7621052802624,1025.526497946815,434.56682652979333,974.9225199537526,363.81931269029633,872.2030179724541,716.8262221914217,682.1161975817927,720.2659245567564,1012.9803188917491,173.86363636363637,12217,178.73823325443487,7521.174719571978,3157.276876033877,40.676926136016846
3295.68994717548,3339.118339360149,862.1559661582068,1532.8097130672613,398.1584623036576,918.3388091616719,650.5143214750674,502.0516698669014,480.0854103480541,752.5891337450252,572.8856645162368,973.7227741378186,477.25086336731016,884.7097469659627,248.04642230962034,762.2309345075648,752.1078625594445,648.7262379965582,681.5122500648016,1005.8232996506957,229.43636363636358,13251,186.6675677138127,6991.174767811419,3493.9005553642255,40.777002811431885
3061.3074611567595,3302.3372378757026,860.3031143658042,1480.5576148280609,440.71384496984535,1017.3569165297828,486.6586488425392,217.99690880387575,183.93047252749932,1061.4863322863193,410.5879443264797,1531.3062905634943,103.5129249292895,1401.9591895496249,750.2069420476437,1271.3499846711572,427.4306872670017,551.9206625874767,592.0411800273049,1232.2207683781132,204.69999999999993,13587,204.51579996507945,8130.52851768302,4020.9965957566487,40.87728762626648
2920.7133558756905,3353.845796511872,821.0456662015598,1589.4850607428166,614.148738772626,1193.482430833981,310.82321393366675,130.38837861225434,167.05516653003414,1075.163998717938,714.5656216561217,753.2230642414141,723.4637786980767,846.7603376038322,643.1391875947767,1252.4843947359086,388.4917801297186,240.05991426353947,316.4581751865014,1829.1368904559365,202.29999999999995,13761,204.38032954933857,10079.332603851391,3938.775331457888,40.977609634399414
3044.59791350904,3272.3303853045263,906.9631420284474,1453.175830231109,507.98401082321067,1108.4573961801277,409.5571058414122,40.580899142699934,51.99985957078103,1214.0352750140619,444.65508194619855,1112.7746368153112,366.6627253453297,901.3790555750289,284.8021555668823,890.835556052265,537.9379426090036,164.5920680579301,54.97494874207028,1782.6207458054166,210.39999999999998,13608,200.73600166875735,9518.842714648294,3753.4661783922134,41.077773094177246
3016.4281056037976,3296.75707420469,878.7328090314097,1479.2146253459246,503.80206314423157,1093.609439640265,422.69703785794184,69.09599120534658,23.115650888258124,1222.1003633939783,498.5159381722254,996.1607686516184,430.32067213981406,963.7781179804169,460.2829043735893,1051.227594021763,388.8777511316411,115.36171210893549,88.27636997328969,1664.0834329973313,209.10000000000002,13660,208.96661358863486,9020.089723103352,3473.8701509221987,41.177977323532104
3045.4949281739227,3268.31839727991,907.5325131921696,1467.9441295368438,528.6419929207814,1123.7077341638048,392.4135826469304,62.45820149529142,47.56096499546527,1192.1814226076456,484.48899266925986,1056.9030470091413,481.1714537321128,776.9854830428596,368.73570467977095,1046.0701243188328,392.4053066589118,65.64868461372885,178.84699658003555,1612.9594860387638,205.1909090909091,13605,176.504832433572,8670.231762305819,3256.151232508394,41.278146505355835
2561.1861867687344,3752.545957159674,552.449690077351,1516.9531260586282,45.22702014976253,782.2997456848902,795.4706945033611,439.7465164759201,478.4540815398672,1346.263935688892,702.3324192220721,1232.9206749025846,799.9392033650665,386.5971470432496,557.2164209544605,1259.3659843520336,521.3955814227958,459.2210374229763,567.7578782737519,1373.3353996374144,193.0,14108,175.91656681513274,8829.362387319106,3712.1399318335607,41.37845420837402
2238.052527710838,4067.7047317095075,609.6655533309719,1443.307092112989,286.5780974548626,934.6735156080136,900.8554395793248,616.7224243467211,659.7676380022172,1098.059266974561,410.654382841471,1220.8095453191124,407.05015084587217,763.5915149189935,219.3177871855339,918.2168433298373,796.3509574083303,581.6553055209129,711.8610544376976,1569.7455458570028,230.5,14431,207.23884119043146,8928.484771112922,3719.1590019158593,41.4784779548645
1967.17708939635,4311.621697038719,858.1059103272175,1261.2272424499565,537.2496048772863,1223.9382513222183,768.3080745751136,548.8875056938895,538.9441314445706,930.1261250737883,509.65954236429667,1181.8321752032434,542.7139141763278,642.8835896540859,299.27986206980177,1001.9617985929958,650.4553206606154,437.3880964649522,564.0924348932722,1598.365229598235,213.32727272727277,14708,198.27329412951934,9594.71866135795,3778.5155818599997,41.57856035232544
1918.8463479340194,4347.275623025984,914.1278275526023,1207.2699951720729,557.0269450182448,1249.3484249046137,713.9321971287856,495.8895918528846,488.82578820336226,980.5038396043709,374.89718573768937,1269.424007439952,411.99418432135724,749.5234054805794,318.04595213036896,1026.5399211147922,794.1350560802842,622.2293790653397,715.1199910080513,1356.1614744723117,221.4545454545455,14784,196.56153866056883,9521.27420979755,3710.326558971842,41.67861771583557
1737.7115804235616,4453.656259415877,1135.366693320994,972.8373096261952,555.3269691944403,1210.0330245743535,588.4472604713503,377.6842219656302,505.1885318394116,1134.8957764528936,472.43934948264535,1175.0526555532806,434.2931732955732,762.9697965008842,205.74027788088918,914.9529975547415,841.0557300761351,658.4172153737322,786.5809860478053,1376.2641754036865,214.47727272727275,15001,198.5304039117607,9463.525316398416,3589.6591952666136,41.778624057769775
1725.1617149028825,4452.4839437516985,1145.684181133577,967.4759231274559,530.6678792416947,1180.8972439786926,619.4427100242948,409.7429841962106,522.0248238847697,1096.2625124026397,354.21577803635563,1299.3962625731976,454.062040339984,688.636602005446,362.6159671718127,1072.4629927522374,674.147137458174,478.5079124389279,608.1371928714262,1566.7415275934677,203.97727272727275,15052,193.10759440754674,9115.383125048076,3568.2499524030077,41.87875413894653
1628.8667762120515,4425.329763690938,1234.3583720944011,997.870368882403,301.8364443855006,958.2855022432739,856.579311448564,619.1309392140636,594.6978061683748,942.3753703281335,467.9537897407377,1177.1889402618594,367.1465234470321,804.0682656976068,315.8921828709695,1057.5773542405905,753.8168686707602,538.5833277620306,570.8596408735513,1538.6565462892177,231.18939393939394,15272,199.77265884847253,9147.759774245518,3602.98231510633,41.978939056396484
1613.3320621681137,4369.825749003964,1230.6493588644885,1109.6623872090363,193.78256528907767,966.4517079077466,878.8722708020144,587.3738064339054,471.24374023410627,1076.3240385868403,419.12317467928347,1228.720614896214,411.69216882706155,747.8723368771354,305.55260519136533,1026.2158835728471,755.9001141222167,562.8939091470725,642.1530046622795,1471.2701493405698,222.25000000000006,15419,209.08249904570266,9109.490644832898,3545.1236646351003,42.07907438278198
1650.856007536656,4202.553837575124,1156.772785795608,1377.2285380547023,313.6004209735157,1192.9812868773313,735.6781243737654,352.9605132358888,320.64735790987385,1220.1173941977297,525.873658803268,1144.9900954595157,311.071153834214,799.6467975545493,405.13118162674897,1116.0144914847767,663.5946460692796,501.96841149902144,672.0550460919366,1457.274084074174,218.10256410256414,15675,200.76869453911513,9239.914841136499,3563.252513188109,42.17925477027893
1686.8098691109883,4128.051764997241,1103.6033016786098,1449.0796740736828,403.50861250413277,1274.0757034496137,644.1903162550207,286.76529613611916,408.22361517293757,1143.2490214100908,373.00037253922994,1243.9907341906758,443.22644628095014,802.620455490678,272.2095420510883,1065.2212302555681,740.7625076806011,455.69190616398964,497.62956345186495,1635.979324478256,212.30769230769232,15780,196.48255603186013,9084.930116588657,3718.3643871216145,42.2792649269104
1755.9689692450083,4014.2297220053006,1001.1597409971483,1489.6112117314096,485.8485053397444,1299.9990157984578,599.559818488079,362.78937471848144,471.72608451095357,1078.184747520452,376.1575440974487,1243.7393441495378,442.8666302541934,798.5668956713704,268.8505549686604,1060.4529519427651,746.1383513706086,458.1168674189798,490.2252559432293,1644.7303907621742,212.30769230769232,15879,202.02255875771561,9095.429399275543,3684.3037585113143,42.379355669021606
1812.2794904713564,3936.4473349293307,923.8988564217121,1475.8322378964072,501.5291493755563,1256.3478621240922,654.5712247908086,435.9806681192091,429.73788675421105,1142.3628066474926,368.02060658674316,1256.2491548568223,461.2829672345897,811.0853829362496,268.6726693869317,1091.0847887777609,710.2578207001908,414.5581944452621,535.1603409300369,1589.855640878942,212.30769230769232,15980,206.0064739024648,9090.127750208394,3656.988669643526,42.479390382766724
1927.0129065374608,3809.24641441675,800.3529067132062,1378.4311953798626,442.06019840595593,1121.5878283432214,777.7077300867936,433.33333154906023,316.45887361323537,1205.8300130930352,373.01480752197307,1253.7669657488755,458.64246059524,799.6224919083994,255.72841130814146,1078.0103177794044,723.165686154864,402.174735828075,529.4056969878167,1585.306560576867,195.87179487179492,16091,222.25673882140268,9094.336431245601,3580.0206071625817,42.57941675186157
1632.619555296385,4069.663947129095,1030.6192658692328,1696.4093189731195,743.1628536900901,1335.2478777007536,805.941947628883,735.1616232675684,333.463816797854,1486.4720758236956,316.0390974672684,1087.3810686108213,312.3018343931545,1046.0802702626995,617.6145432410106,935.2600904970404,1072.726026893788,819.906983643208,135.55971695070414,2039.8777309196387,195.87179487179492,15792,224.11349514442594,8705.26881166193,3975.1752363115706,42.67977786064148
2356.2367853883966,3663.3735905147796,977.3703980155504,1084.8202684818561,366.85798116503867,1602.6953034684952,161.43401153842393,687.3025611658321,1023.3830167265236,1309.6762201471593,479.5364478666084,1395.4427947203214,692.9593257192287,911.0232072273807,513.8063362984298,1599.2264832817264,187.55690899158188,951.3347061342113,1232.3673514906886,2040.9925150589768,231.10256410256414,22751,221.80125007548685,13201.587866692305,4625.811945600548,42.77992343902588
2150.1974068252102,3705.8216438209706,844.2795369248639,1135.9023884078897,214.43308707317874,1393.2295021269815,370.38171167168076,478.79779846077554,961.883166273364,1089.4543087439758,360.78677980026504,1039.4390526020472,326.7330703648109,581.6703665492893,132.45040450854876,1319.3449106563173,351.42498137376657,660.4265962689007,1354.8968352961622,1630.4653200679134,276.0961538461538,22589,264.6514287575933,11062.270800392742,5025.094402908432,42.879945278167725
2119.2745531596925,3699.9905313350396,814.8216880945827,1120.7096311792611,183.80559714741864,1384.9575326135312,374.1698895376828,494.7994743727563,989.4896663438457,1114.4253567533667,422.9719287115904,956.1376263156513,382.16278606498855,531.0165938987273,267.42304816128,1462.6345243796006,185.0979042728707,760.4495926687716,1228.2185042809122,1723.1022203967439,256.32051282051276,22496,281.85378464883956,13228.932344378587,4716.713788916985,42.98018741607666
1823.6854394677628,3602.0513062140053,508.6597623028251,912.2849223866416,168.5190683356053,1483.7736824006988,390.80329892721966,789.950709380506,1200.537255033814,1430.1351853525643,402.9116005607719,955.1193440467224,332.07567211725376,483.5539216376935,243.71743180092358,1467.9581344941341,216.98721750224163,857.7782314159535,1362.8025910508443,1879.0222479457857,276.1730769230769,22254,293.5506436897821,12243.828972065632,4750.708803549023,43.08053779602051
1684.7584384284755,3505.9698998442,374.04792341820564,755.9252560381146,320.4760051078668,1644.0563120246059,282.65301660821785,845.1385507658081,1071.287795068569,1378.3230114200082,595.3775285180277,842.556942701394,549.2810442474643,621.5872483125751,363.1588950375858,1411.9510643006943,323.56582184929346,586.1814160156454,1345.6497935779546,1670.867370790517,253.5,22043,296.4604646202522,11441.695840253798,4892.539754349527,43.18090629577637
1470.369131138547,3294.8829981015083,332.6635504761033,491.0529117095838,551.1563022563375,1862.127824573852,58.116955520167316,755.4594769340313,811.3933971605828,1107.7541028810272,221.1751804735997,1037.8720496781416,144.42153494247088,294.4997765166827,431.9568308413666,1702.6814959375772,71.83909474657264,896.2350571426468,1041.6533200320916,1558.4291001414801,265.5833333333333,21793,286.23474782590733,11027.339155538886,4974.044434693584,43.28108596801758
1415.2415937629169,3202.948981896647,411.6356477471851,461.79786281663144,578.8923410901245,1845.4835691610258,51.40216078690617,650.260817896619,875.20640380969,1125.0094203088875,409.2624490471557,968.7159707526071,326.79047625814405,485.697271054569,243.37967594184101,1502.2830124419215,167.88030794880598,892.3931279079011,1222.2623081227498,1737.9115236663206,258.9166666666667,21685,285.291167314417,11432.88095375286,4907.880868565382,43.38134956359863
1339.5780421123766,2984.070985967697,629.7724059035116,576.7692770761421,549.1253254301621,1671.1091316518098,235.30112667214584,611.2053354131921,1078.0974878839643,1335.0712603192999,382.56250406445594,956.3851714155562,321.45380465786457,469.4083795265205,262.1391081415846,1491.1118066393428,177.51751175800803,866.32596326827,1258.9207027198297,1768.759537500105,258.9166666666667,21457,292.30088210346537,11868.55317640966,4682.505714391295,43.48178482055664
1329.5809617411394,2805.695896131923,803.1218637234081,754.7606206046113,454.80054707374217,1492.857848338352,340.01617929873,785.5483368964778,1086.1065763396268,1364.9684995666025,318.60185780053575,922.9567739376472,333.53031893269826,462.4377895834054,283.16794618183917,1433.791663821019,249.85191110488276,887.02960345405,1324.9898659560915,1843.821439774293,246.42948717948724,21291,293.1326835087053,11853.555622114507,4632.553932315299,43.58190679550171
1360.4543773378757,2695.1325038195723,898.721290851034,870.2369847034023,331.7800414467578,1466.6968036665435,311.04892377569206,846.6666183460181,954.5618516886534,1232.9891551963017,290.52236251715226,897.5306236633132,360.437023075013,489.28835775733216,259.0937852510877,1410.5129105918722,255.14238053122187,914.887318253848,1279.9427961091565,1794.1201890133327,239.61538461538458,21146,292.3727372744516,11676.06172095785,4751.681389518063,43.682236671447754
1442.3193156774,2579.526917042546,992.9857678435476,980.8900417126765,164.5213173004038,1577.7359294791531,199.72532192035635,782.2780274878104,885.9609106509282,1199.4146997737662,217.53599730883437,797.4941534500731,473.81555370558016,616.346777458784,117.15584079410621,1429.1882160008613,214.89658367479268,925.6629618945317,1141.275150266998,1688.6468497207027,239.61538461538458,20974,280.93179321130606,11712.263960084128,4719.622002189775,43.782546281814575
1349.9219484608795,2636.8591912153584,981.2817813443563,977.3809712047284,250.97176543585672,1426.630305287398,351.15367724596416,933.487741805838,751.4486254788246,1050.3553113842408,139.9441922117677,631.718962510755,654.412839509743,793.0832810647058,89.02699185940166,1424.0208530880657,311.91177358076567,983.9124501453155,1048.2981901513028,1634.2837273537125,235.07692307692304,21127,286.94867987327257,11934.685743129761,4790.493867540421,43.88274955749512
1323.615830761363,2639.0183440538763,1001.2582618622231,1004.2325839285863,252.9262201133568,1413.7984935254449,365.6405881530128,938.8320021102644,736.497652538268,1058.357012114153,318.3693946474058,964.1018953457111,379.30159287342684,564.9710243513196,330.9077073067599,1145.1471083286983,520.7272453856139,1235.9013080663708,820.1542694762675,1406.4553380882544,237.30769230769232,21162,286.3297174537256,11574.571962759543,4803.0794041277,43.982940673828125
1227.1549798399135,2616.0148307727804,1108.692730613295,1128.1881547735136,215.91003610091616,1476.4185194923866,324.4062533166399,840.843852062329,836.3971803282768,1189.9751070058544,157.67880366542522,674.4632242193532,578.7628031366261,693.5054003050908,70.48208349171784,1423.0260420511872,246.89355227935957,987.38469788639,1079.962312673034,1572.983939264607,237.14285714285717,21288,289.82442473844117,11792.370687073992,5016.571635891929,44.08357381820679
1143.663416832441,2568.8238722082992,1208.396478753274,1216.2948639386507,151.29053628717045,1575.0386972931901,228.7316120783176,766.7971098595347,894.4179754944523,1172.7244419146352,186.31581163555293,651.3822351307765,560.2550905309683,638.3836217888897,143.85213237960275,1361.1720192495445,336.1610663034308,1090.4133469942824,966.5917333198315,1519.9279853742203,239.4285714285715,21395,289.0417414359066,11824.460170447372,4856.4134856773635,44.18385696411133
1018.2619266449577,2475.3353094175354,1343.2860408542283,1303.6682637330312,68.12009245491569,1681.3563333026536,135.52195851072545,802.1074523965848,849.4499034541803,1027.2730654336256,300.9610944056179,617.0540730400415,508.89229221965394,498.57892704140954,284.93166541986506,1208.1738764449387,468.6119275107443,1129.1266698915515,1003.1232359299933,1689.541824456334,226.1318681318682,21532,278.2936433215005,12010.017702227513,4691.03356448177,44.283963680267334
738.2197603071653,2213.0259284475633,1554.8773270167553,1326.0009371301219,263.9529275570072,1627.0443553122095,427.7430487586804,1102.1452846142338,571.9248705123249,1089.1338112234537,147.5222334252617,641.1107511507929,608.7860633036073,667.2993310027541,182.43538177515342,1344.5186637301217,427.9229436700604,1199.0642871407324,884.7846218323576,1628.1740662551442,246.15384615384613,21836,278.973505162871,11859.167411367725,4613.316316833845,44.384353160858154
656.1194663906643,2129.007241393279,1600.0111400375174,1306.1371815000962,337.4226986455078,1566.6542000531078,508.39531514868844,1153.1264992611045,571.4670020798975,1185.743948725477,276.15425643451204,686.4862104381427,464.803299413812,600.1563876028368,125.49862530602653,1400.065479940922,262.1134800248123,1085.202865140616,898.7256092243766,1436.5837970959392,246.15384615384613,21942,263.01240226269726,12005.923345836083,4468.07159436051,44.48467707633972
375.0265558765669,1831.9236214268226,1610.0835184698303,1068.0308177468846,450.5755296921255,1290.309143636037,493.613110237746,902.1857687727237,857.6179714006468,1116.4343453979843,334.9195834258233,721.2624385164055,402.14060280184816,598.3845554655215,132.23762522112528,1453.112783580018,188.68149371653857,1072.7602857924835,875.6474625125715,1345.5869611219978,221.22435897435895,22214,262.44301580233724,12031.750872343828,4352.141633926433,44.58501434326172
132.78346871148906,1564.477574529393,1550.2239617556036,789.5509428614056,536.0211763821494,1238.7986982043335,372.36782462871633,661.2219736798587,916.8464058721888,844.2665235026878,177.63678728964715,611.8143524060699,548.5321101904436,546.6337508296083,221.00997668013053,1302.7976453354047,275.0195703381315,965.3413654979681,1015.9709709136371,1330.1159074742081,221.22435897435895,22523,264.657750589756,11794.074811902992,4431.176808014738,44.68544673919678
164.1628672166796,1399.9178851452762,1433.441522792897,593.2692835348031,530.0322967934861,1423.7155422495603,169.20204099563398,773.0689576312341,716.5443580257175,862.0348744078019,216.811435871753,298.1197722667626,829.6208464428368,241.92592998450422,601.9709796996655,1289.0509666522278,287.5368619153919,871.8554146414084,931.7184889088827,1124.3059020114508,224.16025641025647,22733,271.1623241725725,12579.572348764701,4303.6712379126475,44.78563833236694
176.95412325004065,1529.337033923801,1642.5575202968057,722.3308858803373,699.3342184661213,1188.659395719306,416.9574025285747,533.1247060469025,920.9489619864617,606.8832704166509,60.8578766187071,545.1174960742201,749.280400578111,515.2520654465914,520.5576875024807,1022.3416936026707,487.20872485708674,562.9223959855758,1267.0091504245866,795.3020286448314,196.4358974358974,22481,247.99008281424358,11700.885322992948,4100.451168338544,44.88604927062988
141.1594458672983,1513.0254368383032,1596.8630716248535,713.5192977298688,651.8947393186517,1210.561071383775,390.496267641355,546.492587047551,924.3909023699192,620.6761498206021,151.57452567493772,337.33675691348304,734.1587721831362,314.5795312299717,448.532116374008,1232.3395496043397,283.9419135508077,753.2807081900185,1161.4126266935125,961.3071785657638,207.66666666666669,22541,243.04546275361128,11566.153926411575,3869.889601418876,44.98619318008423
282.0213187055112,1517.0622598708958,1741.1608686407717,641.2167374902284,764.7658878362345,1307.5928737504487,299.95473457028544,692.5102028484997,772.554535577994,777.2106303716259,125.83369880098202,365.7173462367461,754.9527097892139,325.57615377844803,487.4727772490726,1222.0903604087448,280.34270503771614,771.6717323019772,1102.7982713627982,1010.1339487956373,207.45454545454544,22366,225.34707603007234,11581.575947029542,3789.947616354125,45.0863254070282
427.8968648226822,1481.3381436765717,1836.6702303480622,512.2875762278143,773.0561844505597,1449.83266332118,156.54732075411005,757.0464819074583,841.7233326536445,736.3211225724202,160.21596721757902,329.0613771848834,737.106045093647,306.1095287664374,448.8560677350555,1235.664212666737,285.9267486160882,744.5621468764441,1164.58758577009,943.7638912501866,207.45454545454544,22243,246.02234143837592,11405.783989665293,3814.7181834372755,45.18642973899841
566.4704702051627,1425.1472138152976,1888.6837802283071,373.7951133113147,717.7386160218964,1526.44404962888,171.88616538518613,705.4874608152842,978.8602541533071,601.3459507615589,524.3357177753719,279.0391105748567,365.9369544268567,638.3912071357589,412.0253701774825,858.6816665533333,620.0905559814806,724.3781035491927,898.157039554656,1270.0841893197364,190.99999999999994,22083,235.27870138289336,10855.48169899443,3567.404875248165,45.286919593811035
1143.4851650451726,1130.4502692165302,1921.2595794874276,358.59614132256814,279.5427164963726,1396.1495336107196,755.0851525896758,143.3057493325623,1085.4310643524561,837.5095943560104,350.2638232601337,161.18340481556103,561.3584951636127,462.7276740692284,215.20834289705874,981.8544881754694,670.0518000450572,498.5618838237909,1084.6187953383373,1247.0039180839638,206.94545454545448,21517,231.08451045202548,10935.85349462028,3531.1159662643845,45.38722848892212
1446.7080898497356,982.9460633352297,1870.5396066651629,669.4721995587603,155.28926869513774,1162.7998288094036,938.9953423519166,375.00796271605674,868.4500226593365,1092.9594627734077,450.4019105190864,245.82147858844942,463.4085286151374,520.0848030314638,339.9135506510157,1014.2490057301293,539.2041279866733,539.3195477489857,1146.0121698883681,1104.0086341330855,211.6909090909091,21191,242.01994346445696,10882.96612947552,3594.0237474338883,45.48732614517212
1814.5839614662123,797.0267887655123,1693.1671833469738,1011.8095186433876,365.3846846889477,781.8050240121725,878.8088685611066,684.5323165793828,575.9966853086136,937.4654477815947,271.72606948410737,126.57116506182112,665.9271404508652,536.7866885193624,200.21772030753303,823.023554901434,780.323145702456,669.939328469834,906.9501414420596,1244.697246434316,221.90000000000003,20813,233.16254473961686,11487.277146942226,3647.042127219695,45.58773994445801
2110.7051517985055,668.4228147346143,1468.826250361125,1213.9733050690686,571.437742551795,724.8822446191123,627.1912170030826,720.580328362869,829.2243100052192,625.7532435534637,414.2468710110706,249.91528868388994,549.6897528768906,412.1247338960873,233.6489427764083,1059.2464339592905,683.6726647962596,448.38007579501436,1087.487030943688,1285.5105710145995,195.2,20485,243.22619059961852,11567.78562447277,3869.9505626238997,45.68800711631775
2483.349221364058,590.8134398889616,1093.4781524690231,1345.7421718154537,759.613914789743,1101.8751163655268,250.2594062978647,461.3904424991412,1144.267088742396,850.476902989967,340.24304560150404,61.57005019647889,491.06728854122423,589.5763790264323,358.51493345538773,1006.5548666048629,503.84141666534555,449.7732621561681,1250.3622333895373,1226.4782047407793,220.89999999999998,20060,225.93197809208374,11809.578431961405,3728.6158055749747,45.788328647613525
2692.5555821317944,606.6927180318593,844.9644392114757,1331.5703054390692,789.3390130034827,1321.1916054504923,400.727184547388,209.86725797969942,1066.514628866274,1047.1149378978782,361.0554504238203,181.76129836070885,571.3639307929591,480.0079851165089,242.10679694763763,927.2752431272199,579.8329880493876,554.979885338747,1201.0323717571462,1118.2139814304862,224.0,19816,222.62810711484195,11407.719776686823,3600.6747117595132,45.88838291168213
3054.7395529104638,741.9751326231964,446.33688006933806,1132.8817250821132,683.440234117366,1458.3863925529668,832.8076151007667,450.28057434506013,613.9901040144656,850.6407024629535,379.27738077299625,211.23426045617978,575.1712638085336,428.14259210192995,186.02266562300235,932.5844354198816,664.930083903706,613.8027808030414,1120.0506723372155,1033.115140570015,197.56666666666666,19355,220.0142153167376,11360.450607913412,3676.170004136656,45.988609075546265
3341.978134715889,935.6292366686881,465.08721825715304,876.918121993299,543.4195119780952,1344.5067812403017,1018.5116616041071,784.9872294590484,697.6518930828211,464.586937476815,396.037639929612,281.45142082077643,663.7091390317935,456.89439057364194,225.45728577415352,894.4214480570237,581.2827934299485,550.0818673647304,1147.883298090599,1107.2680016441084,194.00000000000006,18961,242.31801137785214,12029.44712100355,3644.1768229705485,46.088693380355835
3705.848448155334,1228.4112019620625,944.9540940104197,414.22925372251564,347.4059636292001,883.4901664521236,885.5854485300192,858.8734255120728,1182.140808075143,807.3780549465844,409.64921037593143,230.16371823119695,562.2485303581308,318.48740472555295,63.35917072934717,810.8672128625159,655.8868549727118,689.1446389072469,1294.965968756315,1144.444715048942,194.00000000000006,18468,224.5165060173157,13039.700922702585,3348.447717602418,46.18909525871277
3839.1904217407578,1342.0300355383765,1148.0872476375823,217.17526272589225,332.2855500683632,681.0108443757473,738.4529972513596,768.8660780013062,1235.6438517100773,984.9776320264684,440.5064154163966,238.19321021848697,495.88024369138503,265.77438316303693,68.29338963382298,799.468373229223,766.5363820592554,834.7337530322407,1420.9139738655288,1165.5183041287119,220.33333333333337,18218,205.90558564574116,10918.353505651288,3134.8291009671398,46.28927135467529
4043.1288750380954,1486.9520746264022,1457.6486471439941,185.3158721503522,294.9169776017381,703.3269091740119,438.46673949193405,426.4178645878176,867.5462200812818,719.5488365651513,414.8932895080302,222.1842529995122,538.1661870885799,333.1185281187133,87.2071349526344,879.7043982074487,746.4128539249949,773.4988672938558,1260.6852904103123,966.3770008417847,181.89999999999998,17905,208.44021435493931,11049.445433236284,3292.4042545961042,46.389381885528564
4124.127307058456,1537.8951135029902,1566.4385826856947,349.69624620910747,323.8023594930693,851.6432466566071,491.6330870333997,452.8104838337356,774.1858174699208,567.1078110356973,465.1067604121082,276.7736399899232,552.9300965071136,231.57601753538646,39.197651936952795,761.9461575024078,624.9323817546992,649.5415828372451,1204.3827830009657,1006.4982148878688,204.5363636363636,17687,229.223508138659,13687.741263317435,3723.0360179589184,46.48938870429993
