tribo_f1,tribo_f2,tribo_f3,tribo_f4,tribo_f5,tribo_f6,tribo_f7,tribo_f8,tribo_f9,tribo_f10,diff_tribo_f1,diff_tribo_f2,diff_tribo_f3,diff_tribo_f4,diff_tribo_f5,diff_tribo_f6,diff_tribo_f7,diff_tribo_f8,diff_tribo_f9,diff_tribo_f10,tribo_feature1,tribo_feature2,tribo_feature3,tribo_feature4,tribo_feature5,Temps
1178.0050002124076,845.5663987842688,248.00170783076615,316.495584788847,218.72898878217921,60.80922760340164,302.4405943670078,434.2087555817864,485.80099218725206,146.30271717843394,83.24017333301428,245.87939423829036,97.410328087937,101.84673065481132,158.36675060787852,119.97022037178834,327.78420697163887,502.0491630097245,557.8501471863935,113.96672691332786,106.68888888888888,5880,106.62382930605386,5762.250177684862,1685.496141265599,4.000000238418579
1178.0050002124076,845.5663987842688,248.00170783076615,316.495584788847,218.72898878217921,60.80922760340164,302.4405943670078,434.2087555817864,485.80099218725206,146.30271717843394,83.24017333301428,245.87939423829036,97.410328087937,101.84673065481132,158.36675060787852,119.97022037178834,327.78420697163887,502.0491630097245,557.8501471863935,113.96672691332786,106.68888888888888,5880,106.62382930605386,5762.250177684862,1685.496141265599,4.100252628326416
1177.9080049172583,843.2769908875275,250.26857515744948,316.3024520206995,221.18157513642825,58.47089515394039,300.3019874337553,432.348239073082,485.13211541890547,147.42393330158583,203.14289080754816,275.9295497550144,121.43587923993593,212.85547255335314,163.3016431670564,68.2365397812307,330.63150065555817,526.4530749008342,644.282328059487,203.35582636812273,113.33333333333333,5891,111.53656168876583,5369.400456641177,1771.673552262148,4.200463056564331
1166.646660957038,927.1001062534189,130.1663241809745,260.7931284244271,159.5059099061049,145.0607399766202,308.99000474244497,389.0179672312484,366.1253237757885,143.8033156466551,27.09243548425152,180.73356757400796,225.56189023496842,110.83088649284772,318.6249313577057,128.17057210147092,143.7355448820215,359.3761592040583,594.4087248308475,332.41275348430065,107.66666666666667,5763,115.6000925342418,5539.11322703592,1872.522651739193,4.300675868988037
1149.8211078137278,984.3995812836741,72.2189766319401,186.3384875572332,236.30699915630672,199.2428393212754,239.19067666884322,281.00883331124953,343.5728218402607,245.53373570091782,98.02923639366121,234.03146874906298,118.06210848321751,87.69483665851125,216.35407187378982,103.56085943099778,222.0471294675828,379.0974294140298,517.4394968557866,279.10915317224914,113.82222222222222,5657,119.67139470160396,6371.068374506579,1961.011082291758,4.400676965713501
1118.4230006828357,1045.264961052416,211.23674750412718,74.10979668670537,403.5130483905332,242.80971389224754,70.61429404910047,255.85858308440743,509.2688123598377,271.95227549798835,45.91275374536735,195.37438705767255,177.6329173581377,99.90523150570037,271.62637406031706,82.4955530173212,195.91289620852373,409.8654680085955,598.4829890619426,255.86026703390758,106.1,5491,116.12498581638732,6568.311136558732,1959.8164590683414,4.50069522857666
1058.1267822931507,1070.8299614293576,456.0778328384298,192.1435500217372,530.1296316001997,182.90423871977848,248.85868681769986,459.6005578326778,475.9211823700725,102.85983212683263,79.51258432665969,113.53835658652754,192.669560480459,155.52835355731605,181.31056985974678,130.10477191087745,175.81666245050164,315.44979689759714,620.5363758804575,331.7481348327973,109.54444444444445,5234,108.16358174168667,5999.015924898706,1760.783162805916,4.600871801376343
1058.1267822931507,1070.8299614293576,456.0778328384298,192.1435500217372,530.1296316001997,182.90423871977848,248.85868681769986,459.6005578326778,475.9211823700725,102.85983212683263,79.51258432665969,113.53835658652754,192.669560480459,155.52835355731605,181.31056985974678,130.10477191087745,175.81666245050164,315.44979689759714,620.5363758804575,331.7481348327973,109.54444444444445,5234,108.16358174168667,5999.015924898706,1760.783162805916,4.700998306274414
954.657124011594,966.8648570498033,690.3388561659348,416.3787298580278,324.53960366316517,167.5907126497259,304.432105368011,152.30483497699964,529.8399318120128,343.16211655548165,70.06647412180293,131.68262386372032,171.04872846699678,132.84855727219562,199.5515242298424,158.06841870019738,119.36417381112132,338.68241199315355,694.0183747820889,277.92890221776486,118.47777777777776,4847,114.70427903718038,5984.075340102556,1901.6976798648013,4.8011603355407715
925.4979079866264,910.9835146539854,731.0422793096042,458.8284432178973,208.97566069527866,241.29180241128893,238.7620891619898,157.91498456854035,617.7805709059043,261.5316700148121,39.550889356543045,174.18433148402502,189.6846135354097,132.17815571098822,217.2258750100912,97.8599554159777,193.91197758302195,295.90365265446894,649.0101992418744,364.07896932976644,114.23333333333335,4717,113.56233888056701,6018.256811493557,1915.1394394362717,4.901233911514282
854.0446303061309,648.5941554560516,741.2231052633823,471.00966750445656,270.1852759557907,340.87425167906616,165.0234934681039,476.2767723306535,347.9457319696363,324.7277798077772,62.39947609369265,147.01964092301645,158.19341242215813,104.67674245148487,238.54879954855923,116.5546378379593,172.92646125787596,365.3409446822047,595.6841044802661,348.6618773743198,109.45454545454545,4289,113.31453302538094,6022.436614322901,1899.9062017906717,5.001265525817871
848.4191650404363,486.03439394985253,683.5341275738042,419.28015244071366,476.1190384061861,298.9159389204955,340.4879498235092,404.56457428651737,379.2127902447047,407.786019767004,95.7211791637067,159.52686949449983,126.73460325708909,74.71799075411548,262.4087242269862,83.20436899202046,199.50718766327097,334.0215384090213,614.9642209226778,353.5850123493455,99.36363636363636,4058,111.58924812656596,6025.711135712399,1891.7284090985968,5.101296424865723
853.055041575598,379.032193067621,615.376434104875,354.75015658633924,544.9695321284878,219.12533315974338,361.57267435789385,264.550205249722,513.7724015480509,292.50417154474,7.784194586804831,108.36113593113417,190.3814173671821,127.36649852031313,285.5735833432995,136.77919584674183,241.56431054858507,374.38157035910723,562.9519185976839,426.78617475985413,102.57575757575756,3912,117.11068674310835,6143.060088328506,1913.2853688553873,5.201310873031616
902.8369204102003,158.1508977251278,333.6887296162266,142.99273600381147,489.5322191606061,135.0179623876153,127.07396487504886,394.63184842080284,389.85787180534413,365.76594914799676,41.4223770050354,121.44005600086055,149.17597052027443,89.42210791292842,251.4061225226942,118.60534099258561,171.6762697308066,399.60052385186367,537.9602543516826,425.51795714419666,99.9423076923077,3512,121.16872930292158,6098.190005651802,1917.7628515409729,5.301466226577759
904.9379897894971,148.12725282018633,285.3858614762499,107.00866956474778,445.484353250854,127.90616498620878,108.06020689422111,378.8342006288381,398.2576725915334,341.6138222439598,229.03391651936778,132.00438444062883,136.01545810158828,122.84894220567654,301.9237750245633,187.28804083015532,56.67935798989795,465.7179117178072,505.4193650602227,432.6750006111263,104.97435897435899,3461,136.62671283198847,6356.21852487843,2063.395600933719,5.401639461517334
898.7918969730788,132.92030543615783,241.4258030185906,54.556675664304876,417.90184063366365,79.69744987464406,155.20449560337656,333.8016906082581,444.2679008335856,339.81228150408907,61.42891124904092,156.04120506100887,291.6524422531126,210.74527771838163,514.9947774011237,207.50907458846405,226.66696636076392,578.4803500250679,407.34804464142684,628.3569735809156,100.00000000000001,3404,128.1243687348727,6091.537971259026,2063.619917073642,5.501664161682129
890.137861820796,122.17077902903874,227.12411852634304,35.218164085156374,430.5090768700528,48.20822765662456,184.807303764976,344.6054399860994,435.91080601389893,376.8101591621487,249.6776482732571,149.5209570859801,9.624642416433803,91.39028600254044,260.89098772737765,71.69563980918429,299.8685382535304,354.73736553799813,642.134734620302,620.9806375297924,104.00000000000001,3368,128.47665408350713,6390.526910925453,2081.155001060659,5.601709604263306
944.0286299671313,213.178570144688,240.23357614332716,114.45588871533842,315.2675920405046,127.75611260133975,242.23850530667755,217.7385228266156,562.1617972562279,408.39191696500586,220.3231977236061,122.59534912469536,34.713401823743055,73.39153240753103,241.14473078552064,78.62431370879665,289.26675701590443,314.11693009782647,679.3292497483266,615.0727443449035,104.00000000000001,3496,132.50933671235356,6348.941450638204,2050.1741889297427,5.701826572418213
944.0286299671313,213.178570144688,240.23357614332716,114.45588871533842,315.2675920405046,127.75611260133975,242.23850530667755,217.7385228266156,562.1617972562279,408.39191696500586,220.3231977236061,122.59534912469536,34.713401823743055,73.39153240753103,241.14473078552064,78.62431370879665,289.26675701590443,314.11693009782647,679.3292497483266,615.0727443449035,104.00000000000001,3496,132.50933671235356,6348.941450638204,2050.1741889297427,5.801913261413574
1040.9368382162886,347.21156066926045,226.67460792783166,194.29335663553763,237.8787261466654,141.76160176600408,319.2951791621135,286.3224441974546,500.026077875381,426.4974420398841,214.3618601931928,115.61505919653622,36.78464907471542,60.543384548164966,256.11842575391336,59.27671130761395,258.78055524041775,317.1117244400906,674.492641766564,563.507659157814,98.07692307692308,3630,131.67213019678172,6390.246049870793,2059.5603023196118,5.902103662490845
1040.9368382162886,347.21156066926045,226.67460792783166,194.29335663553763,237.8787261466654,141.76160176600408,319.2951791621135,286.3224441974546,500.026077875381,426.4974420398841,214.3618601931928,115.61505919653622,36.78464907471542,60.543384548164966,256.11842575391336,59.27671130761395,258.78055524041775,317.1117244400906,674.492641766564,563.507659157814,98.07692307692308,3630,131.67213019678172,6390.246049870793,2059.5603023196118,6.002116918563843
972.8049779903151,277.935341756052,273.2863915140403,205.32099692992284,200.76095189659253,206.85085240341843,374.61624029583345,261.8434089386502,539.2329649715822,505.3326592672063,136.90780619787697,156.99671291751173,191.54500819773477,204.69987620887377,98.97648158984315,215.12260414181063,423.9252119828001,390.7324733623735,613.593779728929,648.6937735719902,101.66483516483517,3558,136.9728657887367,6221.509610129916,2281.2140488725577,6.102240562438965
992.2860360695481,291.6679912981188,253.21076954996778,187.5876929195581,220.9802325397647,187.4170636404595,353.562009076219,239.78010412838634,559.7724967738013,515.5857958069711,148.32677764552022,132.30733561295168,134.65891656498232,141.50539987719833,170.8996088344152,136.6696599265891,335.6979092639702,286.4822993611983,722.1389045413337,702.9383061989305,97.9835164835165,3571,148.79098516014622,6192.47991644723,2336.256595002374,6.202484846115112
966.1338287076895,279.916083378291,280.4322494115638,214.8504148859621,194.01225252562315,196.91082903257714,361.9381258643441,266.1050571243389,532.1516953340821,482.83965511937583,189.40412932507792,20.94614918971217,180.54922627867137,178.34457144582146,112.02232741519524,270.3801381253944,467.0680735249209,399.6520737442661,602.9252884595351,609.8776721264005,100.84615384615385,3552,143.74894237157582,6264.1032749459155,2208.962053224708,6.302565574645996
1091.2932989014096,316.33630185216555,181.30833162658436,122.95824432263146,277.18079357330413,284.633098475739,461.1093830758685,315.09900825457385,500.9299392684215,489.2607583632898,171.79489259082854,84.63834631527041,98.54244919630298,91.05625720683177,198.74331953018105,260.62472115872606,481.81074783010195,375.0673150854666,641.3338451334296,680.2314239946852,97.24358974358974,3671,139.6433719511093,6185.75175910744,2119.5101690130123,6.4026055335998535
1174.7198426786042,338.27827317466006,185.05456270709243,161.70655065933093,291.2704340595332,362.4114456017385,529.6531304084322,392.389967675903,418.23605082670815,404.90215231763176,221.10886715054787,58.589870404663365,234.854527547433,225.4107602825112,68.39200475484085,253.74570771222096,429.4601569775104,357.105906269399,661.4485554277272,683.1136437882375,103.66666666666666,3759,135.2138242903349,6371.3498021616615,2135.8218558407834,6.502633571624756
1315.048773705583,381.93425193989367,297.6188343477363,302.0041151385386,274.19541995715156,440.14079743438714,556.150520957069,435.29824744633333,420.23282199189276,405.7321098475068,210.31181443874016,41.87087218395334,212.73003803000486,207.10684981551373,92.34272058231099,272.74573812067075,457.3038692088306,385.3632983634762,629.3047188124325,648.0327362501052,114.03846153846155,3902,137.74732919694327,6356.509361058383,2173.520283178962,6.60290789604187
1425.784370878107,417.0261442878,416.0465059501487,409.0412995255846,216.3904389980579,420.10204663753814,470.2621434888281,349.0367175179734,539.6182725094549,521.9074770297735,204.6813060994083,46.22479914174748,197.26249567732913,206.714258506181,105.25933248755469,297.02031784276556,467.43811248837363,392.4490410009026,636.0590118556423,658.7311013882082,114.08333333333334,4017,139.17019828148477,6247.749613227741,2172.921060664171,6.702939748764038
1495.3013188383452,435.2399154122844,487.74315183933805,457.8686761669095,155.48042082931917,361.6003045999122,394.16261907286446,276.03485865992667,554.6255572342749,515.9546365815944,203.75204639975325,34.157174156922295,186.66065451813338,150.26275205652047,157.8798788072916,321.2199287608453,538.2492936615037,470.1816883168285,582.3736022738036,632.8719730612513,117.31060606060606,4102,139.21870438773357,6217.392923787899,2084.9976693084445,6.803148031234741
1622.3313284465003,461.8224294554818,599.4516388702008,497.2805939654434,2.5237496617327344,211.85921337900118,388.975660121121,328.45641699264,415.69995582131065,362.0191458996939,231.3216415107056,103.02877055827474,247.9967777653841,265.10220741450684,41.51697167575686,224.26145404415755,439.4678377702817,403.1944185005851,549.3046017034741,544.7355626696307,115.0,4248,128.00291798454566,6042.051255756061,1989.2265068470997,6.903190612792969
1640.5265052106631,463.22648766206964,610.2223162175852,492.87551768471906,21.89655652921869,205.13875392569517,412.34099857226187,352.48923755159524,400.0396887775781,364.00555735271735,230.95478689853314,105.83941954054531,246.90282835889641,270.4300386868283,35.808404371832374,224.38779786734898,422.455819401825,385.04832838687906,558.7604954730251,539.3350352171625,115.0,4279,132.25076361713977,5921.523944401589,1994.8042750239513,7.003408432006836
1662.9420217241454,455.9887762447322,610.6006386546408,468.0064684169213,52.04437254870747,230.7983494665009,435.91059844664665,354.58359767570437,426.61788803579793,397.69964861014995,227.98323752683135,103.0771077246564,243.31065782164495,270.92947710443957,35.47955697915777,224.159364638361,414.6524719467354,379.238386556359,556.9978966300464,529.5952929946659,115.0,4309,127.14301211016212,5890.117959360152,1978.6142576682987,7.103641986846924
1707.3652712589458,425.6440792367385,583.5320510685563,388.87328616828586,116.26887326275977,311.1571542912076,423.3990680837433,286.61133701552643,494.88770394492224,401.02079004554327,132.84189798478818,115.27184629329496,136.95801636614777,336.0163000278269,165.32784762097066,232.55220381173496,297.78504220888016,402.96665620836535,437.5080875633508,424.24968248314406,101.18939393939394,4394,122.66024756329472,6134.6620725473895,1874.5940277662378,7.203852415084839
1795.760590492101,351.0771497054847,472.7020716622486,225.2853047617575,255.04637835489515,429.6165027776521,255.07117481206794,178.11866177300632,447.5526726851636,211.41848266867845,137.92464031125414,94.24082456182313,143.67723545238093,319.536513173312,141.03840845493045,225.97157262417025,312.7086651468546,393.5099458125376,457.5340060901149,442.1580679937489,106.18939393939394,4582,122.67521672014031,6336.495617859093,1887.8450464025418,7.304104566574097
1869.5271733590846,313.05363763165377,345.27560967125066,254.16252953034157,359.71097883783057,454.5769240654006,120.94301845684645,343.8530763311055,271.62923349428206,255.16759394279947,216.6794924865099,15.213261085814858,123.14081941238392,223.03669871280516,201.73938855098146,328.3360320222945,211.41543253626676,382.4699770254466,400.1366206967879,384.0778018062942,106.18939393939394,4761,119.47917174612974,6980.247267757266,1826.8155166156503,7.404229402542114
1889.6750723587188,304.1409704844273,291.71908810048643,312.3549775426899,369.94314031789673,423.22543326925717,166.88590481655464,384.64431547530705,252.30291334026197,312.5732360129636,287.55059899840904,86.07764399033984,133.30666669118685,193.38512815886952,273.9765579855266,378.97405997796005,174.99857989762222,442.91447417411837,335.58570344782436,433.1079517296927,104.81818181818181,4829,115.65256217568725,7005.721774131607,1744.2707001412027,7.504445314407349
1885.585314139012,310.7815006094405,311.45266060094764,292.47971583237353,378.5536293123723,442.8339142459653,146.90252127583716,391.1374343062817,234.3646124472205,317.0528803508681,164.80595557874753,73.92211108546637,209.22234028202558,148.47765638750133,245.28643686329855,463.2444088926107,69.47184838832979,432.62767278481516,286.06856537837314,440.8041877833686,100.74545454545454,4800,99.46030889522332,4807.452537358746,1591.1844962349364,7.60447359085083
1903.0437214574722,231.1364795938274,128.50247049305094,463.8661043555446,162.52658332428896,327.22559726462595,261.6324547029861,181.73660509840974,399.5657160519566,170.5689184377727,115.20387240461379,112.29895933693766,242.24621601643517,190.77700325774936,217.25088585006563,478.35188893749404,127.1108413386057,391.852627541963,347.81783228117206,409.6487334296787,92.72727272727272,5035,102.99207163172099,4841.639426482124,1708.0193612431688,7.70471978187561
1902.0943967412084,223.915007673019,133.7940471935124,479.1913389511862,126.75813043537941,356.3341795374719,255.28980789954994,200.4553492911487,380.7532074299326,210.65028951339156,377.400778162272,148.21688854680693,37.567201834169595,374.4328107263893,63.35327738476057,307.8776490542163,337.1012346797867,211.45300521371507,540.371645417268,346.77935263790204,99.0909090909091,5070,105.50129855460222,5425.361023071803,1777.7059049813988,7.804774284362793
1919.9827519996027,274.8989094261307,98.87249395278239,504.53605039303113,177.76286437992044,264.3225775065253,343.4598602796046,110.34607647664949,472.8584469728146,219.67847379087655,252.41828536711483,65.62463593254841,97.1757069030286,272.6513884875151,183.51209132068,211.00771577451627,371.69793868030285,92.15555342000373,652.5007812295349,286.3642013733868,95.60909090909091,4975,102.89462749336406,4696.510171494292,1629.3788908202434,7.904782295227051
1905.9219459122219,242.24367766697014,121.17277908482984,471.6967255227963,183.9577189929135,276.37644754545516,321.7449054014875,107.51985608167047,482.60341571925926,187.40401514680863,345.7546057112946,108.38131377340964,48.05775995083677,311.7474640583392,100.63757663824592,301.38105504326376,286.7913210610371,175.31431704553208,590.3342800639257,220.9288730198073,99.8,5016,97.25151324139738,4597.525349647993,1542.6354048515873,8.005053043365479
1935.4565135094695,298.4104242309302,69.70650147243015,529.5550366398662,137.45872040104874,309.7801406532299,297.61495022928096,162.07019414158566,424.11544841689,162.50542629674857,287.00278939182317,93.56735313985605,45.694973664304904,333.73568174586757,116.02564199895578,271.2988912550381,326.62685001277634,194.6084035598338,539.6601266039864,244.64452743672337,99.8,4956,89.53850820618098,4664.283887683878,1491.6036405689877,8.105265617370605
1952.2733558079872,326.2888469684642,44.59081526109025,555.3476183081935,110.61605652035392,337.050491370686,274.2729136025384,190.0072047820631,404.4628178439261,135.74089306689206,325.800053318677,99.82462911982525,29.98378381994302,322.95371130739267,94.51847681568314,295.8603721025347,293.0690221864075,197.62127783205756,548.8930921536662,209.77414785109085,96.54444444444444,4927,92.13090539767029,4638.020090842807,1536.9897612125721,8.205430030822754
1976.6368756673735,354.94051335327197,13.814160506134478,563.3370819368128,91.32188300370088,352.517300977436,258.0221772720194,170.57659493104407,438.72711037874035,149.88053027742043,327.59399238903177,100.80027715025842,32.03641761056281,320.0136247407808,97.34531751726637,292.9487658124553,297.60118488160964,183.7439689630404,561.174219312411,230.33176513304215,96.54444444444444,4900,96.33607684487414,4696.029132044756,1579.57410719649,8.305474042892456
1995.1449031798086,373.6772416526227,13.993705094562126,562.310600156238,92.0914651306276,354.0320819948836,261.3131477966598,150.33042176820186,456.8075466236439,171.15866285082186,364.8390013242508,84.4494172870884,95.9192028070843,268.2689299475552,153.50842081843564,249.95710877232068,331.8235181791503,236.84911706921724,500.8036741791529,173.82200653842443,103.44444444444444,4872,99.34092702226708,4668.962023452203,1591.9699805810094,8.405659675598145
2088.3710818335057,440.14014116659166,114.1595659023876,493.6618359670397,188.35611083535414,267.91887039051227,362.1426853334478,145.7216411575979,381.73050723872836,177.67423808898133,328.81263453115736,134.73018704188033,52.61937924658603,302.98028094402355,143.573384550475,242.55766812891767,376.49238050598774,173.73452268856667,495.18870713869904,247.70936361581465,96.5,4778,99.82704518389016,4727.027289214774,1542.425159917556,8.50574016571045
1778.2486699763485,398.2794482303607,221.56231304648128,804.9163988545931,188.9068139642561,581.2579609509362,356.86783085588206,174.5302746692463,676.7911947447767,489.6619843350918,332.218640894037,350.9664804514063,254.8250592839261,518.6606022051009,295.19628050174305,441.55788635401217,537.8430466012048,194.80208366380825,695.1356648532629,586.1711365916041,114.01388888888889,5090,89.57920308853176,4865.296594838266,1857.2360439746376,8.605920314788818
1198.851257644419,867.1024788616955,799.7643349058311,1352.554052453048,768.162854175848,1002.071749239484,939.0296869121327,652.4552259117974,832.3878122744022,815.0464452200181,675.4689912972751,770.0874890183039,654.2861956965099,728.0272229195942,668.216633370094,500.8904817323906,857.7814359192225,489.01507964360854,425.9959879638773,510.5428561298144,108.25,5680,92.42166160696243,5178.410609917446,2223.345321012485,8.705944061279297
183.868814227449,1882.0640518422492,1752.31061394477,2142.0503715855352,1633.9915771094193,1495.8154737560712,1675.6844327136034,1239.7885671976996,736.0711149910968,849.9229630512858,992.3402177596209,1085.9796032359768,952.807228221267,894.2563387250065,924.0958319065732,564.0067863025322,1004.6883045183358,659.4547415621346,81.94343759836192,244.47474804004386,127.69642857142858,6690,121.92937351200024,5435.960120607215,2573.1805972254906,8.806135177612305
805.4809978226489,2836.7231840340414,2576.1512639470575,2698.539087620648,2225.1143165723547,1699.7249797056163,1896.6822940795685,1381.3382423843593,690.6690511142856,618.5769124151223,1029.6647376363767,1109.1346353519805,959.6585599978652,869.0306792199946,897.034394329415,521.9395935642748,962.2071299997968,617.5745089725567,127.34609652415567,275.975259003887,118.42857142857144,7676,125.86508466631196,5531.4205085034655,2552.344077997123,8.906374454498291
1834.8006579038993,3775.6704013902613,3299.222044590895,3017.574289672774,2504.2051276681814,1574.571449899296,1560.8855381866395,1027.7776174100857,799.0260096299842,594.7665598670504,951.3575332637652,1081.79243416489,983.1249532768863,949.7505708345437,982.0567784479575,580.0142800681541,991.0969428611705,620.2569667692118,158.72951150478178,214.66016193010447,136.85714285714286,8699,126.52734654277103,5500.66513867067,2490.6342602091854,9.006494760513306
2753.6217373330146,4537.050993208339,3778.0545266824183,3024.1703990048313,2392.5184911513206,1167.601529132934,818.6024009849531,409.752863134784,830.3739586993654,788.105255349437,1015.6208483646246,1082.170063356119,930.8397661122705,880.9988485880153,926.0811498415427,599.6392212940633,1047.272608174835,695.6523574852847,97.44202433803859,147.47232272234407,126.0,9640,121.9930042582682,5302.324319609884,2450.168687992018,9.106580257415771
3748.3910912350657,5260.367821740089,4086.8392888789426,2721.690460560555,1888.0682985130022,573.8460707401582,252.59787492057606,642.3354294732521,738.6684836416186,804.136365891584,1005.4965276174767,1089.172604222482,946.4556017646694,884.1061562428345,919.3835136128146,579.3694143606905,1031.6013686118088,690.8503226372438,74.64941780116739,158.15381505759348,126.0,10654,116.56224862529189,4987.998839884981,2453.4510133763392,9.206850051879883
4685.522296654795,5831.832710569642,4163.950401840193,2170.8505073251426,1121.7830520673613,632.8415069271649,1211.1693405531862,1250.0901335309504,712.7110403128175,650.7508210731833,901.016788575215,1172.2441022087137,1094.9391971446878,903.3584014398409,844.8333919238115,454.4036028545947,1001.309811367763,766.5180445342064,77.9779631278429,157.93311800225683,133.6,11653,110.08040213416314,5548.262308595189,2321.5757819223413,9.30690598487854
5467.31691414279,6193.803845984296,4017.890889518563,1498.6677973672515,302.7666645480049,1089.1235384520157,1710.5836014709382,1351.015506174328,684.8544238145369,503.0810533589984,916.0376596617895,1150.2903772717702,1071.1033211258616,913.6673066273818,869.3396784592991,456.64497204395036,981.997529774661,742.9792790096466,67.12874787353161,176.3205374867032,133.6,12503,105.7624628027115,6645.657614230156,2280.6269303256836,9.407181024551392
6240.555703856261,6415.568028784474,3643.270841879547,656.3168499393887,589.8686942992281,1404.6670451169136,1713.2061154206929,930.6980752882739,624.29146759802,593.3882850028946,984.4927253898121,1012.0953389777299,1001.4060974004299,1045.511888799433,999.9599370036958,351.91248646511195,857.0113660823764,765.5726629856655,212.90278858669927,266.8689435569199,116.6,13381,97.76094453466203,4698.4617925830735,2163.787216466034,9.507458448410034
7090.39358308323,6504.674202894349,2999.3633570119,384.38180629726526,1523.571097245832,1513.6613629586468,1183.7344646100933,221.1279135974592,765.9637400169474,857.0692639395335,933.3860013275993,1171.9238469762188,1010.4610714014075,889.5428030142732,952.9194219068196,511.62182718539617,856.7943173965741,606.7140629209233,225.3080511356431,383.5206726356079,116.6,14404,88.64700782193678,4446.177978679976,1984.665204625222,9.607701778411865
7779.255365798239,6432.019736636137,2292.186826381268,1240.6536453063889,2107.895775200452,1340.2614889976517,402.7364120444139,735.4293227170808,829.4285137586509,777.9692987370221,933.5588085119653,1186.7839137666138,1000.974516629746,883.6058315684204,968.2270946457143,514.1324505242088,836.7777985475884,611.7479891519286,237.8020364738608,378.91206074655963,127.25,15267,83.62438290993613,4591.837768395897,1976.7486997025208,9.707729578018188
8390.898591881813,6214.011819521328,1503.6290064648324,1942.187219709503,2357.930047191361,924.8048075911331,456.1890820785912,1167.0469255863918,652.2125436370401,400.1341881414818,929.6165196944917,1173.56284224109,1020.4061023291038,875.2444574077267,944.6271671293932,534.6885334519798,849.113113648578,580.1317906455005,261.9722354192468,416.165524630798,297.75,16106,89.24588180384464,5661.894522453718,2033.0856623595091,9.807738780975342
8971.713394793873,5836.906263052376,646.7673525965985,2474.4520409964516,2250.6588443067585,413.3200702007391,1208.923719624375,1175.003497846098,462.72757306687095,511.3584416147506,939.8805236398894,1200.7409614341418,979.7396535772818,897.2657507184755,980.3875543677633,495.7036488424009,851.2595228607363,614.8445821927368,222.20411515744175,395.73808800771076,348.5,16964,93.71222791889073,6560.266649745206,2051.496828870291,9.908031463623047
9452.039527859512,5360.868237673094,467.87448391293094,2731.2755090487503,1828.077430574011,547.7500760350878,1557.7060528872905,765.130387718862,613.7026436175216,810.0665106618732,892.9283173543727,1175.7290966336388,1093.7150071539756,776.9839234536823,988.201105228469,590.0804802658268,716.3150119706489,690.8993957410007,249.18188842243546,251.81250424594245,331.0833333333333,17755,84.84504690564128,4553.3242204581875,1943.6205949151044,10.008043050765991
9947.592894302781,4675.779125835248,1348.50339944001,2744.0188766054453,1044.369935340665,1121.7245791654143,1473.5476867394239,211.4778461889107,845.4793461932452,777.6407889108322,950.4562858043007,1180.558826856963,995.3694400125709,891.5765493073404,927.6454767037199,567.9884091535232,812.3512918881615,581.1705694766065,315.2229980387634,341.0747446188279,331.0833333333333,18675,84.99621470299124,4425.250078884,1863.4765054415966,10.108174800872803
10586.748146648959,3316.1992076025444,2699.7700881741566,2066.8878305606354,593.4841531025914,1441.251667242883,309.4978664570333,1041.0845027926466,453.9115536328219,309.2438199105682,1049.5398194184843,1152.8252568287928,946.3297988212336,981.2831827015956,806.4638414443459,666.7840234216447,802.8789502971717,564.1433205564298,385.7487556062307,296.9681042561184,331.0833333333333,20163,72.67564675799088,4300.935606027006,1895.7557087587495,10.208531856536865
10810.914280372686,2564.4533322165958,3182.5116522683056,1403.1442768402717,1316.5908238207278,1114.8719303748,562.2453823399848,968.2623227231215,335.37866817159386,673.9897300118572,1054.8801615484736,1134.3950411386686,977.8002953485742,936.2865847175035,854.4961911359353,613.7104269356864,817.9249672148953,545.6672442337075,365.49846496669994,400.14087640274965,197.83333333333331,20914,80.6109513679114,4321.5047096247345,1906.0510390161567,10.308963298797607
10949.302606226825,1944.4957627427711,3450.780955924362,736.6541096351832,1780.3807521708893,599.6174765730253,1149.8147301523227,565.7102448613342,683.1013493488907,726.0341354224196,1052.846185214459,1137.8113444873734,972.9621177458988,942.7935248425986,845.0132942940909,625.0603233825182,805.8771731166379,559.857655866845,349.9084445399234,392.34095529170077,309.75,21582,77.80726494141163,4327.143624761149,1892.5943350677933,10.409016847610474
11007.919387103424,1588.6545882875453,3513.102680511322,460.7299014984661,1930.871669468897,61.22184204668839,1344.4363609774118,53.80005927345442,721.5137020067206,399.9716360520567,1166.1490249561532,1035.484673740583,1078.7673561644713,841.0323734595102,915.6794762582521,561.0979559118774,842.5957808406389,528.1163815107195,416.5459177194496,516.220062675496,309.75,22128,76.36580413605014,4191.057084569608,2001.578751764583,10.509342670440674
11008.393145613916,1541.8902842473478,3394.9155063427997,929.8032281253669,1800.3356083472836,540.5280690434445,1152.2835006602688,542.7510672542126,410.25650190503615,214.76157693431895,1122.8821922304812,1078.3679907835303,1036.3290319910298,882.9760804247885,873.3068698750908,603.5036312944013,801.2444796482775,569.9761600290404,391.576717739502,548.2456141989218,209.45,22722,96.32063682563542,5952.806342584278,2037.559161342051,10.60954761505127
10960.898608177482,1846.1159354697518,3140.3080110180035,1528.3164564825502,1454.0323367177382,1070.8037122774597,670.8752013868396,1001.5611598557077,286.702478466194,784.8975898550901,1783.9164487749892,556.6890384837748,1496.2877974501387,1004.5129513309763,1105.5736755609669,1036.2671162129466,654.7984996183102,1217.8804701690826,407.0557644861223,1138.646024030627,266.2,23310,89.02024668423077,6445.688988274649,2838.1579941366854,10.709644079208374
10960.898608177482,1846.1159354697518,3140.3080110180035,1528.3164564825502,1454.0323367177382,1070.8037122774597,670.8752013868396,1001.5611598557077,286.702478466194,784.8975898550901,1783.9164487749892,556.6890384837748,1496.2877974501387,1004.5129513309763,1105.5736755609669,1036.2671162129466,654.7984996183102,1217.8804701690826,407.0557644861223,1138.646024030627,266.2,23310,89.02024668423077,6445.688988274649,2838.1579941366854,10.809966087341309
11014.867694961986,1710.1521873519112,3276.7309615065446,1512.9712279023443,1574.2819169751876,1173.8518786150983,711.8114997292506,1138.3639424563262,419.17326006955693,909.6949534096507,1853.4973431164385,542.6813012997476,1531.4430087185922,1071.3018587671795,1100.942037568393,1106.501602955141,605.6938760078338,1261.2271686476802,447.9465481255782,1163.8456427991641,214.0,23162,165.87006317426474,27370.875213238298,3016.6148155152914,10.910078048706055
11079.326337206636,1588.2666164252832,3395.3665917690846,1577.8136452662015,1618.9138300475831,1294.5694576405492,647.2426852477826,1190.0474871096937,447.3192373081823,891.8637765122937,1855.6238038341028,549.7700373098778,1521.8649969698974,1067.0202474543305,1095.0050502285021,1089.2551194614277,621.6010855767411,1258.6649761482304,453.5240533347912,1184.6760444089664,402.7,23059,154.66932183701738,24925.402496557683,3145.0453802177663,11.010517358779907
11218.781319611646,1400.4204845538939,3550.3826136350117,1777.2643439899855,1541.5747008192764,1384.2446887238575,440.70730158504074,1035.764597663615,265.30907926024224,690.8397901642625,1903.6162457113753,578.160898623992,1501.5864328035793,1111.2572260442914,1032.1257211786833,1056.6154915833217,604.4803908500094,1189.4568255649513,393.49478097099814,1154.3714737092866,265.40000000000003,22828,165.26946144572452,24458.16406948086,3256.0168223717246,11.110977172851562
11392.400607740574,1250.1557477874856,3646.045655868685,1988.5126955799465,1352.8489748692893,1320.3859534156877,410.2975334608268,834.2636706753179,157.47092924271521,765.0571414726866,1897.8349936917907,562.2768058743801,1519.7970390874732,1130.222643797206,1018.6035361188947,1063.2299986095875,584.6905475664519,1153.4577824702235,362.59228420717517,1143.3833129803475,265.40000000000003,22627,182.08091659160505,25226.54928366089,3262.069245512455,11.211094617843628
11544.498654293699,1200.845572907204,3647.766506377361,2095.540167502067,1183.7738489246772,1160.4288476921504,579.3109151271955,886.1779351398618,333.2621563340686,920.5007119809056,1887.2986344628084,545.5086329912525,1536.6914706782331,1139.6460416937523,1016.4156033914428,1071.3462443431852,574.3303401359155,1141.2719711738043,354.8085118225968,1143.7257190430264,265.40000000000003,22439,178.41359018900377,25707.79933159025,3254.0240062150533,11.311419010162354
11711.321443242145,1229.8151327173093,3576.9792664016013,2115.7287329700566,1103.9162119638302,1009.3004405376588,704.6484559881841,1061.4334123013741,405.0403518908201,859.6215287954235,1875.9378788255785,509.8527152995247,1564.2896332897706,1176.7569671840383,977.50209446892,1033.5973239069135,612.9902179632903,1168.5542819168566,393.8789986292291,1153.470386768976,205.95000000000005,22269,185.74151048535185,25677.787667267505,3199.389351524879,11.411534786224365
11841.868224560385,1303.2942582418468,3478.4385329682254,2060.7260792665593,1157.9753840913752,1008.6325236059347,693.0719453781173,1107.1412238042249,331.06682387299566,729.0414968313802,1895.9313951182633,596.821307560977,1524.94013753463,1108.6556339210456,1051.5539710506234,1122.7006496770236,541.0504184881459,1075.4527638409625,402.779618729434,1242.5014946440967,306.25,22136,176.81812167341343,25353.287032784552,3127.34642414285,11.511852741241455
12073.646092083913,1498.570985348239,3254.85467446496,1863.1815008645976,1382.123119190318,1214.458539478949,492.19543326629383,935.4466297064873,136.70582801234784,831.8708624351905,1891.4976510332108,506.3758047046967,1517.911384528609,1130.9748436051354,1049.0121469628687,1104.1141195103287,512.8138493609123,1084.806803665942,262.97747759915654,1199.0916851855109,306.25,21901,164.5818680352292,25420.620823341007,3012.577342890748,11.612144470214844
12156.357086319635,1579.8506037572529,3172.64143589723,1779.853349943299,1455.87175861186,1290.076072799973,416.4846635988343,857.7516014559791,199.0095696772501,906.9971464695944,1894.966225079258,501.40948609132545,1508.854860322857,1123.5077622696795,1064.894795422307,1120.519267742249,492.34057191649134,1065.0041784491932,252.02995772647367,1221.275920854457,392.3,21821,171.0331051136842,25503.776479772278,3026.8207049756775,11.712368249893188
12210.257558768835,1635.9015173339303,3128.972091868702,1736.5577955467559,1470.4940001730463,1298.1076783151336,426.39351605328824,870.8874749094954,235.6469491112775,874.7768771862998,1899.0090707527438,501.45071515920864,1499.418022182773,1114.295904636378,1077.1796350514621,1131.9741386583196,482.54015939504455,1057.192096547498,258.22635158084677,1222.337081920406,392.3,21763,166.06187984672982,25590.659647445354,3010.1626566998507,11.812688112258911
12185.628445714889,1610.876594233099,3140.6167167850285,1744.095758596987,1483.0366400606251,1316.8683636743492,399.16283801341257,841.9768546463804,252.2401509004343,903.2112151589189,1931.773946638478,526.0949474485292,1428.7335082653726,1039.5839427400729,1159.8544264184786,1209.2833389653588,428.0382710185853,1009.0198003481775,337.2840156380604,1241.2737489721787,392.3,21790,169.0050405208699,25684.52080250076,3055.6286574853634,11.912774562835693
12211.08275396148,1634.43463169665,3140.008943286191,1752.63328951283,1454.3943729717064,1285.3024665504752,425.35148924076753,861.3887369339886,220.3155467210936,910.4169885859911,1928.3175173710363,526.3472556572244,1447.6400537502836,1068.424720349105,1111.6390451717332,1156.3909411245525,462.99216969484615,1031.5480105436466,267.9788620639282,1281.8891075958725,176.14999999999998,21760,171.7582687934722,25614.50978180106,3047.1679655087705,12.013062000274658
12173.066741606448,1607.227804012537,3117.3147812994325,1711.5062051917423,1503.0016835540084,1316.8399560350658,435.24952857195336,893.04140671668,217.0293157976154,857.2384680083419,1948.7678415202881,551.3553971593005,1418.0099914548894,1045.049706612778,1112.0287406988414,1144.5439152834012,486.4754080775966,1056.3004260572604,251.31126416393792,1261.4882484823913,258.2,21813,170.44124137046947,25602.549040272323,3029.788197378806,12.113067865371704
12133.157650692274,1598.206233185036,3059.492690312062,1643.8871229840568,1520.1646126911432,1284.7342258797255,503.877983767114,947.8801774874978,148.83936804017412,904.5685137525613,1961.6113161775424,567.9426106339362,1405.2100720326396,1041.741132578932,1095.5998115836908,1121.8278519843905,499.4784006816322,1053.946925362396,245.8389011109382,1296.5252224869473,258.2,21876,177.28810851218503,25624.10382000625,3016.070890785285,12.213332176208496
12088.256392559468,1616.043682842722,2964.980961603098,1568.8305637876601,1486.0315959502152,1193.9442785239357,562.8976527724408,941.7718303577303,164.56334505525678,989.8468440527944,1988.687873526391,598.8342712897786,1397.2158245062597,1055.672674642714,1067.3229913491448,1106.017425145369,490.1109215082149,1032.6985181765367,263.9908562223456,1304.571137935743,258.2,21975,171.95052781142866,25653.383597827727,3047.531375927555,12.313429355621338
12075.507563511403,1639.6310498749783,2925.43134026024,1562.4468793461454,1445.6249210310723,1163.1813307160603,541.9791743313016,898.6345083772228,202.9223391436148,960.9242945729454,1630.1696367752172,356.4099434051335,1239.3455266329097,693.9824194375636,1149.9791090271046,814.4376101433317,768.9504830883282,989.4522782199925,512.6500322410103,1465.8899464862511,173.63333333333338,22018,171.7376904297771,25289.567036097586,2787.6603196007914,12.413703680038452
12110.885988119542,1482.3902166478256,3074.3865596655237,1486.2248838633714,1644.856281052691,1169.0956024885259,752.8811216086617,1024.4965920276045,311.4545869507439,1151.2588008812772,1336.7078769597858,478.1320495733479,1008.8335404729914,556.0811640693073,992.6826434589531,557.8519630007485,743.8755715630916,643.8851663584871,705.2204074356371,1127.1058392595073,224.50000000000006,21805,162.82898235860915,25004.913138061434,2433.6875841322476,12.514021158218384
12139.192197144981,987.711782170954,3324.102681402155,1074.4335930875823,1992.6760302184416,847.510545840183,1188.8726999303797,901.9410637712729,861.9034508345658,1083.9632272936828,959.3362644329939,814.9666306829895,692.584084474434,738.5172402246088,717.253152247887,662.4489174741994,573.436857085994,529.3184895225926,660.2457431243944,953.0630949361998,71.16666666666669,21211,122.37477316589465,24628.730659131983,2017.0513542080805,12.614273071289062
12094.851324932706,415.18151085759945,3486.0723271271904,390.878592038615,2162.214346250368,300.72299610039425,1434.4780859289926,378.73323241891984,1211.6134097093798,216.33032074719216,976.4458183481227,799.1477195115366,705.0664015358815,728.1883409934937,726.5338333165593,655.8402959957425,574.0961197674013,534.4860525149973,652.5219461427515,966.033163611541,102.5,20282,121.54943448054505,24650.52981551642,1996.2032722670212,12.714505195617676
11977.601239927908,908.449539905663,3459.914366648098,680.0276929795765,2010.380233005115,809.7071515970346,1285.4714763226696,635.5208606378502,1005.9891486345625,768.904496369313,991.9197251892228,783.302413233274,720.9834001011134,712.0099093316489,742.9700810247541,639.1141615306562,591.4029733388758,516.6480673271992,671.0435793505907,946.5634474769131,102.5,19370,123.98540335881235,24665.126968016135,2003.1970180814856,12.814566135406494
11789.378652742473,1670.3280043530274,3245.7407322142612,1375.442495665391,1559.7643467420412,1371.1447468092217,788.9090681962,1083.19902391727,355.652973755161,1282.5111528299992,1007.5925188746527,767.5848151458647,736.6176293868824,697.4530284474524,754.972631606404,629.1347499704308,601.289319886568,506.91753864138144,678.2384503482255,939.4853191807564,102.5,18473,130.98073566256397,24678.257013935752,2023.4535689294964,12.914796113967896
11530.14122946407,2419.863258968708,2856.8704743945045,1968.8425787721615,883.2713230501608,1658.12625499424,280.58113613963815,1175.1878110747305,535.6419196149137,1049.4268374994417,1011.759170593108,763.733724763144,740.0933784713939,695.2655132040347,755.0663041957541,631.0291761401041,598.4710831949268,511.0275273758238,672.3238212346937,946.4610608355472,102.5,17582,125.91966694037478,24682.175831808352,2027.8616530538538,13.015120029449463
11226.849995082695,3052.5181865716318,2352.599837694845,2331.2002936537497,189.77450454050046,1579.9815555663818,700.425747844243,852.2337329204661,1031.2886938626416,266.2272460660364,1076.0488293056185,719.9756343905142,769.9151539870146,711.8631350801915,704.954571186912,706.1728053435821,519.9425103686297,585.4358735748367,624.6169288101338,973.9125387838677,102.5,16769,126.081524650734,24762.252044556913,2102.392143626268,13.115479469299316
11137.34157907401,3171.908425445265,2196.3927743220743,2338.649038410802,95.47679557027305,1454.8558960044925,748.3349051358189,678.4633009690625,978.2616400437579,231.10880469031216,1592.0358671935396,838.0668344443311,973.4721701330494,1262.67262728597,117.33664712281995,1258.096872114883,596.9184510751766,859.2052248644926,1164.8834288318938,458.572788157638,102.5,16580,135.5934690217249,25389.260520849057,2766.787093772228,13.215769052505493
11132.640342835473,3175.5643084151957,2188.229758178789,2335.070948624204,92.2593743240623,1445.5225671354842,743.4460863799909,669.7208848598059,966.6335446833293,244.4723948440423,1746.4587848992915,992.9447022475593,1021.726050928045,1442.756814362917,70.21903576991531,1312.816905489605,776.7126868092688,787.91088414873,1255.97311515161,345.22654321097383,102.5,16580,174.03599033242273,25586.072199000126,3029.8265112168883,13.31620478630066
11140.942759897349,3172.772602852278,2200.8551381272414,2345.285387349327,103.24916331557503,1457.2757838099194,757.8519211234347,670.0654802023059,978.211141172717,236.22585524583775,1748.3785958672145,992.916924453685,1027.4204945755832,1449.4858711435256,78.9830797329274,1322.9243508383556,791.770973710068,787.6050267124854,1270.381270251045,334.198216303075,102.5,16580,193.1378565811927,25591.549358910393,3072.2576256564134,13.416564464569092
11132.298723695527,3172.322272890532,2190.6801290775084,2333.2507125943557,90.6221138050822,1454.8543550520856,746.9883354006565,683.3515475995471,985.8569328416128,221.5901571303399,1746.9882058240782,992.7558997265176,1022.5890673318647,1441.895835056278,69.15218319310601,1320.8132803280182,780.3613862117685,803.5178836010139,1280.6339361885096,313.16087933062903,102.5,16580,194.78490293459416,25595.24467591765,3127.3615125945125,13.516690969467163
11138.1599256872,3174.195208494896,2195.5973164416646,2340.8685564855346,97.43518172871747,1450.0196624483215,747.0488936161096,673.3756842274922,973.1930808193245,233.39673058822441,1750.4922768459132,998.7887134949573,1017.6993874769087,1439.8891022802839,67.21266056684895,1318.2128283428833,779.582483459231,797.96404619599,1271.1953248633572,325.98489159229797,102.5,16580,191.57042511940568,25591.82718138778,3143.3525734122704,13.617049217224121
11144.165357701972,3179.7537156578132,2192.341168578534,2338.4006407727275,91.07712525478992,1447.9568091410124,743.0182462479245,682.5603793499115,983.8511911265105,227.43050304627022,1752.2733575832638,1003.5274094931495,1008.6836377959831,1429.366388480918,60.366343348978724,1329.7010586805432,789.8406135472179,798.959566709328,1275.9833125771588,335.65924954287044,102.5,16588,184.785061449714,25574.10801439371,3128.214857511741,13.717154502868652
11157.915923304683,3192.2507502570493,2185.0159663174704,2332.7389773216846,79.09391237818673,1446.274868242753,739.1512864968654,693.8710895418044,995.4701092205461,225.54956160331918,1754.225607327181,1010.9052135886915,990.8523641892112,1411.35877208036,76.44857608495452,1353.5064922940082,813.8000712858075,769.0141942760617,1246.1088004981195,343.56846926790433,102.5,16604,198.2887186374494,25586.166029296604,3068.191121557865,13.817262172698975
11199.823980724505,3234.0816056367403,2147.2897771042885,2293.9073513997455,43.286312682001736,1482.806170573112,776.8497552244493,672.720510081104,968.5050691442462,267.7974342284479,1752.8091853546794,1009.1387051058956,991.2994010289011,1413.5342464427501,87.400993058313,1351.2485456983547,810.3416207883026,767.0682845054315,1246.4465593624675,332.0133424683128,196.0,16642,189.54768287764227,25652.708455382766,3065.4894517830335,13.917571306228638
11243.279703143657,3276.9227078480303,2103.220117471826,2251.2936431296157,62.371233854635996,1522.2546662001155,811.4863196222091,630.7851962275521,932.4559093751709,257.3173546488187,1744.9445728304004,996.5885677212592,1005.4176890167291,1436.2901441338581,111.93884274356986,1319.4544716258795,772.9475413203502,803.9713245256606,1290.0616257525216,316.65892407763687,196.0,16689,183.335410130541,25814.920289612957,3044.9604957374986,14.017924070358276
11129.874138341153,3175.342029192128,2209.774456683248,2329.9729319978055,57.77518861908937,1503.2882288713959,838.1223069704944,652.1632024198733,891.7922334520208,375.21627474227495,1775.149537724216,1039.766200007975,989.8477828823977,1378.6926378769779,67.57809150388078,1430.0119163123159,924.759232866068,701.8373709600529,1118.7728506027715,482.8624366536454,296.83333333333337,16571,179.3859239056901,25695.068393037487,3196.350761208888,14.118004560470581
11199.25777208565,3224.9521795911314,2165.483759892937,2325.458580961233,57.55521959908383,1443.3390069735638,759.1500173194999,722.5680882157337,969.9876975180655,399.52814479370585,1760.3609963901467,1013.6991260234719,1005.9071823649272,1431.806235844702,41.726595738016826,1312.4364272928356,791.6148467801094,849.684951468842,1263.7094554106793,562.1384449697957,125.38095238095241,16638,185.02310946686123,25282.321900604566,3304.1556019064924,14.218007564544678
11175.272345748852,3215.1968544850038,2166.7897287891556,2305.7401470308123,26.186716835350303,1473.4092912979506,773.1401403295848,705.2832005249958,979.7159784450415,373.044280926874,1752.1203540051804,1003.7659466243417,1013.8767510093916,1426.5200489418864,19.267220468033784,1339.0586787132745,810.1159070027704,826.9409712625769,1270.7485772813395,525.6009344054125,204.8571428571429,16631,185.53257411195676,24531.17282046828,3257.0439132359897,14.318142414093018
11135.245661904679,3209.867688246527,2152.3666780915196,2255.238303065069,41.227321144907464,1506.524381272016,761.4794326369303,722.0079475808503,1031.9318981546144,382.7022969357054,1710.8817440293167,957.2604847498352,1046.1862750134271,1400.139076433995,57.61630008092334,1415.0237406866688,828.3032007053417,828.4305211737399,1363.401329260714,527.0942547675174,295.4761904761905,16544,173.61675641411506,25269.057435784987,3118.590416571167,14.41830039024353
11176.083984115478,3192.7335591469846,2201.5703329636344,2325.1797688769766,36.99035958757345,1534.179428638787,830.2387243014406,653.1204178773936,1007.051370856672,321.2911594042036,1698.0385614453944,939.2730336356747,1063.552335889429,1406.778138783105,72.27581639904552,1433.740683967923,845.7836924778792,815.6283879517405,1368.0792910374698,517.3142395585413,198.14285714285717,16640,177.03083215004415,28104.429199794584,3104.3459802821008,14.518442153930664
11193.833375802593,3173.2484964965624,2238.658892193845,2354.163712161998,76.40248083445775,1573.0808701715077,858.5912022300028,643.5065465185377,1042.1818166837156,339.30858424385036,1787.2080705275373,1018.3146308554088,1043.1592268829343,1484.706298039487,81.58015333171647,1438.0668379524907,929.9158593136459,728.5775913926938,1362.705403753455,476.2633874906114,198.71428571428572,16671,173.68284584937444,30360.221091637188,2937.6908341952026,14.618747234344482
11183.951210953392,3198.1816538278176,2205.651077809412,2349.167727767042,63.32117302040752,1548.1650956591498,871.6658528456201,613.1003413524656,1021.8827933880192,311.14239021281895,1059.88555095575,873.6872757573923,1004.9117770485066,754.9994344778008,676.4286571037193,756.3867293133162,805.7401989718194,907.8286640352225,618.3656668161816,287.0137973094554,198.71428571428572,16634,115.03963973757749,6817.058251062484,2132.6730276933995,14.718829154968262
11300.86066813804,2567.916868794964,2800.3300075688435,2100.5056263288493,662.2164225535442,1603.005688229892,174.18516268216462,1197.3657352533417,684.0267876491646,549.0085745068391,997.1972524668064,914.6901077849417,986.7165191209842,734.031537504241,717.2847162617188,694.0773787695216,885.2200694080864,844.9871379750833,660.8658109245757,262.9045811491111,163.21428571428572,17339,112.94559776358378,6712.7401081190965,2057.7105622488316,14.818936109542847
11358.996317011099,1818.9362200489484,3305.02872793445,1612.507224153254,1301.1388563401133,1298.8269692118674,694.8450392639743,1374.6907917505541,97.55257949560071,729.2763232028097,1058.4824013466498,870.8755063720918,1012.5136854040773,738.0757391130509,700.6306071114076,724.7918529009504,839.5105276930651,899.9459712766769,608.7468484296143,308.07288267239784,225.66666666666663,18101,111.24446169147066,6590.339767657968,2044.4243968335575,14.919041395187378
11346.511324611756,1132.834353164705,3589.7214978559605,1025.478269875395,1684.2956182467033,756.4486973898751,1247.5683454668706,1038.5940162753193,662.1937043384876,559.9937479307799,1003.7738407716937,928.183937116684,952.1492754697957,795.962586878823,636.2894767506302,791.3150961885823,777.2077327544429,927.7301024506929,589.9949737788672,344.6938767676342,165.96666666666664,17993,105.68222321313536,6686.7859559318385,1994.5988876107579,15.019115686416626
11261.99387163455,514.3291661774548,3706.0572986872758,267.8723072546064,1844.7851243283376,26.18705142625475,1483.7915784395236,282.1116526241821,1025.963112088028,306.2342571071275,1020.2358493598845,912.3356428814936,967.4996747362134,783.111235218028,649.4200837352339,778.3787370119334,787.7986841433005,923.3627618084897,591.6114589920718,335.77634227970384,165.96666666666664,18757,105.54242681828264,6710.823406782038,2007.1990133190468,15.119125604629517
11112.409385564653,788.7157007382854,3619.1666092876344,500.4986969846374,1723.1238541184175,772.1053780008062,1279.2474250249998,626.8703075028991,899.3484790969477,603.313193499083,1034.7686248825403,897.4308417916336,982.411811237228,768.7965314998067,664.148932879565,763.6033886054811,802.3409638245356,910.5872518419013,604.0511061202433,321.3572066623826,165.96666666666664,19504,108.13100402789932,6699.245307732901,2021.5686559276494,15.219474792480469
10906.645012354767,1471.1736770169953,3348.5182791203315,1178.2057991346187,1354.193832901864,1322.0036409155343,723.3730436438832,1208.487237576574,368.4466954159728,728.7809863462055,1071.2570565053647,858.6356376044727,1018.9307852418838,731.9457854115141,694.9152281242523,740.9859088638848,823.1288467290706,885.6120819412836,625.1148787373787,330.13004536965343,165.96666666666664,20213,106.63526626824293,6642.142917344014,2057.156572866983,15.319730043411255
10644.416669700175,2153.6466981248177,2913.6561535623837,1722.011206648104,792.8493769780645,1570.8725541193119,127.07435005624731,1329.291274487918,330.2724725376946,487.30241640833054,1092.3294599771116,838.1084126307672,1033.6495425446628,721.742554645748,695.6591066386436,751.9300922238367,809.5442885115373,900.5723387992726,607.5477272672699,350.6589444427242,165.96666666666664,20896,108.3616027998218,6605.5723421850125,2075.6859166814857,15.419832706451416
10365.32147965713,2705.2563176980134,2415.1341460814065,2034.520919465529,207.54902336532484,1473.5150292334122,690.707928044319,988.4572896254942,770.3574704033917,176.38104640919323,1162.6132494789981,783.4692736510021,1059.948156411209,737.7929594574399,646.4527492116345,842.0391364050032,715.732875532185,991.8480515347313,533.0947352376309,344.0486943569299,165.96666666666664,21487,105.4095188617471,6513.6788288846765,2153.123159375749,15.520176649093628
10003.220205937028,3244.677402046218,1785.0704614112562,2167.834439567295,484.78722875983857,1041.0634143850377,1172.015171320693,354.86699788264895,865.5763407312521,522.3634408379163,1137.6278748395714,797.1000955574385,1061.3533035616758,713.1534733538764,682.5480208221805,806.4913250169218,742.6852010912709,982.0912522691207,516.1725548663638,393.52994191397886,127.16666666666663,22122,114.18429163000351,6533.370648442893,2189.350098397724,15.620461463928223
9625.887130012268,3662.1984399784974,1237.4247398447576,2089.76380631236,1025.848719571879,468.84597377944846,1286.5908421846232,651.6769951549506,562.7955201008052,688.4248446716692,1164.9806591846377,798.5758659818355,1031.700219893872,762.3046566114542,641.2674117597206,800.711822922688,773.4723075903315,933.6071211249682,564.1373016486049,396.5669071609517,143.0,22707,112.37249340553765,6479.611282803057,2210.6636147557374,15.72063660621643
9262.67608376961,3941.695011263766,992.9628590780436,1843.521698788028,1348.0654992124544,343.0676587484611,1051.6857462894343,1079.8410548784173,69.35278637569513,461.9553663494986,1235.756928399831,893.2438913661355,874.9018520509989,874.4962376772461,689.5632265452655,652.659484421884,882.7198477611493,943.3330709852311,474.2038829721241,479.9978275108768,218.66666666666663,23192,110.7852113564826,6322.039596474449,2234.5887069867663,15.820913791656494
9342.135269304152,3910.678312282092,982.2404445619146,1927.3314722908258,1344.6142903652342,248.99771941034913,1147.1568096312196,1092.1902457221743,128.59061094133682,559.3550032119691,1476.3763824475234,1244.0465638472615,438.76751106021527,1195.3149782652138,1048.3784316591912,231.08254972723802,1190.997417814259,1298.5908893902015,147.37363086964325,776.0555046258044,143.26666666666665,22186,108.28101001308875,5904.123974478554,2656.1256762206563,15.921205997467041
9190.773188824327,3914.8862905794113,1077.1226278937615,1760.6371689153877,1231.903995948103,395.32244150754013,1056.424727183719,924.8059063872508,249.89935158724495,589.5468711111738,1403.380315212045,1106.0991864808798,584.5724479900841,1144.8886372000584,892.4764214189358,278.12683987327614,1223.3836262776572,1144.5669241678202,321.26193625941175,893.3336750949433,221.99999999999994,24058,131.26421907197212,17416.510532751694,2846.6712299069577,16.02144956588745
9022.372219292894,3871.088624848501,1239.34182778212,1639.6038921905802,1057.3384247548395,464.0778295294669,1167.027959409925,861.5350003337417,377.75689054634177,753.2921515072396,1387.2982621355534,1040.1059661664715,632.1488768695531,1186.2591519300274,879.0457262054226,237.55891068896577,1287.0429576587844,1191.4793133767455,319.5529792641753,910.5149323859858,221.99999999999994,24255,128.02605233942626,15302.500215737862,2914.662692283864,16.121495246887207
8871.686073985427,3796.8227940687525,1391.3451901996862,1626.722650103821,939.3001965499607,443.6870630450047,1317.1996987225068,985.6438210425714,361.3288271464537,743.8076337327028,1389.2875930525283,1114.270289416865,625.8599159480391,1096.6609164078711,807.1003403593564,321.11741179916123,1311.4993125419162,1152.671445459649,399.09113219622316,989.5838956102082,247.16666666666669,24386,147.60731199674683,14769.654669893294,2980.4702457836966,16.22158432006836
8813.496088167358,3753.1935729171714,1439.4874274137849,1664.2479051833527,945.2695631466611,393.75828465058817,1325.109442097496,1023.9395576925369,301.8435171313036,685.7887141824496,1401.1158768096614,1105.298632740335,588.763299267857,1108.7136039801726,843.1830962952168,351.78112536102066,1259.477039468599,1078.2795689776221,469.56572839674504,1070.5998585626157,177.03333333333336,24460,145.70686593145643,15327.544670913347,2995.2693121793436,16.321666717529297
8696.652334837383,3647.611401965248,1508.1375222507231,1776.7177409023518,1032.9299329571963,278.65164115233136,1246.8848518465647,994.4006297785896,274.53550876788836,692.4346065452734,1378.252250362806,1126.916583979413,657.4453111346611,1097.458159380441,805.5307171813934,291.6052495582266,1289.912431155393,1137.5995063831995,395.1636490656989,1007.0043370879249,284.59999999999997,24571,146.2519036568914,15620.88081654346,3015.368168304261,16.421974420547485
8663.382833108955,3612.3278995977016,1511.8724307740983,1809.0832132650028,1067.736668110944,274.9563156755633,1214.1611692950821,958.3702234590187,311.03493302699235,725.6204890998321,1384.2808002673323,1132.135345791211,646.4999207527447,1082.8609847966675,789.9001367456311,306.99096389712537,1313.413245988676,1160.2601750355464,374.41578644016323,976.9400019438601,188.14999999999998,24605,145.30148317374505,15610.127135453211,3010.3885147193905,16.522117137908936
8629.714123699874,3574.804792836348,1503.4565689192102,1832.9834781538877,1094.2611014238335,299.721105242282,1202.58164031024,939.8448983887207,330.0454810449723,726.8790131944812,1371.0324130294714,1128.5739563910465,675.0945433910852,1103.4834841891854,808.1384025538403,280.72902962858257,1285.2212770289964,1134.3181190741027,399.610303762822,1010.0580517672505,188.14999999999998,24652,146.39215873595376,15419.570902855794,2982.7055787414847,16.622194528579712
8603.050341416549,3545.288265667109,1479.3196497298893,1830.2196761520595,1088.207909724525,331.94375333932874,1233.2232089676575,970.882004093482,297.3894329496847,694.8490044622603,1352.0094831079498,1111.036353909994,688.927507049484,1128.2312910500402,830.1388135234957,299.49843510105796,1288.9210357399918,1141.3374391386396,386.6825324178766,985.1607080104637,188.14999999999998,24672,145.74361836118948,15325.966800166963,2974.127703844192,16.722603797912598
8621.055412266762,3563.156517483709,1504.677368183578,1847.616680842533,1110.1947605362477,325.13813346467276,1211.4578710723476,952.2488963349966,312.0321281566938,683.3644179046669,1332.4358152750387,1093.3919607725581,706.6357766304732,1157.573119503797,858.3387004087247,321.4820777893356,1288.9447564750621,1144.811624368527,378.993439057263,950.6342297778627,188.14999999999998,24660,145.34919334370218,15334.268058116862,2935.762861475998,16.822821855545044
8637.390139112478,3576.339258008267,1532.6463124966199,1873.836308615102,1137.97862291479,339.89805554587076,1210.062531241082,958.7464731762609,301.0193081144518,657.3216182699713,1316.5237313376135,1075.9327823365384,702.1022081681074,1158.5988176624562,851.5249935368345,330.08209873599765,1302.2058889104326,1152.4308290131,378.21899125060196,965.9958168295491,188.14999999999998,24621,147.90469868339773,15351.928641585622,2908.2230739546635,16.923088312149048
8662.381089694418,3586.0145741294377,1580.8555558448563,1927.8631219105762,1176.6716761040593,396.9942173633479,1262.0193267717218,1016.7876065159058,246.0205178295168,665.3474364169132,1239.3333961206224,991.7517545068027,652.5974292975017,1119.9591371881506,779.7505757069755,317.88177133621934,1306.1717847605928,1118.2175169040993,441.5620900240777,1016.331957586699,188.14999999999998,24568,149.09873155367387,15273.892770103987,2737.309744714284,17.02320909500122
8704.685021017376,3568.4331181320404,1657.4566772726987,2012.2411517019286,1178.108270162549,487.2941713356594,1370.6474142379539,1059.360367656895,317.1338428449039,800.8102669666115,652.1919257428286,428.5886930966234,295.2432271715527,601.6678893428451,294.0153530158771,380.1816912453845,784.732133702293,536.1514268715325,916.797089248715,666.351120545974,188.14999999999998,24432,114.70822097878556,14626.206791376673,2134.9012621388633,17.12345576286316
8858.750530164465,3332.905980676637,1926.4714350491697,2192.313751363629,896.6915389652119,858.8574519139536,1459.4625452203136,688.66494974872,1044.8166038877655,1001.0633112441752,473.87524499224395,370.8458945604295,299.6474071642329,413.16598469761,416.6100180222986,463.36803623256503,602.2761638205051,614.0943417729563,880.4611391383904,479.3678145909587,119.5,23664,99.06635588681434,14418.697853502441,1935.0831560672434,17.223828077316284
8996.558116361633,2973.3385486538505,2227.3993455466893,2199.6993933471895,717.9631651170665,1314.7705306068563,1103.99302139738,348.49740042414817,1424.284048626231,647.9734310208287,466.6501026873417,369.6001377885189,303.99324103029875,405.9058793395927,421.43972639521576,470.8527450603112,593.261899353477,614.326941403038,885.732897754465,469.4670878525329,119.5,22695,95.87456038404463,14425.24200388101,1955.2282088265056,17.323960781097412
9087.078564483776,2601.307609197405,2484.881247272827,2029.0493987190182,1026.512533733247,1569.2438872271582,509.7993381350552,966.1837121119842,1118.4390590371372,397.2275315727591,458.0557708781477,371.5834702698686,304.4751017447961,395.58659419556295,432.3705280261834,469.20842096710567,591.428313771315,626.536031227919,873.0652196983254,474.55647375921154,119.5,21721,98.04095156152043,14410.412907710434,1976.6764458848006,17.424070358276367
9129.264532132274,2266.2519657764956,2662.4547038568976,1715.947986323036,1454.169075361245,1531.981050486937,568.6077258135427,1343.3742013339204,292.9937250840011,872.5178457840003,455.0159696824726,374.43043888803226,301.4847650038578,397.3017011269529,429.8459016324373,469.44106625693473,590.3123384877342,624.6624575799675,874.5824242195997,469.38447855943537,119.5,20744,102.03935545225417,14404.228784641942,1966.1620741125766,17.524168014526367
9121.888458232615,2018.3728433331914,2738.322567546576,1316.8274599232593,1754.7733334716715,1203.7793029552072,1158.5615961580788,1228.8936652227837,705.0599054194792,1003.9626311609389,453.96651288142493,374.54555782381567,300.9026287673123,393.57055191843585,433.20582493264044,461.0505226965552,600.099034908878,614.1653699804558,887.7989855536302,460.551167743718,119.5,19764,100.59751108302642,14409.92965356178,1925.8510572079113,17.6243417263031
9067.703975752958,1933.6481242674122,2711.2979200429204,1002.135400094945,1847.306721130356,747.5816120508367,1495.556892164196,705.7056927313027,1354.3366148880914,664.5780763001769,443.64015445663085,384.73215915077685,291.77137912470766,401.5222834151342,425.7859811599642,466.0688268287836,595.3551358105404,618.247985565759,883.5874010208817,468.0709090331562,119.5,18775,103.30261201043689,14405.643262727854,1903.391070876186,17.72448205947876
8963.427671937734,2038.882665619999,2576.6675082104016,1007.9289536109915,1698.27116891696,620.7700691795696,1415.9108225951004,368.55967758709454,1350.7343944711479,410.65791548421856,450.7777392328115,377.6085247578878,294.6000862121039,394.9403834328093,426.2517919192734,459.6376493654964,595.6606337483083,611.5994222265543,882.6586145382612,463.17051605307154,119.5,17784,103.04656523164542,14407.621302368001,1909.5087209330995,17.824799060821533
8815.40174050299,2298.9672276051756,2359.607826283978,1332.9916369668308,1359.100723646773,1043.5674845293308,967.1239911257188,971.8969823097788,717.0472864785885,869.7711691579883,455.84241312055246,372.7273101382493,296.9120714574708,390.86620688429065,427.184157699056,456.1549264137026,596.7654690730799,608.0570212694835,884.474817230911,458.64517687666086,119.5,16800,103.819498488155,14389.82957197044,1886.037106843796,17.925004720687866
8622.044202204996,2644.4242630678004,2081.483082233586,1723.7273685466357,933.5214026019087,1436.4155689512666,399.6674805543516,1333.9837273942787,274.60584770494876,1001.6400291452823,620.7217527189811,309.7344365281052,328.86686418586777,447.02293730599587,305.2471796402146,600.8838882868916,400.40510915377354,804.8392270498898,696.9910256916771,654.6138772288932,200.41666666666669,15822,95.72826947676553,14578.660598022721,1668.6072859354108,18.025196313858032
8439.861348101107,2884.468115444286,1821.1899165594525,1900.7930902855292,651.5332883173502,1475.6480697222653,473.7733284781118,1167.8973565369945,849.4465727941032,615.6002716561688,580.5937878172044,275.7792636871904,367.5416155576909,360.89223873185057,401.6256112915195,534.8315062945126,445.89320431502205,811.5211924467018,600.2678771761108,766.6389897503616,227.41666666666663,15121,82.08741077696561,14527.746931457885,1596.8088814523055,18.125229358673096
8141.9398073565835,3163.4588126467033,1437.884009733532,1955.8846265946786,695.5307988523807,1184.8654448976904,1003.4598393639259,449.98821181486164,1172.828809611707,334.0857564366928,514.0707917844475,284.099686679063,396.0321653817218,277.22835420384575,489.1631976323396,451.1499899648756,530.2159099835874,778.3337510774242,595.6961415040404,805.2606763419356,104.5,14188,77.95589912508174,14434.63222726416,1744.9906760446574,18.225504875183105
7819.91086376585,3390.209321182131,1174.4314657041339,1865.4351483005612,1118.4122229027553,735.6523444443435,1312.6831523233966,420.6624449413391,946.7870357542769,1006.3726860123448,595.4386103119763,350.54764869534716,267.8679456445349,410.90235443106224,418.2623591020574,410.15649894355914,611.0992014596752,660.526717104575,684.6020760944554,803.439168989055,315.0,13316,77.6281054843456,14571.360659928774,1725.9215289299407,18.325647830963135
7461.221895520279,3559.1876630639263,1123.2179540776963,1639.2893342246132,1484.373826481054,446.09897402951634,1262.827326252819,1080.1803749780386,314.1917484480745,1098.8853149405775,543.6420599369858,270.15141567702324,376.3411224361557,342.73016038685756,409.4061830027147,492.1690597883606,516.0482897649566,703.9872175634761,694.7805871040415,734.5050172627417,107.25,12469,73.3466801165182,14447.836648531433,1673.4997871428568,18.42605757713318
7044.394692162353,3670.4346193990564,1323.452214083013,1303.181108018288,1679.1498940865913,816.1793457198102,855.9916168316266,1351.3904528247776,574.3055990358996,531.2510686140583,549.7886821719487,299.3832715964768,348.94530709106294,333.9390978281705,435.413212727143,474.3432837711172,513.3602894803515,726.2400091522651,682.0692684756286,724.6472820633359,107.25,11573,71.00740580685006,14483.344952651027,1575.8679022195583,18.526256799697876
6930.423049667026,3664.0283292427807,1363.8974282862923,1179.4807861600134,1635.0945250631883,868.9915550393227,674.6586515025538,1251.2195926085699,647.7458100245293,325.62836668887917,935.9785074433253,950.8570518956255,438.07882713292315,623.0346479196177,1088.1778907105781,592.1392989331952,729.3516577369758,1390.1806466581697,649.3381047403567,635.2049310509698,138.4,11366,78.56079427649205,15143.720623204743,2319.310939022297,18.626476764678955
6974.9745095532,3685.532316086551,1378.9235674165002,1241.8612951105822,1689.1695915337614,906.3883504468182,732.6157181829491,1315.488094697409,698.6546672069098,322.12887328317714,1159.8845410904214,1234.5337152917864,725.8866553915504,776.0524199229932,1314.310615095234,866.610743601147,688.0149943631436,1484.0081173123685,900.3058842639737,396.1487451249356,138.4,11439,131.47888252915362,15418.154720484878,2725.574809398994,18.72661328315735
7126.990404802168,3806.8621651298818,1515.372515416053,1431.4435430665806,1882.355071183792,1102.6261340300482,758.9925469970311,1367.9431196464486,847.9107844536975,123.5492622558839,1245.5316961510443,1336.6091864291038,828.3119912800128,794.6087224201656,1341.1420143318899,921.0810731751025,598.7961198238265,1412.4444240400392,899.0262987993196,349.01458654549117,138.4,11622,138.94884875327045,15518.283754043408,2802.874219207133,18.826952934265137
7295.532001400747,3971.62706098223,1701.674272073414,1559.0691744313847,1995.0402431883156,1217.333616911843,621.4471256994248,1212.9017177065446,763.1183786190843,228.13056898977385,1261.1363581506648,1349.360191295026,831.3915329994168,759.7309585635592,1300.6248686450197,877.095019330765,608.0908054493553,1425.1422281074306,886.0120848882043,372.1318019711199,289.6,11828,144.88218488327794,15569.486458559106,2728.034773097518,18.927252769470215
7536.064357628791,4220.391965860192,1951.7316242717452,1625.3135611169807,1993.7014199770551,1199.2615725512667,371.23642116510575,996.2089451272444,508.96741943535045,438.55616693278273,1271.7806753046125,1358.4270226190297,835.6183215843361,745.6835581609323,1286.6042208580084,865.344390817851,606.6721735924347,1421.7955841532628,877.6898972961593,382.8561884322932,140.7,12072,135.90516259525003,15656.064612561138,2717.2444283223685,19.02755093574524
7707.848017592395,4393.31885052523,2088.7819364874845,1576.658004345124,1874.6025605004772,1059.065583233376,390.6362156914802,1078.0860659278924,554.4641208165101,377.06006958581526,1242.7078369138155,1337.8563520636108,837.1204658955708,809.4221511319805,1352.68043368813,931.5754544943628,559.3891984531494,1363.2418693165696,835.0932943926562,429.552927645367,242.16666666666663,12251,136.77234582848564,15647.163355393826,2794.112376912967,19.12808394432068
7901.315103780579,4571.951632618379,2188.216934630814,1443.2816166037378,1682.8715122042988,868.9643134951824,580.9690852675752,1270.761398548853,747.6269600152632,182.5708106583319,1246.0958389966186,1322.2017597149609,803.8645175187443,802.3459459352931,1370.1133140774425,959.9081590924515,549.530152571563,1337.514360139798,807.9331363695358,458.6198970381023,242.16666666666663,12447,135.13478291781914,15564.657898398076,2770.3533818392248,19.228426694869995
8078.416257834541,4707.308451082946,2207.420725507892,1267.2678571266179,1550.7729225339283,828.6769962414668,688.5610971017402,1298.1976385101566,755.4527856533242,272.8025453558012,1239.4751741728492,1332.126324764661,834.5451819006338,823.5319080655514,1367.7704573725418,941.8712996338073,531.7303224167899,1342.4964455002873,810.6878108676184,437.9304171068133,242.16666666666663,12617,130.7765970367024,15234.465125725568,2802.177604551825,19.32854652404785
8207.33433037968,4783.166087686775,2174.917065087109,1142.34952500404,1544.3419604608346,922.5350392182828,672.2504706038699,1197.01432102513,639.9827155819701,390.46139710819403,1220.9628287649484,1282.9474462706692,810.0370800156892,887.7442566411194,1402.9511673510472,918.9633066821993,530.8814936889765,1417.0187260996236,911.9626465101137,323.80768749411084,305.66666666666663,12765,130.19986216841474,15167.968989030358,2749.568693504055,19.428850650787354
8561.734142784033,4903.239113377962,1937.5029315678307,1018.568695836205,1857.0320489824178,1305.0816804556373,331.76123129261896,903.9260756997822,521.5477020411989,369.4340135027779,1216.2874071854264,1210.2502357615883,713.2536014805902,958.8303804343719,1524.5729888029796,1020.1209588047014,417.6671004962645,1393.3259483507175,953.3192146565249,215.7514287438342,178.3,13142,138.45480861290167,15923.97882597296,2846.055197196448,19.52899193763733
8704.178079555404,4914.828353806453,1795.1311199155725,1103.5188625936776,2024.485105201883,1392.0833280187587,174.72306445758971,992.0556756191916,685.7920378582235,252.36845920131958,1238.2012885141605,1307.1676489873694,788.7865531073625,841.58754882131,1438.858228279883,1033.69563689415,403.1627447918268,1247.650845927362,781.9403417621068,396.9443214956317,257.66666666666663,13328,147.34098292075225,17712.409282967976,2973.166793276673,19.6292245388031
8850.520859887863,4872.214791157306,1600.2992481270621,1291.124504995807,2143.882446784779,1331.163946945367,275.6586097389407,1180.78779815293,761.6719340356053,151.69029808571355,1206.643733913077,1269.610833059924,823.0215531872376,835.4753302703273,1379.4068834662232,1016.5384751352483,424.5324351955733,1178.8618577988802,720.6616325676457,452.91124564919363,257.66666666666663,13511,146.30244472389307,19840.327710555044,2866.224491286155,19.72931456565857
9016.639085055742,4750.011783725185,1361.4474942981278,1534.3831426313968,2130.934524518649,1095.991906564929,518.976756137508,1205.4980630424031,578.4071985575192,404.82412011996485,921.1126478704019,974.7263608993326,1250.9347282434394,812.6456357041159,960.3841451782479,1254.737289026758,555.1606668623959,774.7619708336422,940.2093388682824,551.0310086623776,194.96666666666664,13776,118.74552508643342,4620.684961117542,2334.6924497104606,19.829395294189453
9429.60847777606,4263.173237743098,1052.4097492635783,2070.276235728066,1708.9578365257855,548.8775332021457,1010.6487349165857,692.1796148432198,342.6175080121078,853.1237178472401,1040.374855807527,1031.8287730972595,1053.0488815370375,886.7612842854339,1019.8528523837106,1061.544795977625,622.0372036948175,732.8528610958568,767.4597821533357,683.2198361974314,194.96666666666664,14510,107.58029810481838,4314.908476603974,2220.798587297302,19.92979073524475
9775.618704821605,3689.874030609941,1464.1140288266868,2390.966851695515,1056.3399772776436,1096.4220001836936,1208.20884842739,96.44887315658808,1028.5305554870517,803.9105697641871,995.6164344287823,983.1516500826026,1145.8801825849957,878.6889044892044,940.3985163462983,1179.2438589379385,618.1854773117798,712.5734573915695,933.7593372542893,592.6334214858394,199.56666666666666,15237,106.90955205394684,4711.9187801769685,2324.943063632853,20.03010630607605
9962.743978552317,3252.2542433113267,1930.7397473792091,2428.683106820012,595.3644942857322,1537.8950607994018,1062.2453463089819,574.4016750976173,1130.964985005282,413.07863093003095,1074.20745231984,1002.066676341538,1034.29374692682,973.6605982629559,914.1408126352675,1073.2292180078994,760.2375526079161,554.5209568960017,967.5769558988317,757.9083421697682,243.50000000000006,15718,127.50438185566225,5222.913463354151,2396.2612040131175,20.130513906478882
10176.262412794626,2537.508002496532,2636.397283082174,2210.690412172294,733.4207531112554,1879.5444974042928,465.7583667369033,1051.6901072827145,659.7099078933171,487.1979841570815,904.6105828048127,1070.0850829686244,1140.6009634714935,784.6604909610885,1100.3324125168417,995.7435959934162,701.6120276446957,621.5938205759248,804.1386498813259,888.7976067492489,201.33333333333337,16432,118.52501884630703,5254.676057239781,2479.5284687165495,20.230557680130005
10283.718673786601,2003.8801771614112,3077.817994185108,1866.1003708114881,1272.706022007131,1802.5643428623514,105.99760977344181,1052.7751401101473,172.64697126226923,889.9152270864635,1048.9929430218256,977.9434856673994,1104.4238036750446,910.4343951649175,941.2923522302922,1149.2073108344366,606.5160040603341,725.6969128172202,798.8175525144437,735.5460279351774,234.0,16988,110.96700981252877,4962.043515909393,2453.307401974267,20.330825805664062
10342.427626511504,1512.6424659223044,3418.2956639865206,1341.3723917340533,1747.5858781759846,1388.7358533756026,683.7475908474074,667.0053950883457,705.4861694966119,835.0312576557361,1044.8979104319867,980.3582095305372,1104.8117282822036,907.4611369694336,945.4420309067629,1146.547456267526,604.6525552039759,722.888533380048,791.1752837861967,757.1592820269279,234.0,17550,113.1245484355609,4832.559274060482,2293.030255508014,20.430866956710815
10340.042440051844,1499.586825344889,3419.8959625680527,1313.8850025165602,1747.0829360059286,1361.140024849805,683.8788782704787,642.0136511972494,697.8953293767702,804.4670899244052,1561.368818061726,526.028551746361,1535.1889440117307,839.3579380876394,1276.0587091109348,1267.554897594523,653.478516385702,799.8306631384069,848.7692724210195,1172.6074082202026,234.0,17599,113.05204340678554,4166.490286732499,2708.082810335932,20.531079292297363
10212.56637563861,1542.8541346715213,3323.750071898723,881.1422040181038,1536.5135377020806,1141.7349746083914,754.278759490461,1037.38542395155,488.3011168835926,1083.4618054987025,724.8549736943457,1350.2482763821736,688.6040271297035,1441.686115448374,444.12388630665765,1850.7265252126226,202.1921446060654,1529.4597636807387,274.7494178885987,1781.1895337727926,270.5,18497,147.94686327714805,15824.665493894308,3550.847145342051,20.631117820739746
10027.213265044433,2199.0843239052383,3045.471313938259,1547.831755848993,1136.0119010120895,1964.8079033872266,918.6964452982444,1812.6737343205987,659.0453614714585,1791.5728717130303,713.8240140941949,1361.9825327966787,688.0192906804461,1450.675107768802,475.3844217954899,1842.4331256934654,168.14357987587687,1478.1837613852877,278.6552646761831,1701.504527440936,270.5,19406,181.4353534892507,14354.168660579788,3483.591167511714,20.731125593185425
9769.906985307975,3116.193922673655,2592.222867547588,2486.881476379807,699.8250529668471,2776.425152612803,1067.7698437414958,2060.634312765137,938.9032563893645,1687.9225847228781,718.2369756889583,1358.5032283794442,682.4304924380209,1454.5890868304568,449.75782690369806,1866.4976345331695,206.6518668778463,1525.1322117246268,325.56394955901936,1755.811653338799,309.375,20310,173.91693408502192,14903.577358546348,3561.416929619352,20.831449031829834
9471.095573317922,3976.064533883334,2031.356070973333,3187.4620981523467,640.3149292726562,3024.8045533379536,983.003523905454,1540.722537860873,818.374403709844,824.1314356437824,729.0620995979915,1342.8821097621926,703.5816069186743,1426.0954853783148,456.3729537508403,1838.5464741088983,207.30121239704556,1550.3321405239574,311.32047567384166,1827.912540029616,309.375,21211,205.43189821906424,13886.516804486779,3683.610893133693,20.931495904922485
9116.381651572718,4791.938956996027,1377.3051869147725,3636.790738729893,1029.6080083527695,2743.6925849805225,787.5218037650426,671.8882029353484,519.2554425608067,1042.0365565554648,761.7477666024035,1325.7085241905745,678.8466085676024,1460.303012172138,408.0757876783403,1897.2040103305815,225.36735298718625,1520.798782206679,310.3494777098518,1739.998255909534,309.375,22061,204.3013840258717,13171.353628969966,3855.4221916270762,21.031760692596436
8731.139977926168,5453.705953846654,725.4908759300469,3723.333786089853,1366.2241295261358,2028.977920571881,576.9689599951707,980.5576156931413,439.7012210529055,1726.312537584257,781.111344136004,1317.1140461820107,666.2850091373766,1480.0669145078523,383.7999725507658,1927.7303412177607,240.5470631202991,1507.290887445547,316.92428318210375,1702.645820865829,309.375,22879,220.32138545177122,13277.461673221427,3828.294373352267,21.13179111480713
8302.3015268579,5991.6081258739705,344.5114552094948,3491.768126712197,1545.042781309476,1314.096173799226,624.2054304088646,1717.8819399958265,726.3840576175357,1597.8366030167354,792.8641171268823,1318.3042233597967,647.3040509388373,1506.1480425885102,387.8234447700398,1928.5017722195023,213.3627967683976,1473.5002338025677,273.9495185273896,1736.3516289984614,309.375,23672,214.24652550938816,13585.73027825301,3771.8403639235094,21.23180341720581
7826.204955346887,6392.921474502588,837.6596808771526,2966.4047716065065,1512.466217325592,1482.0311955563352,823.9827057770592,1919.0188109792407,818.6850667371999,812.9620579669859,800.4212473769951,1331.3306495084355,624.2826188296093,1521.5944986170557,410.69659056428577,1905.6585230156093,199.33126164853473,1490.6042277789902,290.12376355789536,1737.6413704834706,309.375,24449,202.3129831684553,13665.73151417755,3783.1194475746397,21.33190417289734
7294.697463177717,6651.820794904598,1470.086890624747,2219.6086541706422,1271.066120554777,2271.065501052339,937.6472261568651,1454.432894784363,608.8370560487117,1063.2059367888965,797.7199191983516,1311.8298413987982,641.550391104753,1524.4034655300857,395.92926957761694,1917.6304633933769,180.77842049492028,1473.6633998284904,276.19899542553225,1768.2153499981105,266.09722222222223,25251,211.56946808488195,13590.680184357814,3908.375002948262,21.43212103843689
6757.097429475942,6751.450259157445,2004.7869580588972,1504.3138375610856,907.2234867804061,2820.447315443863,881.2041295396366,718.6688284020204,377.53260060783145,1705.3826457949494,801.6091271428963,1372.0982348494647,606.9694794460369,1495.2879200743648,414.915889754541,1920.1521688404869,251.51600215502302,1471.6913830067344,259.50253361561835,1740.161040088334,277.22222222222223,25989,215.91346107107717,13432.391470716653,3999.0009846232115,21.532512426376343
6184.4682303862955,6695.750050894519,2421.985189241184,1239.498124682722,503.55812114164814,2890.499290854134,640.914898936472,960.430449607413,517.9230977382128,1544.2939544989026,802.0251346463575,1377.3787379024584,604.432604037828,1493.3753961441394,417.8728878572443,1918.4281648177148,258.06558644225663,1476.3747710731568,265.00119302046926,1728.1792402653768,277.22222222222223,26714,214.35228128526148,13443.576067915263,3914.9359231882568,21.632655143737793
5567.294269469775,6492.570443680494,2716.9224077455005,1727.160001369161,505.1336771026866,2476.242568520683,463.13408756987207,1666.1628301513958,752.5356473813571,807.5703323203362,807.7007090435817,1362.2926256002227,593.0032575718781,1506.358702865217,431.72649091744876,1912.9212912006096,269.00128377030956,1471.2108280128007,256.818530015174,1736.9467723655712,248.89999999999998,27466,216.296055432794,13511.956998996995,3843.456960222885,21.732998847961426
4949.01705887903,6161.194507857601,2849.541877954981,2428.85402172334,878.8446502863424,1784.0733936312859,597.1777154595652,1858.6914625235852,703.8173659978103,1043.1308135011136,785.4043359779633,1411.2010341433186,643.0471878784857,1467.11356493732,382.1832286410461,1921.7349231159105,214.8806562599721,1506.3618218190693,304.36354815095245,1691.2715158759386,251.29999999999995,28155,217.66900617871045,13455.380738090256,3932.6200726486786,21.833099126815796
4304.247542780961,5703.74189951825,2823.745695501994,3031.4177911507613,1212.099352196514,1354.3909219289462,801.9742955480917,1444.9666547415547,410.55529328355266,1641.2752818151446,795.8593125942485,1402.1567212124098,623.9016290285894,1463.2423309069484,379.4904228629116,1940.5796948812513,211.1965620500738,1495.8240282735123,310.1978726191005,1680.3038077173082,181.89999999999998,28859,225.26346817861165,13440.987623647407,4059.044034419933,21.933418035507202
3681.237263455517,5176.2382367148875,2652.357716772667,3381.5630429298794,1374.6563278062426,1744.046363819958,857.1468321040161,802.2141997993577,336.43794004947824,1512.511392473525,714.1711686539813,1433.2113541446238,736.2321295770665,1554.992743624981,479.3696671026878,1835.932550734426,322.06856022449324,1431.53089614545,201.2667952227795,1778.1216611721447,245.10000000000002,29517,220.92738786351924,13304.260845431738,4053.1181820893717,22.033629655838013
3183.1077580894034,4703.471598866906,2391.4856187192495,3427.068975120014,1315.3811718754987,2242.481999899266,691.2523795508924,914.3640000765733,475.19373478765255,1009.351451495813,730.42265898748,1457.8668526792878,759.4413163042441,1537.7778487983583,482.98989104408867,1766.7540879369678,376.29261982297896,1430.6191050877667,108.4077219115498,1892.4108727092032,180.9333333333334,30010,217.39066928210934,13323.833706703825,4008.3290908735435,22.13377046585083
2541.8586936486895,4063.688149370627,1921.1094245856898,3196.686335570748,1025.0907661371598,2610.9311234254496,322.98714792042665,1550.9324075303164,578.9403619911454,1191.8224707233492,731.0548645824076,1445.5149345989607,735.9355164475623,1518.8228853501396,448.06834481903866,1796.895966534297,331.04103643677826,1487.4628763310313,160.81785687433342,1900.8463261535494,270.83333333333337,30664,222.52929758325132,13319.769473055869,3993.0244439370636,22.2342312335968
1954.4867913340108,3489.952739337058,1386.981254476193,2751.30971844248,614.5965060517101,2535.3169004999872,359.01480125469743,1762.3513614205415,514.7768797765405,1716.7458420422372,777.2366362283648,1483.2379849563488,765.9000859773869,1514.1688709549169,483.7647331078796,1753.0365325960315,378.5268045291776,1429.629893034042,141.79110223477804,1851.281026430827,174.22222222222217,23807,219.34665657606263,13368.750687614574,3893.932529745258,22.334521770477295
1366.2571038115618,2983.5867596454395,756.5528377603957,2129.8947070687886,211.45933041307873,2057.252342862389,727.3980994714776,1432.1375928525667,387.0935733017878,1599.4455494566203,772.3064971638674,1479.9996614862023,764.2297677106815,1518.736232025456,480.5645710090951,1764.7770124829813,364.8485354577587,1445.4077714797388,147.7772986501432,1867.9629372368308,174.22222222222217,24445,234.7834329370811,13390.519911357276,3861.2271255316273,22.434680461883545
950.0937788174049,2724.3586222500758,286.1839336616812,1610.1877261556153,512.0259910718928,1478.4270157638186,907.7096542312246,847.497354645585,405.2308270265129,1012.3673755014343,93.40845445765149,782.4261434594691,65.4706540690047,941.377333102604,443.79867691844277,1299.411648941576,1019.8253420302933,949.4069443958541,597.1640956798213,1381.137438018245,174.22222222222217,25031,186.08781151885972,12689.488884775476,3247.269298376449,22.534807443618774
1093.631211428357,2750.4658212504683,391.3093774427397,1729.2717375890018,473.9497411662191,1609.5534094672064,1061.1948529116362,935.5033122785829,601.8023919857552,1034.5706450603982,410.27959712355363,318.21902248715617,394.85310523483014,551.8091522390573,875.3259358628725,925.3078395944474,1387.27400657848,566.7793286304907,916.8395753895991,1033.2876053492007,174.22222222222217,24759,170.92091939552063,12237.989350221495,3186.085791393365,22.63491201400757
1532.5962359777973,2723.549664192956,864.4994120888776,1794.6026250968728,1081.2611842446145,1519.1044217564818,1718.605374962709,682.5572893641499,1173.1433701576395,430.04657783739395,625.5485710482524,106.91744859597674,597.1577877515663,345.4315039112013,1054.1103689424403,735.8374559427967,1442.1416320638648,463.82952350492485,920.9148187025814,1031.9981818620063,159.55555555555554,24086,176.34387259535578,12023.043635561822,3217.8569064247895,22.735302448272705
1916.3036022631788,2652.0755876849084,1243.8366340785474,1691.029011321885,1548.4248001603917,1174.8687311253584,1950.8621047486636,263.1055606700007,1174.0678626216911,420.23158517553003,386.1279417557192,347.2664789341491,403.56008711414245,600.380569062469,919.4394113628704,927.0412974036531,1531.2624880977437,471.0766612670719,1100.8871646352445,837.7045654703621,244.33333333333337,23577,179.53604963584837,12263.537500231461,3474.1477546369188,22.835386514663696
1912.7927824207877,2653.3135639582288,1240.7965851202953,1693.4691683582694,1545.0758143819457,1180.3584077080836,1952.1527909970428,269.88450793441825,1179.8077780500755,411.90377979693545,300.78873003555884,830.8632023445768,580.1181288067518,1047.0708229992022,1183.3819504577384,1071.3991683772465,2040.399945235916,316.65588393196106,1532.1775663123267,583.3439237256715,225.5,23582,203.4587455856722,12721.724347545936,4000.709102348338,22.93565821647644
1912.0408570076397,2655.520211637978,1242.5436958204878,1695.7116346160024,1548.5130971590004,1177.9081717697295,1952.3671378758231,264.23010357028204,1173.3118790233423,416.6508996054311,370.68404698399314,886.5648350260186,658.574186561369,1046.457082855522,1244.8381920948257,991.494034230458,1997.0318721223389,244.17696891725603,1445.4196293669684,607.2049380533135,225.5,23582,234.40935474221774,12780.450545946185,3928.621165651335,23.035763025283813
1877.2516499414385,2720.0398092595997,1274.4426324422072,1770.7886735556879,1618.0222239229631,1167.0506190410917,1995.1745612795173,200.99581843053357,1121.4228929775384,493.28559149802635,370.4292406723884,885.664663430367,656.6627506855643,1046.6628026154922,1241.958323395893,998.4752657046845,2005.584326077391,247.85578387466174,1455.5796139780377,620.366435488115,225.5,23662,219.4503016049292,12832.876913848833,3933.8498774950976,23.1361243724823
1858.519958157386,2799.5300442333423,1344.2558526913351,1812.305412235816,1691.2471754687751,1089.6524718959224,1939.1596312489623,152.93514034155427,1069.0796910471392,438.43324297717203,435.4003606823586,900.2378870319145,689.6161056531524,983.0889151932298,1200.294886331625,1002.5860060261715,1971.92989882388,324.52944385330545,1532.207649125374,583.8401219105748,225.5,23742,213.87455316692254,12976.306167508414,3987.739409216159,23.23637628555298
1852.7957388753211,2943.404371119618,1487.1914945037086,1821.883813281682,1760.7960110027254,961.6554380757536,1796.2383077003058,262.0164595512189,1141.7071752592417,306.40516666653923,481.64595874439584,898.0597846298912,693.3891047777781,941.235384479397,1157.6149087762008,1041.4035232695842,2003.7436787421157,328.43205365750725,1529.7192765963212,621.2592917773183,250.875,23886,237.33270141115656,12970.331352462134,4039.492277765747,23.336719274520874
1893.6491153996847,3120.0680511832434,1664.5997734866462,1727.022839691255,1713.6509931449916,970.4347023799737,1747.6785649426117,413.6673877180035,1309.3184438955636,446.58285069943355,349.92514126792173,950.0818259798061,748.6437035258072,1028.460024864465,1265.2594111975257,927.638101856622,1879.0793115790475,437.6269841715298,1650.1680992083488,626.2331197413992,234.5178571428571,24078,231.24376347935996,12669.412343914008,3949.1114158879973,23.436753749847412
1883.5573941182158,3100.544372693819,1647.365557662316,1749.6918504507944,1734.9977104348075,947.496442913531,1727.1152281030138,419.3724520285978,1318.359527074935,430.3586137888335,404.09915406790424,885.911751634154,668.74517988322,1068.8355333399454,1308.8752283735373,873.9631099996213,1827.6338497904503,424.05533784859153,1652.8503849727083,492.981334144615,257.75,24049,209.475722650775,12607.860374135704,3864.6895440567987,23.536824703216553
1995.2938643487064,3213.4733770426656,1714.1870442853765,1554.7069869091608,1540.7043763297384,1132.2238824104081,1914.0175301718311,222.510890754799,1119.238061731779,291.2225537522571,525.5421186721356,792.2905978164802,556.0749557891352,1099.1250931390218,1335.775714003416,861.848008746754,1811.8426682283912,428.8967129198032,1652.7502411792132,431.69770087042116,220.375,24251,220.07056362239513,12685.316392863037,3845.2690407020687,23.637224912643433
2044.874326306866,3232.0846312511344,1705.828822359137,1513.8371518268766,1512.4869822293244,1142.6243470357829,1911.6336851004235,212.09568946120248,1137.597489514602,255.2962664779064,369.7077132877472,940.3971818799224,727.3711130643514,1001.7560712190409,1228.9652152069857,966.1817722174397,1931.349823258916,316.83473319369017,1529.9390397302227,433.07371232467744,238.44444444444446,24311,217.8965922743692,12666.255389132704,3960.386793614424,23.73722791671753
2182.0358308283885,3244.720884689069,1638.3635142980315,1494.929460741318,1549.2730405356144,1070.1493458825269,1791.3990117471103,360.1100459302142,1304.156502005373,378.3319982667593,468.33480139466326,815.1238235649809,618.275255185271,1116.7391342490541,1340.2540517759583,869.875458907029,1854.9280045676057,394.0796050689276,1580.4958697730074,500.16433601714795,227.33333333333337,24484,222.3441145363293,13125.686245542955,4016.3299463575227,23.837461471557617
2226.173369651,3227.3751482320718,1596.2276190989942,1533.3760522485552,1597.883843241518,1022.6927973213723,1762.2369195928381,359.6353997332555,1276.8853836751744,357.85206960128164,334.72444021066764,1132.933010760711,811.7954351044697,878.9253652625254,1225.1304370577786,894.0674832048453,1733.2964020930683,554.2417199359635,1777.8615050253393,635.5424956300454,231.33333333333337,24517,217.2625850833193,12983.274991530026,3996.805544893717,23.937529802322388
2051.3197399031947,3329.9686552817907,1773.4116799517417,1358.22888144242,1440.8461220263976,1135.9301714152905,1745.0898261793832,502.9095223185996,1457.2662404421058,537.0977281629449,323.33958804453255,1035.7177183781835,828.2948308668474,839.5340303336599,1096.7735857176676,1039.0164295240374,1831.267927193649,590.1937895499794,1895.4492116541933,762.0830183444095,241.31944444444446,24357,212.26880283926948,12239.998825779414,3903.6388096494384,24.03771662712097
1977.453609018464,3383.186871957797,1848.8245516160316,1281.75966047106,1392.9615986303695,1164.2703540583902,1706.5160206342146,587.9371072317099,1539.259128118339,625.7581181902414,412.70274223888333,1214.1006562010987,770.2814479393109,978.9793456702862,1340.9732526939454,818.669298998215,1776.4733712305492,457.1811132032126,1726.9877239233874,621.2903334849783,238.125,24257,213.93900020802664,9326.592417087877,4028.0168340576574,24.138105630874634
1417.9261536306938,3919.5808270140456,2290.7874242671132,1067.7764291928181,1731.610720302929,768.614548559796,1240.6113748344821,707.2583653554109,1140.594662879409,273.65391674106206,450.02290060427725,1321.981267057707,851.6044476963435,1011.9843666596981,1508.0008627028146,576.3252135319768,1633.2599426308948,478.9410408155057,1407.5292961249936,242.52685419280655,238.125,23725,221.43548862203096,13707.131993695999,4244.4636379735875,24.238466501235962
1132.784351310613,4215.91566065265,2459.7519044514715,1217.360316840289,2025.4953712188933,482.57818325526256,1313.4460899579603,626.1577624281945,869.1429933199101,63.99011330877941,413.7223685286212,1300.8356074721676,870.5303383589817,960.3454339217642,1468.174691824172,592.5271621991221,1569.6971569127393,554.8905986691796,1421.4673499438927,242.42112480035595,267.58333333333337,23404,245.1465879566154,19295.45802951035,4264.594130748074,24.338656902313232
818.6184255522236,4571.248859592419,2546.6908828755622,1582.9890342569308,2311.8612976455292,315.5237424493217,1692.9718941528802,257.0189961451696,1059.5193657294071,326.63103480560477,123.54685597457346,1514.5026249857044,1359.6783843224928,1010.4195437051853,1918.7095763307304,159.37697689379235,1858.211170381729,315.7103324706917,1353.2249062846722,596.3833187399948,162.0138888888889,20285,193.219258642814,9312.219728502208,3506.7017773197076,24.438889741897583
882.7551020205775,4495.926518830308,2561.210489898167,1497.7335226678294,2297.389185358747,246.99224908090304,1644.1746030018724,332.2977938974023,972.5802237186757,333.58471743796036,863.5440102392033,1019.8898887337724,600.0495793006215,684.7021557531982,1057.9366362443072,859.0695547025197,967.9834258135817,1133.0953125982842,592.0044739219996,683.3490498992895,137.5,20367,126.7475739358161,7762.357729361518,2658.198219189132,24.539215803146362
730.5520303432526,4955.892737519712,2189.9016518504354,1954.9535624440548,1926.397226318149,971.0370100501336,1354.0367363704547,883.9391515150013,971.8551626878691,416.7280200879333,826.5957695717075,1031.6928300142824,618.4702547281122,684.0168857790367,1088.2709016384863,824.2663614861283,1004.7846155806702,1092.914500641291,631.6751276477765,640.4421440950376,181.59722222222217,19649,120.66738993219874,8157.640795429685,2716.7343501005407,24.639633417129517
1268.6775543911526,5325.624869383483,1667.7484865584865,2243.868514111733,1244.2201712756987,1545.9929039644926,643.0163992626467,1496.250020153048,485.71727763682424,959.7590228529378,872.4747583092586,1010.3097183641185,605.8558397115313,668.8791697884732,1064.1639272439265,855.1123093556926,975.9467962183585,1129.6751470278919,575.9265658005072,694.689364328522,126.33333333333326,18866,133.6147365732739,8539.328880110388,2767.0500847766225,24.739970922470093
2017.220492501759,5571.017291810211,1065.0957314514974,2319.3911602755093,479.9908743260375,1791.7760794832889,359.70147191156383,1572.8588268394353,298.85923380130623,953.4559673422133,879.0971543006581,1008.5555854038557,601.753572068775,665.852566892459,1059.4347575339925,860.435728271876,976.7563181681282,1128.6530458508362,574.9682553398242,690.5673855162555,126.33333333333326,18081,129.72901191014108,8532.629101650164,2737.2329144416653,24.840360641479492
2810.3827465936733,5683.760734645571,483.2221860865111,2171.1526086662393,749.5012441972622,1650.1306039301642,1152.8484234131563,1069.861912032599,880.7183992962581,396.0201822701658,851.1339754567055,1045.081665257317,562.2870793601506,686.9239567002155,1031.8303060381359,879.1479951351439,994.6194689827989,1098.6025146608938,620.2665179674893,627.3889441347404,126.33333333333326,17287,134.01758040413088,8375.96588137089,2674.7594595768574,24.940448760986328
3558.679571744292,5654.935989517497,511.2783727567584,1823.1507540645969,1495.5140472162354,1163.6377506508331,1609.1616607593867,335.73277675330127,1037.300581713887,371.5778341923928,839.5211765047036,1061.3872197511862,546.380297489966,682.8816243736264,1039.593084701084,862.3088326933047,1022.2276227457156,1071.6936261558806,639.0224140269897,624.7646150406924,126.33333333333326,16533,131.1427601685121,8306.661762679163,2676.0419557401415,25.04058051109314
4281.934843950419,5494.070563047349,1054.2873814675584,1307.8375951588878,2055.8676634260314,449.0847032918448,1607.8086925948685,828.0604901888846,715.1376436100579,899.982042823392,831.5763999123542,1073.395833288856,538.9750820281836,664.3489983056069,1065.4013130275018,830.2401608929154,1039.890781177528,1069.8524110289438,621.2027064759767,665.5886474836668,126.33333333333326,15797,128.6594459927586,8367.886761500307,2694.102612277369,25.14089846611023
4972.078563060806,5205.0035668103965,1598.0243083604717,674.1741097007892,2311.343615901168,408.6021134874069,1146.624184225737,1419.4538342237054,93.69309806132227,894.3728581977997,836.4172353589922,1066.2483634386945,550.5638932713942,653.5623818845271,1073.2518424497243,833.335202994118,1014.0597614167718,1099.6167052755181,599.3189468502954,659.3357284759477,152.6111111111111,15066,129.05647860800312,8417.326901460505,2683.266224462309,25.240955114364624
5682.691877793728,4767.572701618376,2108.3083787434953,132.70113732173422,2230.749538871239,1171.2509934908371,367.5954890267859,1522.6334013287014,692.216745981554,361.8705369029936,883.5469612765953,1010.525877921161,578.5082303753869,732.7964088481232,985.3250626551504,905.4513910163374,1037.6967547495967,1032.1465482411256,679.1611083372884,621.9946174211278,139.625,14289,128.19468650504842,8327.043085904521,2713.5723197544366,25.34107732772827
6420.032588625484,4173.138567947517,2556.420364188356,901.7871439689437,1794.3291159024784,1749.345746615893,738.3166205517545,1040.974791612149,1153.5645496205186,489.61995145389545,887.726292138227,995.303627178132,607.719684439815,735.9417307681442,956.0674241440897,959.6120554769054,1040.4610980379923,980.8938327488432,753.4419725329506,620.3903184029257,139.625,13438,123.36556451522074,8323.267157127408,2709.4670415018136,25.44132399559021
6624.100373320926,3959.9206651572536,2625.7507173039435,1096.9512426523522,1569.0049110184857,1767.0401360713413,949.9574003897446,789.4350277508497,1058.2358320632445,564.3978260591479,905.7556464121114,1161.2894528208262,989.7990486238027,509.4736131432518,1198.1574160290809,1381.6961762543872,796.8532988626657,1081.8248271301727,1258.2751115735707,571.4501913059491,235.625,23385,134.67181971585012,8794.409903618427,3231.418287838976,25.541719675064087
6593.081056606536,4002.451699522297,2633.6507040136344,1084.9619710621412,1610.416178452815,1800.309151605347,955.1194698916719,800.8409798008388,1100.3163213520959,604.2204532451452,1061.6429966233763,1256.5765551675518,1262.3960509480698,705.9879808521955,1210.9740878064451,1645.0100463187132,1027.2373114636312,907.0879972582226,1403.5877336708254,845.3875429224557,228.21428571428567,23436,178.83390516581142,8990.623667554963,3554.2395826451275,25.641811847686768
6657.315214613671,3894.58859979762,2570.1047942005735,1052.8608525224108,1562.4019779377138,1694.5041402649251,854.8645378339544,889.4543610757452,1105.7514087071906,565.4830744106398,998.5548055652459,1231.0499548068142,1163.5774770184437,604.2810684804423,1250.9688230641136,1573.4659934002864,900.4451108426985,1046.7977549276397,1476.8760114263712,849.6657669744434,271.5357142857143,23317,177.95151895345685,8934.318768514195,3644.9921538364924,25.74225640296936
6754.49235761137,3707.4238468969575,2396.366027909812,910.5620095965165,1637.8988819781594,1619.5099378147834,704.1427524123192,1058.4533018593713,1303.8526754368033,755.2999080647062,881.0153036991844,1275.8027880436193,1075.4409985362183,490.9780289089614,1396.1952038143606,1670.559006867817,934.7385803361608,1062.8016019152296,1584.8034406893096,978.5971582550935,272.14285714285717,23127,189.56659520649907,8814.819489177611,3736.2511757022976,25.84259533882141
6874.06937352634,3467.436705634835,2076.0481014489997,601.477157672337,1944.3156663415655,1826.2787483841162,867.9263867225437,1040.4077269821273,1416.8968991740992,889.1359467394283,818.398557829511,1317.5807662869597,1049.4974469526971,459.0055274597033,1483.0290456231369,1769.1808944741242,1029.3774860048609,991.8424338861473,1570.0331717917766,983.8175913469048,272.14285714285717,22798,192.26358338991787,8733.4826507447,3812.771512456394,25.942992687225342
6969.397661882135,3311.7786952747106,1752.0159731555407,278.8473004735367,2262.3333814569105,2179.363134574982,1216.9916655744582,727.8298033559375,1146.2259779471012,627.0661589786304,838.531017434847,1292.9330766533033,1008.4781324832157,416.98580336481535,1549.2460802662476,1845.8857552030638,1117.344587831218,900.2685376631509,1486.1834064843174,889.8588874062401,293.5238095238096,22445,195.16465853478968,8738.506702472856,3787.6064772385957,26.043314695358276
7004.609184469161,3298.444732431854,1627.82371862986,304.8650822973647,2352.3814756314046,2300.301351600299,1305.5424793336638,562.052124404658,966.8437693775562,463.73545277788253,811.1727755603075,1319.5760651425426,1041.2589663268689,440.15837888413444,1511.2929618941905,1801.6461322788991,1075.718364121065,950.1092030945524,1543.6611697078686,943.0800802863947,323.02380952380946,22219,197.67048670484814,8712.29816295349,3778.0482500645185,26.143743991851807
7023.832085269777,3448.7507124886088,1664.9566176140281,722.2295315264404,2245.024294533516,2190.692959876631,1106.848726538383,879.363435373416,1261.4261884298533,856.4422502879958,677.0877421243842,1455.118710606465,1174.6174503972177,573.6719663435606,1373.344148865718,1664.2407919362709,933.7535273861089,1093.7158570749366,1688.5233159190482,1092.3788824119295,268.2857142857143,21783,192.62330048967402,8591.607662295954,3911.268847055354,26.24409818649292
7001.867577270639,3744.675250058177,1962.1728828380722,1119.6397292203108,1918.0829016425098,1822.4923478044036,692.6838859360813,1234.5684592449857,1602.6300514277052,1067.4187788101472,689.4216085595806,1445.8043322526003,1165.7075180827549,572.7849440640817,1374.6566039319268,1663.1572458536373,927.4608307777106,1100.5129050186981,1695.2831335270887,1098.5431815744848,294.05357142857144,21360,177.2510224875898,8615.936272956136,3863.5010343974645,26.344369173049927
6941.598699944018,4118.603089955157,2362.3759470969803,1411.2731391175002,1506.9707291004981,1443.8435474413643,509.1301921988725,1246.762465823551,1505.2145122596294,809.2163549677658,739.312685247729,1419.6431304167295,1148.72840675187,602.9047370629032,1341.8554573838794,1615.6318948587948,871.6127284963139,1151.5572029142397,1733.2370478847142,1102.0662359780802,294.05357142857144,20948,175.2802058360301,8661.056843250182,3807.4071303195797,26.444460153579712
6802.934120220452,4706.423730142016,2934.1216857099585,1660.5428742002157,1188.627094391038,1476.1295789933038,1055.3058647426385,771.3985605015228,916.4014200828644,427.05786928186075,705.6578184951186,1491.684383369025,1251.5380632820743,669.3480833266267,1293.2389463518457,1649.1983851920672,1065.312412617494,903.4333526711505,1459.8053265260382,957.7644415885437,235.125,20362,183.80173051729776,8606.025561288825,3879.8466401174724,26.544766902923584
6944.246983505554,4337.42393503521,2652.7786600050817,1714.7105024713405,1090.2395799190576,1126.6000769767302,852.428946142906,1131.1282768525516,1047.7786954887747,103.35185387669013,1548.4183397469476,1623.212529742215,1681.994062132353,1506.1953258143578,450.43452697806276,1122.268571326859,1385.2954603945163,993.5822424680015,870.7811596459667,438.62492489360994,267.0,20731,182.8243913677739,9462.406806503543,4549.768023248926,26.64500856399536
7196.902623313663,3961.322476342394,2545.62462970737,2083.070475764106,802.18772659629,740.6314237837277,1193.6971527630062,1239.7801454513562,771.8832622335614,343.72555459340003,1310.3147865361868,1408.2169607776007,1412.6034071558076,1359.874074907071,500.71825859768575,883.7848903232322,1273.9914749988584,1238.2205487149288,935.9322879797327,377.9548170964292,279.7222222222222,21211,227.11904246763788,9291.16330699846,4204.383955575365,26.745511770248413
7324.125474345295,3855.35927587454,2605.0588372701877,2266.5059904794475,631.8067698528039,766.8576490667924,1363.3401490669125,1118.6886462173395,587.0545903749685,421.9488287727371,957.1922822501086,892.6061897986245,948.9360807891576,1568.88971581782,604.0580655387225,510.33761127921844,1738.3355816894712,1440.1598747057453,480.00437134575606,947.8173102619246,233.25,21364,184.11350805183892,8798.609889321095,3686.9958954270523,26.845608234405518
6983.372695473467,3994.90897678573,2303.2471018137608,1949.378510535417,1044.0946437202997,392.3907734004853,1407.0725166780355,1530.305797864636,675.7690411303807,815.1575623492554,936.8222746362561,862.4519033610574,911.2714474245012,1578.5549396640756,647.9910810679829,472.8983749747668,1761.497065934606,1497.00531908305,495.969679366591,1000.1876553712527,233.25,20966,186.5166197684716,8783.647936544385,3770.4144040728033,26.945720434188843
6635.224567435681,4032.255936742439,1931.6396064835014,1957.2605413469912,1286.3589975299026,115.50597789133288,1805.2823870233442,1560.5903680376796,395.10956624374643,955.7710838658102,936.0565273129032,841.1600857631314,917.0433244108094,1604.4443076752789,626.5264741836585,508.64686797080986,1764.757647100761,1447.972964148649,487.1877436424439,936.1764726686068,233.25,20548,194.24969805399917,8792.604981234628,3957.9474968781583,27.04572296142578
6215.972609661584,3991.46017623662,1477.66427825873,2276.1797621600076,1390.1464277440198,557.9929001528593,2113.6870122612822,1225.412170484686,89.17898179047212,686.31605169683,934.6771045697992,812.7860700578357,922.0226419764178,1629.2398619222502,614.2055623267814,528.3934862403028,1774.7802976447995,1430.5721666353456,467.4037826069148,930.2810919707255,233.25,20096,197.43065676525163,8585.654220443139,3957.065968927863,27.146170616149902
5746.406847706588,3844.863715354855,1086.1397951555307,2760.977648660329,1262.6769101982247,940.2271355795223,2004.6334210361701,825.9608989747728,557.8769759062454,351.78505394619356,937.5000718897278,786.0191606337801,940.0059080357553,1651.8876121648016,578.6780905506591,550.969114982347,1733.079183674836,1439.2961493862354,520.1228216366524,952.0877324970181,233.25,19621,185.84927874425802,8492.441300044327,3869.9691802802563,27.246366262435913
5254.156560107458,3611.2247353845314,1020.1188259313149,3191.883851009772,955.3424566601416,1140.4222686431276,1564.4859571405018,1110.9840350579987,787.6846301947594,826.842425614101,952.4777019108172,761.1133241538411,973.7845521861261,1643.8844226312663,568.8545568078247,532.4952075810013,1728.5979331329431,1452.556507320183,512.16425084767,949.875484631459,233.25,19107,187.68440340009636,8670.503000033585,3899.664258619749,27.34641981124878
4683.951670363323,3247.917686791046,1418.5077397603577,3479.431047427571,438.20682603950956,1092.393774558344,1133.8369867074475,1630.9312528356256,627.841106937087,1062.4175110107203,916.5368370559191,758.7415419799536,949.7481700265959,1708.4742545140514,494.7441506385836,560.5441805541645,1647.3724787953995,1554.2817119028675,485.24169453167656,1038.3740517792203,314.32142857142856,18556,201.62293444741198,9160.226051957927,4039.38901987965,27.446852207183838
4190.588190298064,2857.353278700155,1917.2135739664193,3503.5328110942887,85.4232060803568,830.0740107858485,1405.8741607316915,1692.4134018687491,214.41321475243916,752.1233432847223,1015.6801721516352,755.0338582487778,1024.2821797497968,1577.5786914827813,622.4765882607029,531.8173423504304,1740.737433714422,1439.5776043662233,557.4892677828966,1022.6490756997989,254.57142857142856,18038,208.99269035950948,9223.816584138953,4175.445294711577,27.546992540359497
3591.881737159667,2278.7271315685553,2542.163856547412,3237.809785137095,738.1291849613339,298.1402290556823,2045.403961177902,1205.8792701632674,454.4527845284927,308.29939040529655,886.3424456117848,686.6569428123663,1050.8289410673176,1658.4696840466174,566.7367443553584,368.01954650864695,1864.365157240796,1370.7351664373705,514.5818297401494,840.7117443101808,345.16666666666663,17389,205.47407682406958,8932.533433578488,4071.9176554653113,27.64708137512207
3173.7788115138546,1771.020196055847,2954.0813170124907,2822.686828204017,1164.1493344488224,235.5139375084364,2250.4720439862867,741.6375451906689,783.6149406374666,831.8511536055469,1035.6059359505473,774.4560733091064,1002.1563278228576,1605.3621972204992,580.3673824914717,519.2150957168783,1728.409189928345,1477.0428186094591,453.4117065004431,882.8588194442477,280.16666666666663,16868,192.6150534422544,8009.352764696166,3999.1943347112538,27.747278451919556
2762.602557652812,1066.269220071897,3345.0755182602547,2121.759081948526,1536.6860371118996,831.966413340768,1957.0268643154238,1165.9356912097594,813.3129743207494,1115.9344851124858,954.1740221414875,688.7791803095973,1094.6105218536202,1513.617791670818,697.4853738248685,562.1114797673417,1722.5674604700437,1484.4322759787822,538.0031036099358,1035.4112746824662,280.16666666666663,16155,193.279068617316,7933.14507751305,3922.358973854305,27.84764051437378
2620.2156890436827,592.019053230573,3492.7655632557276,1676.6250241484547,1615.067344729687,1136.5864573565023,1437.7370797545072,1631.3091714409313,501.70152450358324,797.1842202186203,906.4467290840879,642.9388759823696,1139.5572329645458,1474.1349286449224,742.31372628076,590.1823155120165,1708.2368900012452,1507.9743133609418,538.5263470279774,1042.09063303275,277.0,15628,196.62128411445002,8709.928524107956,3941.902225403407,27.948020696640015
2630.8435399536575,721.9570528974152,3520.562421831087,1741.0717327154975,1712.8556923012538,1176.8167707726063,1577.7718692494534,1663.6515923489294,700.4365312964527,985.7304463965547,115.99322723415857,185.53419325656492,1920.033810935737,780.2162471928038,1499.881967572699,1299.6930184605715,1366.0818122952296,2162.5673939029657,736.6734215442668,1137.7620597307302,277.0,15822,201.017360738344,10481.490410937364,4587.173588953722,28.04835271835327
2633.421759711421,972.5303529483003,3765.5452086348632,1689.3828899681757,2091.55671426641,1545.6783521625518,1518.8764130970626,2045.1534295716897,826.7034613344147,935.7624967649277,233.8378156342462,462.1283703191102,2194.2769532180982,480.9552560452241,1591.4977362390114,1414.9880967683173,1100.351511269495,2135.901230847548,440.0562130860754,930.4717329389267,305.83333333333337,16214,240.22984132616563,8942.00985209232,4520.866565104475,28.14851689338684
2667.079097175521,1436.0545952712412,4384.363033589736,1401.0633792421665,2662.407309526139,2102.971120351019,974.7873059657182,2386.3192808133062,572.2621213907369,285.46454340400226,203.24711981111204,441.77089494873576,2186.4572544593593,481.97541744372904,1619.8610140047374,1448.5417156265626,1075.7378833630112,2189.3974975821416,432.97357374193,870.9431319037053,320.23333333333335,16861,244.6770400580753,8993.175356113366,4561.941573689577,28.2487313747406
2741.8599905938167,1857.615228461052,4979.294481246029,1003.1222504371514,2897.681190172827,2255.9579470205467,464.73082817547584,2084.4479563304358,126.36556614052043,586.1644462778434,249.8828791851894,462.18478929953056,2175.737298342227,512.4007431062516,1559.54609581285,1385.082437390725,1145.2805357713812,2167.9651225647754,512.9807865772915,918.9255023737264,320.23333333333335,17476,240.33964937954215,9016.677798911003,4605.759892610011,28.34902024269104
2877.735406940256,2306.300204884677,5551.901947299443,490.88407237227494,2801.84613342293,2007.4418494581064,936.5419604177556,1409.8678988191898,571.4889281526004,1101.7140083865618,334.55594547131335,493.36813127077835,2135.408596917949,587.8557147502654,1490.0705162025465,1342.8573902981059,1188.4128258132162,2225.7041192946267,529.0345231102609,859.530425366372,339.0,18142,238.3698439661954,9061.593935662291,4603.3101941481855,28.449392795562744
3085.6936453804924,2755.854157069883,5983.51940438532,372.33707976613834,2306.040721845972,1340.4582512138973,1602.3496982630013,1446.9865054519696,943.9700723100735,979.0133531407032,300.50488453912936,489.30849865329566,2164.3308167554114,553.4331729455382,1498.0095561978144,1331.528924708338,1201.604869786562,2206.8666305365964,552.2894534464577,861.1581857125386,386.35,18897,240.49480557428188,9009.405982253396,4582.7760915202825,28.54981517791748
3334.199928892734,3134.9202686975887,6167.599365736923,915.0364072236779,1605.9220927453096,704.8879199498615,1839.077410011827,2164.0529335924284,889.2298315395229,331.23570642514153,354.30218622400645,474.61063019688453,2099.033574845603,597.2806926997694,1536.0884796465923,1394.3314952627243,1138.4452992639517,2183.2992926574507,518.9046092327125,919.3103326331507,386.35,19615,228.70684403387568,9088.651711572267,4484.907949181801,28.64998722076416
3642.950301215822,3476.71680228106,6094.516219600011,1483.727353298675,999.619045520653,1086.159686420858,1558.3256767039159,2526.652711025313,412.8471326736495,605.2781947047026,369.93405124957724,465.6827615788728,2079.933857503087,600.8645515022299,1555.5601265728892,1408.890224588078,1129.9526790459424,2165.815139935243,529.7082559263413,928.2685090165882,386.35,20398,228.85879742132457,9124.731285266698,4463.727727549646,28.750376224517822
3989.10869966674,3749.203002215725,5749.951382488025,1933.9796743657755,1361.0182288330434,1875.542432996541,837.869880696411,2143.8172387050336,397.95841357415605,1173.0476450567057,386.96963741305683,448.3996415313351,2062.6684393476503,589.4840664435702,1577.9348572586482,1406.34813359525,1148.59687623379,2153.9379567454,559.1898866742249,899.8252955588565,386.35,21203,238.8624387277883,9155.12863644811,4487.945339768554,28.85051655769348
4366.63827988971,3949.415049416182,5159.04295476436,2220.742026064391,2188.6198000661943,2385.736002593512,370.3847438703747,1315.6185072575677,929.0741657903789,1085.0412821709037,397.4781159654402,432.8648310519173,2059.431231271456,574.3605965288281,1577.7899289005545,1392.0112301060403,1160.2945615222459,2167.4911850011113,546.1788335664572,906.1661167784755,386.35,22032,229.77992584887835,9163.544313799648,4485.095454410816,28.95073699951172
4763.892880472318,4064.6759765346824,4370.201812939401,2297.333240475782,2861.9953975770245,2414.1358107319325,1213.9431948407507,1352.1451056611434,1054.401036511283,332.86756895875254,407.8193796795536,413.55429845402557,2062.3647659627413,553.117982974098,1568.1608886207237,1369.5085137636574,1172.659792133782,2191.8387209216044,519.310658977466,919.4110250845389,386.35,22880,237.44733690236814,9163.470146584492,4469.275649943864,29.050925970077515
5169.031758707215,4094.8893819868968,3508.7673896001907,2163.188874216415,3172.27455199816,1954.0356279041368,1824.0147375303777,2213.150584271524,720.5625881309223,620.1595238395967,417.3881363068095,387.5947491494706,2081.4004696004167,536.0136040982215,1541.4910688877353,1369.8324297882746,1148.0477019389073,2174.763404038145,535.235022963417,923.1424475468907,386.35,23747,226.81797913004777,9185.377919414357,4433.282204112056,29.150965929031372
5585.583996830681,4037.1674088065497,2770.8962816746107,1822.106548539768,3040.513517424026,1101.658167033601,1925.00720456971,2613.908454764168,283.11015508711455,1240.8205100527855,445.11741116700836,317.298195858708,2151.2095814846916,524.158605594284,1479.2160065235723,1418.4919296466148,1077.9515395686979,2102.5457083056867,606.1644074572561,870.0006282673766,386.35,24642,223.3054665983165,9302.284854524218,4341.487470893799,29.25115203857422
6027.146774466646,3893.8066172661124,2550.9400236849247,1314.0893162308942,2449.172408351005,538.395564552943,1446.5100185269891,2179.9693810290446,840.6373194364568,1147.9749167856614,462.99211461646325,281.36218986798974,2205.1732499625077,556.374075440671,1473.008829301013,1474.4737391354645,1073.6466441954124,2084.1549628521475,617.1412661739835,831.7432286697235,347.5,25611,216.4915312623702,9413.36780886634,4289.425120721673,29.35132145881653
6483.609675725539,3682.4041638413946,3111.2339710745887,831.718525288089,1496.841228147255,1490.653812803464,512.846362583848,1164.1165856648224,1242.246170646491,385.8257352264836,618.2723291123567,686.5784221850705,1777.2257970813962,157.93206359339104,1209.9011261362748,1314.7818428024855,665.0880621327151,1673.3953500213834,1131.0805199753456,481.59627115927054,347.5,26634,195.6018460820103,8815.225771626294,3790.59950451614,29.451677799224854
6680.537508873483,3527.5906738875724,3570.3839930454246,677.3632820914437,1040.4479242846057,1886.5610064506354,189.10013152041986,1064.7299506899806,1064.629498428339,126.5944838825769,861.5232039307936,921.3570375118613,1696.7776007058606,233.41592437505898,958.6684242742059,1541.87287957048,381.07667680705583,1417.5337033053008,1264.269205541614,224.8515448994013,255.08333333333331,27126,178.526925006645,8535.163458030129,3451.933350284619,29.55186629295349
6744.084729784543,3414.5027343987404,3782.0915735025515,575.4986225592457,996.4402503073926,1908.0547903798315,396.96387023853094,1273.6524298200713,851.0624072023234,289.2882487675978,717.2146025891044,822.0563037568081,1668.4128302296951,222.93882484231915,1110.2139929166406,1394.7320097907282,443.5865054227004,1401.0445885485262,1372.794150853281,169.02188897803114,255.08333333333331,27330,184.31459804140917,8794.927202810857,3288.9319956810687,29.652135848999023
6766.997325092015,3320.0961652096603,3890.233499785159,477.82666821710893,1078.5091010016924,1824.5155694317866,490.7207595942797,1350.6022566731313,837.9791317349723,281.12412364478604,787.4748310634199,910.7024075410304,1623.553162040019,299.7857162940883,971.0323926936146,1572.367765956493,264.8875629552228,1311.353472627043,1305.7777324882168,257.08105104425704,398.5,27471,178.46635574650452,8776.824055531291,3429.88434342241,29.75242328643799
6795.513032183735,2897.3016197780676,4143.119076278335,73.7286912554807,1556.425358721285,1347.967298671566,602.3611875493549,1137.581340422045,1317.968817143026,205.75276314061918,472.89820188182654,891.1188807288005,1398.2569032383144,549.4760948460699,1119.3870243912145,1627.1810436040842,73.81565357935123,1076.8793212527864,1445.107642534265,407.83920314025903,275.75,27938,191.06959057529633,8910.260894311501,3650.162185003328,29.852436304092407
6827.864888792034,3265.3890629372972,4104.9279782656995,419.34306966605277,1305.9607860665933,1576.6153283785932,832.989896536067,1519.72759584922,1270.2378621072048,454.53991695703866,1360.7089301966967,1069.3981100754145,2205.686898018819,355.91223441748343,1288.1599237916776,1149.7288555775149,958.3885141570487,1636.7124799527226,1872.2476151933222,605.831655509688,360.54999999999995,27572,201.07611746195,7885.852185159547,4596.34585723752,29.952521324157715
6748.425513167015,2934.7872129160555,3987.9027658666478,188.1113571560467,1305.0051431139766,1662.8884542142187,522.84817989024,1414.4381833558891,931.1154370769598,406.1610360842152,793.7793904703209,1038.6553658175494,1633.3529664818789,398.40665692540034,735.240411612011,1702.1885355311758,813.9897195787373,1913.6909314112197,1375.9147528703031,726.0983780965998,491.6,27891,256.99860902072055,30946.804338970138,4977.558031121696,30.05252242088318
6667.099325786999,2751.8676488964857,3824.951571165163,348.31604812547,1156.0820089165281,1874.1649747081024,626.5465523009925,1622.320031837167,946.8811466418063,577.0094041639084,720.5768265416018,1132.1529080912942,1620.2670605145222,482.4200508418314,743.1632748523389,1643.1142096292424,911.9949959992418,1858.9131523027252,1555.8837358075004,555.2311704070543,462.95000000000005,28124,254.18673016098944,23970.908270202428,4584.44501884054,30.152944803237915
6497.537371979281,2499.350667611029,3477.284756886311,723.8283456181516,802.5283961023412,2190.425157091855,1002.5982701501962,1929.0219786469029,1301.7546992404552,713.9769856331914,742.5634272931482,1101.0446363224073,1619.8052014661496,456.42167404608296,723.9185896728279,1684.440388305163,899.0280919298987,1928.7228876132706,1529.4655661690663,697.8758225113972,462.95000000000005,28474,238.82083758000772,21391.191930142057,4547.98877603524,30.253291606903076
6317.41135765971,2425.0004387190206,3169.616695853171,975.4812806482403,557.9991930423607,2174.157478030234,1133.893392755349,1773.181292782946,1370.9551720991694,391.83135871087444,754.4429647022137,1092.990964534319,1630.9847804843228,438.8941766095517,744.5796859558908,1661.5974461508908,855.2452546273579,1891.9589870422628,1452.664669735242,709.0515819168714,589.0,28809,256.7130196741179,22412.07179497418,4714.43824784092,30.35370182991028
6130.548992106651,2463.091593158402,2930.719443461582,1148.591428654844,599.9889449177844,1997.49608836655,1084.6986055294453,1496.330767223311,1201.232274237839,290.1632202883653,701.6942042112988,1244.5778668148832,1781.3272432799306,311.5317811560051,869.069270394298,1683.0493249328301,819.5148934719132,2058.9204797113903,1564.38953320887,793.9802591500965,499.9166666666667,27519,245.04382722096656,23970.611951958468,4590.42208926575,30.453890800476074
5750.706138740303,2762.1432841195046,2755.9879073380466,1283.9370810874236,1103.0599749774312,1483.054411601195,606.6692628363448,1396.780569333754,820.7071796336876,812.398305136134,1063.4184623779252,733.2619995677439,1057.982726123395,1019.9830612808277,919.3320375417524,1237.4758840254372,678.63571491966,1456.6252422647544,837.5620029382201,1327.6358170200474,499.41666666666663,28042,194.66200634343795,23451.121400516422,3829.3794231081883,30.554181337356567
5957.145027463984,2553.6380661917206,2715.9166801979754,1345.6033300015836,908.2488810716466,1622.5448008104197,834.2179456905815,1160.244622853853,666.1019216837678,868.4538056784522,1066.2980244946227,726.680200084771,1054.8509763344987,1024.2440036673781,909.8224873944815,1248.5418252925838,702.7465061188482,1426.6769458866254,809.3313871401208,1340.8614348816145,407.5,27795,180.69103404967166,22922.169080670865,3663.4313988254216,30.654195308685303
6170.695613992117,2330.835201942185,2593.0565675672424,1544.4210933081981,935.6943039889371,1569.5291561120046,882.669886946482,1023.2317692608892,458.2463950745002,1083.6707537894347,1039.4251837202244,719.5709865812515,1088.5099435494503,1005.4595995262015,864.0255711394991,1285.9978084516845,751.659701571456,1377.0213601076002,761.2411181770389,1383.5026771568612,407.5,27549,177.73499073584418,22641.745448577396,3663.136031928973,30.75429630279541
6355.1019213867,2139.906153623083,2439.2988465919575,1735.1254779440824,1099.5465649291043,1408.034444797279,776.3549898964201,1145.3418615850012,543.5320570748809,1066.4751011574472,1030.5600697691823,702.055098525645,1091.8154363534134,1024.8874788780033,862.2919345093602,1273.7709568484245,757.1275000527883,1370.516055134856,741.3328368179307,1423.12961809167,407.5,27370,192.0168313953744,22750.42603419294,3741.9304309097874,30.854528188705444
6540.245089263243,1963.4790514293786,2255.460672592502,1875.3183407842143,1275.51125106339,1240.7626599872772,591.4062141807939,1306.9047719945042,704.8197693635403,881.4547960478131,1043.621154403777,711.9840244831217,1077.1419719535509,1019.5254280128028,879.0323459013995,1269.8609700756033,738.1654020013658,1386.785559226354,764.1605371523611,1389.316879670092,407.5,27178,190.8868784611594,22900.169606377014,3813.6510972594047,30.954768657684326
6245.379109598041,2207.497826957844,2539.572341223025,1817.4592143251148,1163.5914994254724,1322.285789469886,745.6323037249862,1380.701704016744,834.7366809197873,883.3218233769092,1078.044612073876,536.8157590638244,1069.984628053333,1447.9272847782613,1218.2484175861846,872.5317116195491,461.2094755347109,1832.2416647704226,1216.274158858878,988.5360036346652,399.15,27470,189.25626915332663,23495.56820439863,4081.838638041365,31.05504274368286
6413.719058024842,2099.9366013262747,2412.8476472645384,1741.7687203766936,1091.9508539635108,1418.7102434092212,821.7812415698842,1202.7591814626035,673.8710112265763,1062.5512295577971,975.5602397530982,779.1209269651349,1243.0056079911546,979.6266794372802,742.7956416967584,1353.1074301923354,927.2980039050138,1498.8900079087134,1004.0421218820193,1429.5751003711084,418.79999999999995,27313,219.71326860322665,22863.69521581383,4439.267839893285,31.15549111366272
6586.0228913716355,2051.6877471561556,2365.5370865415516,1581.6040635225647,923.4882490357996,1601.5712953450611,1002.2723450680794,1178.5253671042985,774.2521926736135,1084.8048020028527,972.018773414171,814.1640877894736,1277.136722423051,945.8060369677017,709.1920542988615,1383.4037854815397,959.7393586784988,1540.6079993646767,1066.0012717993545,1380.4346633270145,418.79999999999995,27103,227.09435005617325,22559.99938518646,4411.827132235934,31.255602598190308
6163.707905047507,2067.656286952761,2298.0517732322596,2075.463957710599,1402.1586389304705,1392.149178873156,944.8663777452907,748.8441894997788,413.56225981509573,1569.5158734128015,1375.3667929897745,89.18366832568093,549.4596590978654,1216.1662137719609,905.5206331637306,1817.513297857455,1472.0245493039124,996.1982736652229,1090.8272305832254,1997.9868746359007,429.06666666666666,27617,242.36682941393377,23334.01111841059,5113.015464106264,31.355726718902588
5757.244838951093,2064.387497701736,2106.6120858057507,2541.7458083143497,1786.5346039434128,1760.423102717552,1466.7044490489277,368.31632611028544,899.2054406847353,1818.278851965324,1411.6861731433362,53.512987489908014,532.1078224300496,1194.7633099881755,877.1135427574594,1821.9244637457923,1456.5907501472498,1013.9311572807953,1059.357070769334,1995.1944257048265,429.06666666666666,28168,293.8339034754723,23535.453876164647,5103.253431173327,31.455864191055298
5417.913102947409,2033.407427727105,1758.815469580092,2842.597342922012,1926.7435205691993,2360.8875016846855,1915.2790672126014,952.9626302357896,1273.147601526658,1312.9324020042995,1460.1173778605119,35.06729014029146,522.2802772296769,1154.1308632535327,825.8610348389932,1821.1911805373247,1426.7220542107946,1053.0195355809603,1022.1072289378315,1967.391185841713,429.06666666666666,28770,311.1260225046501,23618.524559696834,5025.747423200788,31.556093215942383
5216.604211081968,2001.4643650417347,1317.4367285739459,2906.7682007653593,1793.634847505734,2690.491670972948,1929.428860372264,1383.4241394601086,1108.84853783469,971.2552075881053,1522.9522844178557,92.80607415016894,565.6775434823543,1091.9322999967442,793.1677275296648,1747.7900082810088,1378.6712840471873,971.594550417809,1022.8732186769082,2035.58468561014,429.06666666666666,29419,303.489332911745,23644.923270251158,5081.263634735442,31.656478881835938
5184.436418285076,1982.6668562257535,736.4337705780124,2690.384462537627,1338.66322651573,2579.5566020507226,1412.3937138730817,1348.4657613091981,388.23311353315495,1692.7985824756174,1610.2983439150064,178.75342574985476,635.2971951987714,1024.7715247026867,782.2190592494036,1676.0506391370552,1361.8583856860566,905.5512180423596,1060.467169973803,2049.2034834110946,395.59999999999997,30129,304.6192532991382,23698.52962695095,5077.928865080605,31.756664514541626
5383.378078008744,2014.3055567113688,346.35110610948686,2197.8779010647454,646.7067917001231,1991.1853845989128,652.0483584602885,781.9343764209758,659.0610249882084,1972.7394810790904,1597.2746602969698,165.9907926683363,625.6522548162369,1036.6445196281159,787.7169147239564,1690.5036847676206,1372.8936977132041,923.7966531591331,1061.4880788308506,2026.7688754512712,395.59999999999997,30930,298.0032429868448,23654.693737153942,5015.081543091406,31.856868028640747
5795.461862526541,2110.9579162372434,829.5305816368846,1498.1242554792254,155.76041803154882,1202.242814961501,930.4481518619276,141.93596295842772,1322.7432403383857,1390.7244971348314,978.006329787306,575.0183413114789,340.54964036522966,905.1768882998376,139.30504122462006,1144.9387841803905,993.0585203893688,234.68886110335296,1641.0344065163567,1958.118656460587,395.59999999999997,31713,261.15980396552635,22950.226105467955,4239.334781010093,31.95699429512024
5821.6810372488635,2109.954725382449,851.8792193728401,1460.5938643862285,188.62365816943395,1188.8636183290685,965.3998592505429,181.55589279006895,1307.6665565867445,1362.8427305499124,884.7083710847857,704.1477544226398,437.861842686773,888.7209256206182,178.59389164670526,1035.051552014755,1043.5482184279842,238.0550688223309,1725.6863014492747,1883.1339871496589,395.59999999999997,31755,253.03262952794285,22827.951529265265,4153.512146390252,32.05731987953186
5801.94128559515,2117.54110326698,846.6820230297499,1480.2778621010375,180.78369327347656,1176.5497245261445,962.5042159158158,172.3797670656412,1334.1013086933167,1345.771074266584,895.203116361151,688.35484556123,424.1345340283165,891.3681742824539,167.00520543501733,1051.9653730640275,1032.007436869955,230.1496273831946,1713.0102053889273,1900.1126344205863,303.5666666666666,31729,255.63722642755826,22839.425692033066,4168.724333314751,32.157555103302
5759.866228401763,2146.253036283263,861.3066078367232,1493.6888053578164,209.7141392741183,1129.3766456930673,1003.5556511445241,213.97979290051603,1336.0735073314665,1312.1905447128152,885.8224886085773,705.0664232766628,442.82717834071644,876.0587109150771,186.32589924349668,1041.4733324327397,1050.2155731153682,249.90429175104916,1696.03309022407,1902.6257409661118,333.33333333333326,31681,250.3027567468248,22815.64366275116,4227.355978336987,32.257668256759644
5682.737933351148,2213.2755295826296,920.4061725230481,1473.502126474284,291.4105959778029,1071.0717930170513,1076.6644076341652,281.906387498548,1259.8612492431535,1360.5080940813807,874.0915228323207,730.1254625688854,472.50643201795276,843.3808335671473,209.34328756868277,1051.058101115169,1055.5411035419274,257.76606130477484,1669.0282321859154,1929.0386512981477,333.33333333333326,31598,252.97026006556143,22774.661868316507,4267.689527644336,32.35791373252869
5495.331315337742,2397.612718225796,1106.866157933948,1330.8083949601084,449.683593050765,1131.6566150616632,1083.254716165611,293.8239433588516,1190.3542467216141,1504.1299274023697,861.7621209965737,791.7449439018649,544.951754516017,755.5333571117624,238.80423126300556,1161.0641596320095,960.0270174946716,163.6972514977709,1724.229259601797,1938.6103770991772,333.33333333333326,31413,265.20008460896656,22669.571799952755,4311.7732704328855,32.45801496505737
5161.212754416416,2731.3750394085896,1431.8340054077785,1002.0638883607036,642.3558171064203,1457.8985525135022,833.0567393570639,228.14521145229546,1493.3043031513753,1327.5586437366085,890.4764900162975,851.3378279820404,606.7165145741261,736.5514181274457,240.2353379518022,1271.3117777282023,836.2038578251004,75.9357244027038,1858.5456652545747,1796.439452312028,333.33333333333326,31071,274.1744731492816,22552.51236529936,4428.05610081723,32.55831265449524
5161.793738223082,2731.2186160080882,1432.5551283843515,1001.6286390245567,645.8090691856665,1460.2199138806736,832.7505733980104,233.58948675354353,1498.8713457911508,1325.4498880974847,809.5917416330948,855.5051939572979,670.4158848943977,617.7189274441874,496.1545874686214,1327.7171776780976,868.8096830215675,275.06021163415306,1948.828175989934,1872.600658294113,309.5952380952381,31071,262.73165364779163,22919.423512128335,4868.514248326093,32.65863656997681
5147.032154271127,2742.7086881991722,1437.6939311982267,995.5386440337368,633.4670564096793,1455.1844133628647,832.7731962412083,219.79777376902356,1482.097181871139,1338.6675009459657,809.6075905240419,854.021955244683,665.8239282625583,620.7006544955065,482.34586740306304,1316.6877537832863,875.4519955785635,263.2613783355691,1925.1641469304325,1894.940250131032,309.5952380952381,31071,291.3035881735163,22869.94831066805,4893.3819860250815,32.75884246826172
5168.348143389163,2729.6177281784585,1438.2233435740854,993.8446089771273,656.9085468394103,1475.2695520424493,815.3892285091057,219.93273088149314,1501.9158700674648,1315.5714130548988,810.3258388286366,855.2893407268707,672.8296423197536,612.9497463876716,502.3417995853766,1339.5596684158304,851.8762277820847,257.43748440478555,1949.4539523114147,1861.8234762948346,309.5952380952381,31071,294.5514607961114,22752.43377975124,4829.910691492591,32.859230041503906
5149.317440705868,2735.9975825218917,1427.5058495019707,1008.4172548998391,638.8267321597923,1453.758994422619,837.5035295669495,241.890557938505,1512.369612382151,1307.5873248888747,808.3882155170327,855.4226618314209,666.057592735366,623.5271152407183,489.4688104396166,1320.4539059436433,874.7115042241119,284.1453460664306,1964.583849369622,1849.0127711555185,309.5952380952381,31071,287.7438066767264,22709.373306670423,4772.855178530673,32.95927619934082
5147.406389640537,2734.70187805898,1424.0358702947983,1011.7168613597939,641.6357926746297,1456.8356034501126,833.4553807847522,238.8105542166751,1511.483886751967,1309.4580205066763,822.5224449782146,836.0901811400338,658.2846936638762,623.3857234530001,509.8962369627922,1341.8828858454815,853.2278865594585,260.8217849962032,1945.4030391866575,1870.7065024754772,334.57142857142856,31051,286.40096245644247,22957.10753949325,4770.7003583973055,33.05957317352295
5104.276888939382,2713.2920598654396,1355.7151178472577,1077.235687169955,686.3461017498637,1501.1005019735312,779.018399220418,211.8534517802487,1506.7909962140989,1331.7750039062882,856.0573577030744,792.4486122596595,643.4394253787526,625.1287010497207,551.465078673633,1383.4560268631096,812.8282157623883,220.76700025490248,1917.9191286571306,1902.238049444064,334.57142857142856,30986,288.24613519643094,23333.67524204807,4903.267820792097,33.15960168838501
5047.8927033118025,2636.2431505194213,1241.7797030402655,1139.1919967335214,809.7506347871523,1620.4624690738592,682.4286273883495,95.3501457927255,1388.3768191154309,1424.5589818728124,895.9987965113054,748.8989260899622,651.0718944635973,599.4092007697376,584.6401707224609,1409.296285866211,815.9866828032526,213.03045767881756,1882.5978570677141,1909.667727082789,334.57142857142856,30875,288.8150665532396,23113.85715879818,4998.031869002207,33.25983762741089
5013.727441280184,2558.1486811178424,1169.176285101889,1157.55992472949,896.3227108981371,1688.5451832103684,680.1838057940937,126.79601573932572,1348.4641871937554,1417.0098722745072,919.1576142819594,743.582241132308,671.764418785839,584.0671849894076,567.282035203757,1398.220117136757,807.8720277887876,193.55051784867752,1857.7847556282516,1953.1749404888296,334.57142857142856,30739,301.38556322195785,21825.53959285609,4904.327844870023,33.3602032661438
4991.772751786835,2352.798897854123,1162.1725813076378,1049.5232063690376,914.1674297610936,1589.0975218069038,897.9642593064323,315.0500861904719,1566.9488478867836,1243.613606390474,952.9128831709213,717.3453723154649,708.4651670450082,526.6080438496666,531.0707593022579,1326.1341549191395,890.5879187994831,279.74553829027946,1955.2019981257317,1920.7056229597597,334.57142857142856,30570,269.8734294683835,20731.78966885727,4677.8414057312375,33.46032524108887
5001.269867901284,2178.7006840574677,1242.2725066247053,919.4406451024267,866.6381904915427,1434.8751004802075,1035.708982445968,416.56346812475954,1674.1293074704422,1285.652812277388,1012.077036793303,736.2739666398584,752.7519296361396,525.5924213326241,507.66673941770034,1341.602877437038,858.9743671480943,260.30700127631144,1954.7498370359385,1872.1320069844285,334.57142857142856,30340,261.5291681795245,22990.001324840807,4733.339982742204,33.56069469451904
5074.3289167346065,1931.5781645553877,1477.848230134028,661.6792727471056,639.4369833824567,1235.5103500942255,955.5809567369174,293.26475275594225,1438.4226913039442,1489.6441258064892,788.8693083161867,601.0803345874398,688.6162898121191,407.21746721724816,491.5158748501429,1114.5615152552823,1004.9930251799166,351.21431326196375,1868.0072641749773,2114.269967212164,336.71428571428567,30132,314.52257273835244,29960.075844092244,4928.539269122377,33.66094136238098
5068.530905885763,1938.3350329904492,1467.5425449774584,667.9977057507538,650.3962745152019,1224.3703726718318,974.2158184600838,314.3781568627051,1440.2819315364943,1521.2409379803014,982.7985469952805,764.3586292566081,655.637193418623,586.9979590663185,628.2568128732523,1299.774831850796,1071.6435476615623,474.2835102913879,2080.181065387839,2099.575804301113,310.57142857142856,30112,309.6504998810514,36685.12756714783,5016.743981393052,33.761136293411255
5373.308554168882,1670.5346004180308,1917.8434593239697,653.9810883763085,521.016696262741,1668.9194611593296,676.3928373633199,403.71139894897766,1773.5628711076308,1095.9295324569512,602.4428391648437,150.35850159475189,1229.809062525074,294.86615066615184,258.3631473266966,1608.095246889725,266.0448837402887,650.9734574771529,2330.437833230359,1085.6648967440058,227.66666666666663,17658,246.04746141270238,16596.497663165763,4320.086761247898,33.86139464378357
4923.173056791511,1856.3403793400696,1586.5059258388196,368.0621513494412,350.4134334027919,1166.8267698274265,527.2440943881326,365.5193760849646,1330.865277343589,837.5372522697105,762.2534761790268,565.995412337597,756.0802286154366,212.0058529266338,252.9410335761637,1074.290467594172,535.8203576197374,430.2196814447346,1744.14313608839,1174.7065752702756,276.80952380952374,18284,214.49914800291344,16006.694428579083,3920.16544213956,33.96165466308594
4943.187084696913,1850.7185847957314,1587.6631556799,375.8858440473963,351.79234250239244,1168.982142485681,541.2838263866436,337.7201175773503,1318.6157735329216,868.2978208693133,763.7453079274145,556.4688027589697,762.8969118772465,217.13740983417742,251.96481039580712,1079.9689366712007,561.5906666878594,375.55118541198834,1714.8202545279373,1245.7186393646173,246.1428571428571,18260,222.77127404943315,15935.43208875931,3837.3921349990505,34.062122106552124
4817.287921728015,1833.5605564341126,1661.8019575758447,258.45292630338923,241.43595569091434,1294.350696287439,404.55386840097617,334.62468701707303,1446.032275959733,878.7619682124496,703.5909036562747,414.9214947088641,895.3817943880186,178.28115008962794,189.632103944174,1180.165725827614,569.6301303004464,262.256911560541,1719.707002877785,1331.1479536989698,243.125,18397,209.49397991803158,16175.000895927244,3851.366409181329,34.16223454475403
4729.297173016258,1796.5372366768863,1745.9089831194494,164.96140408719808,147.4263609602938,1374.5428051015106,420.2671097370161,246.44313242192376,1400.344322649623,968.8481104077928,718.8207183143957,462.5899966144342,850.822453450878,170.10969091221318,190.62685422760072,1153.4676548567504,532.3714328637523,321.6780118403271,1763.9145138160723,1269.7529108127417,229.375,18503,222.64648649136012,16413.71223546524,3887.4387874380345,34.262587785720825
5016.216920484967,1993.5267595975938,1453.313165664313,444.9522026970513,413.38291148691553,1362.7003902043853,155.08661599448203,508.6357046602025,1692.7845887003225,1083.789802129169,849.7629667714643,792.8698995961289,774.4576378462424,269.80062845651486,261.46894425705386,1455.0710102419482,262.5654054457702,423.9565399003534,2016.8315166193188,1616.9214316095265,213.67857142857144,18193,229.54278003239398,16170.625065962797,4311.9528720727485,34.36291432380676
5443.8143263201955,2384.300456229366,1091.7892251532005,801.3751943012528,729.3765543348462,1739.1774466552304,282.9801986584345,655.891075078475,1733.8019438458266,1459.5311445552297,938.4953066558078,944.3142175865806,890.9446721481276,387.6803649173,350.19845477641627,1623.698881838784,433.33215917026956,338.5440149297772,1873.466185843379,1676.4689178065535,258.28571428571433,17784,244.04592064646664,17090.768440317675,4476.1933397573075,34.463139295578
5673.669220004331,2615.133961632278,1008.4623202509695,946.5053532765932,833.2730132832803,1950.7503834009592,471.42058703954484,585.472917593879,1530.2217047237532,1417.7509473888451,873.5532897525604,829.3174126336152,704.5203830792624,385.1076646956877,408.75456603548935,1591.0044533983405,307.8379244988834,556.1573859676881,2055.067155828091,1886.444322282919,325.1071428571429,27574,241.24746899625836,16728.177101946825,4541.681624737996,34.56335949897766
6178.8337451328725,3125.269391945836,1243.5644228848885,1128.1646290332574,867.7700420151094,2096.398346768321,677.5268514129772,75.78957530238434,1313.3946259318757,913.7935964561734,930.324444534215,923.3335070295968,965.462417144235,266.2406232936643,176.12288061756823,1416.1177472785066,275.13854909042766,483.18258329873976,2160.52635213651,1746.4481930751847,249.25,27068,249.5425901031884,17314.91211386126,4659.581567190533,34.663727045059204
6613.910531792932,3542.655813993047,1680.7603147539662,1212.1144849230109,818.2871367632273,1913.751976337211,720.3535734565801,400.33936844054114,1741.2302465680207,1146.114599871654,927.7530725300572,918.9447294373064,957.3951560763942,266.86615007708036,187.06802548665587,1430.8064908063307,280.9273443451178,462.45852853441124,2128.2359104110196,1713.3795934241343,249.25,26579,262.61677953158437,18407.994374824306,4568.377197055344,34.76376390457153
7041.40675105314,3913.106652380801,2171.0715024388464,1189.3306928769607,674.0511128552214,1455.1601419279405,565.9044458216306,752.344470526354,2030.875231461026,1564.2313940249078,937.5404115423995,946.6787191271453,955.3820228094454,314.8782346208365,187.19836053014888,1402.273727212153,286.60210245818234,517.5838156094215,2204.59894820359,1796.9721304256398,231.8571428571429,26095,268.6338395668293,20409.734631755353,4493.775905917393,34.86390233039856
7386.135304668903,4160.703365168188,2539.9205316622597,1055.4359060563427,482.9733681553535,1104.768465295865,281.4829605943498,763.9049528634283,1759.253025033946,1372.5931107147542,892.9090987053041,674.6775879361836,893.3183232497533,400.04265166801434,584.9533446865024,1860.917631401717,706.7567206232011,240.12965489214278,2171.769001023532,1684.1271951152796,218.57142857142856,25662,238.20186821981474,19690.906697861017,4138.3917623736015,34.96399164199829
8043.202178934066,4545.9341666142955,3140.9621775367564,814.5513295106997,627.1229529189145,1458.0433412226396,627.9135789218755,576.8803179651313,974.9024851733706,546.0898490053463,1012.0866487877759,1047.2514591662855,1150.3272575982305,96.3147218315835,279.52618475055755,1524.4542910082998,501.62627084348685,267.7777575476874,1677.407367372017,1184.7273426701756,218.57142857142856,24765,207.53705402318747,18053.64489382817,3800.1359966010496,35.06399631500244
8318.498585204086,4651.639485658173,3311.92074602688,752.9989400985249,823.0697736306523,1873.8048930491716,851.2734138485987,423.8588798454894,1256.4952401418327,878.2311909695106,1060.3496009979572,1122.1169132330333,1222.0103334880414,145.81159455193412,333.65094504856984,1553.3412971358337,569.5543194072185,270.18266420849847,1676.8505923445136,1205.2659221781319,179.54761904761904,24351,199.28403325054327,18174.963367173717,3600.850999778274,35.164424419403076
8511.038277763126,4662.127725400713,3336.795805598909,665.4591928191273,879.2430664785506,2073.602788580652,825.038589566977,180.3541150123041,1534.1653430560602,1091.4347411103736,700.1990859353075,452.3846462261279,556.7820526689038,648.2858295939033,349.26706074536355,914.8597563758303,436.258067283223,910.5597446473739,1074.0662742411264,523.2395850574712,140.83333333333337,24013,140.98566899206122,17625.135146094326,2747.2512517151235,35.26466369628906
9013.095567390674,4518.965981605176,3134.931873962604,807.7692766242427,1029.4429177306229,2071.1107176532064,562.1741452989378,839.5486955205112,1488.143227664697,824.6212874447561,700.6421258080146,454.06750224507925,558.2660307774402,646.8090757251181,348.0890578311351,915.7478232498322,435.74837288689133,910.542652292823,1073.7884478907424,522.1618634917265,228.1428571428571,26476,140.4363689537699,17647.3645757736,2734.6648019284257,35.36492085456848
9445.332721899753,4289.146100966541,2788.3411564584826,1407.4376987722699,1348.7767745020085,1627.8161567993136,883.3018541640388,1475.0115441525618,749.1124964686517,327.96526469998696,711.7348531522845,482.65263961859824,583.8239507869603,614.3958208367347,320.24110567873595,949.0362941586576,399.3615952921142,889.8019054674056,1103.4905986742322,529.452727276061,228.1428571428571,25490,148.06011522808637,17645.30121349014,2788.7320524625966,35.46523571014404
9826.41344645486,3968.3999108870057,2304.9622083417275,1980.082015948343,1610.9760193517354,822.5542605799953,1237.0375833427656,1552.3595227374867,375.48079565776845,756.760621939129,712.706911017695,480.90467492653437,580.7137523733887,618.465048342938,324.9426915558064,943.357685631928,406.07506146585166,890.3076582338914,1102.313199778099,535.9691814149272,228.1428571428571,24505,148.96260116315685,17614.583917283686,2780.4011313210012,35.56560301780701
10149.012435182596,3574.3469416143607,1737.3881467092986,2393.002697225282,1714.0307682692912,169.3036657680875,1324.827220892206,1040.7105930590603,1301.08137158009,1079.3481234219805,703.1877585649027,478.7249626485043,586.1199419226103,612.4779193329857,313.3099243614667,954.8420373631384,395.12628468607994,886.714470341873,1105.0304618250984,530.1606519660658,126.14285714285711,23508,142.4976426540853,17603.78132353007,2772.2199759942932,35.6656289100647
10352.048269000239,3194.537661494101,1246.227217207463,2520.846938891818,1595.1697018859884,915.5642775788442,1076.030775677101,280.405192091084,1501.9733551635957,794.7483531530892,871.5059702531877,526.1297935299837,491.73267249211835,769.7593638121284,522.034254190022,750.610558818811,597.2355337115398,873.2463162047001,1184.2361756432636,734.5336539942905,188.375,22716,150.6520815198644,17865.08264580097,2946.8057362524896,35.76581168174744
10484.233343115235,2763.7834695351453,800.685334933816,2403.5818488348555,1257.7080072471701,1438.9991672913022,544.7165422487603,569.0372140858913,1035.5421355676606,75.16213140971541,902.4119309910151,530.3078932414022,468.5166248757696,803.5426137290668,545.4431971659276,740.0605500189267,604.7772061468964,838.8481780833442,1216.5425285005872,730.5781685558892,188.375,21961,165.0949702358375,17913.47261105312,3021.675055231535,35.86591291427612
10496.015592050106,2629.3765236078707,684.5811034709972,2296.4645148986237,1103.3959646492399,1456.6220603353297,356.8837324744435,696.5807290905605,853.7411333772519,128.00738742284815,1495.9302676887035,740.6936757228566,238.38421729599452,1327.9830842150918,816.0129901743098,1179.6043646323078,451.4170512587263,672.2942186023482,1239.5507030079966,172.36020832992892,261.7142857142857,21763,156.55568595359915,18527.06366702998,3606.69476494273,35.96616792678833
10459.085719724311,2017.3597576048414,385.55098069079105,1640.1066439310723,386.24930683810624,1076.087870520836,591.787827495001,787.1875794544069,1203.3155164418486,782.2217010456447,917.3755290709541,692.7980565831135,552.4337549377716,1106.3164406899036,951.411941762814,665.0981619361453,934.0140596030329,195.85003577627066,1769.9771480379793,668.5991685828836,237.14285714285717,21054,189.22788578409998,17919.3588317139,4119.469559301746,36.06640887260437
10378.395239186455,1517.1553847523815,639.5626189224735,1098.73611395111,512.9649943438395,592.7885531259182,1082.6975916702645,629.8408386214841,1664.8428475315877,866.5292887470621,1084.672682847941,609.5650388404268,382.6348699072476,1050.109652666326,789.784611504026,698.9897305878254,797.4321576736822,372.47421147903975,1667.6041939836239,706.1392314935667,252.42857142857144,20471,215.81443471701795,18008.831714703803,3996.9050766384657,36.16666793823242
10231.9338073396,933.200899593394,1054.6477823842142,774.472513068965,1111.8112932724107,154.56010031950615,1332.0186967417767,280.7068717400203,1624.522980398015,464.56158949350817,1123.864092471098,562.0173165655945,371.82595682813115,993.505749394996,797.0498063333915,631.8168240027819,878.9317856519397,283.7964615356011,1717.7027977224836,641.0104568281538,252.42857142857144,19921,204.99011632540606,18007.47272508026,3870.263270036669,36.266841888427734
10064.951570461,463.4576652921605,1346.7765997153554,1047.740701655155,1469.970926479286,615.8184391598959,1173.785107905797,231.87213956148616,1165.549897567266,192.56867708137034,1211.9076591453947,471.28290052874775,368.0803176873298,910.2310288489019,820.4627512808338,574.1571706747512,937.9864153684239,227.759540854747,1714.4993861357557,612.818422819955,227.375,19405,208.37420682372547,18096.51437768113,3964.429365993041,36.36703395843506
9886.686926906781,181.46390578000728,1536.259296404808,1437.7085741318424,1612.5995827880388,939.2217437491129,824.9032463185544,450.1805700783636,1020.2681220901712,585.5586694558656,1378.5777429158238,262.45884268870424,530.14899524903,868.2093681860443,1029.0271339956296,690.7700103573242,888.6990897675034,342.8432883522471,1502.5253363498005,679.9984867315529,259.5,19042,206.25967164694003,18303.64944640347,3924.618488794177,36.467159271240234
9764.661350477569,299.65363149814885,1572.7397549347936,1621.648309156197,1548.2886440051034,976.5357623848582,662.4822620679909,426.59935700394004,1233.2525220015589,581.9998502929966,1145.2888231650406,618.7586197529822,166.91935431363802,728.9987681512106,781.6131526664041,332.83975445114726,1249.3361735070457,230.9913329839925,1448.2985024494335,432.6717952785585,191.0,18816,200.06673620017983,17950.385339460605,3542.1426148149785,36.567262172698975
9350.669264004307,908.8830186777199,1568.6049277524796,1988.9464100204389,1088.348771124497,807.0616358952198,1021.7465673904655,330.9774021578477,1588.7985430841957,168.60748193163445,1117.6055899266353,669.9567167289479,116.33859927115319,722.2196140713202,755.6551886507895,287.41667815792175,1296.3469336390278,255.38039025040905,1445.612950151734,420.78374891002414,191.0,18196,195.28639067390094,17890.35008519452,3506.8852157203933,36.667635917663574
8884.2851666571,1528.0439001206066,1520.3828475587284,2165.673394056993,472.2336922434562,526.0188342265136,1615.0023362753195,585.9976368762498,1320.4581976660859,475.07827719294676,1116.3773235959136,671.7743144612955,114.43994374943988,724.154512490083,751.2388284015237,280.80108151593623,1304.0818435379103,261.0882531682028,1444.0856093646535,420.7835904642826,191.0,17574,185.73612449934694,17870.53953494513,3512.1826191712794,36.767666816711426
8368.552193556668,2117.312077130092,1432.8120527619203,2126.1936019471977,316.9492207329504,379.5516591399544,1841.3217892126274,745.4230921876115,695.4070505349652,731.8166501565404,1113.666116209375,683.0133002365822,104.6919497416782,705.7039729761949,770.3448711399978,299.6722634293511,1285.926492720495,247.84674933241422,1454.239748129457,406.4606851380886,191.0,16937,204.03939948380747,17844.19258790728,3595.073959838171,36.86786675453186
7786.527350013245,2685.849815266116,1334.0247760650595,1879.2711124834552,980.9080824120142,647.6071639268131,1601.7061706644379,708.4684632882716,963.0896079790143,618.0134468015679,1109.798444023014,690.8747523347457,93.08115508753312,695.645771407074,781.1966355899833,310.4829273166845,1277.4582745277364,249.35771354134835,1452.56895689952,406.1769981017664,191.0,16275,198.77148026714565,17861.894530927697,3602.1204448551807,36.968228578567505
7197.427714293545,3162.846534671812,1244.8166107108425,1459.1488629362352,1498.7013366424496,919.2893026232476,1004.3317948521714,476.5460475247259,1523.8034534779906,204.7742712982552,1098.945377403022,696.0404456638523,73.08335310272984,695.9487863995146,793.5065116015058,332.78302976010804,1254.8129119489085,233.4367239767489,1484.6063452104097,367.96954820046597,188.7638888888889,15641,196.3402552468125,17952.212705930684,3536.341933882836,37.06865358352661
6706.627135874285,3476.651396436146,1167.1433666967575,1005.6492474833614,1721.0022212713222,981.4477895871213,675.8612893245856,261.3098331173316,1498.2902082406015,309.42214427011567,1071.1558377148792,743.0784987573676,122.51872135024388,677.1091778326827,870.9109186669613,434.2511808273217,1165.1917808013438,180.90289450989846,1584.0996122149938,270.889996892374,188.7638888888889,15134,194.97394459540453,18091.67123565887,3575.7417497082733,37.169068813323975
6432.551211826127,3597.3545301509484,1088.2656642106097,730.3647675843197,1693.4181392293583,872.042587438681,868.2632442407846,187.25880750549837,1235.4330275549726,386.0157183461391,1034.1061129472826,890.1883498402526,295.002178222849,597.3671844089098,1071.2086965178648,631.454793004417,968.5429001337742,60.1051042618709,1711.011654507788,299.6935136397598,188.7638888888889,14857,211.45111395446332,18208.48522979836,3767.086022871419,37.26912999153137
6258.2032999585535,3628.38150632177,989.192764812022,613.8285799251785,1565.8045062744766,707.0754076361611,1025.4235643487298,117.68368774912145,1175.2976324983692,250.86846147288577,1009.3767676685375,998.434918807563,372.9551134916775,510.4752456500935,1147.490844758231,663.1560980815779,967.3473863040309,45.475348846696406,1656.2546234459671,354.48695283620617,188.7638888888889,14691,216.6741053553539,18193.889674474412,3813.9130597800117,37.369224309921265
5992.140476488076,3614.1131570976586,779.9856513259109,660.0475953212875,1294.182947406605,485.39111634704807,1098.1170489004357,192.0394881200499,1413.410117089531,140.92302835156585,1028.0388322852339,912.8542959571171,311.5868929157927,594.5967669671327,1084.7337774642249,656.0793816956404,930.0205429192469,117.1861225151122,1785.079123060704,341.49492462785383,266.0138888888889,14404,214.95717353706695,18193.257825923993,3822.031740113333,37.469380378723145
5853.086195627246,3565.937802543873,638.1208869770666,793.4718648470528,1189.3612918444644,535.3393780454892,998.543267052345,226.10622783653548,1493.7335955851377,281.1994754980164,1001.4299845175946,973.1821758221653,316.75672748352264,536.9902056238265,1062.86680414544,598.4406403829672,993.1378998405281,104.40210029314967,1778.9666612458946,278.86926218760453,202.125,14265,227.80949664319826,18638.75223414997,3834.2993795006064,37.56958603858948
5712.117826491378,3474.7309248652427,473.5967556759983,956.7389067729356,1203.0929004120878,697.4245677990206,835.6355285305544,189.50875766341915,1392.1266055221151,304.38330937992225,987.0545254497065,986.2420336458612,300.0878081617393,543.209955743771,1043.0764847506393,601.8440062724572,973.5371350749966,116.11362684829383,1785.3581495923306,306.6544363830297,217.0,14098,235.56254995293597,18757.145318746152,3821.501928833457,37.66967821121216
5622.759106054592,3382.390110485986,380.1822743588434,1044.4784074487718,1303.9437735805072,783.6410126861587,813.0098437885928,95.36161546583065,1290.0573255053378,192.77631008597257,774.5725478032433,1149.8280642487223,97.46505515548792,785.3619671646534,983.4625521262714,860.5847108892972,705.6302532189504,228.99500168014097,1524.2585420006724,284.959490198327,201.0,13972,226.90871883511278,18478.949189356455,3648.8140688550448,37.77003240585327
5721.3863673812175,3526.196826958867,454.9324310853663,1019.425110224364,1154.0232694230203,811.1756409347032,690.1192772445337,248.48005286741437,1233.9183610088712,302.70542235874024,896.9887877807324,1103.4526013029515,211.507275723565,631.0048589744886,883.8460643149529,737.2707159028105,720.9856430887772,291.47423579324817,1602.1893582357282,427.1305648113895,184.75,14136,215.1851232959944,17923.945477008383,3546.5849980289568,37.87037205696106
5751.776139150646,3583.04554544031,471.2849604120904,1047.2552468295744,1123.1742280362305,863.4427453556992,634.8302885675839,273.6072825041146,1175.6950843094469,284.3357143976766,823.208539885368,1115.9531048462482,130.03462523045087,707.616371212147,949.7490937938021,777.7157508602808,738.0777478304509,233.17713132645977,1595.2281945200082,373.47129917132526,221.375,14187,221.12643572781036,18213.832550866195,3563.8104602405247,37.9703905582428
5775.353862720626,3642.826401108646,462.90445063135115,1106.7041776281571,1147.3054726330586,911.8849944791342,639.6336249080015,226.40620673803852,1185.457514977924,234.45953534639375,955.4232120765569,1161.1556952219282,266.5382602353973,684.1631566195155,840.5170319298196,872.6982610105755,625.0856488053219,285.486329707865,1501.4773769773901,282.4011814306197,218.5,14248,214.06071404342197,18570.19989881715,3442.0871591689515,38.07064247131348
5738.677954436293,3509.0517780157365,560.6511914560614,954.7575044891852,1000.6937233651054,922.805693444153,495.29965970271235,379.05645359516296,1025.3144286571364,195.40203077478864,989.7878317461222,1160.892730942368,320.68761514689606,648.3544622687697,761.3678665449069,914.949590603124,521.9421228686975,386.625937802371,1382.0105491972374,204.01799087749004,218.5,14097,211.03418853087987,17991.99258008597,3466.7985123042936,38.1708300113678
5734.328836684247,3476.0001932579207,607.2047506669994,922.6097170807938,950.6921097299562,962.6980006456733,447.5487731418659,400.4300672811419,998.8255002494052,155.14333506609512,538.1885871873349,789.4749661626937,440.7806144411569,238.23937334253435,572.1699381328953,938.5622393230628,220.22726110551642,819.2517957702111,984.0523547986267,351.71642804987,186.20833333333331,14030,190.44390755825196,12356.900694072918,3137.095730502964,38.27116680145264
5713.9525274637135,3581.49880596851,331.76830061787416,950.5005538476546,1113.504102013002,718.7323981706276,513.1041201818391,649.5247818748163,756.7721251916552,371.3461745979485,444.31469836381547,686.2927303859916,552.7545928123276,133.11950249365498,440.91791888437933,1081.0271063500204,80.2989778946275,770.0912016931934,1140.3023738086035,193.92244657495888,166.55555555555554,14327,182.26456296368525,12461.480508260585,3059.761515462508,38.371278524398804
5639.274300612663,3654.335439603986,303.30001317951985,883.8935626540244,1170.3679658838769,840.8412219852609,451.28897551120883,987.3336060327849,567.6221826499482,454.46177202502025,644.3108675675866,896.0628678184942,348.4859356498285,308.7340139477125,648.6648434612194,918.4410420218433,233.28750226837994,936.3081888863883,951.2387344403588,395.4558819158926,198.25,14761,168.66247580174723,12304.745072051872,2836.916183768738,38.47153067588806
5561.302310644064,3639.175766663162,594.3295566042912,774.8688762091825,1068.1690027294526,1140.9454945953646,329.3959858090577,959.3936910509622,861.8073672838434,299.9564158978574,366.4718147839888,573.0363674445869,631.6889194422731,282.53451442494907,473.1734786207935,965.7031862488686,344.32030742239806,704.5431719600804,962.2646245323607,468.7521577977839,133.125,14029,147.38565596331978,12682.572756839167,2611.520707643037,38.571653604507446
5362.628505293857,3498.0525479037306,1177.9547756891195,532.0328511121367,655.8626860548216,1589.7041730835335,334.217045685024,468.5529844052416,1197.8904887334998,300.19992445907343,358.6082581259568,562.2285713782987,642.1958739735895,287.1538780300744,468.5253447680023,971.032264065433,350.35823127867565,694.8395099595277,969.138387359108,469.01042371369545,133.125,14623,148.6687282410885,12717.86518631058,2638.910307010182,38.671682596206665
5128.833823243402,3265.1329178013234,1712.25428757547,549.7257957117688,197.77219394869283,1723.4507224692911,697.535115546312,240.54503962206547,989.1487574639796,708.5620518034199,350.7073263555272,550.1255876561746,652.3948713776665,301.6434101136786,476.72529495529704,960.5548140038263,366.3046690811758,706.5861220457941,949.7605256314367,482.6464884745677,133.125,15230,155.59998295890802,12738.885867629062,2666.186414204307,38.771995306015015
4874.650572716357,2960.3161907368426,2141.9417176798434,809.4356310531293,463.09618269434776,1508.9765030690683,908.094854309232,816.2769418781978,401.7690976495538,716.4758720151895,353.8996678971492,555.3765038324552,648.29367326762,292.7717982770109,467.9787448926902,971.7987080376577,363.65254139777045,692.3843436290487,956.8526287082524,494.91070021826863,138.54166666666663,15830,160.95414218276534,12676.177440410247,2639.2577492589867,38.87229371070862
4596.762561626179,2584.8241589150202,2447.8633277188405,1086.478508302214,904.9619665894201,1003.7327556791656,859.1278669440813,1081.8010102137848,573.495213825743,300.3952191029415,358.11305604306114,559.0580430185819,657.6602349830657,286.90730547171125,457.6689999335146,974.3465297165651,377.9371796434991,698.6735407691998,947.5577006429334,497.43172125782854,138.54166666666663,16410,148.88131357677617,12569.247453938808,2603.8592431098,38.97249460220337
4309.64588214729,2166.923268705638,2609.6144381896297,1283.1424980700947,1205.7614542465642,486.0318331135235,584.9877500264464,943.0750741650385,1063.8867186070056,269.3313335535353,361.27054826468606,561.7536025478321,664.9977712798277,284.21165107747464,450.5475310045247,973.0983380574606,396.77686187953566,718.3178340064308,927.8212781318783,483.4505749543469,138.54166666666663,16977,149.0939144375885,12599.62764361839,2583.322164692766,39.07262206077576
3998.6604391213195,1693.144993376268,2628.993025262259,1372.639346234682,1327.6231394406354,719.3167378653344,196.27669360152638,452.9164147984014,1103.082109489386,678.1290207100457,360.9598029651954,558.5660171515884,673.1488626765567,291.5066293076633,458.00966360336935,964.7601181039768,390.0568125980314,715.6753177948608,937.1587728757875,487.6659423481203,138.54166666666663,17536,151.73839839552826,12853.410148782124,2623.122919735091,39.172856092453
3654.534778019353,1155.416153137942,2497.654723412364,1340.740702350303,1245.0688874406246,1296.682449615947,425.01734790961746,287.28711354021874,638.3037821639018,688.0016696166349,361.3027422605582,564.7921361355491,654.652848348082,272.8796297021457,436.4014162393219,987.6431603888534,415.92338107067945,734.8744111778384,911.1133562032373,460.6486016072071,123.66666666666663,18116,178.50909445600308,13071.74371355142,2660.072220814028,39.27320408821106
3314.389157701733,616.4454114572,2246.276921164708,1211.252152736297,999.2848321350739,1657.0953306540673,792.4940066714341,838.4924122734291,290.8618221864311,342.2672820659789,351.5582004247136,540.0618179463931,674.0110618026566,296.17093579639294,452.92573594951926,1006.7746802785053,413.2875227016551,718.2281809811268,865.9245893255148,461.65112089319007,123.66666666666663,18694,170.23556001157448,12639.995364940787,2530.8178987297833,39.3735556602478
3033.1931126936142,182.9041319084004,1938.9835055898134,997.7907786649513,659.9370098578861,1642.4245063597323,848.2094359363143,986.280212682342,723.0670116152007,120.86534175537355,318.2655800109272,408.8534998570151,737.0425725091902,372.1559993293544,473.24987316516405,1116.986210414358,486.39686031811283,754.5973014825857,779.6556941646835,428.281651194684,184.33333333333337,19100,163.75223300788426,11578.63096340461,2592.5656711382403,39.47383141517639
2631.465707933885,430.8733538963892,1404.1997499737622,632.8588314562355,95.04262089575123,1289.6289765781294,695.5451189233474,819.3151011522008,1078.5298937154646,704.9406639096604,438.54975237405625,656.0017938958536,750.6085831105167,408.4153792396102,612.7771166775606,941.6137485018437,297.85264921927404,560.0698966522223,753.1923417030415,587.6332665850118,138.00000000000006,10143,178.84125716617035,11803.386237022181,2965.7031790672795,39.574209213256836
2028.1360785192633,1445.7922920556723,400.02831082051574,630.3961019840764,935.1602009828576,313.3511383924349,583.6982708061291,356.9967983545307,963.6110137047503,1111.355027812493,537.0234017821647,816.9638639445085,783.1691386470351,533.6574276349832,831.5867690983621,785.8645553821409,295.02584975189393,384.4171383582138,521.3036618277006,799.9098787554775,138.00000000000006,11140,196.2889245616576,14317.45195739797,3222.0581320992032,39.67453622817993
1724.2102915424296,2179.5548065968583,371.69332213835065,1146.362252649533,1576.2163003369394,471.35111409482334,871.1896354261289,696.7691749449743,582.8269765677632,934.915420699201,502.0703618919702,789.2854648596405,745.4267354114771,504.3022223424383,818.2603133162046,741.1521100461271,279.2618556053309,342.8467574407825,550.6370130160141,867.9777591356108,138.00000000000006,11932,211.08939090786208,19051.58994575067,3225.0384206562658,39.77495336532593
1615.320708495679,2855.672023519212,1118.5959986647636,1600.4983679301645,1966.9701508173273,1149.3878342558407,993.0815361312099,928.35264695734,205.5407019712799,178.00512432616182,55.167862652923866,801.9998274538997,487.8317004461319,824.6083465750233,1318.9444962865941,917.8121531162977,839.4564088538528,894.9294796573122,146.50530016084048,352.3885956145752,112.91666666666669,12687,178.12376297616098,22063.60890264975,2682.0671995534367,39.87516236305237
1614.2755323661604,3000.496351859223,1281.2887051080968,1652.8658826963524,1963.2430486270002,1225.6179798753424,912.8602995758949,853.8185126400048,258.70877156705546,175.1609513556364,503.18833359923076,620.4772270876651,558.1956327937623,265.6726417289103,839.8642443545668,356.6478715782676,759.8290933246359,822.18123974041,420.85973517084506,851.1214711883802,85.375,9085,133.42044793609628,5853.119983192806,2077.9924622740446,39.975454568862915
1712.660423384889,3466.851303350691,1815.5385452090754,1607.3182180574302,1545.1852848075512,1122.6312982727877,186.7107112656212,92.75596757013633,617.0082136620971,917.4119959563121,358.22342485100756,671.407776402523,550.1839470934026,399.0410975747678,864.312795143989,463.5397957791894,613.1155519348281,669.4404056311126,422.6033663813257,909.6330002767404,85.375,9842,116.87106560444903,5558.203688342182,1962.96593489887,40.075573444366455
1924.9454318334112,3761.406715541905,2156.8644814698127,1447.1893096266886,1013.2125941668355,836.9712239008977,440.69727982765824,573.289830730346,788.9216481072967,1041.8489786266211,347.43342826008734,678.1967456695677,554.1850359189311,406.3453200236555,861.946047210224,465.8697295257608,606.7202218114057,665.5329777273006,427.02090236377717,912.0696429205439,110.26785714285711,10451,120.5230631812943,5450.178851616667,1976.6189674786676,40.1758086681366
2206.873799854155,3963.2504597033576,2379.2471343708394,1158.6248552710256,429.5056800442669,390.7649408498419,936.0340432900297,1001.4174433063218,603.3702581464631,599.5871285793241,348.6888844384663,677.8948787905773,554.5479663833935,404.58246134934996,860.6238796819296,463.43407641963057,609.0314911222869,668.7708176997646,427.46393739787607,910.8400931506792,97.42857142857144,11049,118.61589461653887,5463.558010947132,1976.774975984833,40.27595138549805
2525.8803692234674,4065.534050110408,2467.447166103453,776.1787969727964,580.1241204045313,229.53610598588025,1149.3392972652844,1042.7347473180853,173.30109313371656,320.7539485232507,309.40690820358367,729.4592632507507,606.3657129903678,377.2500975986095,815.4401369612415,415.16279018225435,657.6988259611142,712.7104251707513,382.2284981289734,868.3492199160663,175.71428571428578,11646,115.9224712103262,5457.980682600733,1916.2761680246927,40.37637448310852
2791.197433659992,4061.4094430179684,2418.4531099112564,430.77133986807,1057.6689103468311,581.1012109178359,1025.4359827373626,736.4637228661861,313.6915189848875,791.9522818123625,275.30654695085354,776.8016458357904,655.9409667336547,364.65520793532187,761.3625264946434,355.7530436516374,715.3928210772498,778.2718057634507,327.71623984971677,796.3976722319157,175.71428571428578,12125,119.05811125909452,5444.218491758321,1950.0528792827986,40.4767119884491
3065.3560903499842,3959.6483026701403,2232.6007161106677,225.44033938533337,1451.0113772088855,851.3839048355942,604.3257639584695,253.0008192370045,593.6618257503023,891.1072201352491,297.45232538696916,730.9716679224994,623.639013507223,416.1683160677077,737.9303922537366,329.4345641146097,738.9514777947207,826.9575785519606,298.2047733680801,750.880604543189,175.71428571428578,12623,119.4293848478369,5488.692084605884,1904.3123402010901,40.57723045349121
3398.961003136418,3729.5955417825066,1869.5110144170574,637.237921085307,1700.7708144298056,1000.4712194606844,197.4747028959648,701.5028218933664,668.2092510327308,451.9049097232908,337.1737776964312,671.6016950753602,588.5872172631838,485.8638577926595,703.1030142880712,294.6363944549928,783.8440835704841,894.4594354903526,255.56890442964658,699.252897292048,122.42857142857144,13243,125.4727302324981,5532.391005240448,1991.1469733866356,40.677778482437134
3702.662307818426,3430.340324956734,1435.6746586392726,1062.3157147934273,1687.522710524893,950.8557271267894,760.6898492737295,1148.186233510172,476.4799418572509,225.927386212491,316.0821890336369,701.5774074449731,597.2827869671187,447.77299492922043,743.1064844967153,338.54117393228785,733.2016517833644,862.8609903349367,310.243058911489,678.686107272329,162.5,13809,126.41925722501826,5507.331934260223,2027.9147997213627,40.777841329574585
4000.110359480842,3040.267349928803,911.7663981001288,1400.7108651526983,1416.7716013083038,706.0944479266988,1167.2458000634492,1185.868309867772,205.73011719985604,763.4881474305563,319.62454698957885,699.7939291140133,615.002626897524,438.606155064399,734.9372837294419,341.1895799198492,715.848699905862,839.6219862940649,336.5131648083489,669.6802731919279,131.21428571428567,11106,127.69775510270475,5564.129261955895,1969.5875644927378,40.87808847427368
4248.386332586689,2626.7870169154544,400.87056004928286,1576.906954868696,987.478390242847,378.9431608111161,1219.3517900767506,829.2756275885575,412.346379576596,837.8200268554178,315.23547108072285,710.2885739204991,551.1698402241745,478.28861536670547,765.898575548098,336.57549810638864,782.2525806008398,916.7925251554465,246.98270148146116,716.0935822802394,131.21428571428567,11631,116.9084853945765,5486.9916806363,2021.227870109171,40.978386640548706
4310.992925863337,2483.0072903284877,253.19003932957642,1564.7966948074566,832.6177639793186,242.8870402943962,1114.0786934665996,681.056661378365,403.4478455524228,702.7994313237602,617.88416233716,763.6944574654526,163.65608696909771,908.0554809573531,668.1392751380432,218.6583627788644,1145.310794658892,851.8615650359637,472.0668499491206,1010.3864224730429,131.21428571428567,11778,118.52013240250797,5007.493602376082,2321.9056979659586,41.07892727851868
4374.807572861568,2268.7969807348145,199.57092082720578,1446.3055859058197,708.7109693944454,69.15594897612866,902.6218001664255,706.6717028452442,210.16194532073652,608.7631829934957,651.2029011534207,712.7299208363681,126.28228008801588,870.1712376009546,578.7185541287217,98.559581330092,970.0552942176707,853.0490213491952,277.4846144667213,892.3764319117683,143.125,11998,130.9583039494623,13898.619874693402,2391.4364384925784,41.17934274673462
4369.951385311163,2293.7759710334594,185.49812400356822,1468.2586447653143,705.5887667608463,61.09399610404093,914.7247858786403,680.5902978275981,236.38225310187912,585.3935419540912,794.7275157799321,686.1049188154165,84.77477086822066,923.3495512868615,459.0467720219393,80.7153601520914,852.7204412069622,866.6959860608624,199.57062307261444,886.1774870538309,136.875,11975,135.77714105685016,11745.287575421877,2371.1251819760555,41.279595613479614
4373.223279257727,2420.013394224455,82.81543260386823,1609.5731426726772,579.5572525027934,88.02945616928857,802.7360461645206,657.4807150894849,188.45503843100275,578.8682996360282,687.0277259582556,756.6667226536947,37.961826842672934,994.3776463411629,443.39014064607096,79.4850608061633,838.6508830027046,773.6106222946944,244.1288485239243,819.2198528271665,132.25,11820,123.50291146015795,10831.92234544568,2179.776761513007,41.37969779968262
4389.384041896769,2483.295427123536,74.39718301305848,1673.4644534694644,491.9582892740726,155.38185891826615,716.2041021333646,733.2970819091908,113.64029209013118,665.567801716097,846.4733914925473,652.4660949779202,129.57347718660364,891.1349693718578,484.0315936689828,81.12059566581935,878.3783348359375,836.028295726701,232.91821713388566,833.702971705538,144.0,11744,114.82540901647721,10759.107387713695,2183.161337993298,41.47986125946045
4469.3172846556245,2583.94713336979,221.1140105033272,1712.7104643079183,414.4499324161668,263.4753618226637,720.8155366538481,876.108225876418,164.4860914268751,685.4086669310745,896.0761715968887,615.8386939697594,181.22958821065646,844.7187880869589,528.3054748745868,114.72265661092432,929.4013461273996,824.4356373385531,288.3180418562423,784.8175349351151,151.33333333333337,11524,116.90587996634619,11115.872530850105,2244.2002712829526,41.579904556274414
4609.988138975563,2655.109771949316,438.11647508820744,1642.9529325394005,594.9253789864173,373.04286308325044,961.5100603703738,823.3734901153905,386.45141699600066,457.37466084640926,938.1118317921338,576.4543498386412,219.92461419089952,802.0009957078788,569.1352871920305,119.19259315910654,960.1581719902673,789.8391436057145,308.98329368357935,762.4755915090784,151.33333333333337,11278,126.32402201496791,11235.421373766036,2261.5610571179127,41.68002367019653
4804.314454028913,2672.2102552505053,652.3338361257474,1449.9112386843651,865.613090473605,423.6849117344532,1160.5763433058385,559.0344654823639,434.77612258498687,406.7103865855747,959.2005656034058,551.6112648492436,232.61876921307518,788.5600965556395,577.2938671102811,101.26089258746005,950.0907774891947,786.569552362206,291.29815852239994,779.6442160138671,151.33333333333337,11000,123.23041453686346,11107.315322583356,2263.4091719298376,41.78041410446167
5062.499385889282,2627.8405801377417,859.9962106490035,1150.0459194707169,1082.5024951072626,408.5286749854339,1137.7512343688384,446.5739083039613,266.44956107775755,712.7733058700406,1011.131994259848,484.98784519076077,243.8891408777827,803.7247252348973,543.3114165679887,50.14912392482339,889.7670807568776,847.4038264764586,284.58199061007195,773.8150432086227,156.66666666666674,10692,118.15896024805326,10924.180372703528,2239.0621549427065,41.880635023117065
5409.925939070237,2506.452201971245,1068.2976161013369,804.6971164673089,1183.8680387417583,368.53338851446136,838.9987091197092,807.1712270308968,110.46843413800104,784.1660959357347,1009.3999953544384,486.85301005978226,256.509355284056,787.3550367528325,558.6015818997558,26.134305321875207,868.2389705533351,866.5333524743054,263.2440352356048,793.5668873281952,156.66666666666674,10316,110.98957201225898,10935.13266326705,2257.494310197859,41.980794191360474
5832.169710155432,2300.2980014514897,1253.4422228625747,733.6349709348415,1106.809502908613,398.55919878801825,451.58769523290846,1088.0143112636752,452.64002931057803,424.455419443031,1015.0039684649724,473.9123682972199,298.7085776891627,770.5254781574006,549.75507442276,70.63279501482599,793.0359822455378,957.3492849837485,371.6557689149027,669.3240627496401,154.9333333333334,9882,113.64205137720317,11015.87361136495,2246.2485661317946,42.08112454414368
6194.016614703871,2076.689816117062,1351.1310987496663,1015.3782336090377,893.1966205193877,457.6702482175919,624.1801065345601,1010.7675270780366,555.5092115857018,283.9246257447968,1034.8679123835784,454.2114072483822,259.91522389686565,811.1408918863485,525.1241031054927,53.17908519981284,833.2131626802591,919.1413869854688,339.94190041986525,701.6087489951769,183.20000000000005,9520,113.80709242201029,10985.880655646968,2239.572808475704,42.18138289451599
6259.66404103456,2025.0254456755613,1348.6934290504466,1081.167522984052,830.9183419089171,439.40663927526,687.3009753023047,948.1870801916809,512.2876414005176,348.4089934033559,981.8994515734514,632.6016340802302,627.8099241661632,667.477200719085,636.0744427538257,397.4790090825538,716.7952911238664,1115.3083560804353,665.0941411860323,491.18676839627886,245.26666666666665,18134,114.1687421272878,11354.541899855762,2497.3469513323175,42.28161859512329
5801.685722119886,2475.423180341563,1627.460804336493,778.364469795757,1275.7555824427277,896.2540546730073,757.813709116481,1278.9376022078945,951.031531980787,624.2522710097389,1185.7169952857366,979.4701256765782,1118.4985563929351,980.1171641859763,767.191725729001,831.7962345060165,1137.9010447101862,1031.6518526982654,861.5233318457762,926.31182560192,242.20000000000005,18610,110.17379365600857,11866.222392078604,2959.016955725041,42.381722927093506
5370.457811313178,2956.73100681129,2086.1792508398303,976.3623192928281,1563.7583765931731,1291.3012690935282,1238.611244477582,1206.4621752683383,1011.2521043320866,976.051156115986,1126.8386495430998,949.2362157893247,1075.9812926151226,911.3254749706069,817.5812415490753,859.0699290331779,1131.8771803550108,1089.8771401094816,924.2456140670264,970.9770219291647,282.4333333333334,19092,141.22883281343474,11734.882803375063,2925.986737254508,42.482043743133545
5116.066087481906,3262.073817985092,2401.6161105329184,1287.9792515959514,1592.635494064189,1373.4210590044518,1414.6960507023407,912.3798195006891,750.5332097003882,850.8969610661197,1034.6091596934261,928.1082142126429,1038.2996237877217,821.8213253429068,923.472537732856,945.250950517754,1177.5244168985917,1156.4964771323826,1010.9413612518924,1075.5761448361436,282.4333333333334,19410,139.97450458514152,11592.472792442422,3021.67868465241,42.58205199241638
4942.195640649341,3481.2433128312937,2616.811672194165,1532.5025202316724,1458.6638259562492,1247.8739573379298,1324.555796150446,750.5215514947382,572.6197921323416,600.1007590706306,995.1140061700293,938.9930807163827,1049.1201760986412,815.157745501426,964.382482532405,986.3648030874318,1218.1822907630974,1137.7835316338342,998.908328868115,1085.8612804511847,325.4,19679,149.85656474799174,11557.3240928078,3056.844677758066,42.682374238967896
4850.960356155844,3599.5248269728754,2711.874253390594,1642.460115983386,1290.9470280040694,1074.097306197516,1150.5292913967937,875.653955955425,711.0564263265735,676.0697224855202,931.897912719129,975.9673748765971,1093.8020562974918,845.8541668582102,1006.0895591874101,1026.9117685607832,1266.148817724878,1058.2150002799783,917.8374329185524,1006.0021539538932,325.4,19856,144.8897260254218,11497.896509746672,3139.6072878707073,42.78237509727478
4793.39420216377,3672.616662006083,2733.38692742401,1659.1160648153852,1131.90312579885,944.6129562889413,1044.158754667891,1026.945534334007,835.0943430438442,824.0635702313214,943.6584532054084,963.5587566032578,1080.7852914712957,832.1669725110348,1022.2212962775229,1045.78785468924,1286.8140818741451,1037.3560463918423,893.0266202633757,980.8379691155127,325.4,20032,152.8452028332112,11509.06142416423,3116.3471246035356,42.88282489776611
4769.947826316668,3699.3941449664117,2691.2253804430834,1595.9700421421476,1089.5732441185185,979.127258341588,1124.4677665010413,1019.7636578362949,774.0928470214852,771.0237480360383,925.0391800423246,980.777951632724,1103.1960616585918,857.4342288221276,1007.5521236398365,1021.3248547966808,1255.2957881344726,1060.233477813245,929.0055896248689,1017.6334951817785,325.4,20195,143.30038642647767,11483.692900033311,3116.7943318972193,42.98287320137024
4770.418539626494,3697.7861764621334,2684.427744200847,1587.3458073274496,1095.9877181702886,988.9970875943105,1134.274493669028,1009.3418414589263,764.0050543197668,761.1902893092434,760.1349299220941,1145.7545798190017,1246.6318893686355,978.1558982403146,845.1894734259231,896.1863258687818,1177.925559971445,1190.118384237203,1001.4382549663408,1086.7560782594908,330.29999999999995,20199,147.62898558520504,11312.850706556852,3250.4345923469546,43.08297324180603
4722.156616785583,3842.2442550926544,2978.5259378497885,1901.6254949039183,788.3261735723516,757.6975576712048,1073.6198927758307,1224.254637310612,820.203245590565,736.5003231190514,422.3252237693164,1475.1355095531053,1463.2419124660319,1102.0302412385079,727.5430741731936,1013.0657741155749,1420.5195733831804,1118.7069728845065,761.5363321569774,804.6551609228452,330.29999999999995,19889,145.55258667485094,10955.750920982351,3556.419175238907,43.18325138092041
4864.475321255913,3524.872840427142,2533.16534477347,1574.9855051152904,1199.0195023580602,781.8362394062481,720.0387207428407,1462.4076955047722,1233.1313209413672,1190.9617710479567,1174.4173292867126,898.2412670808759,1408.0056748085474,1387.9723892363302,702.8467574630941,280.75542656921226,754.4259861348431,1872.9070562886616,1499.4678362057823,1437.5894844139686,457.6,20332,179.31967464634562,11727.04928763888,4407.913764804035,43.28327798843384
5092.004894600727,3160.105165332827,2204.836100324164,1601.3563519059473,1426.771791688447,635.5648700012277,336.68974110047594,1854.651870581135,1465.9540413655095,1272.693055531819,1303.2842974357643,918.5076054781625,1543.653320338741,1525.1907353550328,572.4614554316837,287.19488484011123,914.4472659039134,1752.937412096714,1324.855342135894,1278.1694048159707,449.0,20771,238.57189848729826,13999.58112423942,4296.062853983381,43.383652448654175
5520.69764188364,2584.6642969862564,2062.545345504628,2075.379203582649,1520.5574482527113,379.688142372774,725.9829664820029,1980.6862454566324,1217.8287211660618,776.7092709300282,1109.1302478668874,822.6350891097968,1302.3424362267751,1404.4929517192975,822.3834753989104,90.52502452551369,800.7751424446956,2004.0676204027475,1411.142914107279,1158.465561284961,449.0,21351,217.3971668748343,14624.71371638801,4049.3588823418436,43.48382878303528
5788.378657641422,2269.1074581037105,2206.1577405042012,2389.775403641202,1401.4212600651888,273.74586073825134,988.6891725061142,1723.196501302216,905.8123905618447,631.8491865720954,908.7733508139863,710.0816800228899,1030.7924000845503,1476.5851559018736,1071.7697041345841,247.5508564246721,1032.3113239444042,2025.6200852225077,1177.3375833694497,894.5103300992257,419.66666666666663,21693,197.79551073289306,13536.103508977078,3823.4330310820033,43.58417868614197
5807.966487660228,2247.012742593936,2221.1767913907506,2411.590164013534,1388.423935566116,270.47693490114005,1004.785710583401,1696.7955361837776,884.215740866316,640.6268843927996,910.9193133181077,702.3641632185551,1036.5510910644819,1491.6937665170565,1062.892185212059,246.26733520779263,1051.3038065279045,1993.3539994714768,1147.3858071875252,906.6714378986165,419.66666666666663,21693,205.82098897692336,12923.875916247336,3930.161836579183,43.68435573577881
5792.973623558692,2261.0792457965813,2206.1318113666,2403.2264354695244,1404.455037650217,285.30053955087345,1012.8956581226811,1704.4010081082563,873.4056238097859,623.5464995584241,908.6309632036701,705.6600501703687,1030.3495179867418,1487.8060787255263,1073.4388601714984,257.85086464480156,1058.3710375243131,2001.9049458276386,1135.77972996239,884.0635484871608,419.66666666666663,21693,207.1985153062082,12904.227386210914,3940.718048917105,43.784505128860474
5798.030073206348,2256.69526854106,2211.635591324632,2404.714466332465,1398.4057006896269,278.59173088775424,1006.4089508249626,1706.2425177526,882.3064536006106,626.045431236464,909.8211159802659,703.9468219208294,1033.93679648166,1488.0352241114635,1067.9437471338767,250.59744624437454,1049.535383752036,2006.9607612669222,1148.2261600622871,884.2739788905405,449.0,21691,206.00822857003612,13156.247319661845,3888.355069099641,43.88477277755737
5766.2505126828955,2267.540852131426,2190.0290933199853,2430.9787992770102,1392.3734307289644,270.91539186423705,1004.5785030114879,1692.2454812320484,908.4423919268268,636.8663769871991,910.7910931125281,676.1159474023228,1052.5775760614713,1511.1140898165904,1037.9532669741757,221.13284810097167,1022.6742423933139,2022.576810883338,1172.0846588572388,869.9775187891347,449.0,21656,205.596360265172,13246.146411843352,3917.92944011285,43.9849796295166
5688.220549970321,2271.4874162965493,2170.8295457009385,2511.1735266253604,1326.0091530279926,199.82777337198763,931.0393345774022,1751.71076088148,958.8540544659269,562.9772959761408,917.7061034005492,638.9736342722135,1085.5867716761973,1526.8330685495637,1002.1063124324869,189.15687962917443,984.9164680972502,2065.958402337383,1173.4169234842875,825.5432387449343,449.0,21584,210.19817223102518,13152.926569442685,4000.8514534826154,44.08538341522217
5579.1422383338595,2244.7149304408854,2203.9374268367483,2603.183162289215,1209.6145080228903,100.70103924940922,842.8341474142057,1853.2707973849647,882.4878097211979,529.263844366672,942.0041329318908,583.839210866779,1140.8627594674208,1504.217332674057,1002.858832594431,217.9897662707079,1005.5173029670678,2062.4266241753653,1123.679163282569,858.0998950456461,449.0,21456,209.63451258859595,13025.295456680878,4035.6752022800783,44.18570423126221
5206.228473399237,2062.2336988366487,2537.231491467575,2760.572090377655,1030.391817397538,479.09628745056335,1063.527013660738,1817.2871182867734,524.9007565173042,972.0120064164298,1143.6813218749194,328.2845916228499,1423.0825465530122,1275.0149932800525,1219.7851701473035,528.311082278925,1310.7892732962819,1790.6890470076546,1117.179178320663,1151.6090431386606,449.0,21017,217.21711428290416,12698.981310363468,4318.325378721002,44.285749435424805
4835.6212901333265,1795.6421506701042,3062.548188050135,2708.117312167478,1392.478029834565,943.7388193832843,1585.6416690709716,1329.4195492007873,962.7630596420967,1152.726754225417,1171.6236603727887,295.7097801546723,1473.3697399767054,1231.425461062604,1281.5997812061037,605.3475640884416,1395.344403658719,1694.089351970706,1208.9779369353034,1170.0880139221968,449.0,20478,228.86249809205117,12631.3067351507,4409.412336398938,44.386083126068115
4856.437509234082,1822.8462820126338,3025.7247561140907,2734.0514034132643,1353.8149043129542,938.5276715601211,1579.951974856903,1353.0025003740698,949.0420966948715,1190.726990260039,727.741074464988,596.0625286090768,1433.619772203632,1712.8931545303042,1055.9101767238453,890.5602531169525,1689.1147793460389,1551.965063606352,1271.6052696694346,1675.9764348195367,566.75,20515,237.82856822123776,13206.908746904006,4920.032204863876,44.48616647720337
4614.9386543096425,1267.958541653759,3554.852917429483,2075.5081479432547,1869.2984001921661,718.6964975198055,1169.3219291362052,1768.3598738587093,606.6331453733683,1012.1488587752681,1467.274952281901,598.8555199203789,1182.282607325476,1426.3038839946355,899.5969283847993,255.5360049610096,987.9514355948511,2310.9871527467435,558.3291460547554,2009.015256134998,558.75,19831,267.3454167161701,14677.551532845277,5401.6661993537045,44.58629298210144
4583.3680227661625,687.2863681456603,3964.147523648481,1320.1819825086623,2155.536649306142,561.2140387217678,392.2467798265471,2488.4795714102656,193.49129753620812,1790.2530938142534,1482.9815473753304,610.0705021250706,1182.5433984845756,1424.9376951582447,900.7425659040061,257.36229273978574,973.8898417686254,2337.213780638137,555.7941826029968,2040.1906633665383,558.75,19013,306.8953917533007,22313.076181652126,5342.021845938163,44.68636703491211
4828.557880639509,595.8949898232032,4192.574094011522,1103.1315029290392,2131.175143441347,799.1921920070909,670.3600836664191,2624.6268584432673,842.4920570078622,1973.6425167633943,1527.5397689335225,651.8140727567904,1158.859143562122,1458.0925963453856,860.2836090700654,320.2791112568914,1015.7811545638731,2328.519016690688,645.0039273664147,2054.8934238333673,558.75,18199,310.79783604868624,18433.14937840724,5337.326640967798,44.78672695159912
5213.706484557477,1043.9629051877055,4170.892944191954,1651.4497031656358,1811.8600401592696,1008.1031001210629,1279.3032123622463,2095.198750583532,1022.4505483403146,1363.121549630221,1377.4583530585714,502.09223061253493,1308.3238771446524,1319.869704824132,981.3202424506009,306.64502586539436,943.1037262729665,2429.6183543214224,676.3385852225346,2143.056925186761,601.8,20387,311.15548928407424,17434.293278316283,5421.739635326749,44.886943340301514
5740.85640289353,1591.006879271934,3948.969126896743,2353.7446152784214,1238.1684709807294,1082.7059364175168,1570.8447746673562,1476.967106328791,760.6289165194041,1092.0695898126808,1099.4260759854635,384.14090761600926,1583.457045429146,1367.6168076486615,887.6268038027231,682.8772185769353,1341.6202081521737,2025.0924000076654,785.9658781068679,1781.764096633215,510.29999999999995,19717,285.90163358519567,18435.98969079308,5211.363993509342,44.987109661102295
6010.9490554875165,1807.7451113417612,3748.7085825567333,2591.7522940636663,929.6159850471578,955.0509049899948,1439.7411662707223,1617.5118365128603,450.1245615798679,1406.10697776087,1222.7276638799,365.97956261504953,1494.9677285086539,1243.306332577766,1018.6292998424558,593.4567461771824,1237.33345272968,2152.4982735969966,919.8008175689797,1709.9235228724156,539.5,19388,278.37287492138,19015.883373116114,5136.54130373485,45.08721566200256
6410.1485248021,2058.029290584122,3373.7207217559912,2754.923043127567,715.2339754209656,590.7040590960804,1030.7546538302981,2032.0847044532325,483.8399126994353,1504.5105712774157,1144.1113333227477,390.41867187763444,1522.4722782929352,1351.2191008929226,902.260596925867,583.4690093878645,1228.6794782572051,2152.6979596252822,809.8723558662141,1811.5287046745595,557.6,18973,287.0879860155512,19230.698613702425,5074.596327201551,45.18726634979248
6281.527668463714,2010.4155205915567,3503.9194184533694,2779.1455628672575,663.1966777254995,716.6215445223943,1121.6477197331676,2014.4665987905514,368.4226581375256,1625.2179741623245,986.4388998927211,805.0291247963901,1608.0999884185217,1873.7569409050757,391.9165297277543,552.9887906588842,1000.9172463644962,2523.5687569903416,650.0288525592935,2224.035796704148,557.6,19105,287.3005338524206,19540.916553856157,5515.926435237692,45.287436723709106
6586.009022845362,2041.3076551533816,3231.9736721049903,2559.046272077534,947.0019083444726,661.4373093779843,1244.495214680203,1736.942640224861,380.69643847598,1558.4244212244857,1042.8572154645549,407.6277465526858,1670.886024418919,1486.3563850527228,743.285111405369,810.0929867607666,1425.0759289852338,2088.3714551736243,275.64776934667714,2391.3002673229425,543.0,18800,322.7698027859922,19564.32635645372,6078.078686046754,45.38777232170105
6785.989720558833,2022.799979376914,3121.374126946018,2360.614501330054,1129.0775320023424,836.8277407682936,1443.785471826655,1604.2256937426691,244.55128562553628,1752.4314039335454,1041.664274744269,483.80329773372074,1603.0264898130924,1485.2497272567593,764.2556177421238,773.0580489534141,1428.8523901426797,2038.3235554117964,295.96779718589437,2386.8085659728986,542.7333333333333,18588,336.8259331318443,20239.411262901274,6006.2637643639955,45.48799514770508
6936.66099912589,1976.6606124260663,3107.4081870657283,2216.105009844267,1205.3112105229854,983.4700542420693,1526.0742620151534,1682.7540163183837,93.76150824078113,1797.7077603321263,1054.0067270401044,523.0044771472543,1556.195038751265,1446.9548280373645,816.091051251646,812.4811405309749,1487.4639275840223,2013.2602844155183,228.43808749092253,2453.146273049088,542.7333333333333,18451,349.1067055146088,20342.23882539654,5964.984496233847,45.58804440498352
6654.2101723878195,2165.0356758700914,2994.1482388553495,2384.2716696907632,1315.8655236644377,955.5880738755469,1708.5812798839559,1379.0946599640768,286.73422898430766,2105.773789435314,1234.8614165942,908.295563345402,1150.160954274698,1179.2791783180862,1224.2967847137465,1138.450319690721,1894.6714845552358,1890.4380283877204,179.91234414926714,2809.1243495426133,542.7333333333333,18739,339.4265110703959,20579.106700706114,6339.966491069978,45.688358306884766
6443.010630592334,2398.3582191401156,2802.9330679473865,2380.724800655101,1575.5905439709134,1200.0735862759934,1961.709257557958,1443.0672548252996,328.19730580314763,2134.9654721905194,1246.256575293727,904.9369605846555,1162.2278818246145,1164.80323869674,1199.8534646902813,1117.8693973822535,1841.9672832285905,1914.843962599243,108.89464287566724,2743.9762992189353,524.0,19032,371.7670127618585,20385.420387430255,6322.520697813009,45.78853440284729
6196.053098881591,2757.804550065816,2466.6016933322385,2219.741263910683,1901.1886241863958,1530.7627024307237,2095.1254664471962,1804.1969056931368,302.8968983420423,1802.0544508911119,1278.078981586357,931.7538841444916,1145.8296313061178,1128.0309254585761,1211.478751177105,1135.232003995031,1835.0016798397473,1945.1836439490403,88.29255767025012,2715.70290290148,464.38095238095235,19375,371.9222723944465,20378.058923911492,6393.133889872393,45.88873505592346
5942.585899953853,3260.802189089146,1958.8018840443508,1797.3579376227187,2119.928774686251,1707.3613674991143,1807.6667183028098,2031.5107328617355,321.97912513926474,1703.5796055255482,1516.7105110645143,1026.413851451185,1250.926649513339,1061.2264045629277,1022.3022950098259,936.1229765443694,1650.8302168140926,1773.6986639452243,249.31415069860097,2901.8095221005688,464.38095238095235,19899,361.5495281125925,20708.82900498358,6538.656359591655,45.989028215408325
5786.893839117061,3768.0712485799636,1514.7111137528188,1243.288143377668,2070.2296114459805,1557.9735091748266,1254.3776299904337,1745.6025417794222,516.0095434146554,2251.6906013566318,1475.7870009744317,1008.8164987575032,1224.9501284141659,1062.8399316693474,1064.5246796316953,984.4031170267559,1680.5470207669025,1829.2164316997794,187.57947632185997,2834.8482472046985,460.3095238095238,20443,373.8955066683768,20723.902240789175,6513.631463593387,46.089361906051636
5767.218763972118,4142.819740297461,1420.4210925837438,875.1483648038645,1786.6369857172467,1173.3265988373003,1115.449886897674,1271.6392868071418,535.2011763098172,2334.9767445518605,1065.9329242080792,1187.5544995816558,821.9427591238242,691.8786114263517,1278.116394785734,1035.396371907947,1312.0959811894818,1609.8829367182727,538.5571598368002,3163.5424574651984,460.3095238095238,20925,367.49974031008855,20303.509857324643,6165.774725343306,46.18964171409607
5803.735181260082,4265.474108900409,1520.5971596201628,882.6925970031415,1587.065876401258,974.6172620143948,1297.1353866206346,1257.470704143764,384.02015257537965,2133.0291328904314,654.0991413475048,1576.1311460034851,555.0023631404997,324.51284636923657,1212.3864881808054,732.8867867425441,1400.8242362307465,1264.994535454967,624.3040504331124,2895.324236703561,369.02380952380946,21130,333.4313125084044,19841.999093519044,5756.51862372346,46.29004955291748
5599.698830237408,4076.1412943177847,980.931606065536,640.2315746602333,2231.7603046343515,1395.1160957953887,834.5528242839313,626.9634794835131,1069.9177366157903,2420.2756674333596,304.2430075299905,1966.8098449619902,536.1900674734063,307.81016752631706,1337.975411386433,682.2804422665808,1560.8661766602124,967.5398608461624,978.5700821875164,2751.184523473072,368.14285714285717,20421,326.8574286626331,19426.51126170039,6237.438860067145,46.3901846408844
5610.158282376861,4073.0845297176757,1006.5278523564459,653.4658495540815,2218.557502080477,1396.7321727588794,815.6271387742365,657.5930041028537,1068.577796517761,2454.1509437523027,995.5150290721664,1152.2930925016199,510.80995714632104,498.7697449238263,1825.3277425928243,1377.154090416241,813.8399116367915,659.0249706887995,1484.9816321209362,3444.3784858075487,377.41071428571433,20441,365.5322543504876,20324.949606959064,6752.854566972914,46.49026846885681
5669.224262050288,4025.0885448469667,1113.7252477448935,755.1802547224488,2269.116708717902,1494.521729184799,718.2524606633394,624.2210077276239,1167.8796831103762,2480.1041643070266,1019.982149947525,1129.4633672063865,502.8808946088533,502.19572029534805,1849.8070423183021,1371.005480578794,867.4681586145355,619.5381379463762,1438.5000466594327,3352.7772141911064,377.41071428571433,20565,392.08947223813925,20425.70062751787,6634.765463145121,46.59028196334839
5782.91165500819,3918.4056453429275,1275.5366222481512,929.6645962316006,2425.8907126947365,1666.8392560547595,661.9938529995151,469.1795587658047,1276.5233394436907,2365.0482642820702,1082.7327875440412,1083.0143761139414,483.87358450854515,497.4004842673936,1859.7934186841107,1338.9427662031205,902.9638256431078,639.5046598210494,1431.8679903488517,3382.3895670145603,377.41071428571433,20725,369.69278195531945,20490.142182524374,6534.056030320827,46.69031286239624
5971.315781058745,3717.8301408446464,1420.2125599268923,1085.3439031288647,2628.616225205454,1702.1229715483921,890.3001279545277,398.3804474884512,1054.3349058894698,2286.562349507748,1090.9903478161257,1079.9899733165316,471.1702124430468,482.66706215072605,1843.4732088840103,1298.3860926344735,924.964642235279,704.2369211510977,1404.5042457374461,3477.0086865495987,377.41071428571433,20964,369.1387111101746,20424.46574771393,6585.648351116222,46.790536880493164
6184.917649663295,3488.3887697610394,1527.9243848490448,1190.416708577856,2751.6969709570703,1608.9545277449995,1105.2561133775584,603.6911927380299,853.7367245723204,2460.5382468231783,1107.5589227116513,1084.9807610027685,446.24692915183317,460.7239465446374,1827.0772183470085,1310.5429444907968,908.3271038885716,665.0113009022606,1388.5838554531836,3408.6052393788486,377.41071428571433,21211,380.7368729778604,20373.104972632013,6751.882274501815,46.89086294174194
6463.137365379104,3197.6741308278865,1545.4735020503706,1163.2435122852703,2656.482237236554,1316.271644575978,1082.3364134525114,785.9785978685406,1103.7505562486936,2578.0563570751706,1197.2404375157103,1163.9292946310939,270.07354103317806,297.45997094965753,1681.766139682119,1386.2042173957898,734.7676861042964,509.4642734854931,1476.9009784563507,3201.899448948479,377.41071428571433,21491,381.8011275766703,20606.16600497395,6633.310686617537,46.99106287956238
6898.0996643416465,2783.6598135606328,1490.0914724365593,1013.6374787155775,2305.804900070996,1029.0014398312542,782.8785953429413,778.882471106049,1451.5224314214638,2254.9468434118194,1362.3008230512773,1425.1971909870676,182.9760127933877,361.0578653482069,1717.922944639287,1704.6545023339359,868.1367714151911,362.0410957425401,1168.4512193977978,3332.730907820021,358.8571428571429,21943,345.6576815059843,21156.9507613093,6062.933906615026,47.091567516326904
7681.884349364648,2232.197132857545,1338.6162405086434,713.5907344236122,1527.5192008427425,1515.6943848344956,103.24861905722611,423.2343716879504,1347.6426587360165,1832.4616807713492,1205.4765524414993,697.9603999801328,625.4674422028403,441.49600075830944,1168.8552153992791,1376.1229219776412,107.51117042303561,498.0000404975959,1750.8608840067643,2591.045512443644,314.4047619047619,22717,285.0376226091253,20502.57149590772,5199.7924110645035,47.19171929359436
7675.093947108557,2235.8395680975395,1339.2549548985744,714.8010407651035,1534.743711020303,1507.2519482483988,98.24093277908146,426.2895010498792,1353.581749618754,1827.3241583602382,1203.8273168050066,701.584249154766,623.5836705474827,440.41543520162,1176.6858085976467,1367.1489481781696,102.46161190396329,501.23214809513945,1758.9854603765739,2583.4214148489214,314.4047619047619,22717,280.97869738604936,20529.215566263658,5307.252642442885,47.29217863082886
7677.828888050067,2233.60158546279,1339.4495775092355,714.0951497300982,1529.5897580449318,1514.77045550094,105.75897671767522,417.72851553453404,1341.4485061264784,1841.7404761981863,1206.5171112867629,694.5963790493731,627.3514368480114,441.70958169867544,1167.0881805897923,1379.6186362746275,114.57185011681382,486.9808775284629,1738.2681407536672,2608.5461771551677,314.4047619047619,22717,286.68602183042526,20497.676000895764,5372.0406840672185,47.392449140548706
7680.491132250032,2236.5705624927523,1335.2045708277642,711.5545819616674,1535.7136760156677,1507.1450989072453,97.04320200799302,428.1013698736387,1351.2994372798898,1832.9062843075478,1203.0960398968457,703.2960529212143,623.3829564666868,441.82782676989933,1176.2730066037136,1366.5184777177851,98.62032069091192,505.4718239121892,1754.8839470459268,2593.6513807838332,314.4047619047619,22717,285.4203909050615,20408.428622311563,5342.284177024487,47.49274253845215
7674.861737163363,2230.908182042446,1342.2294607679557,714.1537238145975,1528.550977159894,1515.5404548677818,106.81478022567482,419.83241800290347,1351.5503824541229,1826.3711985635862,1205.6808040561834,696.4966925188462,625.7718462690049,439.5028457599448,1170.9846105572728,1375.2576711153654,111.12940857229296,494.81968480565615,1757.5499838529938,2581.0041766614117,314.4047619047619,22717,278.978544798621,20344.137999965613,5253.523267103321,47.59303331375122
7680.024275342559,2237.4652160104747,1336.7218664081938,714.7343990891401,1532.0986989235773,1511.6620664260142,102.6221191341303,419.51620918838586,1342.3589674724155,1838.5776762959879,1205.1268481164245,700.0387639103603,624.1120675421489,441.7410283214504,1172.6066779835865,1372.5713931598762,107.25090737091016,493.16033078429155,1743.5822953642141,2600.1371829018503,314.4047619047619,22717,286.08393301624034,20537.516419631495,5213.3664812792385,47.69329810142517
7679.253292661209,2237.2434199930876,1338.5754028268184,716.1384499092551,1529.4842052000995,1514.584177516463,105.5897851721852,419.2290269125052,1348.3155404531428,1830.9189207455825,1200.118122632075,701.0651389613821,630.5649229189107,446.30317391481236,1165.8085838123202,1379.4198918560585,113.83231553947749,493.08928050463913,1756.5831959255004,2584.0797025303646,314.4047619047619,22717,291.9763954651704,20879.39117879579,5254.467414942481,47.79343581199646
7676.175359939584,2227.584138428417,1334.1495222971182,705.7244466036391,1540.429726537195,1503.9650890594937,97.43177759784163,417.80086070916457,1333.9681581675056,1840.53675077919,1175.9928417197887,693.8283307157943,652.2294868967371,439.5928361943217,1172.4421319039805,1362.5150391861848,89.77514407360191,520.4654818145813,1748.6584428737797,2614.6913586318847,314.4047619047619,22719,282.20992042419016,20788.633692239535,5257.146939235503,47.89384341239929
7690.61423383464,2280.119464463436,1367.9989552325746,757.9028958830592,1488.015132804243,1543.4094525243622,122.0319597457923,452.6533011268133,1381.6493182147246,1843.9023472847498,1136.7753662867992,686.5735390731508,690.3794898967791,436.8858197140431,1179.1766349577474,1340.3879061096031,66.59996740097414,571.3233878691142,1741.152248740747,2673.4703811275467,314.4047619047619,22754,280.60412979575995,19859.627694759405,5128.522037830342,47.9941303730011
7699.602511758768,2320.511159779862,1403.1109438011188,796.5463102057772,1451.0434753525944,1564.4399799667087,143.52276412960592,501.6742040631504,1412.7276814029515,1876.469041789157,1079.610328120348,646.6851803554264,700.8341376800881,380.4345690851089,1237.301334779412,1301.1824063166193,55.31774453816005,507.97823021953343,1735.1701628397614,2600.773828684153,314.4047619047619,22826,276.9910821901216,18940.044797268325,5057.442280806776,48.09441924095154
7697.104058134557,2419.026982876058,1561.061156677418,823.5193497800411,1502.307536808511,1438.614899283181,81.26403747073306,530.6149647941811,1250.0065730216122,1905.9104527435966,771.7430846716413,456.01097932265884,772.774957076808,71.6391960801567,1512.940104951138,1239.2505581494504,352.8485224892377,202.2624807658345,1873.8719888224155,2290.8593088570565,314.4047619047619,22954,259.95889039930154,21171.286152830642,4872.598627431617,48.1946120262146
7648.242666040536,2617.850124877295,1948.2027551436977,811.3710835808813,1876.9988439973272,1028.6751495687529,382.25556021335495,391.75406735707145,1154.1328105380549,1553.7904887793075,672.1139064496748,385.32098596708795,761.4061785820634,65.63941955672969,1528.9432752972539,1340.6928344542846,392.4585909400126,273.9793571475045,1951.414353207213,2385.4708722534288,328.50000000000006,23393,269.59851342897,26231.018142063313,4928.547943660866,48.29479622840881
7530.426648237421,2803.9979827241145,2359.272473964194,776.1387182766748,2393.517670727849,945.7126940142377,747.4997951166768,250.13074320867796,1704.5301746116825,1354.042728137857,1152.2191305038093,848.056771818258,1078.1794663757094,449.2064194466801,1812.269791655525,883.9353269963664,754.6213377693009,264.8132683009524,2197.4455494667186,1940.0957720473696,272.6666666666667,23934,244.35633909224322,28804.931550478563,4321.136168634272,48.395007848739624
7520.493235410032,2807.7911880939923,2372.3906999049186,766.6231066907282,2406.867634140317,972.1654933547827,746.1543431352051,240.67227745397852,1711.7807665118014,1382.1557815885785,573.8641553109023,124.27257727664171,409.9081647429942,456.5961589815969,1091.8868401657787,1167.3186991501893,420.436416370789,612.8589989372642,1558.6254226038757,1646.6422434247615,272.6666666666667,23966,184.95938310237307,11218.867068629177,3592.062021476944,48.495423316955566
7194.640586872616,2775.036378752272,2485.0694520954694,482.75504272840703,2295.703442946325,1683.2894234030903,345.46646012095766,516.0310425881015,1084.2579262999936,1686.3030983351694,549.696794259657,73.82826627201683,349.66796720750875,518.5857452647142,1041.3028366451488,1156.6751742308165,481.43019979836225,656.5169581244153,1585.1818901877625,1581.5750777889239,272.6666666666667,24720,184.818004437,11434.641463927836,3535.590858726268,48.595545530319214
6804.900169265622,2717.41621742605,2484.4667163428144,801.7235624988473,1832.6120702116862,2119.026708780593,602.7539359694217,1080.5740170789236,646.164832902375,1149.9238596787534,543.55167592224,73.83332264775318,299.54576565741115,559.3819243186629,1043.5462387148516,1106.2506592148327,508.00179450716576,622.8429497561884,1627.4136924372017,1607.8094062615419,226.60000000000002,24178,179.86964616873274,11441.528834252613,3517.427852413938,48.69559025764465
6336.748308823557,2647.5481237568915,2362.773354455341,1370.832471082509,1035.088029694752,2109.1120943228307,1095.9289790111764,1262.6644384210183,1521.4281665984938,580.2494393912204,541.3922198486999,64.05474745424983,354.6527908465535,546.201763380845,983.4498433497613,1166.9104314964789,555.5040169685781,693.3855183982367,1668.0076782660306,1550.4048510395314,332.85,25048,168.9082768440985,10732.287521291004,3414.9805910385458,48.795722007751465
5905.33695897451,2593.4690476293054,2174.8515084971573,1798.6803368895467,297.8979803128424,1711.2251848228775,1292.3499101156854,1014.5055746978077,1899.7078535521764,1338.5634711726461,546.8392388652113,70.40939195306481,359.4886437032074,525.1507632576153,999.3806254965086,1191.1086932379762,543.842152007638,729.0631450799852,1661.6840214896129,1496.7531562163706,332.85,25840,159.02801659636032,9997.156956613817,3298.789221698662,48.89608979225159
5397.572736955172,2520.562226319549,1861.8731394131937,2079.712294387383,823.626112229905,913.6173278530218,1084.6210212675735,306.0165843121041,1438.449371067663,1603.5959284561484,550.4463477224012,75.95402790286998,346.51247101930596,512.4123980596656,1038.5443577033395,1189.1069356726282,496.03269959865463,734.1478967087168,1603.6685245452873,1448.7612522934742,272.25,23687,158.99633151997367,11238.80969411411,3210.9741303804617,48.996431827545166
4887.4477242562325,2468.91189005092,1527.2361862154792,2180.649332798863,1598.994035261973,418.05516087482465,642.0700973658091,501.9330223812122,650.8453845392656,1085.4522719824795,526.8595546384942,48.38419549281996,326.5213507488523,580.7414198575552,1008.5831876139687,1118.3879019447481,487.4026950361959,659.3540370858005,1555.4629796866905,1493.671812612275,272.25,24523,172.46922027281437,15334.994748304962,3238.096302149111,49.09680795669556
4370.572484139594,2420.3633775959474,1201.657993946903,2063.8754580032546,2126.714989318636,1153.3904300813388,276.6043772109581,1068.1208972370268,1113.771811946608,540.3823021807053,513.0054642461844,479.0523621641921,318.6174877268588,1009.6680203626541,1388.985560242549,1014.4700233017528,50.027480233192954,1019.0724382254401,1451.0123294688574,1021.3094742445834,278.33333333333337,25290,162.04091434814086,18703.193805047806,2788.1994229624797,49.19738173484802
4179.186258059282,2378.972408617336,1070.5041583174807,1929.0830166957621,2173.379924949615,1368.4595097852298,309.12157876700684,1069.9752294035568,1318.386586973969,795.4200268315442,587.9396148255285,194.1235216636912,467.9328505581858,844.628867278008,920.1241282802592,684.2313213762967,439.21178476475336,699.2895613246503,982.2359002365383,955.4044022322353,202.0,23449,132.31659455937987,9518.833844091838,2263.1040789533395,49.2977569103241
3600.87858406636,2186.3907226696997,689.4508757944126,1297.4564772612111,1884.7871808045077,1591.078860032578,665.1130091563315,494.7285549770343,1173.9435016046314,1215.3569389998818,575.5677795857861,185.02748796657556,449.72022352040165,834.4105986388662,928.0168015136148,703.9199348511836,432.5985170977033,682.9364508164967,991.2651474843999,980.1080130538584,202.0,24211,128.3848420795666,9249.349133125712,2278.9448656139343,49.39777684211731
3023.8227026255922,2013.0741483142062,699.824394986651,561.4250493383539,1322.0053275140021,1462.4724244618167,1025.4273153944516,262.4071364198309,498.5850759709686,925.9855111539159,561.516846039223,172.23214265139217,433.1606319197624,817.5917736187439,920.207619090288,712.3997302834052,446.58241684203125,672.0388850594715,976.4418361691099,973.4799913015918,202.0,24955,123.17349551561328,9000.265773722762,2267.9203002351223,49.498019218444824
2467.934642084216,1878.6363035429795,1058.9273740552499,273.7987832055097,611.891273365361,1031.8687807188066,1115.072217999312,886.4408605757449,469.05129374752414,208.6704096095458,308.5361665522745,264.3932808251312,294.5215307364462,436.76250036929605,615.2958059317909,762.4487041919288,834.4132096548074,811.2577004281756,707.8404352993376,594.7568831045999,241.16666666666663,25681,94.6969431058601,8899.390773290485,1819.3880589379812,49.598304986953735
3059.766332106793,2196.8334261921414,1028.5284940347756,425.31613955038034,1256.481992292828,1713.7071391412028,1630.9655837311802,1097.5908475253445,434.04419903293683,696.362951154765,973.3142018104853,1262.251095578556,1117.913711012718,620.4480211191074,772.8165493083424,1484.6192472729192,1852.1495765607656,1631.8427072395427,892.5019920879337,500.46078891095794,368.33333333333337,24991,117.37829467906084,8074.146728390711,3132.5407193592996,49.698408365249634
3451.7393493433483,2539.4207038018253,1346.02992165287,783.3870807397382,1509.5871653397453,2025.1613575715546,2000.0509296114956,1494.7326449301797,798.0223067307415,704.2396236232462,785.3881766910123,1059.9002121851595,899.9676897392292,406.55734870085286,741.4436800790722,1432.785901533005,1725.8839105381194,1436.0456058553325,668.1263785578808,624.6938470533091,538.6666666666667,37111,193.80347255098275,35482.02052869602,3663.884508119854,49.79876971244812
4020.0095317004934,3100.5617119533263,1916.4897534156978,1193.3502040204025,1602.688331161714,2088.797467965341,2105.996348641743,1641.2658810341622,882.2990149339743,224.6352553695786,943.7147079585884,1198.5758835985107,1034.590890869438,470.56015250347974,549.0795667636553,1242.2634817799974,1545.8328869168895,1269.2047871867705,504.5885542032442,649.5623204828705,329.6666666666667,36593,175.33037186136983,30289.24989913773,3305.824163800021,49.89906597137451
4668.813952038759,3745.1802634182914,2528.143105760057,1545.0410767388219,1450.3037279027294,1748.3111346581065,1715.81359536507,1247.1632189441427,532.5367269823582,457.0407926622267,923.3432109416009,1182.05675218935,1019.5024983647254,463.5825314906257,576.7573566048205,1269.4922300436426,1573.6367691539722,1297.7159259412094,532.508283004224,627.1510855108186,329.6666666666667,35875,174.35643417332102,28482.39037798928,3289.3803402875883,49.99920201301575
5458.917029861289,4489.807520270599,3156.913516107756,1835.8172268339506,1034.307772155046,984.1887028028464,912.7734592134127,464.5716830210516,274.04187357398644,1011.5316777629533,940.6585817886936,1228.9111682837172,1091.0734114575082,539.0312327883779,467.63344434512175,1130.7022202791427,1422.925876949181,1147.1429627281518,455.0744108949351,842.6197327367803,513.3333333333334,35138,195.34950780722764,29128.717428180353,3413.484235493064,50.099207639694214
6047.4158533921,4989.74443376917,3498.1459155765187,1906.6995388768812,596.3180793198887,550.6832439114306,873.5452191438014,801.3078681522269,680.4613220780913,911.2149388997838,958.8121363195861,1200.0542361619591,1031.3492245311932,469.6475204951372,536.3543979262531,1209.4834760408205,1486.340317107708,1178.7431478091012,402.6139309620513,812.4171722735483,473.0,34472,202.35435181070648,29972.759599060577,3486.3127430789846,50.19940638542175
6712.979142372997,5473.834810791126,3711.1363501583273,1800.266223531167,253.3890078794668,1102.8150584491088,1595.7294372490924,1459.3421303960133,877.1524879753814,240.25760286379372,960.1304075634378,1502.6301444393996,1469.131938930977,857.7930751870717,101.60024468094274,1030.1381726436266,1569.5102643485955,1503.8533126863877,872.1228229959063,426.36688338202794,609.0,33767,167.00786198841354,30614.21696860356,2795.9929331714584,50.29966616630554
6968.356286711124,5612.146884767661,3696.7908471587634,1653.1730469052627,374.34601357278905,1372.678420900261,1772.84449387989,1479.6611749244394,713.4443838177251,212.08605651608394,973.361474991168,876.8388310716676,779.5276120448807,739.6931612497949,764.3254596392866,815.3206884291754,869.3874538140149,933.6625192656018,1015.4232989158743,1096.9929517252097,120.5,33464,103.91316466870796,29567.87248076088,1902.902212412374,50.399953842163086
7286.828761312497,5704.069308484577,3528.8185691177086,1313.0557626218,566.2904773157035,1519.1164277689188,1660.9550855467048,1139.0517589877918,336.9973585815004,583.8172781662423,918.2728071094562,1371.8239146143603,1327.2910766480816,774.6116994040773,194.6233634580847,963.722556086942,1445.3655300211567,1387.5038811853954,841.610540871813,527.5944236854857,123.83333333333333,33048,109.930140840279,29649.187255864643,2537.117052813196,50.50026488304138
7298.325355450007,5705.471969394017,3519.2586473153106,1297.2442170324393,573.3819675114877,1518.6259398079599,1647.397717200201,1118.3624804889535,332.57893637381034,595.2810726829978,1145.8771568402328,1785.867724396248,1643.4999209489758,801.5192712124928,439.6316088867139,1379.3933283105243,1721.3401703330421,1313.9437095166318,431.6468754207125,842.3266447974489,123.83333333333333,33048,151.34120290628437,29831.52059257908,3056.1342632140645,50.60050678253174
7364.224520690808,5662.11796850085,3404.6885481399427,1205.0448425568093,499.6591015683336,1401.2092175639177,1574.5272383150743,1170.1236798393925,444.8258921039169,482.68656925935755,1042.773166206692,1655.1913138316886,1590.868114132171,857.9934020677409,318.3468938230952,1313.3444970415578,1777.2016518995495,1452.2100030737663,482.66021095816046,801.1617284883142,417.66666666666663,32916,152.4391109397876,29972.58956511552,3160.1876780210832,50.70061159133911
7448.728999812602,5553.122712430343,3223.635351153221,1160.4793446187432,328.3479175684849,1265.7738054809872,1641.2702793265912,1352.4476829342236,489.32142794483497,544.5237974682644,1009.7547133729581,1618.3601610619316,1589.108371751359,890.6091874609967,300.61365345592475,1319.0658504120645,1812.9256180552843,1484.9607939817715,473.7439881036311,822.5501774804271,417.66666666666663,32738,164.08271828160176,30058.388912828865,3149.6387438818633,50.80100917816162
7493.344406104708,5441.8899272250055,3118.7012965859203,1231.7424723610857,205.05564585933968,1301.8649393598012,1780.4255178050469,1392.2109875055676,372.4308037028851,666.0445669106676,1043.2558725584267,1642.9407796855046,1570.216302175684,854.1326224710152,282.43961007293467,1284.370423802476,1792.4474845043637,1504.3330330762526,502.73519841350844,812.1185446061494,210.83333333333331,32602,169.09041036219142,30026.68054444879,3178.1693112519524,50.90106654167175
7529.058112062875,5266.693662103907,3054.8118401809998,1406.852064862609,250.2288571006295,1478.6865658487752,1868.8388438590614,1250.219330787839,265.54860845234214,600.3894345840253,992.478901052868,1624.286138210511,1616.3829963693331,890.2078072054927,334.22422443251656,1321.1746703076633,1762.0668385828083,1457.5474142367539,529.4902669689012,759.5007599244408,323.75,32412,168.14814935922004,29918.46410844521,3293.075822503185,51.00129699707031
7543.244548738734,5058.845716217397,3088.752188548586,1606.606087599786,456.1711812315257,1650.7658435079866,1776.4232506321666,1069.1448111815491,453.1357752078273,397.1205931905762,983.1903360888409,1621.3210767440607,1625.5033392837627,897.011845627196,345.23047753135523,1328.5351076234515,1753.7315741993223,1446.4871257023237,539.3496754777462,742.7878548825373,323.75,32205,174.09486430099292,29941.048490327685,3312.5604948558157,51.10136699676514
7528.964730901454,4844.765590857238,3234.10885093153,1753.7002837890868,643.2065784735676,1676.10993728579,1552.5232049623226,1150.490322403889,585.5209373495217,506.5131104355491,959.0112928323254,1627.8398599156023,1647.7360925863356,887.3218347199969,351.95130216593907,1308.126538363096,1743.1944221729727,1469.98770515171,537.238664078039,766.1880299348961,323.75,31982,173.33263421853903,29926.787061668037,3321.561834062395,51.201427698135376
7493.554544370372,4695.469726166381,3406.6458402227104,1788.8939027816234,721.2473531163304,1555.4150338603986,1470.7989701364752,1332.590973309376,503.5764025831583,656.6365885366228,999.9648313547898,1605.08346406084,1621.2342170005697,922.9901932859228,372.3844861914896,1347.1291750463886,1718.3774977882388,1447.0382711502034,579.1847551386502,752.7763821645572,208.64999999999998,31799,173.03265791980925,29974.437505231574,3343.158104046798,51.30176520347595
7494.006151073011,4696.148728160642,3405.413693354101,1789.4901562321406,721.7040498447445,1556.6021474332042,1469.8243537020182,1332.7465729831638,504.56866807340214,657.6849634906073,1176.702330813944,1468.537963453375,1590.2473406422018,1106.5976802477546,553.0394801068572,1412.9561540488903,1535.699405898022,1567.4853115582139,654.7558721036681,930.3154053281282,208.64999999999998,31799,178.9356995777542,30152.794213583584,3532.034797656285,51.40203785896301
7344.101146421609,4608.973163231554,3680.5991178944523,1521.2743327868793,475.3365575744076,1403.6309978836418,1790.523633511025,1056.5111255543757,601.0067662170334,409.64686176888523,888.9930354532337,1765.5540040587655,1507.814687555749,881.956442023354,344.0257489611678,1597.9133176523312,1671.0085974754552,1277.1871320866926,927.1950974998725,900.8402841936689,303.6,31475,190.01720462229434,29842.67098077652,3911.5581615868728,51.50232815742493
7161.596142077772,4646.088191907488,3860.80134505413,1196.9633600907418,159.72536282813294,1599.8050375044788,1905.4336633563898,814.4239704559134,904.1964194577303,697.5298822258633,884.872590030833,1771.8717916050718,1502.014621042554,885.7720299876653,350.73118578902205,1602.4149655868682,1662.4233274679348,1286.8078975347826,919.4901830787774,899.5986527841562,303.6,31143,208.92311383366263,29868.706296898446,3913.444609203105,51.602397203445435
6928.0358872215475,4814.5960277305985,3933.9151155904888,916.6730687360555,216.04305294413138,1956.4814561837995,1718.0325031317875,1036.4158672370568,943.165584846608,896.2822901287159,872.9215647062779,1789.315635230632,1488.7358584235926,891.2566013764213,364.4339533365938,1620.0856060142792,1643.638439759329,1303.4273183238813,920.1802125613744,920.1492015053941,303.6,30797,210.3119549347507,29861.220704739215,3877.7564973680724,51.702483892440796
6655.517584740455,5095.436724560805,3865.1223272123766,938.282213628295,562.8820579584603,2164.1469492072133,1351.6455014445357,1363.4292425118922,623.1941809889881,659.4719461525485,860.8085649173904,1811.5523866434582,1460.5080666159654,920.2604963862315,387.0618530644395,1600.289397816964,1645.2831784615132,1300.750936163435,905.6575018875752,890.8526587133741,303.6,30418,213.34201458299754,29825.0521065641,3950.319014779859,51.80285596847534
6329.105098529893,5470.343345766877,3654.6714650336958,1269.5307970652632,857.775763971483,2106.7503956903565,1222.718659023678,1404.638684571761,416.3013359719624,342.56907716403384,854.3598076927673,1824.3281195440827,1444.0088622899211,937.2375415456376,398.9772873174341,1587.988851043517,1647.8346124324291,1299.1484086333699,897.4773670773079,873.0702248652676,303.6,30029,217.03930408144936,29799.195140706648,4002.1326707259173,51.903122425079346
5945.305616729889,5905.257830621753,3298.6366055208946,1701.3181089754808,1033.999524587922,1749.1933429689943,1599.933124105747,1046.9645904209294,846.3573747352162,752.5084417081771,849.4224215124063,1841.8465486566322,1418.0228143022134,962.7561478954276,376.77281316953156,1552.3790619150968,1695.940340019217,1258.1693517112526,947.1226882151116,930.4962231066867,303.6,29590,212.487557693225,29750.66108192025,4073.6718956881714,52.003432273864746
5510.269511499455,6353.389230890656,2842.1712135203884,2072.9998222265167,1068.8078656988298,1302.6408917078131,1996.4251915726184,678.5831959029156,1086.5874441781104,986.790211007604,851.7285311860303,1844.1739922504498,1415.7559044254842,962.4973223411815,355.43541998392925,1555.2413264647137,1698.9328505899077,1264.5081940602406,943.5242514151741,928.1649831879703,303.6,29120,213.64326662740294,29721.37518161102,4056.7140517824246,52.10344982147217
4968.548692350007,6825.390013177046,2307.211456559922,2330.3316564690585,942.8587248373234,1261.2195963008305,2062.3080868717275,1076.184303441168,853.7227576853925,687.3662797306567,875.1865784300617,1831.7759215963993,1444.7172689566214,921.8400575133093,272.0756412749326,1626.3562192618058,1635.5893938927059,1351.9371037843653,854.7349654233414,837.0951670750528,303.6,28569,222.71284478268848,29638.774359113122,4113.069990503267,52.20363640785217
4403.638755773096,7211.208782144074,1949.376689239915,2375.7554572153654,703.5098765017898,1783.758274213771,1679.0229135076688,1556.17269611946,287.4372438423753,199.68896140525047,887.3247612836467,1819.8007024737974,1464.2572160592028,899.8557007291938,267.30347511334435,1643.2736118159085,1619.4712387854456,1350.8060564752777,861.2494761560955,850.4492745195191,303.6,27995,225.41871754062117,29635.58171856116,4107.910995097665,52.30372905731201
3810.3960446748,7496.632886837207,1976.5008767026504,2199.729634033051,457.77615214821225,2298.6225093255402,1093.627184476634,1593.6293868864607,611.3800884306557,773.7193692632846,896.0870262842373,1810.7721711266602,1478.0941688300677,884.9388299060905,268.762579286436,1651.9769590245457,1611.4644469721545,1345.6949682039613,871.0721387949881,865.8390856485468,303.6,27405,211.28433529237617,29645.441911846698,4139.331861436127,52.40378427505493
3542.914554937028,7560.068321023368,2159.3894038811422,2008.6605587268832,356.8218800153615,2355.7170646140657,1066.3567086488254,1365.4349439915134,798.0771860065772,842.8150318908829,693.3483736372436,2090.0842565470516,1179.7922501691162,1123.2631510498695,113.47475866452365,1867.8014099926008,1357.0346154528595,1620.2851437088425,767.8806447697317,935.1750511234051,288.03333333333336,27129,222.66807793813362,29936.507462033347,4492.794071659628,52.50417733192444
2917.943651506963,7553.187332237891,2819.4963950802144,1348.1863170574236,499.6707628183082,2014.3662726974246,1710.2042112878921,875.5651696162539,776.0953202289637,384.44491994787404,1007.3824306024957,1684.5012713614324,1492.7969910723102,1059.9407627425248,446.41511429735453,1472.4162436520487,1733.4998797549358,1713.1324120958016,404.6951609139804,579.4243907808792,305.3333333333333,26442,252.75617206119577,29435.268063975454,4926.56051818341,52.604339361190796
2538.627041601459,7427.863769773633,3303.7395453546605,885.1317710883615,782.8051138502228,1536.343096984754,2070.700202344751,1267.2858938959018,431.92097104442263,140.3046454175764,842.3350276334085,1864.5814050041188,1412.443288447276,963.9438639893189,301.0681907030846,1554.0595144411448,1706.3129729517632,1536.0135086940832,555.3677493196807,517.487548482142,308.07142857142856,25939,268.24359858839887,29557.92417860072,5029.347454141889,52.70484781265259
2072.2618432930567,6961.813497307158,4178.989884236939,982.8412863619326,1389.550086698605,909.7269716773501,2168.6644088743324,2177.7894789279744,628.6782825921052,1140.8055123158217,1345.9665758501933,1417.9565453544124,1467.6220643094234,1449.7107226007656,594.9295664644995,1836.519286402986,1288.5818348670443,1767.4285979008937,888.8593818657273,1024.1851902217422,288.0,24916,264.4278559636645,29188.026990224123,5192.41673880547,52.80530500411987
2216.94822146092,6351.043908965054,4799.038850819003,1958.3454901973726,1839.9235896472255,1737.2455965585614,1617.8394979648435,2297.202248497663,1298.5563053364028,1391.084577206066,1342.7041402730788,1427.4315683648795,1454.6831726637947,1440.0112717661307,570.6089028757384,1830.3231330366664,1306.0090975602063,1736.4365665973542,848.097126774395,963.1100893716155,288.0,23893,262.39487860319053,29512.260888862205,5026.554481596437,52.90556454658508
2900.2364789032595,5551.397133480341,5213.196191772709,2940.7864737659215,2095.3024015640026,2711.777253595296,592.9874144775133,1631.3318118500492,1429.3634805743327,882.2235808994718,1345.7529902851063,1414.719581477413,1466.8962734552188,1463.0131999757753,593.7552658237865,1865.2045331934457,1263.5687986797475,1709.5145732997962,886.5273455640363,943.2114030475814,288.0,22870,261.04892216493977,29545.70227759392,5187.007797209586,53.00558161735535
3764.548805866867,4694.678309262358,5321.0338272672425,3597.9932297528912,2034.766284457319,3137.1473602635187,644.8365970674736,677.0128526101824,865.1589029483614,121.26283712117764,1343.9073519555675,1428.5515775453914,1461.6585279848182,1437.057329652515,595.7924855621312,1837.9782930341707,1268.4016513528982,1749.4520151608785,926.8292510919847,981.086465924714,288.0,21847,275.6224636768435,28710.380316486724,5344.181449949207,53.105780601501465
4804.072955328113,3665.0086888119417,5140.774715942398,3962.9911950796145,1673.528775907447,2948.057414756175,1664.026086078113,1303.1655881577642,198.54788216852384,1114.7065230875094,1346.1053930780597,1415.307668514515,1456.0073794290267,1451.9818886895162,566.6928750940975,1823.737107904865,1310.921552853627,1776.4602570117986,914.8695871718228,1031.418676210892,288.0,20824,272.049032633114,27686.857451300963,5332.573292130037,53.20592403411865
5782.771583451775,2685.031374008106,4722.039062647855,3950.8438133673226,1162.4712122674216,2244.210258305649,2179.9094614057053,2157.4815699379337,1068.1001016371076,1448.089293064335,1343.3443432594827,1425.2356856961399,1470.3984258667297,1456.5437708688212,597.6194426289422,1863.0489163490236,1287.5085638694873,1732.06923309128,855.415381036231,1039.3073120359654,288.0,19801,270.40167024615266,28719.72437980833,5110.672354166551,53.306232929229736
6834.241855818234,1715.534107368939,4001.679184862312,3530.2733072576043,606.5574960279306,1189.590224070615,2042.3257043752312,2285.3783832492572,1448.3238246728126,858.3663572343448,1346.3327354761439,1420.219117947548,1454.5952639465481,1439.581254486951,588.8128659593889,1843.7425520337736,1261.1773213407926,1714.4204908821596,863.8366490037438,969.9238721772226,288.0,18778,273.0352171463853,33298.641178467726,4881.804850443783,53.40662169456482
6811.068200979827,1729.6899012935146,4026.603214086021,3554.919495634421,630.5932296383453,1194.0342680067522,2074.6936361738854,2320.884288864383,1486.0283434472663,895.6212917474993,1068.8687646954502,540.943097828653,1880.0407849620985,2197.156112917722,482.7614392423703,1083.8918828304231,2168.0659014171288,2728.379966875949,1930.2531797206523,1266.3974078214296,332.05357142857144,18778,270.55739738862104,39729.93456856829,6040.192140154108,53.50703692436218
6839.676242842465,1716.7411865042993,3994.4917942953875,3521.986101911789,596.6037121730984,1208.6414076598376,2041.9067025683096,2287.4298539680335,1447.796217544728,902.1030806617545,1787.911741681382,513.361550551359,1881.165677777397,2144.0399597500277,982.5813975526411,905.813553783478,1356.5380316221597,1781.4760344481417,994.7983529235019,1027.6709737640501,335.82142857142856,18768,291.4225154728635,13857.152720420589,5284.873330478678,53.60734724998474
5981.24229333857,2107.790298088635,4944.83014885654,4438.975062013243,1560.0255325234334,297.97318225039857,2284.7963170369444,2271.597409925084,1483.6789646844916,185.10444515615293,1580.9038778945499,357.85290720301975,1951.595636058895,2268.693316116527,958.4411217727518,660.6720524018845,1604.9463697987476,1978.6336731066506,1206.1403397369736,753.4478424844887,317.71428571428567,19791,267.05510936118077,14139.503928550464,5195.629405453121,53.70744872093201
5492.71723356291,2444.3244817766977,5461.952358034323,4833.419581241948,2044.0203466876574,465.88691692506535,1906.7061529066102,1640.654173379141,897.0698491526525,850.4065259311049,1629.4767135465936,367.2636478111304,1904.3829420332327,2207.2002779274567,902.6239765835064,714.5888525185024,1595.1067415452078,2018.0177774507606,1254.6095513535229,725.3753376833517,317.71428571428567,20577,277.78977336330115,14058.59626912462,5285.544161763674,53.807535886764526
5138.878767984592,2822.71388425488,5813.901921300625,4922.355036753596,2292.0853650635945,1178.395206975975,1070.5959587493303,969.6156229186755,365.00331607992996,1143.854539421504,1666.941881566735,379.0384527853439,1876.9579564561895,2178.148792202045,882.6516330761665,725.2797442343074,1595.6915528247036,2015.4572550722007,1240.8368443115837,750.4374391246788,317.71428571428567,21415,275.36082967233807,13825.882651962951,5374.5861360834115,53.90769720077515
5050.325555674907,3167.842072644954,5878.818443229861,4600.421461407011,2163.4502539947284,1627.608798359449,816.1649701555004,1653.4500218319056,1237.228231164569,697.0347769374289,1756.4216246208255,377.213662758218,1784.6398999491166,2115.4876896031947,806.036774285268,653.169749948005,1700.2888527370508,2063.6961069169993,1249.8070324182902,756.5393015147639,317.71428571428567,22292,284.72127839635687,13848.23535693496,5303.617517454157,54.00770878791809
5267.773328012133,3517.068618566087,5660.2237958582145,3889.8401111784315,1696.3319320692137,1786.474438000526,1755.2221231274589,2450.302430069812,1707.1454820254287,257.9231551541618,1769.9373055226413,374.17013904692834,1775.2269477019336,2117.1813308424707,809.8643045479267,645.3094533126898,1691.3462869363996,2049.859831308238,1241.7115780384067,753.3314587567805,261.5714285714285,23254,272.18090762085103,13939.087491203025,5230.830189050312,54.10789394378662
5786.663898038346,3823.1392826202978,5147.162038455727,2925.820761827514,958.840395769215,1561.0527085698352,2452.613508173301,2481.2751275922546,1358.4790399010317,1016.0616102086236,1771.6041005503848,375.57797790783667,1771.7338112401749,2113.502255798261,805.3942155040303,638.89371828489,1698.5048530190836,2046.390707647206,1229.3911853527986,773.1578867352208,379.35714285714283,24235,268.94807326953475,14013.685617215498,5166.137931156033,54.20824909210205
6511.466398094782,4061.6722175101336,4399.176562648091,2056.890198481483,227.22957470853612,1026.3480601355623,2484.865009713808,1723.1613221930897,411.0812432821059,1205.9359722280956,1800.2091578917791,351.09272582330226,1774.0846271335972,2148.4769144055203,843.7149660645073,659.9374290341361,1662.2507991377229,2062.1957407258033,1276.5073437762187,720.5408105495881,299.33333333333337,25212,271.42393986227995,14038.17301813123,5213.493536987112,54.308645725250244
7407.81206886586,4239.8020963943045,3440.8636808968486,1920.8447307656786,905.3463084960493,421.44348624641776,1841.734940055547,888.3427433139581,862.6783988608273,724.0023044873478,1369.3347901774375,918.4974233901205,1600.9232328773355,1571.035033317464,570.571503202593,121.16007687762549,1753.3251898143783,1457.4314018312893,1072.9574180630025,766.7277172847341,299.33333333333337,26224,252.87648233702134,13407.843697691555,4676.663814009475,54.40888571739197
7801.616479602304,4251.4690391396925,3031.8764886020945,2223.525663882438,1180.0899883665918,325.57370873160016,1429.5612354671962,1164.3126589970343,1137.8975534577341,310.0392713563706,1224.8936517370003,1326.8225407990985,1416.6764224416618,1375.412072596463,900.2377451203113,292.2894610730362,1495.719196454564,1368.9743252045253,1474.7175636113163,440.5124992627675,268.83333333333337,26640,219.8779084392583,12995.281776549029,4210.347853508792,54.5089750289917
7806.347055555419,4250.26551545263,3027.9927449426864,2228.2323002548446,1180.207083605086,322.7891241819699,1428.122925585299,1167.6633070628939,1134.8555598710986,311.02229152850543,1237.5001196557298,1212.2573987791943,1509.5307875119347,1349.4934265021184,781.7779551330431,251.8492061342294,1619.9430361760446,1254.8666266347334,1437.7986175390315,546.1720459110716,268.83333333333337,26640,206.8334177373415,13132.662795321998,4084.0026636746766,54.60901927947998
7937.816323688608,4183.029079982209,2964.6540883973134,2339.460739266945,1100.7333758519892,192.22568270834893,1511.9349335531315,1143.970635370864,1014.5670701010629,440.30029573206923,1238.7289408647405,1173.7508426086504,1560.01502728144,1314.1354581259482,759.5965892792246,290.9463649508291,1641.0659556049404,1219.7934062218092,1483.4258473318164,523.6237519903798,323.6,26772,214.9388822431594,13181.80976590242,4054.9444610964515,54.70938754081726
8109.318217130255,4055.2766770744843,2967.1506697014174,2412.9361925995445,929.3492742193968,146.1836129531976,1682.588894978504,971.757696490292,1073.6051367991085,488.95075452881343,1243.9447594014853,1196.4452440968203,1516.7769949861645,1356.5668075763733,747.3524711345107,249.0443937921413,1665.0063899365864,1203.0279163826879,1457.3403746574186,564.568301920206,311.85,26950,214.5510748335612,13118.72044689826,4068.267237733927,54.8095178604126
8240.82445300391,3929.6208018192456,3039.657158111838,2392.267393803215,817.0219268410596,281.6053146301507,1717.4696714792772,912.9864365214236,1204.8320865400328,368.44962329674155,1230.470770638561,1186.9783808524962,1553.944282742278,1312.6731245484145,790.8147568630267,267.9486953202753,1616.0707913584054,1253.4429861120618,1419.9367264899363,584.504159235991,311.85,27086,210.05705875588484,13160.865283806357,3997.207252940319,54.909525632858276
8402.70534367467,3749.470887611724,3195.698185381489,2277.608661290395,808.5597866226532,435.9668199375288,1601.4890855049277,1051.1571359641935,1218.2751687944613,289.06514874010594,1220.8935475210678,1191.194606480586,1561.147636933078,1305.5192940621348,806.9357193094887,256.02193641513486,1619.4749783946038,1245.7129764200592,1421.1535266149426,582.1379870728898,311.85,27276,207.50518066532243,13211.957942684929,3957.7388687324433,55.009700298309326
8579.439250639316,3532.7854186448153,3415.5505581721636,2065.118876079696,991.6879554712643,510.17629618959023,1389.7225765050462,1227.4222280764059,1001.7910097804771,510.1514545984744,1213.6542888765155,1195.487264181841,1566.3081767738975,1300.3266348036088,823.402961554745,242.4435476499677,1622.3258054275705,1239.6164785514495,1410.8439685693113,599.4370240511919,382.75,27483,209.3324495737761,13256.717216441197,3947.3778169617776,55.10974979400635
8700.219992329858,3383.783979379979,3569.824974723289,1906.175302313129,1156.246803583059,482.0135544152269,1360.7284453318339,1205.69739804451,938.8685600843489,555.0653782432141,1264.4599047734748,1149.2487978793547,1586.5988424321704,1269.7412102491865,814.6057169048628,322.0822961366132,1547.4288367883655,1316.596621196886,1346.4578806299482,660.1185236145437,421.70000000000005,27663,214.32981538970273,13132.256482182449,3975.7762942813297,55.21026921272278
8728.257362165581,3352.250130104075,3599.2857095459917,1881.4571659007322,1181.9267091973477,443.17843195974285,1402.1848123980278,1158.33666158991,984.3213938113355,508.1983580814993,1490.858638327415,933.9338441659964,1808.5453384909044,1025.843943363128,1043.4192315785099,451.65407567496464,1473.5853377505612,1312.6022728480411,1327.642527227374,678.7023954051779,382.75,27703,204.45088635232088,12765.158157659986,3808.814315071584,55.31092953681946
8389.009003092086,3742.0295016179602,3509.0637951807416,1984.5314695686063,1523.3404376218245,1210.0927936399744,851.1490407924482,1694.7495734574957,872.6052684346578,1084.7341754378547,1747.3209283388717,793.9356084514985,2078.514981432288,777.2836215755511,1429.3719079499201,935.6700828712783,1338.4440555904798,1571.5551656167715,1426.1546170699423,1120.8108249893392,382.75,26931,171.25878580182047,12435.413636982066,4128.6613267659595,55.41097140312195
8372.865777791787,3762.0283364767624,3538.8389585328605,1966.351337280197,1587.6636154800499,1243.3262902780334,888.6223670883318,1676.182492200458,933.018776297861,1059.779397206662,1381.5213001179457,1109.4142815118369,1704.584689187111,1158.4869094576015,1195.9537215085202,1060.7171890191778,955.2357323302421,1928.8429641198354,1161.8948452378809,1473.9424667929725,421.65,26853,225.45155157678488,22080.483652169714,4610.948350521894,55.51136898994446
8360.327627104762,3767.5302298382444,3657.2181520573226,1857.0124954361033,1705.0114035691806,1203.57839268429,1035.7305329262863,1527.451022832676,959.0253651569628,915.4001107820847,1421.2393478086015,1070.1431462916237,1749.02306239252,1108.2174757988917,1211.762517807176,1013.5248397676337,1014.0180690504019,1857.920953901757,1152.178946423386,1398.1464690754374,380.19999999999993,26731,229.2489650225839,18166.12046410967,4509.511740947348,55.61173939704895
8371.320523313247,3738.511736577147,3757.857628853775,1756.2755777333189,1712.1732981812086,1106.7842626681606,1056.8249279871302,1511.6083942796631,860.5071412927954,981.5046684098447,1408.372243804337,1081.7707388523845,1746.2532561904156,1109.7093040172356,1216.3299994966314,1016.4680910789317,1009.4154751981557,1868.158337363244,1154.1276944434264,1415.98581358515,380.19999999999993,26601,227.14295219652152,16436.19263196401,4455.963340026347,55.71201229095459
8407.49213027436,3666.5531168193575,3899.7191772161236,1624.5610380287008,1645.131953308583,973.6828932924071,983.4223521795556,1624.3914003874288,772.6636881678193,1128.3110558625247,1425.6898956686732,1061.83749367507,1762.1472791596104,1093.3716522019045,1192.7659199057084,984.964751499686,983.9234523279225,1903.6832039542426,1110.368221958543,1488.5163479562093,380.19999999999993,26478,228.07501624114792,16779.690636308987,4523.373824675086,55.81220817565918
8463.940489066841,3568.883178739086,3982.6692513487537,1593.5982586787297,1518.5715011271272,998.0295361986157,860.0078903082103,1706.253750656483,898.6526677165045,1041.7038258240593,1406.607066786777,1068.5541317749742,1783.7106314912767,1074.528378905119,1175.1442374312558,982.3811486260125,958.29457746457,1920.1627873081625,1150.4234480112543,1441.0442340692186,380.19999999999993,26339,232.51687337847292,17581.056417165935,4610.7177695439295,55.91240882873535
8544.46485882642,3440.5845484459987,4038.8533137261793,1635.2146200656607,1384.1716257306236,1118.3785494817423,801.0283898138896,1691.0878109977746,1016.7135398683865,892.0965495920287,1436.2807851077166,1046.3866578020536,1765.195583301868,1103.9026553745398,1159.0561300374588,1018.8187116852233,950.7215482078497,1912.6896192678862,1199.3137099246096,1375.3072316044684,380.19999999999993,26186,240.19888764584215,17748.481913488133,4608.243006478451,56.01272201538086
8619.58059959558,3336.5222086026465,4018.443570285717,1732.1833579413574,1377.9050663303217,1202.4698685643616,899.8946329244756,1585.0646777845993,927.4393624011675,972.6705878819292,1352.2309824206282,1043.891213067271,1876.6625688974757,1070.452232587604,1054.0988315446878,1092.2305691876102,940.366640286986,1863.0737920858417,1204.774857757935,1375.4159343542472,376.13333333333327,26106,226.57568624659672,17696.69160789968,4471.360234253383,56.11283302307129
8659.127645696974,3285.3700315868073,3998.2476037443976,1783.9521799855372,1396.413354714271,1229.6681441333371,954.0481462652206,1544.0135217853817,869.7808939353272,1032.8244496450416,1392.2722991308708,1049.0824164457242,1823.7569511716276,1077.3915078124571,1101.2395512590408,1056.6418121839065,943.6449674898508,1874.6089472710412,1186.7809404540321,1401.2497615829154,323.8333333333333,26021,225.8562898260548,17564.8730337288,4515.440535349266,56.21312642097473
8722.105115216575,3225.4816942341727,3935.3102693516544,1829.9698445694498,1467.7381574888461,1173.566437296263,938.3610218886953,1613.3705935908843,915.3726444077364,974.0024971305694,1376.5674201359614,1021.5561260776038,1831.137321684631,1113.4267101462633,1118.343172906324,1057.5469254538161,962.806919560021,1896.9455237848777,1198.8731620504618,1370.8552901281143,331.5,25984,251.25454196167607,17703.69219873929,4752.436220149089,56.31408190727234
