tribo_f1,tribo_f2,tribo_f3,tribo_f4,tribo_f5,tribo_f6,tribo_f7,tribo_f8,tribo_f9,tribo_f10,diff_tribo_f1,diff_tribo_f2,diff_tribo_f3,diff_tribo_f4,diff_tribo_f5,diff_tribo_f6,diff_tribo_f7,diff_tribo_f8,diff_tribo_f9,diff_tribo_f10,tribo_feature1,tribo_feature2,tribo_feature3,tribo_feature4,tribo_feature5,Temps
200.26405292599824,143.7508008522644,412.66306284167996,243.60600907595676,165.10391559755487,263.79285038449035,254.22854213477842,152.5892370019129,544.5795307728227,527.6577407155689,128.53383159122606,106.96338083326694,322.64957000890246,21.13078603263697,145.690620315407,111.17757286748655,150.5891788994002,122.66829941733106,610.0789278080302,679.6489822131022,85.8,2328,121.53429268634494,5202.808875866242,1598.123927039461,4.000000238418579
42.56982589696756,339.19937076210954,538.1944775255528,231.49921636891943,96.33364797516565,136.07765508173185,57.1330937169926,192.31646677555761,449.4980741122669,462.6618147641872,82.73111737043142,83.36770903094242,289.4414559260733,62.012942009185984,106.03824615816265,108.399604260556,119.89882749523701,159.34504650956248,610.7861442039236,682.0820626966756,85.8,2080,117.33119911230473,4474.872763455892,1555.4076089627395,4.1289222240448
69.45054639769094,304.69137072981977,441.8134785353316,317.27433727408635,98.90878461363775,216.70502846879583,95.68549633110956,266.3055350532487,418.91806574973435,418.85112412464485,66.79917641167172,159.17479828476152,251.35306661885733,203.09509249493942,118.13294287768908,143.06317816395185,37.427646441523024,251.7669896592753,533.7049788015795,604.9786221196284,87.60909090909091,2183,111.64998256791026,5134.5373864829,1579.4368424568102,4.229147672653198
179.429326979745,343.327400711248,382.22771072826,423.1636805139716,209.27709643355135,248.78105517514848,117.77347175059829,256.4396646158401,318.8837620901696,352.7090122756029,57.349466460619325,150.50819061924108,228.82881637026543,236.7474333638745,148.4587126826599,174.7683898092515,72.38749047460226,259.99563588737925,463.98130779207855,546.5475428385371,83.27272727272727,2300,110.4297108757491,5094.147777485016,1624.295140919237,4.329237222671509
115.30007720429892,299.54176024068465,387.7191274724618,383.5750105375376,165.59340711022088,279.6775398022991,152.27036105143708,315.0663337084705,305.74621156892806,300.6376749998951,129.9048616873355,94.09073454523828,59.19690904195612,359.1926917302548,250.27210341259584,323.8260346347554,216.57981842238397,346.8562705258676,342.1142299994066,472.6481347224303,82.63636363636363,2233,113.93618374742698,4684.588519997813,1724.9171221499091,4.429259538650513
40.62306461901576,206.2076725368194,362.6350856222747,415.8817049819425,231.61090594802175,400.67815736968856,267.2836519825883,390.345244227554,186.57552041641043,272.86356017810436,24.548423389602135,54.16871078426791,151.50227869000577,271.45038368903266,185.21469918122503,355.254341670115,267.0990747247988,440.8648619062722,257.37138903829685,400.43543648319775,82.27272727272727,2109,123.7525069439215,4596.596604698903,1626.257232903069,4.529453992843628
137.63949655426467,107.4247658552233,289.12838248895395,521.8095458274291,321.69030996828695,398.26778467205673,226.72909011705215,300.34599169808666,269.8079252855376,308.0597020222865,22.992056819110754,31.781006515078847,131.8988616505202,320.38632624272583,241.62196609887567,356.9783996937332,234.088763120061,356.5245228454313,346.8694964282681,430.65206871141453,83.7,1996,113.36856647038701,4664.727208012853,1529.0544387613409,4.629858493804932
110.30821192764479,134.22373425713062,315.1591260835407,502.41605834817324,319.57467239196495,423.4331533783167,254.51152965560394,305.9591177610652,270.9031435102276,336.43368817330935,49.63260758256864,61.0854634473866,149.31600194412937,270.5205885668843,200.23701326386575,385.7531429923464,292.6543384814312,404.9879999199218,316.2875810197259,497.7399806983809,82.05555555555556,2030,105.83007659011955,4666.986841265754,1485.0020808605968,4.730215072631836
142.6302674455164,103.63608228840239,286.18467774048275,496.12912688896165,290.3994192909449,409.47646118470806,263.70102630091577,335.00492584483897,250.74116311427383,355.3574919160491,90.65526189225048,66.74373296352543,87.8747897734741,373.39241966792724,216.945525451036,296.151470164281,263.72951154756913,470.820354674907,253.38407983540384,546.8154905944749,80.24444444444444,1994,99.54117952713278,4769.698612503415,1422.197845096719,4.83026909828186
144.02810697437747,102.64027868673293,285.5512899976524,494.7687409159444,289.1477777060259,410.7728230673214,265.39672879381845,334.43583933321787,252.6438871251347,355.8746600260112,73.22080549351907,108.18841086148542,211.98692642989408,295.97472844810784,292.95197571690113,402.3257922234494,226.76872790600834,347.230052141801,316.2996182897032,434.8318355637426,80.24444444444444,1994,93.9167787787822,4602.9854990717595,1429.282902309039,4.930497646331787
144.02810697437747,102.64027868673293,285.5512899976524,494.7687409159444,289.1477777060259,410.7728230673214,265.39672879381845,334.43583933321787,252.6438871251347,355.8746600260112,73.22080549351907,108.18841086148542,211.98692642989408,295.97472844810784,292.95197571690113,402.3257922234494,226.76872790600834,347.230052141801,316.2996182897032,434.8318355637426,80.24444444444444,1994,93.9167787787822,4602.9854990717595,1429.282902309039,5.030738353729248
207.42602754927285,97.96990551531854,295.4462002921232,425.48968469329054,288.39742740719674,478.8115709181937,287.643000939557,265.72904962606725,295.67201471512215,290.7521756331172,86.55130409051968,123.16850892081185,225.96635530863475,311.21117706863254,307.45003645108466,386.15242839831814,206.41567241684334,370.379797238981,289.6768723932193,459.34981229184774,81.94444444444444,1923,97.53165598751013,4578.140542985608,1407.4804591506988,5.130855083465576
131.82233022170996,78.35656572485763,187.3144257550302,475.63375615213056,165.3350896083454,540.091995633485,408.5466553975089,200.3187447827339,408.3090510401351,191.25752976268944,134.9802923625307,93.82066184453255,113.89635693827984,182.3495948968426,209.56368300452766,546.6193224195108,364.57103664370567,203.73548113951105,433.5412411932608,311.3014995692984,79.88888888888889,2049,98.54321299041843,4797.1340377796405,1405.8560059601639,5.231061935424805
159.63574620132414,154.93844810581933,80.99535361554642,474.77895059139865,131.4348549682938,650.4012340363058,457.81408569680116,90.42120763293477,403.4860879181659,153.47673111974132,98.09787128859566,61.344457706841354,80.52284798804745,218.29033681513974,173.1923407829215,555.995185635598,400.89814623839453,171.8207117261397,463.9292226619633,276.9734351088526,89.0,2160,99.7070884542108,4751.548915746178,1385.0335892644512,5.331090927124023
139.21283692088622,134.25551655826214,113.481655704765,490.92603140054416,109.86930195061466,631.3955717711889,473.59063400444904,102.20357810362135,435.28285950171284,119.81113351475143,15.809874332003035,65.35725548937592,51.546669277080035,319.37556283617516,75.06732145670456,597.9979654466575,505.4418410431841,95.99210303568233,553.8900592020277,187.36961181603434,89.0,2127,98.50312367683999,4640.285877136259,1510.0536567789557,5.431432008743286
137.5180615778657,134.61066192742913,114.49684176732586,493.35758490748884,107.77396208425331,634.786698192036,474.7599828033586,98.22805241198792,430.9399751839032,125.95763217007114,29.748697841174177,31.612938807135542,61.133241468888734,304.6283591036464,80.10160954055168,569.6864342135091,502.78703802184657,116.96039163901997,569.7233678115343,170.70354548548093,90.22222222222223,2124,104.67267013941662,4672.227881465209,1524.055770183068,5.531710624694824
105.21870710758527,150.44765556942,130.54931924095632,522.9677884398337,101.25035193981368,665.8315853804515,462.4419343993804,98.85179835657696,409.45992282814467,134.50124921269824,39.46216251428226,86.68251287033775,16.84401785343849,280.7027877777461,118.61371512769522,561.651986999374,470.14013084366013,142.3889803933804,578.6839891881092,154.37366249507562,83.4,2082,99.26753490132589,4631.430029164832,1475.2006433233792,5.632000207901001
105.21870710758527,150.44765556942,130.54931924095632,522.9677884398337,101.25035193981368,665.8315853804515,462.4419343993804,98.85179835657696,409.45992282814467,134.50124921269824,39.46216251428226,86.68251287033775,16.84401785343849,280.7027877777461,118.61371512769522,561.651986999374,470.14013084366013,142.3889803933804,578.6839891881092,154.37366249507562,83.4,2082,99.26753490132589,4631.430029164832,1475.2006433233792,5.732081413269043
63.36024466109611,201.32042026226833,141.0364199852513,533.0743091645203,154.1416469941211,666.6430544088732,404.60107376153815,157.11054545515213,448.8469316033943,79.84448742130589,93.05969198337856,133.5870867221737,37.091761033395294,229.14547886486184,150.92620827594877,516.2312083472808,500.06648089413085,135.01432744906575,591.7751270683451,180.5029407929065,74.1,2027,90.1138622040857,4577.80465970618,1461.3196408320746,5.832268238067627
76.58094501191728,297.1837733732103,162.4692408466529,500.3968781393233,244.66790232638152,591.6495081338044,395.1266391552209,197.46210609628474,526.4212958012938,104.26310441259469,82.6709762372715,125.50326212417269,28.712085608265987,237.6164738291099,149.11866693481426,520.2307136654636,492.0079172171088,141.50869951553315,597.0364695647229,176.0929339927464,74.1,1926,96.18618916484778,4575.85075544736,1470.8714043405319,5.932450532913208
156.77604446052453,391.4607828829527,193.19013050308652,430.1335502286245,302.4461872372808,498.50573691905504,483.32502892952476,163.75062967092674,492.43743953884024,183.69960834166847,68.20323343493175,121.56514208856998,31.934064079151828,237.66163238943474,164.5864972741562,505.1565185239928,497.313218968344,143.7209008065728,599.4915746806937,192.78987032336926,74.1,1835,90.9067232236682,4572.689821388856,1453.968868979831,6.032704830169678
219.3744119870026,454.4001806900383,213.49381255174274,362.79950504829895,313.02300507629747,473.7707905584243,539.5713773377786,98.73349520431435,421.9322235401154,176.68997906780893,56.008282681763234,120.56258916785774,40.998944140665245,236.51779004696013,178.79312426916596,490.7724965339842,506.7831344069072,141.18888209183558,594.2487178784874,209.89560458129608,74.1,1760,89.5847384289697,4595.696633238072,1403.7192445447813,6.132963418960571
278.4559278474256,505.33955216209387,219.86391871585565,303.0714373395725,280.9019047355727,521.2150028166345,527.5717356613779,77.11609522606244,429.82368768799455,110.18576989137375,45.86634157446843,129.64627578297225,57.33875364838272,221.6667624654131,184.41623962774574,489.2857603891108,514.5437951173326,130.43416435887042,590.636967599348,191.7969917112361,75.68181818181819,1699,89.15961599980102,4669.525480160035,1383.4596918238547,6.233173847198486
314.3231264919905,531.0122315860833,216.8495795858222,285.03509163148794,245.17820790155488,562.0770560426679,492.15601515390006,115.26976255231176,469.54260990017093,113.20645132506995,41.67574736832958,139.2332165533445,70.48681458735243,208.2886448368335,186.78142830701515,492.39081287101715,518.1926293892412,125.08137692506962,590.6270659370681,174.62425287525156,67.45454545454545,1653,88.72143448229738,4726.897031272706,1388.1486494112492,6.333401918411255
334.7864767647774,540.6371564672716,206.31675369595433,293.1924447186045,220.51110398987274,574.5233741661544,471.3388795914666,130.08445885958963,475.51895463041575,139.43419113183398,47.23219502006086,160.2580538379922,88.91752017976769,188.4496126442883,174.87447795445456,512.4666838866198,501.20909670909435,143.7355053851684,609.3786966403123,189.00363834029082,69.09090909090908,1629,95.07145943998503,4940.552991196038,1430.1364046593715,6.433515310287476
350.35529360177105,542.4466564664685,190.17801779493632,311.9509575418148,213.37096247647136,564.2357751662703,478.4996118082536,117.3574589953862,455.87198834181993,130.30284068676826,88.61067669135693,50.37609860609062,103.90061624750038,248.82959388513066,282.73234136895695,443.8366051289053,589.9694081257742,132.6529069584484,635.9153991134243,153.7546792286429,59.090909090909086,1611,84.25921765807115,4995.783706211589,1352.8067609231675,6.533766269683838
431.2611662504599,534.9602880818497,92.00691025045741,424.5279597484874,276.21760665491746,456.1770723340775,588.4832565330663,11.747186111067293,400.3155045834008,23.88763444866569,67.57238101919553,167.2273032801242,42.88521711003497,262.3184090486119,211.46284455874934,414.2246370175301,614.9102468847917,13.947275607263496,520.1052944182628,33.92708168566278,57.672727272727265,1492,72.29782472163284,4508.282521963494,1211.509330844151,6.633870601654053
435.2155531829924,532.4235569576679,85.5555512892503,428.3684550175817,282.6561738899104,452.62204671749043,589.8785409963718,19.59098598576969,408.70391013953315,33.08916825668168,68.28264288546492,166.56651253849034,39.94441226732599,264.734931175036,216.3305106688352,410.9843965087202,616.4079645117267,23.029816165215394,530.861247943673,46.79338365780197,57.672727272727265,1492,75.69300034925712,4679.348236400663,1205.015338446343,6.733937501907349
432.5479407606966,535.8915498803785,90.67502138225007,428.22975594515674,279.94315499445315,450.4981054267789,594.5880579834643,17.879382031968873,407.66970071039003,33.3919982007198,53.06374854371365,116.37992560602274,124.15726877853417,163.6238041895711,125.54270237264876,501.0476605606237,572.4206093215596,80.49701801496653,428.3395072015505,59.95800202960625,54.800000000000004,1492,70.23765164466327,4701.233253068784,1112.9230385978976,6.833975553512573
485.2054681271025,457.4029210869106,62.952262955825695,400.858863641304,297.02763510418094,540.3603279080011,488.8797284872683,94.99766823815405,341.795584761043,77.04897168024213,47.09266965488487,114.28165109627383,113.94270062248509,170.34848390623867,136.44369685136175,501.9218485057665,561.6136600215698,82.02439675469948,424.06469963791255,64.05367300079571,63.177777777777784,1390,69.80945954144562,4643.150842764355,1119.7267852552145,6.934178829193115
532.0979420286726,379.43168227870086,148.12146507233237,343.9435305877138,270.4027036636876,623.1998470112329,453.36883701071713,141.35923116383597,261.5904912029219,107.08503831943726,47.48531498286169,114.66903009763848,114.83497556683929,170.05645363481725,135.4766115789997,500.6466451220693,563.8405215645375,79.51117982049341,427.5133939530544,59.47683474697512,60.77777777777778,1299,66.88662660531172,4159.36840804774,1126.7596475906535,7.03445291519165
577.6409725222619,295.0608977227015,236.01834395660003,263.1461043755539,207.7745143688199,653.0738190712809,518.5645006935468,137.67792967019827,302.69012892897933,82.50583623067791,90.75316349362679,92.34323240179779,110.24330256470323,162.65659979202007,159.08835883770132,593.1058701450678,541.8831164034457,161.96920103283037,393.13568541152057,116.78684984814979,59.875,1207,61.724043765426515,3856.7044973826733,1027.1451254335016,7.1346070766448975
578.7730468671266,292.0696774719806,238.19280356194164,260.18945989762676,204.54144858741347,650.4545427963316,521.0989075213023,133.8116955271912,305.11928774789345,78.02007403087019,43.41981467447651,152.12812594964302,79.02299899227843,233.40342613384237,215.2779524423364,540.5875960788678,455.3342692550489,198.49638801330173,294.4453843147432,198.44251196724966,59.875,1207,50.244027618376755,4142.937964916371,898.8007591734707,7.2347235679626465
607.8756162983489,212.29128028078946,286.39090162914454,208.5742775662106,147.80230867546848,567.6531335028584,530.3641404428222,88.10221681086863,288.37252760550075,103.61854574602636,32.565984533007985,130.70687243870668,72.66852690417599,212.50725893868648,197.1162525398201,553.0496677592998,475.396660285652,184.98197643368735,318.42787428422247,174.5902796062504,55.02777777777778,1123,53.99147465263639,4613.192733993516,966.7172458638604,7.3348388671875
643.8690702999521,144.2654376499934,331.86459516536956,241.48202410390942,197.41423235449784,502.59162595675986,455.0774260185802,185.729193738216,183.46665940957422,199.85537306315277,106.55394192316416,39.56195507117562,160.45254827745595,145.52494126998084,148.85975392285124,450.51993025588996,477.18269600718617,220.65306568812738,235.48771669007476,288.0099215131154,50.43055555555556,1015,45.99486376066276,3158.8121837325307,889.8182262070391,7.43503212928772
644.6892307812835,145.0138513511677,330.47920166007026,247.50251407753706,202.78660485851935,508.6225768681244,451.73139149933615,182.9539538372343,189.13123005165048,190.00584559518495,101.29210034016143,45.23948037489582,154.42807423072583,152.95470831888986,155.25215938126104,461.7344761278529,471.96057685261843,215.20631119518956,245.54065481489215,268.7613841123069,50.43055555555556,1015,44.492360698440805,3145.198402444761,870.6623382189294,7.535049676895142
644.6808423406935,142.09159792844935,335.0932785195685,241.55414567223303,200.68086686232007,500.7141733100433,446.98360971572646,193.03336835581192,179.08476701290525,192.87399237056917,101.04806441820422,44.56380385828747,156.3574504613725,149.22718457561797,153.48887439527243,454.6115821784421,467.2038606708077,226.89395931175045,232.58295675241462,272.866480326555,50.43055555555556,1015,46.04838169591831,3087.6342590419536,846.3433634094191,7.635183334350586
643.7595364620239,145.7466207077606,329.93244653600476,242.65623941646405,197.05447815036717,501.79429785964,454.6782607055331,190.26293565987947,176.14635081228164,203.7966621507308,103.04300408899492,44.02706204582849,155.0485281752495,151.85321199136976,152.72249774740897,457.49957597832844,474.88801745488973,221.9210750266544,230.83311828479683,287.3106795613136,51.333333333333336,1017,46.03793045800061,3044.341953810891,868.6430128622765,7.7353456020355225
645.8731176841749,139.28377177735655,337.9925093822483,244.30903028178716,204.71766446149448,505.90581674818947,448.780956017254,184.65543004785272,186.77367641034834,197.3000861253076,37.57873090858865,150.40632783962465,195.3069553712982,46.56909683029774,156.76679895684035,362.4100270701815,373.6213864791386,320.83198835329785,260.9846292346865,174.83805649967567,43.27777777777778,1019,43.52926871694478,3001.792002089722,815.6468769213558,7.8356146812438965
611.8592399408116,256.97481874602107,217.78191760393375,203.30272128372403,80.16834543120335,402.69965065073626,466.8006501628842,307.63306548817314,114.90686404356939,186.78187847236873,39.35052451831041,105.66229830088544,144.17184193784666,71.06664388546983,103.03583042448565,356.95690096476886,428.0233520333843,338.95815991471994,206.42804459505652,211.61201403476466,50.5,899,43.31836412056074,3894.9593440555464,786.0466429521421,7.9357664585113525
594.6083278924056,318.33385671225756,179.45268383051854,172.3636906589583,57.066882066704004,343.53597954576105,426.1042897907841,341.23022517370975,171.71857649496036,131.465887571421,39.79418181123635,135.81249997407508,197.5166470970343,77.20909746366482,155.92471660281603,400.62527978970587,422.91026069911214,285.1770572642884,201.06538657903,250.48378786910664,36.25,835,45.308105180665414,4465.932392644204,730.6633591177126,8.036030769348145
561.466325021077,423.49381526056294,204.31071931814205,97.38349893006405,159.11680711417114,323.65036334988184,318.7205060116036,291.75973995918605,239.10039372514478,131.55349185855508,94.82492089130047,135.5851150831091,90.34556688201761,65.7258665842278,123.10738794896528,287.61800342932867,327.82603572034236,347.23542114426897,317.48698293036443,183.80350874602505,36.125,725,31.958517954608453,3383.5799417177877,617.5353820680302,8.136130332946777
564.2044616832515,417.0550577729432,198.1256160554278,103.8170549988645,152.39048651602496,317.75808365223315,320.68406790019714,299.5993135693914,242.74350141069297,123.90491895982066,95.74933706497332,136.09065980667714,89.82353335014251,66.28243691840075,123.30778321001135,287.15703125702225,327.65645650316037,347.6670389371812,317.5274853922977,182.80844380677183,36.125,733,30.179894866117806,3372.3342575668003,621.1104317215434,8.236140251159668
564.8397010533905,416.5976380531015,197.04617650088997,104.79459479335932,152.7742801533988,317.01201849816636,319.36255628835454,298.87850731671386,243.00283341880893,125.6476619854504,88.68060264441544,130.39113453092048,92.00415577347101,64.74349592250032,116.98491503771606,287.8806142030106,333.72650377410207,351.2976269003328,315.583159284981,177.71094849496967,32.986111111111114,733,33.95808269128628,3287.493079576397,627.0687661532274,8.336217880249023
570.3977946075491,413.59118994414075,188.71015505951044,111.70162482840882,157.33161491565076,313.6075038182735,311.1889135480539,292.62708338496026,241.9656529412795,134.00097684074439,76.661975980004,109.6396812741492,79.04235118436573,86.54283199460836,111.37655023901375,264.9445069616406,308.5288297190241,345.3722851586037,326.4733762595542,208.52191651844862,33.0,743,33.054418130457194,3257.705673271148,604.8461259738883,8.436436414718628
558.1623709901827,414.0945709515203,200.354192553423,108.40109991553716,141.412249943391,304.68327786042056,312.41416449362487,306.343114481568,257.8841859221022,140.7788661296449,70.02191047731648,74.22224900837125,56.131863409808055,122.37519425018932,132.39045358568794,253.84424834168993,277.86530338839924,308.8850226846443,298.0927838556124,219.1541549378671,33.0,726,32.653152890803995,3322.2990461114823,566.3015947696947,8.53657078742981
512.1883163726376,402.9726743432053,225.64216265115886,143.82050351827198,100.98052874833233,248.9760359867512,266.4989228522817,298.0391466788568,268.7099907989055,191.41176091972926,83.83443248986144,47.6759610482802,36.952317493377635,149.18598786396944,166.0432765794723,275.10438305709226,283.3154222485669,286.91559107799856,269.27066019211884,190.6001876600202,24.26388888888889,670,31.061296224722955,3456.3528252984343,533.3332984962489,8.636660814285278
475.6790802087454,386.3949911921752,233.12784316906564,184.82907952208447,115.67495907757011,226.75565208199353,231.29678069652232,258.44290559543026,231.91362415879996,176.9860081931913,69.08317484794362,105.37923152696457,90.64937226545193,111.31113612828507,100.86075848505449,224.0784938055958,257.8763665122383,310.4940288439144,305.2911506844145,240.6024484841129,24.26388888888889,631,28.46206134748678,3509.9257780792195,564.4856766861578,8.736678838729858
414.74376257212714,350.11983965900765,231.51351070010787,243.88234835222846,179.63878695679654,258.00026197871466,241.17409814224905,224.65000835236577,193.7740812614746,110.41700782738167,70.39859039624747,120.05015837995953,121.10377159748673,159.78850968802618,141.02206497217801,228.81571735876744,243.89198072377266,251.47765010624565,239.182008283722,144.90846433516015,28.65277777777778,562,26.335466166886185,2735.6404646130495,539.57948563492,8.836830139160156
474.5992876149739,397.37049084771155,259.11760159651,217.72700641024647,132.39137783105625,196.1653633106277,180.79729905586524,183.6406683258542,148.91977075129154,117.57899324592535,97.83737748982709,156.58127750463905,162.40416435965085,188.63248439122057,153.8383644454691,208.65367757197893,213.27879017083953,207.90752417032235,194.757585759093,121.51861204803194,27.22222222222222,626,30.73887416718499,2908.8729030187933,577.7410645662121,8.937057971954346
471.1334159013959,394.39409841278547,256.8868712024929,218.81626371611242,135.18198928334326,201.43022487695598,186.79333564681244,189.2982639992761,156.07213907216567,119.81540547808063,132.89635530747574,150.66384351450125,138.0053616537677,80.90007264813387,48.44133989958106,76.90436259301367,88.14387347959874,143.08425269956737,100.81254055263189,143.56124798723064,21.555555555555554,622,24.96643353124371,3051.6656115534543,478.74443894533283,9.037243366241455
425.6607443407151,348.6127924506042,211.0854785044339,181.45095274391318,102.22915021514619,187.62771683527572,167.87512152232028,185.51383252199034,134.3773151703889,128.73428450202465,88.50843206424544,125.09646415122653,116.9354130114813,101.72926812122904,64.62123107525684,133.0834799864733,144.05177186135123,176.8631701955103,149.12744858713958,136.43997582970889,21.11111111111111,575,24.535969045154765,3581.0279694202904,447.269603100603,9.137326717376709
327.07036058218404,251.77662039412084,123.32765068982047,80.86081673332497,24.82494394990502,115.88234197935988,78.46373174847349,112.38081271307583,31.87433613318498,79.91454546706125,126.1965949485358,154.24401657110863,147.7869751800223,108.51151738370112,77.88109591583554,96.68703789162984,113.91418752158434,131.44707291553507,122.46940669058256,87.16692690619155,25.6,475,24.76548446353184,4158.419246536834,414.54305034999766,9.237493753433228
256.89176692593503,199.15568090450867,126.20210961394876,29.068553860413196,71.01622118599555,31.74040063299265,34.521298595778276,41.557366923905455,83.35875601825008,14.381304759727064,30.13361822953411,42.640886415039105,42.457129128635245,12.028125185701986,69.50078443482089,31.97895657267165,27.76012647001258,26.886849627749196,115.52325107142842,23.14754131618639,24.1,386,16.157258118260355,741.1757124053343,267.3869263964586,9.33761739730835
307.29341255520274,223.23078181672167,87.27643028894374,48.64603172471249,70.69458461777387,94.52626205606323,34.777535993234665,52.668413844187036,77.06464092695089,57.77428796496668,40.36194976846931,28.751131587933582,25.467291711724137,40.80533454932685,95.82733017592905,68.35786753052582,44.206522090494246,23.840769045039263,135.3789257407331,69.62466814080612,24.72222222222222,459,14.796836818173645,882.8573463483588,329.9990113885683,9.43762731552124
297.6792020517238,221.41712721988281,98.78414104067384,43.47586935415455,55.84529826476281,91.43655256064334,34.28211657409161,61.840108432248414,61.75886209744217,61.60513756451304,42.90848958504797,64.40635086343104,44.07423127743002,22.001286715301916,42.947300668660915,78.2413567125404,31.77892510165298,70.67436961651717,76.38906562805599,83.98989885651848,28.811111111111114,442,20.02344873752093,892.2309474554601,407.9836712260487,9.537653684616089
301.1875957584262,220.170539528956,92.16497399395715,41.364151400466646,62.13814290079131,86.68835887451752,27.41944516271193,54.3645650974659,60.78503353719172,52.82283252959195,48.976176911405936,70.74769556564638,43.12487810556593,27.301403087995446,48.90227717838029,79.6717847913151,28.753629725053347,62.476055303840695,80.53193393663884,73.2098911744605,31.444444444444443,448,24.085592096013542,2459.0832028272293,375.3581807020387,9.637896537780762
301.53173417699827,219.3521175441532,91.17088867803768,40.11153770078298,61.72837255004339,85.81292784846875,27.588825137145395,56.02103234069354,60.17833532283531,55.37291127326258,36.189542290094,59.10155765029454,49.087804797922146,22.20083056445359,35.17599660871788,83.88938144132148,40.13389186043192,76.51067444434877,84.71410432679832,86.5728172274806,31.0,452,22.091413543368404,1949.7809432737176,369.093684397202,9.738161563873291
310.33101088342875,201.793468365704,71.30234896919664,14.134922540593841,60.46560395840785,70.52837680337346,39.6518783508985,81.48241264036129,53.13310457117523,83.68758962120474,26.668460611934925,50.06450592673376,55.883765570735505,23.380495056859907,24.246424293176158,87.65998223699881,50.29297418918085,89.45136245321667,86.72210637101144,100.87545538081856,31.0,476,22.975061604196153,1796.1942624850726,380.72425578686654,9.838433027267456
311.0084712228473,197.30355331615664,71.6809948592378,9.50752242685317,56.012734818898785,75.2619228717709,43.290795001856274,81.47018932631798,58.3870762005299,78.5271972584234,40.58698843953357,58.62147070803281,41.71719550804024,12.595788298962276,39.06644558106712,72.48190520100371,39.27529728622391,87.46494475667116,71.3720949756289,105.6919016225687,29.855555555555554,484,24.210193835848152,1845.6658473620494,399.4171567434597,9.938725233078003
314.48628959189057,168.94553325520968,86.41738235635336,24.99163517143558,27.572566905737215,105.22218587067823,58.1077244325413,70.98874690821607,74.4738052525845,48.8028793389482,21.82938533206405,54.92874215422624,60.956161044744185,30.883082011204667,34.42368202445894,86.02877299602574,33.455850483414764,69.4236525104183,69.13909721992114,90.83049158297361,29.499999999999996,512,25.53136410868572,1937.6751079500493,412.50241195892426,10.03874158859253
315.4046262782818,141.08522674955248,112.84073756659939,51.817606880783174,11.30186816947254,122.40048285813042,51.57621196972433,42.823562786804146,56.08897735146715,58.99100034236286,21.50060696026867,55.12702160522466,61.3828201254793,31.46967448643623,35.50891889306542,85.17238342788583,31.48787219139263,69.84960696689932,66.56385562852165,95.01282909193662,33.2,541,26.31684609926507,1958.461936229297,410.70115326868284,10.139057397842407
323.7695273608142,53.5482634327431,210.9026078384895,140.31758705145447,108.25700472490321,147.02441587478816,61.751424791701055,92.29443772524665,47.05571987874596,153.18693095817633,49.57757551149175,113.31692409758053,115.20787807280188,88.71292750318713,105.74191976945829,37.01211095938219,55.155195133792795,132.06309829178235,94.18363647804456,144.77415647652043,32.666666666666664,639,27.1288568267976,2038.2575220936656,485.138601171291,10.239058256149292
326.7154704321943,48.67311992124727,232.87277971917075,157.26996373158565,128.0913685946273,139.57015944118768,65.88537190898052,110.53699901265776,61.84584237885229,148.7976688157078,33.604718407714806,32.79150187007049,97.68633820281913,81.94989036829091,83.77297228231275,113.14084856324773,51.39820648676446,113.08265028841069,62.81475970470887,198.76743215202845,42.666666666666664,666,28.244567098017537,2037.4704638465287,554.0391137332122,10.3392493724823
327.85832779235886,61.81574136224557,248.0979388385258,164.11403190587805,135.86793407969796,118.17915276006286,54.47235631052285,106.74723399017782,54.870649853533344,123.11842434754777,19.989603561962564,45.91737229818985,88.46511106532003,69.97240014246911,72.54495849462707,109.50579632853577,44.21961925742517,104.20586737783033,55.68981743641929,198.0706332302703,39.666666666666664,688,30.314741998014185,2214.980829755973,536.2379767586549,10.4395272731781
326.67852004102645,95.22919583350505,257.209907489384,155.96794978816368,124.23385096858605,87.0305710257972,18.76036993845051,71.26088432516737,19.158105434020403,132.62362938607092,11.990907373978054,53.24672582762451,80.97909738417903,61.95683794153334,64.69767034773437,114.89335926274637,48.396013289467035,104.03849019339361,60.15784406788793,209.0501087628496,39.666666666666664,728,28.626972983335357,2135.3243395673335,541.1262770705116,10.539764642715454
325.3292904833383,111.17876876530882,256.6033397889563,147.02079802677952,112.82391400124985,85.72426745086732,11.64057990840648,61.216727445002235,21.681878418952913,148.5635050852669,38.95799611852035,35.0649306334784,108.1175602452937,84.20496551326976,83.14585532898715,88.24133076413752,22.52933540489397,83.99970064269918,31.941008583089413,199.36691428808572,38.86666666666667,740,29.933571813403077,2069.135210543205,583.4375844717553,10.639792680740356
318.3761616172484,148.0360345807054,238.79362132347137,110.79667007449154,74.52578005932986,121.53295125010378,50.29653645977027,94.91711600487808,58.02733558501122,139.60238554146034,12.434258829042056,49.08295103244633,81.88154047881623,76.24607305233106,84.89763071999636,113.26175897874036,50.16825137001907,112.42750748782386,50.961770717810374,171.46778713572067,38.5,781,33.207411469983356,2090.754433669858,621.0667639849123,10.739885330200195
309.9698352853347,183.17076874435315,210.18805974063065,72.55511387543274,58.27524050058057,155.8789297835983,78.44396735877595,125.42938849790862,69.39974744793786,101.43124013438708,14.410312100755805,48.087921688192345,83.17476585246739,74.21643835823475,82.04998954893968,113.57951809909923,50.20899790147659,112.73370479874929,52.53400780729717,173.17832498475354,37.93636363636364,820,34.29737993643265,2140.714991290757,603.4354914710291,10.840034484863281
300.27714205813584,215.12370884871964,172.7292092169306,58.41028429413484,88.87254199637168,169.23465965245498,85.90504019156981,123.41987871936324,49.638784090136774,108.36306075008294,12.908143412980742,48.49556895381488,82.67510066504641,76.0801090488018,84.07937814495769,112.928529281143,49.90339598116143,112.41209841509979,50.985710404795405,171.9664586462596,35.18181818181818,860,34.06804905357083,2131.0547784962873,586.8566941824677,10.940095901489258
288.6825703374189,242.81551090492948,129.79749634615007,90.80505136396476,130.6917050741459,150.57731226465577,64.2007221172824,83.75610145476954,8.755405559752798,147.40297774983088,12.249432885952391,47.91495674224095,84.1472709207285,79.50248000571048,85.638862545896,108.8558989018995,46.17216706004136,110.66009779028089,55.07119516307336,171.48697617310947,35.18181818181818,904,34.60642762543668,2128.9198734226557,605.5867547040946,11.04028868675232
276.72845403840313,266.34590735445653,93.26300074875041,135.326488719585,161.75307078047533,110.65617314589457,25.844278115891843,55.28958793658464,48.999086299716744,145.18548517008293,12.149386274831484,48.11157591512737,83.79734191344959,79.61261096250729,86.47882967603873,108.4440107753403,44.88284577463595,108.02332366672047,52.55674673355885,176.15061140212495,35.18181818181818,948,35.013135069977466,2120.555839999527,619.6446826355179,11.140571594238281
264.23064625808723,282.7216862488502,89.19083695383372,172.40293378194062,169.67998124332013,73.2293792475703,21.908657540781345,95.47488076471781,73.44078127605529,99.50489823014486,26.320650280696395,73.20053894638752,56.91318418387581,95.38062859928071,113.78095277966368,81.69064931900506,25.816253786817704,109.55050037079913,79.6321018425184,152.41679446469865,36.945454545454545,993,33.352819340664425,2090.9336855981583,587.6358183419189,11.240710496902466
257.3704767710006,286.96380604935587,103.66786528778489,183.35849379151972,161.5545013622346,77.94055611574466,41.74414707293815,111.76072142423092,66.52629082754683,100.42485663626131,15.964100175897947,44.17159354278428,81.8821232405729,69.54806010863273,94.28698344055937,106.5800224440421,28.72474423340386,87.30499314011034,68.94057109423765,171.37061954593494,36.945454545454545,1016,31.71031737204983,2122.5806242479666,559.7069955925949,11.340713024139404
243.98518159838486,285.81467638627635,140.3931554398079,184.01232226722752,128.43474376802698,115.23236411858194,59.12114304826583,102.55955180878237,28.528051441451627,138.02239099534646,15.62000590320019,46.794249447504505,77.99344979311842,71.74898603485488,99.53129754122378,100.50807117395804,22.54788632795172,91.3626117790116,75.06005799536426,162.51088709705755,36.127272727272725,1053,31.23378319806868,2120.710062266181,557.6885690684928,11.44084906578064
238.62775202484107,282.4897320229429,153.0759439409921,178.00605163859652,115.72134319107913,124.7571200630741,56.49058343886084,90.09125321274277,31.242412053010252,136.4617024268044,25.874459822288483,75.71208534198531,66.42340120033904,100.34114125576455,97.26134733463729,100.61227102286423,48.517357542058086,111.29806201927265,48.389235542383666,184.0195107536584,36.127272727272725,1067,33.53722301249451,2092.5899792208666,589.4231651299957,11.541178941726685
214.2152343584625,257.5461162593018,200.63521426917455,130.81529829709976,97.55406387185431,134.0314663811071,22.803180880715047,73.63353120695218,88.57736379549979,78.50150892068221,26.967176706020723,42.43125037496893,69.12840046481955,77.72990395920766,127.25542887640982,67.68520495845384,32.65662099312826,132.56918091913016,84.71732197051021,156.63771411915306,36.0,1124,33.51628973272736,2135.435054161656,637.6105378331489,11.641193151473999
192.22986230720898,204.3417352932712,291.380673088685,11.378863984194012,207.2626548315509,124.67499352251356,111.61557929040605,200.571180349815,159.05122026161558,156.38306760633472,98.45298106316861,70.41457445699594,94.10531540597657,122.3942694937821,200.62796826345692,15.357825269415414,106.89051080726622,202.38966911623893,90.88578678003698,226.92246968700707,36.0,1252,34.95269072671188,2208.6520142087174,713.8913117286438,11.741378545761108
198.0793973200641,188.0160007793543,317.0533527609496,40.309113242014725,251.72625976134762,112.00910580291264,136.4363351672626,224.78010497377272,148.09086436968647,186.665752905512,17.968835051184907,23.545813641093464,105.19413674832418,41.474716494173386,163.99896445308997,66.2611700572763,95.23401598038402,216.34117907909143,163.68493702090277,216.08549258354387,47.54545454545455,1301,42.66858819393341,2124.2703896956273,778.5262954716734,11.84163784980774
209.82867900620525,165.7405257399388,329.6015239015798,87.16022587221666,279.03508606918393,70.07992233672302,123.88172244027997,194.97679822420855,92.33267379725463,149.6881464899719,23.73947150487559,22.337813537860413,100.33972707464386,47.28233102312537,161.49104616239703,61.76658564921265,88.31947951893325,208.52444173165506,158.56797767798363,206.81362152243713,43.0,1353,45.75868411637823,2752.3057417093855,750.3106625110281,11.941674947738647
213.0265352176581,157.8672593572727,327.29613189370554,95.83398238859492,276.30590538142343,55.572626313280665,110.81584703067084,181.12304748340756,91.75845792803572,139.45081256199686,20.395495379966004,39.67891796653733,140.2861214873645,47.258998671674924,199.91067853180428,57.87974432749895,116.98664082474731,222.41959624063048,130.1074965849045,210.44838068693153,42.56060606060606,1372,40.55169062085328,2193.473524182131,778.7452571167447,12.041690587997437
223.07947929156688,128.2288042584888,304.90831639645387,112.03545822349882,242.1448911911938,45.69395763742812,73.56597155290939,175.95814240716882,138.81088631294708,169.83688739381873,11.10912520975063,28.727687488267662,113.24551723873275,29.903944849227077,173.41361375041438,76.38924427551744,118.34534831415647,239.71431988821206,160.83020823983318,239.96084716773302,47.04545454545455,1415,44.558456873201266,2142.981558423964,811.5867668605113,12.141772747039795
234.2675521622415,96.37359829709422,268.3251955881332,114.6719343374844,195.98396302541488,91.35772952397755,104.87361091397366,221.67824146516338,151.97102897137526,196.88422341824207,23.9723882903455,40.03830230014655,109.20512694394287,13.682275691369664,180.08911444048604,86.35932750100274,132.96364542606565,242.47185884901532,140.90215651387817,221.66698597651563,45.45454545454545,1264,45.80738196851056,2164.288112527546,801.0233857426309,12.241932153701782
294.248690353635,88.63028340021843,142.52754736500947,151.1732644570994,135.58286514703462,214.76755019238627,239.7321074217183,317.6090596650803,112.47465857683845,163.6947652214242,92.20466038795365,105.70772413449895,122.96393780013081,56.603464899871994,226.26972857342514,137.5604511305909,191.26811077446354,252.99284089781298,67.77240178516216,156.52681142224486,45.45454545454545,1401,45.42019563231645,2200.2117020677533,851.0265795063982,12.342182874679565
317.87593595250377,114.82128241945193,97.94651111035222,158.99324698694815,172.38471732978033,227.35144883738033,250.2199405953799,297.0455419883788,68.82252494577672,119.60742114251022,26.536145152775124,25.521735560508816,64.64611008947341,58.35102360860975,146.36437644566226,166.3320223957625,221.5029833935731,324.62572410897894,105.40547791238198,198.69988104020226,51.492424242424235,1444,48.75704661538296,2062.4519821315403,918.6680560278176,12.442187547683716
336.0590282888464,136.73591657906897,65.33490714653163,158.34998647604417,207.40857348304195,220.50012921112904,237.74713584624476,263.21894676776947,45.08191900465032,111.79044472604079,26.684503949016655,23.362582745020955,61.92987353729418,64.04257580513533,142.89538447744474,175.21000279133293,232.0136940550394,329.003682406754,92.03195077985961,178.91961907096794,51.492424242424235,1481,50.216986009014974,2410.3283034233214,934.6615035683584,12.542455911636353
358.02708094787886,161.91100829287276,58.772866568788544,131.29650439257713,236.66805098383708,172.25307538920796,188.32812658570913,254.37249873446981,95.95769997839675,158.9951541327444,59.795231864303844,54.11595171646325,23.930313834297714,84.32906670307678,184.81265266350053,156.20337696333658,194.52560320620512,295.3246638178548,126.46819664218272,228.02316161126032,49.515151515151516,1528,53.81718932383682,2177.3945019935227,984.6554053604218,12.642611980438232
355.01237858877494,159.5930954223379,51.09496642132087,141.35130553460084,240.16717712575525,179.32449334675812,188.1401850624216,241.63857019946118,99.31122430023247,169.78692059835126,18.58297339263553,10.59806565769131,61.91788655234882,87.30236654512785,145.4224632109413,199.50405146430913,239.5475208588502,284.26162647709884,91.8735677554123,218.71461930715944,47.79545454545455,1520,57.62511524476015,2409.6018801251475,1029.422518127825,12.7426278591156
365.3945957076588,165.07818044110792,90.53843347870122,99.24133957757887,210.06131378270462,180.55121277144934,218.22445651998225,274.3688091134965,59.39295833432758,127.46629318022805,67.29304593398574,61.782732979346235,42.86297252882168,57.92979650475997,165.95751334144163,155.4188421413909,225.82693088019238,332.11931291037365,77.44033684864087,171.37620436816968,48.36363636363636,1561,58.28895837469388,2411.788454040097,1022.8618537180125,12.842895269393921
384.2323192953662,178.60495658681725,164.55081947704917,66.32249654793137,136.41450060859535,247.25891640472662,289.75614052876017,264.5396917102249,49.6555734965331,163.42803263440325,76.09307884239864,79.18393819388751,129.69757469766097,171.76886067590712,185.36160613402646,250.10702419191819,229.59759475523086,218.3511717008895,159.54965540205623,272.56076644467794,44.0,1635,56.5666581181373,2413.813770413381,1071.2195575635321,12.943215370178223
396.5513995965869,188.94368204885504,207.45654577636043,102.99232167918323,99.9638475043569,289.98211728846735,305.7001316126167,218.93247445246234,95.8812838546402,203.163837601865,72.25453441060907,69.24256731264374,103.60572521625583,62.18508572922221,66.73594972581756,271.69110849652293,329.6070600605013,255.09328976330596,133.0970363643667,297.36826723857365,50.363636363636374,1687,57.31889495706247,2275.925934597257,1098.1335230726497,13.043510437011719
396.39597192445956,188.95930106130098,206.84084302934758,101.95924692610922,99.76945228796112,289.9636423463184,306.328740766567,219.23091522206215,96.11533535926758,203.44725775891666,16.191439109006076,14.549248886126488,57.257853525966155,61.79278996428086,119.51249757628263,219.60983541100745,308.92228306108984,304.1368453390411,98.68887896195069,281.6811651080719,46.45454545454546,1681,58.59714550451778,2521.0333660093447,1042.9893031891083,13.14381217956543
398.97324029538777,180.56602033848117,220.18545455639824,141.20771452826816,140.29446592486593,257.3929227443748,260.64459062290604,248.6381607822073,48.92455057576886,167.55630069094428,16.356793114914407,14.257862052017797,57.52812475628877,62.68884074348122,120.57274420060503,218.20740223607305,308.27010896520943,306.14752958147477,98.48230984776747,283.2995130771346,46.45454545454546,1734,58.13211874612249,2468.0416673926165,1048.6243621892713,13.244053602218628
400.575201204654,170.15488560454466,223.35213398239642,171.58886959352154,191.43880497375778,204.67781549978412,254.14785861281237,298.7631492358829,61.43900436254736,205.03273875410218,65.73495909577444,56.05053646797789,107.15164745391316,108.68836091284044,148.21731668169306,184.4614068049215,263.1584725490887,353.5889019222712,79.53127929400871,290.4227837772288,46.87272727272727,1782,54.81986960493814,2667.8423540177228,995.619169576283,13.344182014465332
401.2430894096888,158.08016221433488,212.37537978268728,188.03176373380967,230.55777053250264,178.49661512554056,313.1853700771499,302.14168288588024,119.43268188033296,246.6569307372982,72.00737483584861,86.35543417476086,46.31987630560102,24.691032983019397,74.22097937975789,295.78611682271213,331.0230044228899,240.02405014697962,86.74942834099846,214.3059573495261,44.3,1729,48.916982069987895,2354.802147322342,1002.0124818595682,13.44419813156128
400.47910370075164,153.90491190519222,205.17805379514132,185.5548511783443,230.97906507958734,188.58674030364708,324.4422060081116,289.0423711720032,118.09960335199291,237.4952480678333,49.86282495326334,36.23460715437472,85.82403546939432,102.8611982513478,164.4132676241356,176.4998721766986,326.68148388676866,341.3679448498953,143.67614797231715,334.76867461729114,49.97272727272727,1743,52.26484599399467,2415.092507940914,1097.6474193355375,13.54425859451294
394.6069221906696,135.75635958503278,165.55764184667024,154.90278001872593,200.31188731158355,246.33582011515657,319.73610732730646,245.55556858138317,62.04718747144037,190.34201923105965,12.755494950196333,16.326720046197117,60.8478973906026,68.34634100480157,126.7914852654567,201.6798974274529,293.2999628011822,339.56680895960363,107.97592017973548,320.057057731071,51.272727272727266,1800,58.650589229511446,3930.960651788584,1093.357996081456,13.64438796043396
389.2505547195061,136.2794019819101,72.0108645439025,72.21568795051992,87.72085834154454,325.08766131144915,210.0386380682408,332.7325825863562,109.34069907991096,298.38567224579987,52.51563809781022,74.45687474972055,88.13703754163348,76.82872801098277,113.44589129745827,196.73801033899102,237.2946905817594,415.05208905161,171.65142847381085,401.2234017589856,57.2,1926,62.10372426779794,3205.5329180388107,1118.1727868303178,13.744654893875122
391.3775476467045,153.66057928439812,50.614950229483085,54.17383983582592,39.66958863991513,331.66390024931167,164.80164709217811,377.943729687384,151.56357133572405,332.3515158623766,0.9815883918756033,22.76040595500667,40.92705231439508,33.630799870102734,80.82942787380071,244.51068648779872,229.2650237384958,388.71692305095337,136.9976224284974,409.33685395859493,59.23636363636364,1812,72.07951196466752,3286.393699158779,1211.9916803601286,13.844738483428955
389.8099396598383,157.0785581331429,40.65203399619517,41.193103239814256,34.319316205885066,313.1007211523075,173.01351509150345,367.9017993083946,135.42023511031792,308.08102797706056,60.564715961380024,48.544874727525546,18.430467523779498,24.985738380253967,26.85454265249148,284.1228603277375,181.24596493829605,432.0587970532069,175.60393270061797,435.8088750710165,59.23636363636364,1832,79.19564302150243,3618.4759986149616,1264.5037389359825,13.944810152053833
391.73817630078514,157.9855900083389,47.43318261103111,49.739305104439005,28.34235852707696,322.40622546667925,162.73112433813296,378.73595400394333,145.92180510491775,312.3086226230811,69.95895878576482,58.01330474598085,27.624545133650887,33.50473736791508,16.758571938522515,287.494928773757,172.5673145215669,441.45825160521474,182.8918082366544,432.99867014968925,59.23636363636364,1825,79.36428878744239,3701.191615839806,1257.297087492225,14.044984340667725
378.08138924299806,147.1392534445641,14.17088314624563,6.025940106409618,74.59024065168683,303.9002134972444,199.5527062517774,357.191178834547,152.8765160083428,352.83024179157894,82.8523871003453,69.95817061480963,30.972174020919415,20.657577688270287,67.59541845306677,251.9172431719682,231.36483367523067,396.3743101266189,187.50990446322518,505.3981479280093,59.918181818181814,1870,74.30098020277961,3612.3453285175315,1226.2783213741138,14.145197629928589
384.4837819224375,153.73106691179973,24.724088027757805,16.750712581064576,60.44577779355749,296.2184627470862,200.15286812361904,346.3693734228322,134.63453287265287,339.0059010919149,29.92918200621692,34.849865310839995,54.7582776925772,64.43972845615735,22.125470416819244,301.0238372279818,174.8459284505307,416.54017788977933,136.1115592583024,425.12459188530426,59.3,1855,70.42054011342174,3577.9884790681685,1164.5753191995284,14.245376348495483
354.53001870729184,117.97593820816685,36.3331666900186,54.61366725804436,87.12628198412331,356.94782489989444,142.43156338783282,401.95622518865974,151.89562060201453,291.25185437222535,28.891140630768373,32.60080867326062,52.84714941309781,62.63069022399009,25.086585676460633,304.4565484044514,169.85382132395668,424.10192935944707,145.49191608820547,424.25520400574936,59.3,1915,71.00906905543167,3551.854116685974,1178.8535229866934,14.345741987228394
325.7092372751178,88.55132104238328,88.82552710448138,108.19968323867758,100.99419335217533,392.0648323959247,111.88240590499286,394.15876357478436,105.08024892027623,266.2064372928968,26.67561127721532,25.66133331756693,48.19721665158388,60.98985672768238,31.437168733218833,310.8081329774135,164.2988509150226,426.018213186294,139.8525192620631,421.632795297112,65.2,1971,72.33799136675816,3576.400324382576,1186.372233737926,14.44594144821167
296.3455121513794,73.47555076883134,138.22905275999273,153.4695667962308,105.36042948462601,387.6717672953777,153.0286373695021,341.348989454478,65.26525032770856,316.77109550296336,50.95102476153839,61.85671910481646,68.7167886596574,63.670840780838404,6.230877534768281,280.33230530820947,184.3986471006167,431.66159445722025,168.49734861290187,420.0783836124496,62.77777777777778,1948,73.09040575312845,3632.5643539087687,1159.1668817319762,14.5462007522583
246.82878841690152,125.2267558790661,232.5803020390625,228.10159083877605,119.88925055586455,297.09180954834534,263.9473308502921,283.0389754361055,176.62649543658563,375.877257001493,54.25187546463023,69.01222562261754,84.26946230596383,82.95417830996226,24.29510473990122,252.30021051253178,217.80698595281896,419.8024207123607,203.9588620742354,442.26938689716707,70.02777777777777,2067,67.50390803200737,3639.455308275279,1162.4683320056542,14.646347761154175
231.9504162916571,166.26590131335558,269.916292790324,249.5968188976891,125.83103231530394,240.33345891345922,279.69420795871514,330.67889784274803,203.8846365431386,332.30466437406824,25.90481765651576,42.8586931438692,81.58915682610122,95.76638646923837,36.338635372919555,257.38477531789965,233.06457721948706,388.50544740480865,204.8073480438523,474.9735230624896,73.125,2125,69.48818609018639,3593.799969314764,1186.2747829271007,14.746631622314453
221.90682832257252,209.78248851119324,297.00517932734294,250.41040270135142,115.29814827833783,216.26912645163594,244.55091273436528,382.6217815738263,168.10801912417298,289.0897336388865,26.65185112669004,44.03341539394409,82.11759244100051,95.44552649372687,35.237230551909235,256.1023106575257,231.54204003355633,392.6997481754919,203.5099991819758,469.1083928214612,66.11111111111111,2188,73.71671906016678,3577.592775081031,1180.6530494119538,14.846877098083496
218.98338536666117,245.16538590006465,305.2824931612905,227.08656385376344,88.29680760364319,259.40394665436867,186.09424079632538,367.76424512956913,115.44447937375406,340.36964652205126,21.82420563472649,43.81716349376872,86.36100778952981,98.74174605686909,36.50785384614884,253.8148456330265,231.0367885871863,393.8375612189369,203.55818610612943,469.82060049258195,65.41111111111111,2247,72.79834333933033,3569.3390821490775,1179.0250109219103,14.947123289108276
222.94468349213827,275.70888264781206,298.54739387364174,185.15519042606226,53.215265321440924,316.7985761268157,169.4716275220532,310.61713152918793,144.71817817206886,374.9892949309707,23.239911198919017,43.96458692264144,85.08712377549422,97.40767974099326,35.47083137864514,255.3943559375663,230.33306152240814,391.9343407751559,202.9700484422095,473.2664627261631,59.8,2305,72.64886284814625,3572.881840633101,1177.1436062592866,15.047137260437012
233.73899253599765,300.9959336950148,273.9501973641057,125.30970450438699,30.630077882016103,346.34289790981717,224.97189123540625,285.3248872472316,199.37777199756746,326.18963399484966,28.076227291812348,41.9883125676255,80.63032549541335,97.60214785453049,39.57457108699932,252.48234748103542,235.52765453893971,395.6667680213744,204.7136552677384,466.66696492884677,59.8,2369,73.04328519937846,3581.938087930842,1184.4712685893196,15.147250890731812
251.29556795452754,319.96485771985914,234.41385282246037,66.61467904733367,63.81315659634189,329.83436035862854,277.02105763013884,337.3555818471131,193.92015932642175,286.17599677072286,21.216987658275933,49.03955222254607,81.98453852786032,89.55640200844707,35.270517865255975,258.15897841774654,242.72776049923704,395.28914624170494,210.7242335719373,458.41017784620215,65.4,2430,73.51212136547407,3575.6963145353207,1179.2436587075422,15.247589349746704
269.57841412422925,329.19037159249206,190.23980029392192,66.3622749907516,95.24033055991498,282.85208588227727,280.1240117963329,380.70917093748574,141.74820763637362,331.75764869958357,29.607403555120047,38.62273051975082,85.214452455133,99.3549234625331,33.089758382215464,260.6412397463782,234.74247811149067,386.1390037386228,217.08094349535267,455.8150168723643,60.17272727272728,2486,69.79278040126859,3581.072115511503,1162.9767572502833,15.347898483276367
271.18490922205467,328.07168863675537,183.4764594786251,72.8978532562397,94.03229574237066,277.9145242502586,273.2479399088908,375.47600308327543,142.93987910018535,330.1687933428517,12.669443519244094,70.392928051459,92.9961916823146,60.55210243922578,40.49276734476095,279.00392005190105,285.5816028689982,422.38842956861214,217.8351925240533,434.81455644182904,55.66363636363636,2290,71.95522934809048,3542.043752354197,1188.7600229280633,15.44827914237976
280.8296178934518,316.68631096512854,143.49792090564122,114.32631402130282,79.22521572325124,269.60373616777724,235.57524099445095,333.89094611997984,177.11833240309863,298.2055803698313,43.537027452650186,98.57969372616355,67.29529654734655,70.43961540150578,60.18092103074985,245.2928265608754,246.66302030947514,392.8208245090896,229.91173322735048,421.8159119668394,56.63636363636363,2334,75.76053772805176,3511.5875071512687,1167.784230089807,15.54863429069519
295.35424722218175,288.47534243183907,111.78486798553489,164.56745094659883,42.837881597923044,321.19747540514487,252.20229452862353,322.7802799489258,214.35282378607545,272.32714291232895,58.86962017636708,101.60620550036867,39.39511789428115,111.18245335240991,44.6300192647242,290.63286572533616,255.6021106449328,368.035344889954,291.1930105970636,373.112289695955,54.972727272727276,2394,80.35553489852296,3508.352646971067,1154.1628257582288,15.648794174194336
293.6535775481365,297.4235232245406,109.41793606626901,160.89485206370395,54.64480392723498,310.32940711757084,238.8285535231638,309.11300645982124,226.03047709355096,257.5334427619341,22.16587628141574,71.67771094456522,118.05998759091625,32.246817783844776,72.70387182300195,234.19940123405456,230.1517692889653,359.2812845860199,283.951966922038,345.8768057517986,54.400000000000006,2383,77.46819350252136,3597.5912372617404,1077.0940834279047,15.748899221420288
300.48447654215914,241.0740335108886,154.47614722373575,158.1361622311755,19.69272287634744,330.6126250809387,280.9978924699125,358.87515058859015,169.2914353243923,288.5605874054348,15.754771704022387,69.0452585992651,112.88560487061953,37.81761430088592,67.35262601104533,239.26010099278378,235.17790732677216,364.12885017590963,279.7632378250679,347.7852711391315,60.8,2448,79.09611406757165,3596.5393886277016,1103.3580150558157,15.84917140007019
309.79243066756936,188.54593291148473,211.25677269449392,145.0455870919302,77.4526881800473,308.4366361972759,272.0151862498112,347.12064360822063,200.65518041532098,247.92347103620875,49.88472849623657,95.95539366500253,132.5204611502612,35.05687114538907,90.44417711172787,224.3314385328785,214.11445234638714,347.04432738136376,288.0471831463623,362.61280504681093,51.19999999999999,2510,78.07341456607543,3627.5171265797517,1103.0909443414641,15.949548482894897
334.1140247782992,91.58283274372191,307.69032160546317,112.22562491008998,162.81380558496684,214.11010435916498,182.4732772729884,248.1374456715084,288.7267310181933,190.98575702208862,22.79795173013148,66.28700133548219,129.31773329233528,16.522644713347905,93.63634466004143,208.32307036181953,199.4113417165916,324.4244356090303,317.8000151845296,332.1965595022527,51.099999999999994,2606,76.56122895440171,3579.392084138385,1091.4166516507835,16.04993200302124
344.3865691417489,55.92805825799894,336.20679385573055,98.6084639987992,181.10318752649334,183.8019202746306,152.1576927819421,232.00320121521824,283.3503446433254,223.2468187898532,24.38515927997887,37.93500677741279,134.32938606673966,37.55896304965893,107.42165523967452,195.9685263726012,189.11888608062523,304.0879573791028,346.9391614216452,303.4589267706385,51.099999999999994,2645,77.80555058082163,3522.8077122760183,1112.0600978048242,16.150042295455933
360.7990777920081,15.699796025754637,368.84473869110076,64.79646416666152,180.73816578508763,193.79181090535846,173.50763887186088,282.93204474571235,220.99637104655417,250.7280031290378,77.10907819863083,17.534040867949308,191.83226904938766,59.29103395128633,158.96221462031272,161.75249421942604,172.09957774113968,334.73275861721595,274.682592272752,375.2530790830905,47.19090909090909,2704,72.49355637639641,3466.4918853822355,1051.2663049462171,16.250189304351807
356.79769221193305,17.67420844563101,366.10710798817547,86.22711867766832,197.50070452676047,168.86600252573515,147.63962272835016,264.63200616028035,226.06571019783027,273.44366643182383,6.634679239875917,66.03806141306377,109.9160148983335,72.15938101722631,135.50705478900156,158.64928458996823,129.1679786913807,250.23692522526343,351.8956998733132,406.31574520784625,47.18181818181819,2682,63.99791461855365,3536.0534031379034,959.2421549937824,16.35044503211975
360.80679275205836,59.97249838513163,345.46654606119756,19.288840256382375,128.94560341843476,228.3874354142718,184.27996763277636,240.104209511495,289.5213532769646,249.2491599841721,10.532492833867867,70.19515003028317,105.18145300024659,74.8583103440432,133.95775557550297,161.86250631068177,128.8808113384429,242.4006334742415,360.2397990451254,411.85772201907406,41.27272727272728,2745,63.430669189158536,3479.9636375104865,931.7767622994376,16.450709581375122
364.2715011185118,107.16707230653289,319.20851233870303,41.536000413350784,95.85461549637073,245.01872371099822,177.30474127245674,193.79684397343215,319.44336414846265,293.6571597871163,13.436556103726332,49.70623760379088,122.03387497723398,52.54748491058411,116.9012648554505,178.61630228770812,151.83660936947007,250.65526034141305,371.0019517273339,393.9744656736309,46.363636363636374,2799,63.04253432088268,3445.3750390691575,907.2672659310257,16.55078625679016
367.68172407845907,166.70722793121098,267.6011120793488,102.98482178534759,125.89824567387122,217.9519412190875,120.79676480316154,176.62912063734527,277.39393830541496,310.9304749596666,4.5054693018041325,63.23178111867024,113.76924745552328,68.43046548277364,134.40036991756952,160.14407816089224,138.15541219212093,262.4080871672221,349.4140843740176,383.86285145324047,43.93181818181819,2855,65.9803517557294,3594.975772461568,910.9218370686965,16.65081763267517
371.2332181733493,217.01131910232044,212.698777260154,150.02229834368885,181.81992233723722,166.22865868723414,77.5403590511751,227.3179345549639,228.94151386316514,263.0677775127801,5.049309859706684,62.90416712933301,116.33952071146592,65.96449658329584,131.8245774792861,164.6617482458563,142.46071388598233,257.443477605961,356.52154758526615,392.60556681919473,41.81818181818183,2915,62.439367016279476,3768.0871349878303,940.464397046093,16.75092911720276
375.40882151470777,266.3806327990545,153.3718437571118,187.08172274102543,231.8107541506466,114.70261407381807,115.63294701445591,272.0095127773614,256.66989592918407,234.45677721846707,81.39158648919673,99.72276721358558,62.995439346455214,136.21620199707016,196.23931446921495,83.39866356834963,120.9396785248171,341.80451453831483,328.6505414109397,311.8909169104107,39.81818181818183,2976,59.82470991187188,3611.737934688671,899.6161072671741,16.85114860534668
375.67822033379684,253.54696685687802,168.93340027688393,183.37136021603385,225.73767100906554,117.24760301611678,96.18287641667287,276.7089210784429,236.08836498836462,216.897268919051,8.489808907064894,38.61740513411231,129.3332227865455,60.59508109802644,118.43538293482908,160.29485283827583,57.52748309295197,304.5661617064998,254.68800404389094,287.40604822166716,37.68181818181819,2953,51.73763297861153,3447.2533651659946,804.460213252515,16.951153993606567
369.5202039724605,269.3104928961607,156.4648126350686,166.48771796046407,206.76672757402534,148.23126768214678,105.84576131545256,237.27095715174775,232.240845935535,239.06020123447718,19.806238181811892,46.98930605828465,113.56965679802646,76.58211641009406,135.98244417807257,141.6437097375191,71.4911607791529,309.6042396601729,276.9346843156475,299.42691210757135,37.68181818181819,2998,48.554912118816446,3374.425973701361,780.0075006144627,17.051242351531982
372.2132068905588,267.3673149263513,154.61237014234604,174.84205345114523,216.29101669840875,137.93049778616728,111.40883184091848,242.00184424182711,242.20777285959323,245.52136486304587,79.23321325635175,105.59730929789005,53.57481165260286,114.48359485155004,164.47255840552396,143.48664937191447,122.13224203369896,264.9465943256453,300.5627428615837,340.8178191874368,37.68181818181819,2982,53.80056363947571,3711.049379884388,844.3956190278418,17.151390552520752
355.55466104901626,261.99901684535445,184.86082396714903,132.62897205658297,179.9591625680904,151.72420419613823,73.17795146963141,279.2607355289328,238.03635527000165,228.0443163458728,24.45238252727258,40.84707953965047,111.94703377247954,108.18525975642241,175.73692064559293,94.71394819882123,116.8202461042358,321.7558946980492,342.3105905885355,361.1586110378707,40.90909090909092,3027,59.858087002565995,4575.996475530504,953.9645686391101,17.25171661376953
337.92946378585157,250.44649232136916,224.13008793375437,107.65620107905772,177.75818209570687,137.14713731161592,87.13882844919424,307.55665047971917,278.410503284962,267.4635525859917,78.98838223642622,105.00064261999367,109.96440475148373,39.60516760914791,111.43948438518845,146.98843007697218,83.10896040239915,389.1465539999663,378.1519149150934,393.20061436372475,38.45454545454547,3069,58.02684672760918,4917.329056080221,892.2131067937617,17.3520405292511
352.8227136989763,264.9374532060406,198.7878826751493,108.48303900914331,158.86237878396577,162.12503973636575,60.66234700884541,319.6673215619587,272.56652572716,261.9653232797934,58.94294242508493,65.25281781061506,87.27755410089021,155.56274546566442,179.05061824446287,182.5985114666471,67.79624293719674,347.91926058224453,281.1985873090952,303.0981638428642,32.52727272727273,2957,47.61957901890486,2740.206419077348,774.3009010139027,17.452319860458374
302.74478796752817,207.29824240859634,259.0061119767202,160.31371469187164,236.94138666538265,108.61846416646124,112.2817735972424,243.82031514318845,199.98151777514587,185.25482268075723,29.92283033771949,49.3492006613614,95.51372853804448,118.51228106228966,171.58217855175295,138.77977674510987,83.96665062850599,318.83184597445677,272.770797042947,285.70368369138157,32.52727272727273,3041,47.00137212485342,2427.528719093463,742.2939975189738,17.5524582862854
276.74555568718733,174.32922716081134,281.29770272658993,200.64142042765224,268.28584730677414,129.82418478825866,117.748179856044,243.98945401485514,178.94846513232773,179.60419721591308,77.19971259424473,81.3191448573916,168.06296991926374,140.65410260061418,239.91517121327067,109.1480175437771,161.19045557321937,259.2602556703043,195.14197304826217,228.15827038923885,30.39999999999999,3077,42.308009267151384,2565.3401335642247,682.2430085893479,17.65254306793213
372.9232228321241,290.04101187484054,286.84814548649126,123.54719465261874,278.2638487471646,13.771852689326048,220.9882140492035,128.58576288843236,102.69756450896138,59.43448074530767,91.5602254729516,105.49249168746623,178.6180817891733,125.36655293404029,252.5762585773953,61.22361421134416,227.5666184391898,169.4482256886734,114.45368295990369,123.97723181004265,30.39999999999999,2960,41.04100829699255,1958.0956543388534,694.9423627073468,17.752782583236694
345.8320926762339,260.79843581179125,268.1515060078846,119.26806546065087,252.51738806710074,29.876862343402895,199.68693327748275,149.7188639286962,132.46009442078505,66.3647048182979,71.69878366045083,119.39125835818665,97.45862536226079,24.65305178563767,195.47384623042004,48.79460997584941,275.7054809304184,110.8611407133098,131.39491672832352,36.55285356378915,36.14545454545454,2986,43.08350318243179,2675.369765951524,739.0340084092554,17.853111267089844
284.928754231569,205.01094478777085,212.69046199560768,94.38594094170926,192.2219437005875,73.45959775639969,230.17493257548134,136.53158497807283,147.7324014493183,27.41042037210697,77.09607260761481,125.8043651271071,101.91796608341556,31.23228576606656,203.991420473659,48.91899605900099,278.562732850454,107.4810995694034,120.64938672856177,50.8574657688267,28.709090909090904,3053,47.89547559123578,2165.4551371774887,739.4366285203141,17.953519582748413
218.93304524838095,169.1680700966102,146.25029791016172,71.98409409500204,172.04347462862404,111.86828774287457,297.43808012909,78.45177540573101,105.33002872742837,41.35402544472962,34.72336128443925,63.681096887998834,69.929535547994,33.94270973545731,142.2385522152589,91.44812351255264,304.15096990955124,92.25425910008376,133.2530471570393,49.93835608513139,28.709090909090904,3117,43.1765304752882,2046.753872791795,706.9745862505345,18.053673028945923
210.0369887406068,169.50150508515006,138.2061691016966,66.1659127693004,179.38298009400137,108.81695306319207,297.70331730319845,73.5248985342236,98.830400242382,35.52830956291141,32.994187572578745,53.85767619814006,64.98036485309255,40.30537003587702,137.66430287531267,98.0667681378024,310.27717617128576,87.2381995429157,129.12002803246997,49.62826457281547,28.709090909090904,3128,43.09097538054567,2032.4378932863372,709.5570703846016,18.154014110565186
213.2986616296033,167.8194025342731,139.68562609781557,69.89634775043467,175.8904244477521,113.08764134784319,302.3200498058593,68.81183953811198,93.66332745717548,39.77057258952681,32.91411113823311,46.43601116641028,59.56849700156775,44.779697470762216,137.0105857803532,103.885905939838,318.0312279289227,77.24444650414914,117.7764140626587,52.696655826226845,28.709090909090904,3124,43.32914395818166,2011.9216759244919,714.220674867903,18.254251956939697
227.1624248617631,160.956768893279,145.6285021095109,84.1034115870637,164.46543522007568,127.08932354219097,316.4754715717372,54.963869571884516,79.79487879088646,47.97397615034705,33.98386779155232,39.53011925472524,53.07358388263022,47.27576300008986,140.02124285177942,105.30513514608266,320.0936039427425,74.30100372046572,114.52968989223791,53.75162649192715,28.709090909090904,3109,44.267845174604815,2029.5221439950824,715.3038671191043,18.35438370704651
247.95442983307004,144.9854367431303,145.42161929777356,101.13543481472078,166.8215125351859,135.0568738562089,321.1849588691045,53.679645273061006,82.4110594230365,26.885201116901367,37.84312167420354,34.893351000884486,37.51524300402163,42.154769560469035,155.26170766492746,91.67262784865255,305.7181009574135,88.79827453545873,129.03136650694177,49.872394696415675,28.709090909090904,3088,44.67191762894565,2003.9251734390573,707.8936610524372,18.454605102539062
228.41847785987744,165.15739544385937,155.5122495312076,96.2574244109128,148.97300608131349,146.994070069157,338.5620261601375,30.92077949802497,58.43638013658955,46.86486722815451,29.916761001535804,49.31600572059189,64.02774439309157,47.29876588049516,118.96196171795164,127.90542897744857,351.82517032794294,35.49568775164168,68.14487095056559,78.12885459442204,28.554545454545448,3109,41.06688084190144,2081.510548909395,720.5465007745744,18.554874658584595
339.85721204436834,38.93993602653918,86.09919503271776,119.88850581407605,282.9193830799363,13.905206383005416,218.49021519140624,156.53585793840293,154.49674500078527,160.00611085004263,84.96661121677876,93.51544752483574,60.3526971219915,48.09438537562223,198.5135989181174,101.00524407132458,321.46611646887885,133.40346255857443,120.66348407587081,196.0672078555068,30.827272727272728,2978,43.4951032973389,2018.129492936464,823.8592851867836,18.655061721801758
373.1499829164314,15.002990814477087,77.48188447481017,131.31795719462914,310.7008192446641,29.524249681221377,229.60195244361555,164.01633491548571,146.0640413588461,169.50420610798147,48.612178435609415,42.57273833068039,13.187718367917899,35.383983842573656,196.81262345591094,50.840659564338,273.54145616370204,147.25572822663327,156.2167402093539,195.08611472899756,39.154545454545456,3774,50.88688415280823,3591.8738274274983,859.4834667587013,18.755669832229614
460.44279235808295,114.40365251000112,81.50676074020957,108.29176158665032,267.42620950346446,116.68643232285262,314.0199618368357,78.82410571958488,128.92218922370068,134.17081708291306,74.275898145626,96.38917062901007,71.79446941840952,36.834574627289555,146.943467570258,70.37811806171165,233.43887218847087,194.90993236780125,234.31459908959698,268.211868765761,39.0,3656,56.75291402964062,2878.0242631987257,931.043647562275,18.856444835662842
450.8178697443176,101.86811338683349,79.99045646056818,117.164767541119,282.50565915164566,117.22242546697522,321.3474732231041,65.85912568065473,113.69113383698463,117.14284333861457,79.21343674580788,39.45065976531444,47.46202243941433,79.42372250757259,216.70680775045992,115.92904051526574,342.83743661113795,74.06679496855998,156.29232728665409,173.86897245631422,45.654545454545456,3672,60.97099097669664,3571.7042399091188,1056.0402130511084,18.956581354141235
504.77793754351256,174.54766212694895,96.86111935982923,47.651372215424885,199.43771742347704,76.09933904273473,230.95961943312676,158.23891150580252,137.96116606615143,140.62224162837524,51.66752438768908,70.18765820143066,50.40536005410499,65.96009109398888,228.0622186457987,37.083017803358125,277.4264231388217,144.33193000335177,93.18703219182179,114.69610781152937,50.50909090909091,3583,67.12746206516181,3781.819794831319,1113.948884854657,19.05658984184265
549.9513677321465,236.78118441591616,137.29686531680463,46.72151801130563,197.63925011705376,48.75246987656825,189.6003579268948,187.8086266749336,94.47017642342084,84.23067146869687,50.76940862063349,68.93992423270628,49.18610925512051,67.49662530779506,230.37794909311626,43.177990506934975,284.92508663599233,133.5802512639202,100.01594132316721,125.6630572683963,54.56363636363637,3498,68.08304038985378,3621.0391339454636,1043.3402184310216,19.15676474571228
604.083217751783,309.64850184861785,194.9035846791284,123.1130240611018,280.1323019113998,85.57339359315897,258.0728324487168,160.48506239459712,3.7450148368470013,38.36840072244404,72.75930550029501,79.59596337934117,69.51899186461547,61.78801624336673,216.93526476294988,55.15528933642936,272.2432756106588,167.99006169231765,24.21313262416717,63.90961816541543,45.4,3409,62.494709794817325,3422.0700513080337,979.3285796673731,19.257142305374146
617.42648703788,326.0262645734722,204.59124384763842,137.8023291342996,305.4658944822337,86.96801186139666,280.60659661068826,130.93792119058105,28.638470633871957,60.53225775157992,58.684361218080575,66.67905354437352,51.66852037323264,46.83385924328039,206.1172925386186,32.44813738733052,255.27897758424746,176.90636257487756,42.680741581972526,52.263172440989294,45.4,3373,64.12249235876324,3349.62147347437,1023.735937424057,19.357145309448242
638.0440368298063,349.05354440425384,213.62443677870328,154.09066172443963,333.2643091228179,78.50935146296773,291.3417546835286,106.8430045114639,67.18704863289142,75.95403728310357,37.83733676677667,38.970321517209285,3.815312158812437,14.299893631293278,155.59527673993392,48.02782197010846,211.00086409570733,223.13525237452828,34.44051006073319,33.39385868057322,49.63636363636363,3329,60.51943480518618,3381.4645067029323,1003.9737507731336,19.457278966903687
672.4954285682276,380.4311901451162,213.86731789669057,164.20788311183364,326.19754802421306,58.60371186605356,219.91229350373078,199.6331917938466,93.27554215546809,42.284653519705714,36.89783005639937,37.71449022054167,1.9037733506390766,11.610274906612238,155.29957654606187,50.31999416155039,213.56564622968224,222.29291112360806,29.871275601293117,41.72565449129384,48.03636363636364,3230,59.79558708001341,3444.1754017855324,986.8301677482809,19.55734610557556
705.9101513702212,406.98118350120967,215.21437196665343,174.5738755823218,276.21826508746545,100.32161010930069,124.30050834622058,268.237845576348,98.75654948349339,76.12545053647442,37.10179645176451,39.922180497762746,3.8423566888094705,13.28745739203274,159.4618687435657,45.30378174081368,211.52445782978222,223.74586108058787,35.9776687524898,34.51135484821179,54.300000000000004,3130,59.89100623505073,3440.8712251419097,954.5413406894688,19.657370567321777
737.7753449114317,426.405490688463,215.35582262399726,179.17588200516778,186.3555057625065,143.2899821935935,144.67961067498464,251.46452651716712,69.68972458680528,96.16125107197811,37.29715245475921,39.66384358139476,2.6693915674994524,12.998230085555882,156.68999999471345,48.65369071045635,213.16166377766834,221.6450075763368,30.38478486250519,38.10354665719674,52.56666666666667,3033,60.90705934945396,3410.365713914277,963.4302334540588,19.75765061378479
771.5391668023857,440.75040808384136,218.6580763254009,181.58824104514983,78.66830056521358,168.55454791666924,257.82763573541166,148.9475512434341,64.21520980725593,79.84737720766198,35.27667224451314,24.62248471236958,16.219473536996542,5.8697406606951255,168.02019446704566,39.044248636855016,225.27216141373,213.5865016569144,44.05187777871341,21.577992682495506,44.49999999999999,2916,61.18807113324454,3385.730681722005,1011.2859573097766,19.857914447784424
801.3052784642616,447.86497150826995,226.30602516107652,183.5822757668627,112.30060214370499,165.37989065228268,317.36311738821644,90.66344772216888,100.28878546834989,61.772253205237654,55.685145811235564,63.54876136568408,29.71373700970407,36.83335191124797,132.6037207263687,76.1620018652792,256.62999064677604,177.6679750512194,57.85650003208028,12.600931911039423,53.39999999999999,2811,60.7689215892709,3441.249468411592,996.0208647821573,19.95820665359497
805.154176986539,445.73667258517105,223.91342513316445,178.39005358068354,131.60473585475864,154.27622672612242,310.83436741114855,108.57867098305282,92.68727398137796,48.519922884612825,80.2556203674713,94.7775875299494,61.82218529580341,73.88028708786258,91.11792946619887,122.66776917208958,296.4642702417961,124.03212642929641,103.38010594517966,75.65841289265208,50.68888888888888,2792,56.1224299996405,3472.3908547410238,1017.9692656350801,20.058323860168457
818.9119365465065,414.8767075471253,190.63383339957556,119.99747663495647,222.11150877236074,43.754076510125586,201.45180580354796,198.37128683279388,24.50823204133015,77.24534220011878,22.81243938370553,41.813023652549745,33.76263184112879,57.44384273443131,114.0551365255001,125.26885060136952,265.16158138403637,146.9652198739795,111.97811148480847,120.46991463842987,57.33333333333333,2681,62.18667418950435,3399.563111969991,1104.9872138703295,20.15872812271118
830.5898232908849,377.77222686144677,168.41122008838772,86.17867596574081,280.01413647007183,84.06864170122435,153.0726777488289,215.8380903475462,130.60891672920278,157.70179933460727,18.96513059581115,41.188427158739,38.01178309708526,61.91290893827289,111.79890794098024,129.68190084260607,269.2529450196157,142.97976197140568,113.66972215716935,118.854045144421,54.1111111111111,2566,66.16699343961585,3397.0133909852398,1117.7309128436448,20.259116411209106
840.6540685051943,336.4611483170863,169.90162372759207,121.70235717604518,297.4126505712175,193.23873281939578,258.70604533956777,151.81794446115092,178.92903930364145,149.3098467006759,30.111260261040883,37.142759851601014,26.522451932505998,53.02560362833019,124.70727522157112,132.1723188753397,268.33967834229355,140.94552460149148,129.38403558692278,127.97915143488281,65.66666666666666,2452,66.75218303285973,3416.673792567615,1104.9402113470264,20.359538078308105
846.0825646686508,300.1131023067831,186.85982722395926,171.1683494232479,269.6473535181652,246.6265948165114,336.65459681807414,52.95045656164309,139.0465725827383,61.70646232353879,19.09830372209131,44.22699349964292,34.19139566189726,54.079379350153836,119.22166836320652,118.98088744920351,255.0023130685163,156.34123453144622,129.5337193229027,142.5257025052446,53.0,2349,64.37025117057027,3406.5134404592427,1101.832608356432,20.45969867706299
846.2528682400487,270.0854162095759,199.32405589006726,198.02272284040694,218.0342656444979,244.77233072761442,339.1909021421636,71.65820832097573,66.8974557433606,50.14251021041298,62.84012189688317,37.957767102829784,24.874372370943412,56.677972545231164,146.610037596412,158.46418796338259,291.8010977458779,115.28729216835282,137.0880284237398,108.83008759679633,54.711111111111116,2279,64.36557083350041,3445.5185067947764,1148.8477213695453,20.560028791427612
841.1785235100025,224.35393968372503,217.88565548195712,220.995837626515,105.09256262879777,178.7140267417048,253.70059378947914,180.85292380517882,113.39055194681731,159.94582269530937,18.16447418701023,54.59491730311592,24.87177181222052,28.41597442703177,150.60961257134818,121.73492601162276,254.13282479878492,149.42655295273164,175.73012333599286,146.68038896815344,52.199999999999996,2163,67.03888625741402,3399.4846767637496,1169.332579301482,20.66043472290039
833.3729849611375,196.24338959913104,241.39042255357765,230.81942090143082,61.83214989559772,72.5776579572445,145.46371789835703,222.78472898515616,207.29498113934307,175.78831606708724,18.62626300604259,54.189626526634534,24.800796072572712,28.362478614692023,151.04239610149608,122.33015814460371,255.31599648203522,147.33099687272775,174.46644386446619,142.12176308068175,52.199999999999996,2048,73.88931226640874,3406.8873847332543,1154.312018440457,20.760698318481445
823.9012848359695,199.3041671325218,267.0460522727851,229.25019442698067,175.32525937233135,51.00180479344117,180.40737953406344,186.54699313113363,215.69028422047708,97.0663583332962,27.97991510364275,43.05859027750039,30.85962273777884,39.56100238360901,145.25318415623633,109.93674177082285,245.05275932948362,153.85169100485768,188.78950202648426,136.9274971240871,52.199999999999996,1933,73.07509371877853,3419.200250775936,1142.3081943181892,20.861112356185913
812.4135287316327,223.28650766391627,280.96039900317396,210.20619254983882,261.6963454543614,146.94385492830133,280.40781700667713,90.32142270323726,130.41579455515063,43.993422032304196,82.39770339783401,30.093810126646016,85.84158916280673,86.49365816091722,170.02376841960125,112.4161818142609,267.4846352347364,120.49728450741725,171.17357771834057,93.34575021601313,55.48888888888888,1830,69.8374534735608,3467.0725527631002,1094.673006565477,20.961204767227173
804.652835906815,235.96907414439931,279.5178774341888,190.90288361305022,283.43129097276926,174.70790677721962,302.74366701636995,60.96915617628598,92.73487702973436,90.35601424880609,30.09768494848998,43.29637300725297,30.871636078742455,76.29097909158959,105.52177372394286,54.445247407642505,203.41466818938792,182.89619582349852,233.61192269450606,71.63582049640729,50.55555555555556,1784,63.4045796510978,3401.054077548898,1038.298113978885,21.061317205429077
777.3434164380509,265.999339791813,250.83908543407387,112.53320905035315,273.6062093159204,181.50712094817698,252.75183314955015,168.85015264019327,190.75974952675884,128.05105271850755,29.975446624034237,43.043012266720105,29.83611987730344,75.11287110221625,104.40607785270976,53.32421840042824,199.60772868950525,187.89582105061726,240.00597436283473,69.94751034443773,50.55555555555556,1671,62.90935399241285,3404.2264940359923,1029.006747640761,21.161396741867065
750.8278074287525,304.4001740176245,222.59710299217684,60.72673931319296,228.68369833949268,159.97208073435849,152.6671945600552,245.73998811143113,267.1205225588839,106.2533436015608,31.289805883645705,39.408063418354345,30.45645994042559,70.62260430005469,109.67180242613286,60.03620101841129,201.3611071456395,188.7423923601268,242.21908463835237,81.66828331628761,50.55555555555556,1559,60.727389301126664,3382.8103994126027,996.4147574710273,21.261788845062256
720.3333104455809,346.3267671274821,191.8498450382369,102.44590505599797,141.66025836772994,103.72484912722074,95.72104023709178,231.8840672730784,229.33554070306295,22.43687983097708,30.838879513133538,40.762315399523246,25.185723748869695,68.86008231715647,102.95117476655238,52.28920121533485,197.50154545563035,187.10116058477237,236.05997210118963,73.09719133247022,50.55555555555556,1451,63.46757265411813,3347.8090256298656,993.4130432651114,21.362194776535034
693.0607135636255,381.0165808080841,173.3180157948442,167.3339884825127,48.27313029988956,58.3444488603273,185.80379592921122,152.5099142162752,132.92793027937623,78.72857685532975,31.944272689587514,40.27333583766906,23.35748134492099,64.9152220506858,101.58467721412457,51.00495154252135,191.43260682455065,192.55557863680554,239.83746974127519,64.18459904793527,50.55555555555556,1348,63.69886970905408,3367.6170336326754,1003.6319589055303,21.462579250335693
664.3068280778928,407.4543000182466,162.3064065494316,217.62156708468535,50.02983487700865,68.88504431599631,258.9913827435926,82.37844514172966,138.1561649782415,112.06004098602746,91.5753805819193,114.47216091770196,62.367845330378394,122.51070287411275,38.90761317492504,50.76947442430478,258.6820575486194,110.18228628404574,185.84354834531922,145.0453069437535,52.888888888888886,1256,58.84497739419961,3543.688300720952,929.4912808569574,21.562593698501587
656.6968880953114,409.6261051606947,157.54537930859175,221.14168644870153,68.22327331602189,71.24248845846101,257.9397567437871,97.13018524492189,157.283225107897,99.93626609564429,44.71100181847129,32.098334399685974,40.92991173232889,41.8293590535197,70.78787942816695,35.50135894987318,194.91129434886838,151.8471054403027,140.3977801652278,156.09714839976078,43.0,1235,53.575900586071455,3540.6987261438444,862.1420508993313,21.662890672683716
614.7347233238328,403.79855236076827,126.42139745970813,203.96401893925668,137.62827191776358,75.45951465518027,178.55768555088272,184.34187789903768,180.5737392867321,56.8894594206755,44.65494375701329,33.45505621176916,39.90676301519961,43.35813832148188,69.3966648456583,33.50789798755061,195.8083060337423,151.2775491862853,143.00840960359068,152.97575130373247,43.0,1139,52.34796809643668,3590.229447338931,865.9140003957142,21.7629656791687
570.4622758976767,389.564785278558,118.19996285875168,169.18558535400817,188.59799564652405,106.89047194669679,99.45888769997663,205.6279209908367,117.5279255623415,149.86291595423228,41.8116906795597,43.832926245820914,27.455583199128387,44.91200797409656,77.17182611050772,35.52161088890099,184.65724344472653,161.03680095661772,139.16282108165186,159.7370729606422,44.07777777777778,1047,52.32159487205986,3538.751593989105,861.2836616012391,21.863379955291748
533.8676184689242,372.1530658741867,132.62719984704825,132.36899250500093,207.64712973357422,127.07488510065201,141.5260123562249,165.4953710319203,44.555685738633564,169.4187812144392,42.73917226538281,44.749208129689606,26.410320210299805,48.284298544556684,76.50338423692999,33.602320453648076,179.64621230663582,168.36362414590667,139.37099864633387,165.60522793050345,44.07777777777778,965,51.150915179174504,3322.2413769119953,831.3369979020845,21.963550329208374
489.99205768689933,342.09394167396533,156.8174883688864,81.14297313460808,190.4306410604791,119.28692875702258,222.6312280084523,81.03509648740032,115.90349340647617,91.92524825988625,39.83925905060989,47.119097642964675,25.423995208889522,40.79738666424004,79.57004726751951,36.66205933634981,187.6869935926061,160.12458258077717,146.69086384638842,153.88645919053081,44.07777777777778,885,48.389399853204324,3235.845945592083,808.9910983447432,22.06379008293152
465.4810743916399,321.5026927823703,169.27973740192687,56.98476902489594,165.06953996703868,101.93717808545433,240.43784195686058,87.075650625054,148.0681510954658,65.31236286483005,44.58135186557811,67.93941483158024,35.977534228227384,24.454553231338394,105.31614643561353,66.00210406594486,207.59181924198126,128.1166654893922,148.4774200498718,132.27629115505925,44.07777777777778,833,51.35905217312582,3748.66787565265,841.9329604577931,22.163944482803345
424.90707247324724,279.80539508061815,177.0880234162956,43.240297871833505,99.18778084345207,44.93792475261498,203.28410455328032,157.47980302595454,121.28589049842462,136.9125838854897,40.170227444567495,57.02658610499357,23.364726657092756,35.38622468527435,94.06303028953393,52.92572143889669,184.5123279289339,152.47027390916483,124.3940853080304,163.95326490959667,47.75555555555556,767,55.79363274063101,4691.7897299990545,909.8700144381469,22.264410257339478
390.2404081924094,239.69447293209478,175.84811757539296,69.0063405905276,51.83691807270853,10.126063206353507,148.58573240967715,174.25918818715516,67.79293455545495,148.08602625541363,71.11268726938363,81.79364240871509,25.86411606523713,76.01470609305233,143.82814840399465,103.20048643613488,225.76784217080777,98.8663364066846,176.4308651717533,111.54620886840974,40.077777777777776,712,51.741468944774184,4972.41657775411,846.8254521193701,22.36455202102661
327.4592768701066,161.19254643670362,176.74197951840145,142.26243391116913,112.7124330889508,111.37810687437437,125.26944330922134,138.07081912243245,110.41445280915721,83.03021119695964,58.86062038347752,56.77780198467852,91.36700127770571,94.59435106753493,86.30296956162566,106.28679282419098,124.76875305203441,169.18345845018723,144.97679836306816,121.80472783794144,36.388888888888886,603,41.40458235714075,2009.1966410371106,680.8544596628745,22.46493363380432
330.25921552474614,164.80525708665044,175.542850531853,137.2866235292408,106.49249390667758,104.57313344816633,121.90970858473206,141.52029290013678,100.67556560177094,91.17577286544447,37.00969443125544,52.6832795911436,47.23973942677165,42.39586479115557,62.25276720180897,52.10952826732455,123.87695757449953,188.77753523487954,87.93345945166779,169.32615629192648,35.9,615,39.20058248182759,1965.9879434297236,661.8140773714889,22.565256595611572
305.0489672889239,131.5608487787763,157.33705771047977,136.5566925184952,128.05338095758555,98.59639781625289,150.5771353453805,123.44616903255357,90.00888051070368,102.1413253233751,52.573947366496206,74.67621610973563,51.92278777988416,25.980204864351574,37.939447122296755,49.56052153366475,95.89888807473216,211.34980283860318,101.41759620453702,163.73005834077824,31.177777777777777,574,43.29349340321356,2813.7447864427377,721.7402633967615,22.665408611297607
249.58218334683838,58.56786718461683,104.14892129287614,112.18865113357711,140.02584007981932,48.24444743513516,152.41825478400278,190.66125422357493,24.023736464726312,164.35825692354868,49.60757905097986,21.176518241076877,59.12172428203857,82.73494804385152,121.215724202012,55.11608053037599,172.95684067904534,227.92048463551242,17.22739780676036,245.51533510080048,30.666666666666668,505,39.95789651310277,3367.4046900951926,651.2715793326713,22.765522480010986
271.57666844284233,84.43427976523867,128.39933078153055,130.67683492801916,151.52051411886256,74.4531657875939,173.59615405983521,174.9385066731461,19.159270563137653,178.57319597340938,81.32493817158732,105.59150643905465,101.32087270774724,93.62114688750542,92.54425928882121,126.49720638317338,193.83340392803936,112.9133118820426,117.77261495969971,247.18739369581178,20.38888888888889,530,29.443904842311525,3806.2058597488826,507.06016455651707,22.86572551727295
184.5383470181829,51.480936639871764,28.191181054976266,32.94066678623139,61.41726598096193,64.95100388365476,92.14092602545264,135.91927929183566,116.0313195071516,105.70566963878163,28.36792095615574,16.939784770968043,13.730334825898584,20.1625695156288,46.61635922551691,59.369040254563856,97.38523261114672,158.93488575566957,150.10096580754643,150.55307829643192,22.069444444444443,430,23.50546328248752,1890.6450248652843,397.86903311947276,22.965843200683594
186.54547904645338,49.70331923844071,29.884128160013304,35.20377994588087,63.70135834638778,62.6867991045014,91.08599017958093,138.18389560844787,115.56077585604314,103.61481371800869,28.90388595518349,16.060593458676966,14.715984315860426,22.15389954383407,49.13967503383693,56.3978058271817,95.72325351374273,162.79975408727972,149.25345416339704,146.28603649232014,21.0,431,23.416493775570558,1880.3636242441953,393.16819709511446,23.06615900993347
185.96315468673865,50.277292833578834,29.651262756782515,34.753011793990545,63.28459232254984,62.97209879171387,91.71419208493715,137.88513854719147,114.96652009121647,103.86377086725776,30.113279266743522,15.333907935187915,10.833386835951284,18.878062251865014,45.59381804316027,60.23325538770377,97.3338734102686,159.04314192022133,148.47379138187327,149.84128010136078,21.0,432,22.956623327223618,1874.47862920226,391.6699365540165,23.16637396812439
190.25290173727433,45.925485719826796,29.68196230258463,35.951850125270006,63.406968313812484,64.82745116982142,89.4799169787546,135.15540416102678,117.54447135573868,107.73261335598855,32.763991054719604,18.69414491993717,3.619242551736552,11.350081843823784,38.496106014283235,65.70746765149528,104.35435206160936,156.3677788785424,141.87247716368216,149.66683758956887,21.75,435,22.479856587966616,1901.3079799169243,383.5695289609892,23.266602754592896
204.78186246265597,32.033386926751646,27.271140926074928,34.193348493321515,54.39654381306975,79.18989219981349,98.85690231897557,122.0801291957073,107.18472273478739,114.61105943215725,33.66544130476862,19.10125362205786,1.717603650121198,9.60414783761455,35.863876124564996,68.67927902899338,107.38199949327104,154.06455312222116,138.05913824283562,150.15734805413138,21.75,450,22.475877680454538,1941.6434983339864,392.0239976084208,23.366966247558594
216.80421720071678,23.445366276452813,25.99402444162734,30.57736298199151,42.847463627268866,88.54965559282807,111.03574019767751,122.6526007586767,96.03155208923516,105.52890033176871,33.33019941935589,15.890512914755638,3.524432790753506,11.685657854431385,34.618496305185644,72.14421837542832,109.85000916199009,150.41090912513994,133.43893054829948,150.32274246909392,21.75,463,22.469008346431018,1925.5466544921405,390.1466129354403,23.467223405838013
231.40525721088156,24.53002593483016,24.196927267526398,21.702480528872385,30.779512472267495,87.02525921627509,113.90617613524421,137.74684299725087,105.44604917919715,99.02147310877493,34.15198250260292,18.91564222841199,0.5710834829320157,7.836926707387071,34.60716372029423,68.23458279856636,107.39585030884167,156.50188307044607,140.7018532143192,151.6340896953159,22.75,476,21.064450170135505,1818.7734737756148,384.69019652166065,23.567503929138184
241.33281068068214,32.06567539504906,24.824209942026332,15.500355976941783,30.642041964181576,80.30312451323978,108.5639573073666,144.7984630425436,116.56671960312543,106.76976262132436,33.66531513448622,20.651586241504685,2.566775070508496,9.752536467196153,35.54292471949115,69.59341370766876,109.14496749010283,156.229473381656,138.83905404271044,147.36104834592945,22.75,490,20.778674239340113,1715.7291772047292,374.8757279568269,23.667876720428467
261.38520268480585,55.040598413082705,28.837171838844206,11.86467555420598,52.964350906525794,57.2711694536733,85.75855494381193,127.7912550899018,110.3575243423523,117.32883560151554,37.54902371691371,43.02661689303537,27.05269900821789,33.58741745420356,53.60607692851405,82.52409387880715,120.67335856532718,143.44353399686455,118.0555860386842,127.26277432125353,22.142857142857142,510,20.007813595849584,1931.3604700006586,360.930468648466,23.76821255683899
297.603934830467,99.4338646479276,56.90205149235047,50.04200885133477,94.65799353268328,56.437648965715844,86.9009831146026,86.91457551056443,67.2281935301188,88.68993372652868,37.679854379166294,41.86614517609116,26.062765375021037,33.196864975492836,57.84292917316007,79.48859103657662,117.8095757599016,135.3320856928697,109.66345966207318,123.05747175476498,22.142857142857142,557,23.390103289078226,2458.970551505101,359.4170598452963,23.868586540222168
390.1313947989313,210.03601375870375,153.1508737364616,152.30857323534556,181.60998617141522,170.25588366562425,201.18618832993786,154.803994803444,111.6498481146439,62.849233675377995,53.6250012284614,70.32773282848957,63.15608369384562,79.46317410258455,103.43497762982406,142.59686823369964,191.24855917355632,187.5352380728694,148.9661677502254,107.20850801194385,14.976190476190474,671,17.594457372450176,2744.8541639622936,382.74694454741086,23.96869921684265
432.4303991608585,258.16812401396766,194.06479786891273,190.13055254323763,203.3010869195617,207.6184777614459,231.6462135526274,197.68476708927932,150.89957483249054,106.37944906552214,90.96618684543013,102.2125639530767,79.956931567112,69.17288865635349,44.366708318829204,95.24334984740251,128.37333471886362,135.5953618345011,91.1661931496343,63.72558173241581,29.999999999999996,724,19.271576024231948,1161.886451809775,332.76164924273394,24.068732023239136
461.44822398810436,289.36503376352994,216.6294382476966,205.7628687774946,200.32311491780013,211.99990201123336,223.78691645713957,197.59696568886696,144.41879006224332,103.84216823888715,51.2364650729022,67.00402993094046,62.99497609695424,82.87471406516303,113.61749340614081,150.45818300626837,202.73123440340282,197.1915940228965,161.00155566155487,119.09764765865721,29.190476190476186,764,18.574307416032283,1070.1992103572525,406.3201993837606,24.168983459472656
494.6263571728401,320.8122045659506,230.48701435737394,202.35745501148565,166.47172975536873,178.17509476838472,175.55626387255884,149.82148180398192,94.06143027104268,53.35427836776883,51.707545208465326,67.77914403330584,62.89806533513862,81.16142777679339,109.79490834470394,145.78489853988688,197.6729354143468,191.0794758410666,155.88338671937248,114.05537621741658,29.04761904761905,812,25.683449988355875,3248.1090918098525,400.1598313573165,24.269320249557495
580.8355716429792,395.723663767764,258.1123378909646,175.02055907422954,44.26793132937669,47.376852658663466,118.36052836301657,114.42480480961174,147.4262957365763,143.36357883963132,89.47403947331642,75.8981306686251,32.388406906269324,32.85953176926734,126.8151666360063,154.94811975021616,247.45013744456264,241.87147330558196,229.50399416716505,192.31968303581118,27.333333333333336,945,26.702062361894612,3310.2781177747743,488.94429172458536,24.36953854560852
617.1201701023426,423.08490950828286,264.1365214062158,156.79512247448918,13.373334848390867,43.880558071593825,171.84047605491085,171.7564612895754,193.403919439548,172.2344803105396,87.54234433795672,121.42887437661163,111.34137167659742,86.36859800328467,14.00638140804127,46.51856362789926,177.07459728043452,195.40825047738258,239.87312858212778,231.65756127727332,42.166666666666664,1002,28.797102037978966,3533.8416437576443,514.081784394104,24.469632148742676
669.7134903655475,453.5472604780564,256.8497710057395,113.57972289438278,101.55972513114821,134.2372004815141,244.39107867954868,220.22299980505124,181.21227566956668,117.83662139901982,75.82737912592893,39.437196432664265,23.133519717945806,79.39964642347732,120.46615471505555,133.58601299826648,151.31417595321653,126.63818164511756,146.61624846172043,166.03610168003593,32.5,1090,27.922688987507918,4068.485823084873,520.4471472981871,24.569754362106323
741.4026642392829,485.6380631815592,239.81042992341239,89.86717903897006,207.68427422632482,231.99641505471436,267.0931897213306,189.80512070765204,64.94985958011556,48.81093756489145,74.06574932818067,38.252819467719725,23.493547625690947,78.68424184712424,116.51985891577775,128.5044449485902,148.65613707701812,128.22960641736398,155.20274120453107,173.33356281043555,43.76190476190476,1222,30.41840901163348,4143.907295483582,483.3053035933948,24.669975757598877
771.4208174619669,493.97959372163865,228.71639918638033,103.24381067323105,238.1879634916286,249.55228168920817,239.36993116109528,141.52477077985864,36.9767068799917,105.58314543938468,79.4306910600061,102.59909662725111,60.089294473563754,15.475185954767818,132.314834156576,174.91039646231278,226.9305313712198,175.74758288718692,90.16500494750629,109.39044935435436,43.76190476190476,1274,28.479550905456673,3887.455098981825,566.1399548948987,24.770097255706787
793.8501017222874,489.41708533316114,204.23273013959496,107.45683194413762,233.6613641278211,223.2833848053291,186.8098014623247,108.02339550228295,89.95089820058759,102.71779824665067,76.28960903478004,98.48166825067878,57.903510076463796,10.781193044654628,127.0942776700892,170.8416063870419,229.74872663285663,182.94390708513265,93.07202024903654,98.9210948119315,39.57142857142857,1330,37.26791741388166,3900.1438649714305,596.081852955972,24.870177507400513
814.9990206961082,473.7716969824186,166.13535528353384,109.0461651646013,200.68698624539792,167.163538962025,166.9826549615755,150.70993830319364,118.35236100855617,52.40474632722066,74.96947699556875,96.52858972882062,56.50540828106305,9.585345827174839,125.18059320639247,168.8310654148528,228.97505755865998,183.52527960883558,95.77500955480257,97.461266765598,39.57142857142857,1388,38.201627844793364,3925.445493740295,597.0126263582756,24.9704008102417
831.5404880732586,445.84057514043104,116.76466704866704,105.62288282266785,142.61002457484688,121.05787853545843,220.53703805965787,202.6698146113523,90.10009708764488,49.27481728987482,72.39367447493716,93.83881543890828,56.62114295247159,6.267977844211957,123.73185900594855,170.0430982698018,232.885535196234,185.45981327694733,91.13864877629017,99.96597773906147,39.57142857142857,1449,38.92409354610289,3982.4311055275157,586.7376952600182,25.070574283599854
841.7520424031659,410.74371379698886,65.68826448386295,98.7268915635449,92.86571071504459,146.04934025252018,266.9547578735803,199.90913639360392,34.6150511003694,99.2732659104263,75.19006496162206,96.24458531169618,55.555955512580965,9.447251375286644,123.51290628564206,166.8864606656048,230.07398706173845,187.05299976488047,95.03808849572582,94.1591192214212,38.89285714285714,1507,39.392054518322524,3976.657861186807,596.0060575386686,25.170748949050903
862.8414139079424,306.91397065967374,79.82944937163242,134.28499402300997,155.71273712293277,290.92007020564336,299.46528624400077,91.3963572340393,145.92351390576763,153.54554770366556,21.8650586693293,102.65347378051081,134.62767790795877,82.216186358954,204.85894155524534,235.56444114712417,171.81873306181333,128.64187026611845,176.41931409378,76.79481363114401,35.0,1649,41.970655088506945,4044.873635959839,699.6979463198513,25.271100759506226
868.8534965384155,260.22346960398613,133.26325924812636,157.18326246416157,213.970695101155,327.69605345954386,267.0098515999481,34.381596905801246,174.21779904763693,121.75740542697143,73.87315263661209,70.55556946292276,60.545986027557525,40.80461591015405,144.04797720031328,238.39093500239989,251.5822422119666,98.9166289166315,163.60989551076318,155.3865804715236,43.47222222222223,1712,46.408961313643445,3935.277018918818,787.2133032814149,25.371481895446777
871.6952308902544,188.24086362099786,200.65271550542536,176.52737923924687,274.3466500226193,326.44337571767915,184.18263181293125,89.89395571383706,139.66377992701103,47.175312787664346,66.26496001436237,69.57329564609577,69.8889964976114,40.495330031190235,152.4224914742373,232.66334239664727,235.77950842712445,109.78922481018587,150.05985224829257,137.2012757663259,48.291666666666664,1790,49.353461730658665,3907.404674277321,765.5015102812429,25.471781492233276
868.5839845359253,128.45249733695914,241.42593976759474,175.45502676894233,286.95322397394614,279.58264143867353,166.60707147210212,136.68257936241025,76.87717920826289,105.18687685054283,60.992804341923936,75.80200438650618,64.84526999130034,34.43951172854701,143.8570880491663,236.26648874868468,245.7542527611102,96.89063112334058,165.4919916558447,136.1294423271896,43.486111111111114,1618,47.515594796412316,3904.068071561972,754.9537654907059,25.571861743927002
857.2078562534148,23.654950484367976,322.5364145998929,174.94677509923713,261.320050925999,134.7215348587189,296.9875833332234,180.64552829059375,164.24567076541175,208.91792412574918,11.943022856118,135.34873573433833,79.96764323961378,35.15684820188629,78.34571814987365,235.54019235434097,310.7764745454531,73.12326686650974,226.09766499366245,164.51693202416507,39.44444444444445,1759,48.31315269937188,3969.2724157904636,820.6483859413936,25.672261714935303
847.1124498486015,147.2423287137432,384.9632986600001,195.99691949969014,201.97919258567336,142.87608925971165,402.36797534543064,158.32765651911146,264.253395420587,182.69611087845027,10.312412046962613,129.90991023960228,78.28373439272875,29.62157603222545,83.16893881436941,231.658164369641,307.0145709627913,77.47151064895102,220.61023956561556,166.80938029456232,45.333333333333336,1898,51.03696553536726,3967.8230578642633,811.833983027715,25.772417306900024
838.7473161489565,223.58478271764454,408.12134838166196,204.50206462618814,143.98447253722057,223.98280751817893,406.5921011726577,101.71934967813789,249.5603329310079,104.69466668306758,56.60124024537203,78.2643498606445,115.16972152849533,49.74661526237617,95.48929391791522,185.52898377090327,356.1123575617981,113.69928490553825,273.5373497893864,194.33825465365072,45.333333333333336,1974,54.0238984898171,3914.605150662226,881.6993422172947,25.872766733169556
824.2324818825335,301.5551427344659,409.2379346111867,194.15090410651314,56.9693690670948,288.31287686236334,335.7936627240717,25.308003091187743,159.8652972401675,115.42580513587333,43.6730067685718,87.03741474638895,101.50378869814637,35.743033494528845,99.95524528036476,184.60564797620995,344.058113190645,119.58081530272193,266.3386430028951,206.99010438327292,41.7,2067,54.20111255288284,3924.8694227313313,896.7648278388033,25.972954273223877
805.854264154826,370.2770430154206,388.678561523213,169.8235643765796,40.00833108587472,299.7694416718873,255.58120811893832,107.54256810644432,156.17090586200655,195.3821309567936,66.28773660956836,86.45397197144928,124.13656524856373,50.51368804019907,74.84090312796599,210.06455641387984,322.7660906069149,112.1703655364912,245.60953463625583,222.16686660090866,48.5,2154,53.20323815908503,3892.7154826709457,861.5465315902329,26.072995901107788
788.2389713222054,413.49188668201134,356.3953393512655,139.52254785630655,103.90680958572591,265.3421455602192,262.00309874944486,148.8670944545555,220.97981828731557,188.79086901526517,50.71389536690766,79.09869891924028,114.43120169773998,51.72440330532317,84.69257635533472,203.19517707470055,338.9400785779283,94.5329292409141,235.99252656104835,212.3800636524885,44.02222222222222,2096,53.339779860393065,3913.4537164981693,844.4532064646379,26.17323088645935
756.7454464576293,463.84433660298134,286.6026965045336,84.56681544085188,178.49968942173177,172.81408310419508,354.36261103373675,139.89376518770092,245.89351039318942,94.67309932937295,46.03509759539797,78.1511320726418,110.90254088201745,53.66333880224914,90.6567659869018,199.8306095457527,347.5772553690579,85.23072450204204,230.55415388532603,206.8656141526882,49.41111111111111,2193,54.21061114128,3924.3224199303145,868.5482214966569,26.273425340652466
722.9094757052252,502.24904371152184,204.74212906212492,63.61259909961747,225.54354156481304,118.60752920567612,416.54415830122366,82.13768594548867,183.08419116690192,125.5766730148505,46.504690863465825,78.82643881711806,110.54043807429453,52.188409162194915,91.28445659390763,198.1001555636306,348.66923059123116,86.44211572564757,233.10222500875284,202.68438281142318,44.22222222222222,1922,55.849032842294946,3923.948649716244,877.7205650193464,26.37374997138977
684.6661424597698,528.7119953198808,111.82905567451876,103.36978057787783,237.80966145399557,188.05864156023182,400.54185602869956,11.617168317231357,108.20043371607967,204.43903248258042,46.08644320149312,78.94181416886038,110.13852648832663,53.23958287662308,91.18985118467604,199.85338292667248,347.294329323963,85.85399690594976,231.67342089735496,206.36289666863325,40.2,2016,57.53317962495393,3922.5861650389993,869.0261838724247,26.473902702331543
643.037695761462,542.6994725969757,39.96081137852223,159.06547701916827,213.99489060812667,277.78702667956696,316.3636811035009,100.26385200521382,184.33866061746414,185.85627774059637,45.608850982363336,77.35584490596989,111.72965041171338,55.582848276971596,88.52994528240627,202.28018999229326,344.3076880817461,89.26493483182007,235.20656695087243,203.3618322373562,40.2,2111,56.916922726836674,3923.3886267742373,860.7184968750689,26.574169158935547
599.9212066952091,543.6795918594671,108.92820492107417,205.3975267889297,158.91754696441947,324.0016006477945,241.6319814697427,151.6989298877913,251.41635358172368,92.82958158213306,45.41460418496809,78.05133564007146,111.05119962209811,56.10956166338631,88.32393917409108,203.6368748010804,342.7022895966478,90.83266081882405,237.17350520834526,201.69099146605663,40.2,2204,55.70546784272332,3925.548782370618,868.0020560992293,26.674206256866455
554.5229151563631,530.9558364806608,203.30684032084378,234.0946710934046,78.19204112926737,308.7515650116097,284.2773832828873,143.71263198556593,222.36793367940146,125.04299762875732,42.83848071836462,85.16026723403441,107.32026083883898,64.11320705586523,80.82780806243358,209.01642952326566,339.31890206841746,95.54396490932103,238.65489629428447,200.13718233078237,48.977777777777774,2299,55.18441115099553,3921.9886401978765,869.5463933081203,26.77430295944214
515.1059892652457,508.5494476070305,274.9188345022783,238.43878429802035,3.0318624576136917,248.7400189221215,363.03672523976627,88.1737375782437,143.29828277618333,191.71223779345627,44.166562435530686,84.78518767472642,105.29598514944878,62.221731978243845,83.71712012755745,213.28922811423516,333.3438232749069,102.06487762420136,246.34684083695996,191.8755248509772,43.51111111111112,1298,51.10083128658229,3925.090618329953,868.2729491639029,26.874509572982788
469.4731757496854,469.9055917049963,340.61392507264753,218.9240379868412,88.69404629890842,160.2526832675852,403.2449503383213,16.18032391982649,149.84211037518685,172.39989152769573,44.727297922692465,82.92416909613759,106.2861279050775,59.73537451660877,86.24733665575808,212.11068001013234,333.3727824504149,101.9685333280338,248.19459645319196,189.13437620486658,40.0,1388,52.896963294176956,3925.1933190241325,864.7998217674055,26.974860668182373
423.0850208011407,418.1432021688613,389.6990085634914,178.57904466335188,166.5182157805703,148.92872327271644,364.82361621239215,108.77624722418082,241.00639673631466,79.96417665395118,45.961927946041506,81.04096447784224,106.28716546020262,56.750517527544346,89.66230583934986,214.36081216071247,329.4323425674894,106.48950471806263,252.68066796639027,185.56704284224816,40.0,1481,56.77250893814056,3924.477098643666,859.5161360033169,27.075103282928467
379.5459761403013,356.2143047855756,417.84488515631745,124.88085349638108,219.77450820751568,236.3460591414498,273.35885937046874,165.42759440348468,261.19899902659927,117.51993800307463,47.43051957447163,80.58910965550544,105.03057626547556,56.3056651687686,90.14118038835711,216.27019293675068,327.9294463409964,107.75113014488862,252.93543050777643,185.9274087441464,40.0,1574,55.330691741807925,3930.328310688892,863.5461481723639,27.175390481948853
341.8353964284361,286.98184087919736,422.1764834527912,71.74026155606845,238.0185482053348,312.77835160242864,227.1839258693688,157.42514857329388,188.4217608573141,190.65644578412264,42.99104325120623,78.78454520508498,109.91913561840937,52.30791798806374,94.51163492093195,218.16421434584615,324.04418093789496,110.91183482746018,252.8195615267473,188.22872070913667,40.236363636363635,1665,60.16755764693711,3933.553470292113,863.0299819532244,27.27551770210266
316.29735728694203,226.37766126303933,405.91530146685886,54.75870733708052,221.23028416644857,330.6894053105802,280.01374383840476,101.94625738983689,136.55779708987143,170.7582360722874,28.90897960113001,72.87609843399558,126.694436368927,36.92163193397604,111.33002449279267,230.28097240230983,307.7566998087285,122.80665638149203,247.836056125053,203.46305717408652,40.236363636363635,1737,60.041615779984845,3923.9498329046855,878.3531441372033,27.37566590309143
292.08864256678885,146.7093378886125,362.6724608087604,91.39007219013827,164.69493067233932,291.75324355057745,360.5785820926394,37.9531406025433,207.20846256355182,83.98935932789335,39.78602258900603,79.30762080012029,114.94838888263511,50.49621045369074,99.7462822429926,215.66299035817912,316.19910129241754,125.24913490084971,264.1221694247817,193.08078585089658,37.90909090909091,1824,63.421461770516565,3930.994985738107,890.2003745459297,27.475674867630005
279.2672827521834,69.978378772783,304.3491921326423,139.51727069684188,89.52507753485314,215.92430623045448,379.0522005020635,115.06990772064987,263.4749651942748,126.41816176064289,35.584561617572255,75.51580823461069,116.19995130055555,48.26726787316711,98.50657441497167,216.26762329856942,319.33662622779264,122.48562248463384,265.0756028488398,190.45586990759085,38.022727272727266,1905,61.39334708946129,3903.8839909604376,880.7063295584679,27.575866222381592
276.88410717420254,15.179973751626688,231.11772012798815,179.20872307259793,25.0854044601638,152.1625002693424,328.75305436800295,168.59703251957848,234.50467491410885,189.7872277659384,30.521066479203178,70.37722073686102,113.1953288608647,51.99024823401516,92.83020007350743,210.1032845634439,319.15357645751425,129.13519569830652,266.48873316619574,197.8146724978528,34.91666666666667,1985,61.053771721079514,3874.7185476007244,873.512089482578,27.67598867416382
283.1560286982507,80.48266006150396,159.78239616594195,199.1629978788822,87.69821237516801,179.56335797471178,257.69413573455637,160.05044657061694,162.88345250961805,165.78802000824817,21.886161792268442,61.98286468734482,107.49130019502067,59.44703306073085,86.08523329655135,202.95698870767757,314.7015713245006,136.03940446173354,261.7587974406369,202.37679145922965,34.935897435897445,2058,58.90200968600659,3848.3027353511493,869.7852169198782,27.776007413864136
294.74130675669477,144.09366149087452,101.93351798785845,198.53691276723583,149.45543809996113,247.15147443472554,245.59486007826385,101.01093744663162,173.22214748086984,100.81503920033835,59.092260862428674,51.73178818286682,37.9183463453207,135.6525808118432,123.1691347355923,230.25169536590724,245.14590583681843,119.9679763827303,218.53576282126937,131.41931572047557,33.91666666666667,2123,51.384916888058655,3822.704581283702,796.1667720222551,27.876423835754395
293.3897747837491,130.7729170742217,108.58084232862176,207.7820684731373,144.41842321301195,239.46529971859354,230.07961493243246,113.01978541605376,158.4495913813341,92.7875080554918,55.96572404740479,48.54018072408319,41.369467438903236,135.2587546889422,120.45911517462976,227.2775740339645,240.50232154236988,124.04387840101101,213.76115113660074,125.29558425774685,31.288461538461533,2111,48.65963208575444,3552.015601402316,776.604583746561,27.97675132751465
293.2302355214756,128.28843446310577,110.18830568364025,209.90675723713014,143.58870172633257,237.83308446841562,225.64179761721297,116.6953010394916,153.62048929692276,89.16894408294728,24.863814837976296,36.80638069123993,120.13521908352737,141.29264075840817,81.26753244260728,176.83078743534995,178.00142355960097,192.9209884650271,158.10370609602526,87.99096980629689,28.33333333333333,1822,43.25603816256853,3825.6255062897435,686.0075080102615,28.077104330062866
284.5505100597104,159.06062391083282,145.27221671737144,147.77467919747608,87.20253636994536,177.88535567260945,233.17774043749506,179.1679980613209,91.43298438116925,109.92034583413941,22.101622303888036,33.69775826495116,116.51219819900366,140.53289641785554,82.66807882498948,180.09802446707437,182.57197932258765,186.2382056792121,162.22563304296995,92.40940131837593,28.33333333333333,1891,46.80693907545698,3754.321094727011,714.1318443628022,28.17751431465149
279.9589546729037,194.12792536258937,211.65581780781747,121.21243365107368,22.944736177879545,125.85440623166501,184.47808095659482,215.66822846193057,95.971783860357,61.06970769849458,64.83348877016978,79.36933425511981,101.51460880353714,54.37702472808314,9.387234646536747,94.05126020178265,201.3930489638874,274.36886884541775,117.24031232774036,96.3802066201631,26.21969696969697,1957,42.428241454598265,3238.045300526084,642.4247654069413,28.27785348892212
283.0202219494193,186.82558306420606,190.22708659333975,112.92671017105978,33.249599642584826,122.71687308918995,206.79827138410067,228.0111703456525,73.89974782353352,83.24515290090703,16.466353319080774,7.626023961132278,77.51800667215055,119.00791331019683,78.89885920090369,161.19119637744225,255.17987662014292,256.48472820511154,55.620639444360776,168.02245652228717,24.272727272727266,1935,37.22902420732974,2927.2913780190347,585.475996516416,28.378254652023315
270.3256589556701,192.43062160231054,231.60731319353485,158.2903895041723,61.749756067726686,169.5657795917757,196.18827640881017,177.90479296918318,83.68687222238636,109.9879861362617,64.00282460609127,82.11096862315303,125.34302163863113,97.52366915411592,48.71111118664071,157.142563416348,185.96899252073416,190.63514601370173,130.24870791271522,156.84842166861358,22.09090909090908,1989,31.226573781738956,2839.4970304866215,511.04703674001644,28.47863745689392
279.79544977195894,196.17050960638792,219.51551955104873,131.18165227312517,35.172730130059236,146.23693210586168,173.35143634976689,178.6180745691239,106.5006445273892,91.08883899302853,69.03854770179679,87.13674901091632,129.2994688546833,97.72975420020603,49.80716476587995,157.4854304842302,181.4914310949501,187.6332388636962,134.95244531613662,155.45499554035553,22.09090909090908,1960,32.28457866957308,3046.1936918513256,505.01136963100373,28.578693866729736
297.5060122207887,213.768884521939,224.9151172657324,114.04292492363105,37.69069869197698,151.1505337737013,147.89991427593824,149.82901491230672,125.49108544906957,118.55574961534667,34.863630772619615,48.668669364878916,63.42521295377074,22.70722138328757,39.05722910323471,103.06582362172998,110.15739028345624,174.19488755330104,213.6067549082753,189.8187262854552,18.71818181818182,1691,25.184236958552958,2194.539004046562,421.15844761594894,28.678983449935913
256.55437143991435,166.35659907509574,190.5293233658291,121.45846109472268,27.18168892586671,96.66336985090838,150.06665645597374,194.89649839441915,168.88986414498868,110.8941857991878,35.536767573372465,47.003527363689386,58.08052944386405,21.699687482036403,42.683481115150144,94.87655800091171,105.42808302687732,179.77007971244026,226.1131616823034,196.87733346773666,17.454545454545453,1749,24.713520307436504,2152.015914987701,415.18163644381593,28.77906823158264
235.29853262776564,139.79525205540514,167.38072531074752,120.43880142629467,50.90059027245075,65.65983376625907,131.85815548954537,193.74683315519138,197.3752135133598,143.3630735719626,27.260258482402616,42.297071349731986,67.28075004988281,41.941948909558675,22.631259043077236,89.13242779055089,128.3259589339688,202.80962493090112,222.6929746015696,177.33118862071643,17.63636363636364,1786,21.527915105625283,2109.366327113371,404.9753000032823,28.879363536834717
205.026516390875,99.90497119464524,127.23450841058644,101.39082270614055,71.33920841497118,72.14755004774862,91.04468906124971,151.52306848753568,177.55204108187448,139.8858812278401,25.411073061847627,39.29563351674251,63.30728137462929,38.86651382970257,28.79329107099128,90.60862766875879,121.19088968238046,192.52096417630443,213.56914486920388,171.0128637322019,21.689393939393938,1822,25.74779265987074,2195.728185470861,401.2836932550474,28.979571104049683
186.40205174860893,74.80439623592787,101.94023808661329,84.58443244620429,78.53158490625171,96.31494551951823,86.78442760891728,137.0599204538349,152.93788493363965,117.6605571648597,26.985539399039386,41.59859208109809,66.76105247976822,43.82650732574495,26.09761064214363,83.53402788315046,120.07655976182356,194.5996037692137,224.34943038056593,184.98538616015077,17.204545454545453,1653,29.068977895177333,2360.9461022913747,425.24656388293533,29.079702615737915
149.99064256084918,28.851139558012058,66.67386947887722,40.103574151773095,73.78604403821592,134.5625172806676,133.01157143860024,176.59924102245245,159.07137493228183,115.53024892007626,58.439756573228,35.47090340336463,15.908046247975765,52.49336271952203,96.2324869190681,157.25733650309954,154.97974782141623,213.96763148599823,186.51966512200556,142.83633152098668,14.492424242424235,1697,25.327877638413774,2960.7541283869436,354.1348005034506,29.179723739624023
195.84121976531327,77.36267366254428,91.69230243545091,94.41445402595473,112.06147528003906,139.67408413752264,104.25317907657374,138.85513924950783,104.39543621284749,61.13152958762732,31.94455116295617,43.09483589557858,67.54131763660278,71.85888320480056,84.53082395858605,108.91070333459399,82.66497474508888,136.18543001046552,116.63655813150966,64.48510786547106,11.234848484848484,1165,18.922806514544398,2301.7937003031675,285.7603725683264,29.27988886833191
250.03058814217115,128.28439838791752,120.60449654085632,143.39480444229008,167.75693230293703,194.00843603705835,149.20018203949238,178.75981587749874,119.0606639549339,93.9972081291345,87.87948892770426,63.76698746382541,36.61667585206572,68.16114487510656,112.14202577571919,174.60944801764592,171.09829803528342,225.9371966379618,193.6012222895515,145.7178297016294,13.909090909090907,1108,18.972493492385418,2039.0458714077188,360.19055070674625,29.380149841308594
240.06029405494226,120.65111827461253,118.5672489738635,139.03264385529752,162.3513853981718,186.9756101199677,141.2704777342979,170.93034763299062,109.72035849349898,89.06637288142429,39.022613972871994,46.69397165815672,66.42269842216598,96.86972107015302,135.0836726891467,180.16586215135712,157.8165333739462,211.44053550040687,152.33192714913395,136.84203795602897,20.181818181818187,3876,22.812745175009393,3023.8116379772127,453.572385860682,29.480313301086426
232.627059176662,116.9356452923525,120.7366234062944,140.3861234761485,163.81308301502733,187.96294055139464,142.459676972134,173.13213743654103,111.37815767122474,94.18455005110259,60.98973821088567,23.166643414391448,30.536835314151862,48.025001880367526,86.75453545133566,130.42888212617353,114.49751178171394,178.25654956727644,122.59795755829184,154.5155001835336,17.090909090909093,3888,22.622965342592664,2317.720825099414,391.3337176053127,29.58038830757141
287.2501017795341,138.07783094564633,89.19469160484006,105.09080011474057,119.81457127787307,140.19516994656425,90.02421416567378,118.27051948947262,58.00503913906259,83.4291982741129,64.70989584862585,26.98214703910657,33.40480998129321,48.142583512487434,86.59275772223927,130.20025383829227,116.25583485806797,181.95422185204072,128.33758840488096,163.49353722367255,15.27272727272728,3827,22.28623040657702,2298.623782122044,398.297824169527,29.68076467514038
425.7174948833982,225.5090348312397,99.94195337866381,69.52590560443267,24.45627377885436,38.51976914047352,89.25919863202438,158.22473773200548,159.35910445876485,227.9347813709833,87.0777557104942,57.40091580992496,51.164803049615415,45.47805039177279,70.11045718334245,107.80221268303565,126.42402933594317,212.31934321473014,193.37119484249217,269.6131507145549,14.181818181818187,3688,18.295047801751263,1939.3293462449292,420.2471433906676,29.780951738357544
426.3461348467505,225.33237030273432,99.16189516386274,68.00729567952362,23.13382138277571,40.22608339888587,88.39997615186664,156.9681571229816,155.55729428168007,222.4545148928787,60.53298470077199,51.797011478418256,25.094616504158974,20.3336129656247,6.794060901082009,42.03970960521404,74.85597340230768,165.27725775158828,180.41591108749483,300.0716636674318,23.37272727272726,3923,20.868443112358896,2124.3869670606946,458.89556263649706,29.880984783172607
452.0129568440235,236.81454596590297,103.8586450652709,63.14571608415176,36.441707087622476,68.26246155161142,97.11622070809324,159.4846442827399,137.32461902091524,192.84268084813996,62.00479997670069,54.31795426357057,27.654902587067344,20.24791563530363,12.17276815424792,49.15735430024543,81.24633231130643,170.5210766456976,176.9517767573987,288.08181553775273,20.454545454545453,3898,24.206028864006143,2139.2298435708462,437.9170437656785,29.981175661087036
465.98924300708643,238.75873896382325,100.3721724601476,53.05987839416248,39.070833075437626,73.21235227028883,83.08709947205297,141.28715394443074,125.38086116519514,199.34538163205616,61.8735611421911,54.6260855120077,28.080941979249964,21.420052260812376,10.149359894611758,46.45946141766711,81.42667263746154,172.23326654425423,182.67639419134036,294.91139624082143,21.181818181818187,3876,24.81559146534085,2152.821621745033,454.5226656629416,30.081329345703125
483.7683870277041,237.63976424669715,91.81649483831812,36.13444326519165,41.348943084606255,69.6176915628989,58.76510480691138,124.79766504922087,136.40506613790745,223.38869313155675,55.62213232334395,41.32035881057374,21.14383565252742,26.788939427724515,3.1390140019825905,37.99801476864611,87.98961360419119,180.6273233415721,185.84545735306415,290.0354455302714,21.200000000000003,3855,23.050325659450294,2142.8518884542673,462.10333514643855,30.181386470794678
501.53696030317377,229.50437635267693,74.95581862735874,12.800515207371683,37.570446364179595,47.04380320239131,59.29439409378979,146.3409372240152,161.14268120153488,219.4693488527931,58.38728886993506,46.95167354995221,22.605959385616536,22.74472110294249,3.293547352816503,40.67368351760664,84.3759092298817,176.91978395197137,184.2804544116059,290.9789933287705,24.299999999999997,3824,23.66262877121121,2119.1469771937304,464.33051168853046,30.28147029876709
522.0147058322934,213.16282584325242,50.21887757309552,26.999623831109822,38.40777503410909,9.980856271542082,95.62478236324766,179.58872204803396,155.877949761907,182.73852994079047,52.02543608112298,38.625407170474084,26.26209051066275,33.38602632818433,10.649787944495047,45.5600752804925,92.17073560729733,178.06915655828263,176.0396857543264,286.8018734686073,21.463636363636354,3788,25.375543491055474,2094.798828210876,464.3579222410797,30.38158082962036
537.8484337255151,193.0516232647652,30.05342631516669,55.70631356484724,44.42101773353336,32.016340543068964,119.15142447609307,179.03057782404426,121.605069077568,184.912529764384,51.71051092779493,40.08956513808579,26.84964652340227,31.27231158348174,8.341818292362758,44.10075941761646,88.3916733923788,178.5945651062667,181.70801316586216,285.82885157056484,22.818181818181813,3753,24.67144657117141,2100.8446607467436,463.29048038437224,30.48167610168457
551.7305221636416,166.26093558004985,29.490753008573233,81.79523848595636,51.72997194376213,65.61449710557643,115.84205647475262,145.0783185691635,116.68238526946446,221.73576400373074,52.818704478908565,40.37315551300128,25.437958083365466,30.517853489656304,7.489167643693546,43.05221654566638,89.44975262648973,179.64546035570805,181.25791931323985,284.8327708727231,22.818181818181813,3716,24.57236345841017,2106.9804855262187,469.84071149090494,30.581817865371704
564.5504887716522,130.2063125255043,57.63072001592482,104.75414607458205,60.69959389648948,90.18909691069923,81.65825701308248,117.47344506117138,160.31696364455104,220.36350849582865,45.625987333866775,42.668486464924676,33.568557561608245,29.72388621817864,8.807651355521882,41.53534687504691,84.70659073303727,183.8732503200317,186.0759678570793,278.7850131551702,19.272727272727266,3672,23.78283749412502,2099.2265782529257,477.1103432123989,30.68204116821289
574.4367036454181,89.3182885114474,91.36002591956472,119.18120217678779,68.64623319682619,96.01132482533059,38.8299117330773,151.73501101128878,178.2441915202034,174.30029047362638,49.80904323981861,39.14668760252698,31.83003183567882,33.84922725150949,12.481331662465053,46.10591274806398,80.01034292553243,182.771120197572,190.95646230913582,275.0975422190872,21.918181818181807,3625,23.95181785449141,2105.4392425853084,473.7950962539572,30.7821044921875
594.0616019185007,31.153069352252214,171.4544517600336,149.20551250376175,109.62131225309678,96.47022255592724,116.12265022253705,244.79439973769826,115.72751428906317,196.19937045149106,24.835075435753364,99.97253884818562,82.66128563469049,37.610127546797564,55.613575040118945,23.485142925153106,144.85602421303898,204.7056572965809,129.87634320189665,326.58606025978884,21.918181818181807,3521,24.726103534843247,2043.192953338534,537.8056885313646,30.882177114486694
600.2450914665997,59.61524862045264,198.13094331847753,155.7156819441053,122.03015190662582,90.53372909218098,148.22121369772907,245.4301651976108,75.93852122534737,232.51826326204952,46.51531614726105,39.53535411250784,57.54855995209617,48.01881308321,45.49862577969885,41.95474938963931,113.47980045359336,247.97910369148718,140.20878018254552,284.68758525718636,28.72727272727272,3478,28.998880422927744,2107.816085215185,611.8116611288536,30.982383966445923
604.0715581376775,102.49541714342953,220.45470355664298,147.36895475175604,117.59104942002148,61.513950115737856,152.93075741873196,198.88375772721776,94.38346932990541,218.43103107998533,43.97393047396961,42.15254005750207,56.700384691530886,45.28561983078649,42.9937798851164,39.09072131426176,112.17898019480994,244.2368984356895,142.19560515934617,282.76286689626374,24.181818181818173,3429,32.42411341907238,2100.027578368851,610.1276219407296,31.082737922668457
604.5307424093766,154.22620358226717,233.31804653997003,121.23762823468817,92.58113685712887,20.834646658705594,112.465695092387,159.30323181848442,151.56936400055005,158.1480362788576,30.33361843893234,53.2437373711032,45.38339030681944,36.279613638751236,33.45336142756399,46.314181560949436,100.92042785779854,251.74138436653504,147.0390047205591,281.2959782801293,24.181818181818173,3362,31.282528975647104,2078.490059455743,623.5422980439937,31.18301010131836
602.1762102118513,208.1147462860704,235.72045531696998,86.41975910886256,60.30699807635183,57.306816728000584,44.60050935656059,207.57286674290796,160.79262497799226,184.27515556541385,45.403312202407015,49.77215689460793,60.97996236133392,28.4814723282974,21.69216013314986,38.81002472009816,83.13381076205158,248.49417514859562,164.64079324616822,272.7656768905975,28.72727272727272,3298,32.384094276873036,2092.071927502105,620.8467159571148,31.283365964889526
596.3807146347742,254.507076804754,224.27533751053582,54.68152286722916,43.38965628057566,98.10138381158575,60.20053102398684,261.706218225106,104.56721249681827,238.96885939528232,14.179119528476885,59.15368543092857,32.378012931336954,52.57490124363017,50.236067384806766,45.47617837810493,114.09136429046819,235.98910156741812,158.44477258977548,260.61821375121445,22.818181818181813,3231,32.80295020422329,2061.3384829183988,635.7238693200618,31.38374400138855
585.8959374785072,331.9391179175429,197.72670175825883,92.48097465352959,109.38713381050316,155.45145479830495,172.25059560223036,268.5025992359961,73.85488589567059,216.31804889928435,21.03523812559282,76.16496828261143,27.703698150188327,80.51815818427941,79.04555318565649,59.23726969518031,140.69283327650848,214.98038686604698,172.6368270823431,236.22716594266657,27.663636363636357,3117,33.94344983904669,2034.3023306414234,659.6777994379154,31.48412322998047
579.0965102970398,390.3276994666813,179.893956362989,157.94586775196274,169.46014117730928,176.9059051589797,222.7153597805751,196.49951351252253,166.16794098041632,121.99430495173503,7.906588592300132,70.18104041116155,19.15727179978727,66.26912776305319,68.48849761713936,65.3568505193732,140.77013296815085,230.09012060410114,157.71166282908004,245.6748109528881,30.336363636363636,3023,35.825355559652735,2049.755841881242,675.7937345651517,31.584246397018433
572.753353592899,439.0160439464016,166.43780377089323,211.20741102463512,204.6913244989107,160.70437154873994,210.28407171544467,117.53968281969357,191.53313887073872,148.2094749415074,6.276554059259448,70.83782890166258,16.694065714001628,65.92176942059591,69.98627918003339,68.35039794809111,143.62509478638233,228.79566671862918,159.35284509243257,243.67518228181916,36.2,2930,37.67188355663528,2053.0526646565113,680.0361323755618,31.68431258201599
566.8896865523335,475.78839600001356,160.56369942040521,243.72733015515703,209.04716985654912,112.18266061127515,142.65511262469695,174.1566761468265,134.87396280275527,227.8660987546082,5.977331304951702,71.52045454457779,15.147105396425031,66.44753308292056,71.71272438433203,70.00717343292105,145.50954192770246,226.32056064554797,161.96218256206936,242.17499652608097,36.2,2840,37.66584949008529,2053.875073871395,683.9170260271492,31.784733533859253
561.1781626635674,503.69191879225286,164.9117963471505,254.89800093276054,181.143721524022,40.31766343786017,51.45263305206357,260.2652671313741,50.94596061880717,211.6053960404765,10.149216535639388,66.79802864109881,22.224938371701032,60.484174991485645,64.85640991622415,71.89202629789727,147.69850704236103,229.51661451794587,163.20515960575162,235.57228775755664,30.590909090909093,2744,40.519226952599375,2045.9976559804497,685.5339303929203,31.88498878479004
557.0969887412554,520.1151297107167,181.2457160442663,242.72001590865574,127.66389784465206,64.15849861414651,116.56462733872492,271.75362514847995,137.9471386256855,113.67651960355775,13.851664130842014,63.220862053211114,25.269732805730587,57.09125171167785,65.11502274989263,75.27003415336101,150.5555649054435,226.26090319464194,164.90388058848936,237.21261023576315,27.0,2644,40.04269498412621,2045.4598080599446,683.3537833135313,31.98534607887268
555.5194589163968,525.3460647971243,207.33999313216628,208.03704491033824,62.97634164394269,141.5707962194572,210.68464923882945,195.624219491843,206.22159651248202,145.75345537577425,16.881040084520773,60.32114148915699,28.03097180307558,54.067065588045,65.49067812870838,78.76884785889648,153.8186754648577,222.24246638794838,167.4433813975638,239.50841652753817,27.0,2540,36.94583814036427,2048.36557658203,683.6805367981829,32.08573865890503
557.7062150181647,518.5569956508394,237.53165108307056,157.0090696219181,72.55409666142806,193.94074440121264,248.9955229409121,98.96063361221026,180.44406948343496,239.74261183903448,22.904003009801205,54.28967958711173,30.575342236247337,53.38444118489447,71.49406712465276,78.35329911048709,150.2197118344349,224.64113006038264,160.9784573524914,241.06907247356696,27.0,2430,36.039748941104996,2042.3513016403533,694.6351185072522,32.185808181762695
563.9050246116219,501.0930140160415,264.64951090268056,107.91631013004334,140.9186415252684,205.87723793112553,217.85908845495527,169.34468949961504,80.51508203272734,223.59287514558147,18.38117434015543,58.59585251179931,30.87336730300903,50.724627700067124,67.6040425889171,82.74410470483183,155.27421244073196,219.3856742599127,161.70914182615851,246.89509166263446,30.954545454545453,2323,39.32506735918502,2034.469566995565,700.6750579792185,32.28583073616028
574.7666208493187,470.80826368420827,286.4867553854346,93.08440895831201,202.38466633613803,172.19883605890385,119.48534305679034,267.6364225414579,90.72158097537121,109.0963548554698,25.20222188801783,52.46543517952042,29.000279276508262,56.95853495576484,71.74429637178302,74.04168551927923,149.41124251221626,225.02590427987857,168.87590101973163,240.45427518541146,24.818181818181813,2210,38.56714521501741,2009.015161715671,700.5082073404599,32.386056423187256
589.3941085720388,433.1999385768904,299.25758241410597,134.90166969384907,235.29815588512062,107.79032561808701,39.075327008353355,279.9972526852591,190.9090394701736,144.25012765338803,19.204152638811767,55.498037230410084,35.52088514195049,51.09303996534055,77.50068052012232,72.8600600246656,142.61248688654334,231.98163767522016,169.6832657124288,234.33680098085023,24.818181818181813,2098,40.92450769150628,2027.193570888159,677.673911089951,32.48626899719238
604.4548335693926,390.49995952734093,298.701670698127,181.81644279608008,231.32402117304747,38.46807643709611,134.83762004747172,206.47193253441205,202.87851286826248,228.27273854744823,14.84901514412984,58.34989919632725,44.513908464484665,48.33750801826773,85.91770698914307,66.96919792354443,136.49648310478983,235.73460737267692,175.6836662870045,235.3353289140194,34.18181818181818,2000,38.25236343712285,2088.314947608201,691.7627973485207,32.586299657821655
618.1906767773677,343.69614099484676,284.6756083476318,213.404638200845,194.41531699736427,63.38713849493915,202.02132272831886,125.365986728279,133.12837379151748,207.42975334767507,14.503356364790712,60.251231124540986,42.97856268633316,43.35026547772997,87.62177011964282,69.03885402890796,129.13101929377777,243.3754798872594,183.0712652130165,236.11996742383062,30.018181818181823,1908,36.89542240706065,2119.2622463767666,702.2468905356039,32.6864333152771
632.639808322991,286.51803635251446,256.02088921651375,229.659176093958,124.19637621398262,131.28050671264268,216.51144619832425,180.4540323138846,67.60900036383296,108.10823450787282,21.851012692085693,54.71773397181863,51.30970002462954,60.58152820679593,80.8737115286779,70.18793153710578,146.50728038642134,234.2540479165433,165.00301143250763,219.95121271016166,35.900000000000006,1809,37.96924780302133,2083.428959542945,698.5886503321397,32.786667585372925
642.8908767336937,235.05524413694485,221.0499648045764,223.05056916882916,49.105800406997254,162.28211365736024,172.31014733202292,252.169251994229,145.1958777329333,138.66799959804467,23.30393235837822,54.21393155281175,51.97456013578877,61.82747157350981,80.42619019546063,70.28002469404093,146.82643922221936,233.48837350952408,164.98458050250497,221.6006933092252,32.58888888888889,1730,36.968934127134425,1950.7100129358348,695.9647752337187,32.88689470291138
651.270485483929,180.5717086120803,176.4163114954332,196.99565705887832,34.279004574794136,161.79926036943206,91.26717471536942,264.09479524272956,192.81965251212102,212.33945680804428,20.6632797404068,55.786606522053816,51.91008909233934,60.140956490034796,81.88207213541752,69.45730280300697,146.05920596192874,234.76548341427664,167.63431984952246,224.43556135833867,34.97777777777778,1645,36.38778601518566,1932.416894898599,680.554836341463,32.98692560195923
657.1926751890898,124.26400852141387,121.47538484186866,147.62345833212112,117.84038508746973,120.65069810180186,80.54108585949075,193.60476504613771,151.3661113652943,187.86865341822246,10.796183054440593,65.48225611422876,58.92175453003555,59.92779162318292,91.05183221613201,64.14921676056127,158.8056919261471,229.70935065714795,156.7474732727273,210.0516517944017,29.888888888888893,1561,35.71897748559317,2200.7036924689164,659.2398914967126,33.08711338043213
662.1277147341241,92.11999441176263,79.56804880727003,90.43903358029574,187.527023185475,60.189415444191916,170.67907323213657,116.06035195778135,61.05919833624865,97.87437542531578,21.246744084724284,54.34856012458275,48.129361268441606,52.334851114261426,91.34222961547597,57.151894946913444,153.93627110353705,218.50391496855676,148.23302379998128,203.62238533151864,29.888888888888893,1466,37.699192328789636,2920.9582811804707,663.8954795544121,33.18724513053894
661.493927555077,90.47193943817398,68.83184549924917,59.594160088913526,199.8192390868309,23.97459414054476,191.33692519503882,141.02448618775213,72.30582935239352,108.50456390739481,150.81236094367145,75.3480244508708,78.8315646753606,75.14687097236738,199.9424599997168,58.85316768151693,246.6513396756147,160.9283067678245,87.66824213531744,139.8549112498152,29.777777777777782,1429,37.999261183690976,1803.5401049802776,641.858510167699,33.28757190704346
661.5845287974381,90.9982608430599,69.01596146191737,58.13215556341283,200.96217077792076,21.729840401091604,193.14206571096736,144.46949666653427,75.94582918371573,112.628645012723,27.15238755808362,57.802021832063794,62.033101624516924,90.62210004004197,105.7569341014364,95.30316847661479,167.02311007154518,106.57882629956912,47.60911628246423,88.07276574920218,29.966666666666665,1424,33.37021144943812,1906.3393867078785,621.5986982322255,33.387688398361206
641.813054276425,97.96516716631865,55.7138078011824,35.91942128414372,126.82574291649547,77.30601403231532,105.48545276713871,158.87212878218594,100.18453110019348,109.06631695916397,25.839892436327695,60.06885074701256,64.52724620097395,93.52142662067602,104.83868886852211,99.91847009313284,167.2880944172086,101.19518118261301,44.36440272151739,78.33357756436573,26.000000000000004,1338,39.58555091218919,2324.681844992543,614.3700679239764,33.488024950027466
621.965131405038,142.5422814671921,108.5311985192866,117.22662777944892,45.382147050660265,150.52903854000238,88.46456781336155,122.27078801141766,90.11561443555937,54.84845417244608,32.11065527732804,48.89219294544667,53.536368044983185,83.24223596809658,94.70794866922556,96.64998147600068,153.540320306485,110.81214059690659,58.71731225799948,81.00650989832,28.133333333333336,1256,39.6305129359703,2930.3029481688163,608.893254198334,33.58822274208069
600.822189576406,189.5679597099518,159.55943501499704,179.68824933478447,54.9990507457029,183.36888880562762,161.7000665554489,48.45213887232188,34.39831740931021,31.77598599307448,99.8976599141769,63.89410164574526,78.98093537469212,115.06353711123309,40.783230240292575,172.2510196633621,171.489745636104,54.432566433654955,48.37029046712161,45.36139977872396,26.000000000000004,1182,33.2274590844998,1538.6111319238944,517.1391436481802,33.68857789039612
602.6923287858815,187.80240678738983,158.26269078016995,178.48144570703434,50.79723535714695,186.18607833889905,160.9275732425181,48.56034875136659,39.04578642626468,31.294795630977685,45.65584458152588,25.61736783773131,17.17735613675121,44.499633454058035,59.69176168801514,127.8518908039621,99.2895098515535,125.90267173260139,108.7738900034937,26.925761315642937,18.444444444444446,1187,25.017985228462102,1473.9653768692838,439.91067591368545,33.78857970237732
574.7280132130958,207.2529249821935,167.42903237560913,179.5782373810787,96.33310103517614,133.2114435034798,139.14664954164724,96.71974803976137,65.31893305905331,34.77754909663082,52.12430932785709,22.277912468091596,25.131751287168193,57.721511614920054,50.632025838787484,131.9211734676777,111.10755520912848,115.11057248207726,99.01283900495127,18.371307057112837,20.07777777777778,1130,24.443395087002408,1483.9794262202875,441.912863492357,33.88880634307861
537.75540926939,229.4078064532497,172.9166237076149,163.46283058070898,136.94961677725885,77.5661418412065,76.7904648087434,151.50765804185247,124.83138751496182,62.564135695191666,47.53604704509823,22.206550487380927,13.055956210918696,44.325133453539685,52.97295206427568,137.39398440958604,104.55619938999044,120.05485308505499,107.13353337502872,27.15444999437428,17.8,1061,25.015997739097543,1491.5360155088194,446.98807888280453,33.98880910873413
497.84409161338965,249.35870879064143,173.04530498991622,132.05146297046704,156.71743490419018,114.40349171627174,39.61652545957936,153.8119818581798,128.71202661868338,63.81248643909682,47.38476546618954,22.627541679468063,14.009610352306217,44.14630563438168,54.02599177780761,136.9812079909155,103.63481365204336,120.62901841455201,107.61941265279019,27.452044090425492,23.27777777777778,993,25.916954250937398,1531.9958349070898,458.9976595091646,34.089176416397095
458.5781899346911,263.96921061210355,167.39476626413943,92.25630582457059,151.92907601477006,175.8405100331818,100.08790132188797,106.63650473577901,78.88664081909535,36.18314576190408,47.61067562299195,22.73885213081917,16.31795019924355,45.80725295868702,55.90126412599411,133.50597534460178,100.20722906575782,125.02823633082915,112.63491281349798,33.212227363866155,20.666666666666664,931,27.285540056043594,1530.5677036984303,471.4130252741718,34.18924331665039
418.53514772926127,273.4494462457167,156.4336990513123,49.38664463586948,125.82955914928445,211.81379345900774,145.03874027172617,53.354181480157166,40.12390347125958,28.162016929195126,45.5442983808675,32.45982656266449,24.344745409863037,37.79358590858922,62.49256796112338,141.11402466487147,104.71538980398678,116.03327615090649,102.1263696791437,22.138670818745872,26.333333333333332,869,26.906419187714796,1454.361401221036,463.79592202351967,34.28949046134949
376.0223586701675,276.4448452758587,138.83804051921507,28.471105139124155,79.0916792438604,206.7559922097402,147.85446119296776,96.40022930899903,99.0106145337438,53.37315451234801,47.26607514084819,25.351242590362645,20.39856819060687,44.75556777192769,61.27417011841035,133.09863287875373,96.88533326436642,124.72664419830717,109.6828340656887,27.464199897773046,23.96666666666667,812,26.28376349790109,1367.953452288726,447.6948934608551,34.38967227935791
350.27745032659027,273.99884453749877,124.91224301097118,45.23613236700729,45.57121617898774,183.4229604751592,126.68060173809947,125.63193212771488,116.48416232521997,52.85255597954504,43.525972510178875,47.06537311096816,32.143463545612,21.602444153369472,56.73893752536694,156.56570850345747,122.44611136670336,112.11577479123252,111.83742164862501,46.40775247065499,19.7,774,26.972145555217832,1507.128225595096,458.12071956517366,34.489994525909424
297.7525622955586,259.4213595546644,90.47048697507283,87.75358696601532,36.31761055483267,118.1147254038563,62.50172280505186,126.71070086266445,79.35189752811897,17.57207527393515,46.49915243052182,31.148788663030576,26.615209556545413,39.510527549296896,69.47120817777062,146.7458202159093,113.17938125307793,98.38043160361275,84.12064467840699,31.42468203093076,20.0,712,29.204944438596517,1888.7342699484218,485.5083380560842,34.59024453163147
271.1036882579855,248.43191676288745,73.32266296061691,105.05794403939791,68.09604855817122,107.67700591295136,65.74670461178788,102.90555028328366,48.435921689525394,26.48633005840521,38.592823209708655,49.087104650900514,21.216158657702703,35.66481096903897,49.377539923207344,131.17999624305907,93.99796365760798,120.02704095087141,91.5639976935987,6.864934332889658,19.936363636363637,677,29.942348264099465,2351.319460205964,494.89650757351814,34.69040536880493
224.09083752339308,222.34624991016724,47.948343136138924,122.21114253995523,112.69491568915795,149.50812845944432,119.8506045186673,58.33910649208827,71.74910260655449,46.06412463122346,41.03414693428984,78.4813262730002,32.4331374594863,85.61862804946813,94.25675898776402,135.3099508502308,130.41912884289462,58.309450875101035,93.64901490577031,75.15233180414494,19.263636363636365,625,24.47939501123337,1320.4762568725175,418.08509958811396,34.79081439971924
234.95496000679074,230.13063464039377,54.39312294324211,123.34015411587981,108.76157924447232,138.18647168377012,113.27887889266928,54.26783748578474,61.81205115259233,51.79392259877942,55.957354437249975,58.13370546300622,44.862414089659815,38.71321762820171,30.53559978624337,89.79297979491399,64.03652567017419,104.85906828803188,25.71412907807872,89.93983563481504,15.500000000000002,635,18.93038402915537,1253.0015615163566,335.3587437056794,34.89096403121948
180.66138138374097,182.79598401855108,22.215584428951868,91.21328785984782,92.70153992583106,160.37329577587056,91.62986971004334,110.3948712352,54.171040257953564,38.15126864296937,54.30376951359829,56.86601524158132,42.80185240312071,37.362422889603856,30.702392019000733,92.7823072479335,64.40819653951424,106.06108782349823,27.395031691174516,86.04805224853608,15.327272727272728,581,18.76437117567655,1259.9155749970996,340.4234530852602,34.99117875099182
131.8619887986994,136.87756114861043,50.23284899956223,55.71089689067395,66.3019842413364,148.73501173486497,47.11988284638964,132.86365176507599,26.086649764765408,85.475970995708,39.098603366429856,47.233928932368975,27.899870324863734,28.428499967153233,31.151184961164084,105.8894990112794,57.36738917204143,120.32482282652833,20.768337405887728,93.04696775908437,19.3,529,18.471493656985498,1279.3595240042282,331.1917797159392,35.09143376350403
94.8810417805112,100.31934170421356,78.48024915881935,26.78809788636515,39.000974887505606,119.05847609692056,20.51537132340319,116.070818909255,13.395770637523304,85.9268010642554,39.178455274871155,47.083669966409474,28.395843202455406,28.089480570010657,30.440493867155435,105.01142456459561,57.053435027749344,119.63701580553068,20.45334545839583,92.88338387233951,16.477777777777778,494,18.506524177915413,1277.566136154599,334.08749005200343,35.191452741622925
62.25231971832349,67.86935898167803,100.06239763249356,13.408264925110977,10.509005679517463,87.2252667212273,49.69478961036303,83.2018365902601,30.80748515846745,54.52035594224181,20.48256150939215,30.61959353122872,34.83171904100535,8.68733783723146,12.678123954985224,91.06559439342651,50.19402603316794,108.33838280617249,26.377655985949094,84.81260694801885,16.477777777777778,460,18.622585341987776,1297.341402972937,315.9395405967079,35.29148054122925
47.00644596160442,54.265641982266835,106.99461831512922,21.264618613231267,6.703317937315689,83.5687838449607,61.831523425391126,80.45720080201889,30.389871677001636,51.385400139585954,13.337755113123343,12.103516218231167,64.48342362289019,26.948994088303294,19.048325828109142,61.8652311513397,78.62214655887283,82.08042820381455,53.418421196535874,62.15537895861332,16.0,444,16.87283934409004,1330.720322998749,283.2639381171401,35.39152956008911
60.91786820407394,64.50644191932672,107.55214800466223,23.01086010157938,14.844580118385146,72.92885694135175,66.33149731723461,66.05764953145199,45.38050918215569,35.56909219950114,10.557519787946873,21.669200070722535,48.48337652847331,12.962219581830311,11.399735148167084,67.04090923074736,68.23853193598276,77.42685128908221,59.710080903531725,49.13295811314906,16.0,460,15.585457042031777,1315.4884427371549,271.8548074326639,35.4916627407074
59.51163545243911,63.76228390260499,106.56111452218163,21.449195881358232,13.282070095870269,74.66599849065798,64.55797316154789,67.16379023652533,44.93593524742808,35.35939890119537,12.37608226038809,23.96220194609381,46.91423920336646,13.055057835552605,13.440135614243633,65.93774037252105,69.43574340631376,74.85756605418422,62.3801642985933,46.741839366256116,16.0,458,15.413881283215325,1313.7468760873112,273.25078848368406,35.592076539993286
57.87327574010249,63.45518217491144,104.62351431040874,19.2218368711319,12.617948471359744,75.9222054370105,63.4758110371871,66.24098555781667,46.757948199139435,33.34236767562804,12.280604304880168,23.742908652166395,47.78093620246043,13.973100532099197,13.514216820524304,65.10026370756485,70.22264750329627,75.93519781146084,60.222034606600026,49.58844949271302,15.847222222222221,456,15.154074593286037,1312.716193349796,271.00676545230397,35.69236373901367
55.70587608550825,64.18813242617581,100.92735005277645,16.569265657204706,14.775614370587453,75.11190716754736,65.3491593418627,62.43461105673132,49.62128576765379,32.50082584207808,7.106545452340526,18.310832451179664,46.869131579865204,8.449050478315547,10.696681484922301,69.66204068668647,67.55949567708603,72.13860883443698,66.39492260525161,44.574439862758126,15.847222222222221,452,15.17623431539224,1316.8238418908118,261.8587511139052,35.792537212371826
58.85677682967341,60.97910462607073,107.21355069686926,18.345507132095836,8.092202331582131,81.27519942902855,58.678705277072744,64.74521277720747,53.549860571388635,25.859776726305665,4.366327399084367,12.463101318817715,45.20698656155128,1.8066705975869226,13.327691976164726,73.1304890250235,68.20693184531359,66.70920399362329,71.2148846103932,43.78436812179874,15.847222222222221,459,15.595844389170344,1326.0984664612797,264.6960937589495,35.8929328918457
62.29316260980553,55.48200099262597,112.78871450178046,18.33830677578476,5.99475182431865,88.02562307609118,56.97713617153785,58.15236873061613,60.31645794375479,27.138655989247688,4.545948962888166,12.872571405751216,43.604791587679216,0.8595988633047804,14.769084183738435,70.68574158867759,69.98153893232856,68.22055053644567,67.96730047074357,45.05774197678172,16.11111111111111,467,15.681437946528474,1331.8887104278215,266.3403960836203,35.99303364753723
67.35587476514442,45.80468399457395,117.18558239361936,17.787481419404056,17.777897615454016,89.83776339085307,67.02255164060143,48.10897163511266,57.21145320363788,38.86380691783167,9.422448326424632,15.798795142059964,37.247515441512455,6.90969793500848,19.512152385255224,64.4311038603015,71.98814909746997,73.91583103233314,64.35028152659324,41.533957844585466,14.222222222222221,479,15.423188309221098,1340.9689345294782,263.92385970265025,36.09337329864502
76.95060144424826,28.234360184709544,117.9123849549404,22.414794335412573,36.33879611127412,77.74115247581754,85.1500024458726,58.30011307952829,36.57181221870529,40.85371444329223,9.770342412239755,15.40387510400498,37.17445383175666,7.60818650360136,21.339043295074664,62.73512055732332,74.57246656228996,75.16974543316212,60.96165986944186,42.158078043002426,15.958333333333332,500,15.836862242323537,1335.9161502299653,264.04484100460945,36.193596601486206
117.85932240917273,37.35374457360816,112.68346674005582,67.62506848501235,84.99442353004642,17.147603070027536,106.7476325922223,118.12630048458506,67.54964216932893,27.121455172471066,57.801473852725316,63.8665766752873,15.691439415856454,54.24108540978806,51.386304653590194,70.2173409513025,44.377763899362826,101.35166509255787,103.53456404340781,32.72025769690445,15.125,561,14.966630736200646,1379.7335726390932,303.9238279446798,36.29372572898865
178.7909041309606,107.63792672082762,116.66065953012314,126.22962005628506,133.1542314101005,60.21485339746587,100.1873427762788,147.88065234511976,129.57802982375824,65.27511923275296,65.38354441374385,71.51770006992871,23.430958950284626,60.11012610358031,54.39636536898438,77.70146675449426,37.04121307188894,98.00592493560966,106.12776007261061,38.50667313475674,15.125,637,17.750956489595698,1394.0411675248138,318.6841715518973,36.39405941963196
200.98462941259726,131.76143675372035,117.65025595708545,141.12466835308211,140.35099959073406,81.51912787489208,83.3463267745251,135.3507604856557,126.8796493082859,62.2040231620682,25.28812062396153,34.83037786136567,35.96574846158507,69.52163138955906,88.34993388827786,58.348063774458986,80.8440479896545,150.6442612891698,151.22352082164608,74.78823387607041,21.055555555555557,663,17.28681741806966,1352.6460452408885,362.48098685027315,36.49417448043823
217.43784773270383,148.24910709089704,112.21338554891535,142.8424636736399,132.126779423769,84.78213171682104,62.26767824090251,114.25339902828726,105.46915993478953,40.67805358962406,26.047330119525334,36.40294748230942,37.26919193066031,71.56583951171847,88.68885821563399,60.33704557741269,77.19017120910637,146.62160392045,146.76986473305956,69.96255622267614,19.0,684,20.490697001034604,1977.8589378593956,355.043530465692,36.59430980682373
228.1752504885916,157.7331330989438,104.43834703180738,137.35341315724915,119.3345301378482,77.49929531912653,58.62249794338558,111.72063337628907,100.96023934973013,41.36036558005801,25.726383804653917,35.87662965077693,37.90848940310192,72.23295532600119,90.14503967902574,61.805342222803866,76.76841887520429,145.81222882690352,145.95377849222731,67.93206668866107,19.0,701,21.8576119793015,1803.1247592468626,349.7826137470452,36.69448518753052
241.49119859016307,166.71184562813752,87.55481727093817,120.10673675665403,99.00792693555165,56.58996602416912,77.86867343388676,132.0501140994043,121.52354365009056,61.50927822290637,27.417778711484708,38.44922293371166,36.236615633019625,70.17227695262099,85.93131175260649,57.078113576157875,80.60794607264765,151.125972073558,152.11339177215518,75.08569182056975,20.819444444444443,719,21.710504556218748,1710.0968332900622,352.6464909799373,36.79455041885376
243.30685408236326,167.56944699292296,84.55974094300566,116.94614905996862,96.99313894003899,53.75707585650554,80.88876691555258,134.7583468750288,123.9907633867744,62.44512032133049,28.187889328641255,40.425041655157365,40.83078879910659,76.14363199472297,86.22417209550777,60.2821960635366,73.3244175730671,146.39320074953443,149.46638156407346,81.58333243168836,20.666666666666664,726,21.545272840499727,1706.509093062246,359.3148113081504,36.89486336708069
255.72973272986457,166.8221282602306,57.676492700651096,94.89116227601582,109.14500729396404,64.20659005526942,79.27674576525483,119.78161869648295,101.45477090355419,35.196052719947446,20.46887322638151,27.431806179498242,45.075118892524245,81.1588063513766,100.21868488643531,74.04095077131272,60.700965013986185,130.59710265997072,133.04306364008258,72.62088307096008,19.522222222222222,750,22.598876285964167,1739.826677165558,365.7435274983389,36.995198249816895
267.3812018121749,162.1216922361413,41.866026047220444,92.89866814495096,137.49519014051683,93.12206667856944,58.33982197507661,91.21732842444365,80.48816902676144,50.694723988769674,16.747863380953085,20.10254134349828,52.54946477246317,88.72536829920251,103.51791399151887,76.67723853725447,58.2305018805138,132.71608931689215,137.57146039978477,76.88558550960644,19.11111111111111,782,23.491139558071595,1809.0646423063858,372.8260125153603,37.09546732902527
278.90667789846134,152.75586947205156,57.2023668091528,116.94819680878766,165.47849298676255,116.21662880384629,26.865382981595218,91.88034169744802,105.02720467643397,76.65011727482144,58.184839467991765,62.15300217648933,22.518084147410516,68.96293832366194,138.6219012489054,119.45604086709004,17.871089130360442,98.5306550160177,138.69416516058925,123.00871610483676,17.666666666666668,813,20.58088477513002,2024.2047879091049,321.57285484473937,37.19577193260193
276.1694840283764,158.65767619272597,46.463721233534066,105.41967810353158,162.4755439727579,117.38936438977707,29.846688879679878,80.46830841580307,97.36895508751446,82.94531516735282,6.334504240602633,33.22537548151746,49.71321310098129,65.87254895767647,84.15705538358179,77.17328838997452,72.1396249297797,82.97118302471627,85.45274514787937,118.74420694735227,14.977777777777778,802,16.12389120215969,1763.8279815525907,268.4788703957255,37.29588985443115
282.97411938459794,125.75308948122442,93.5517164706315,146.36980268868325,142.99235018747686,78.32142742247969,69.41304110983066,108.85939250222738,74.25759574613977,53.99418619092852,7.784016738965761,34.97945642065257,55.86296502497954,67.95430916715051,77.75213300323452,74.10048325690724,78.79016621952121,81.72795992712784,79.00964491691764,121.75468747310494,13.444444444444445,769,16.410042574239558,1764.439586945719,270.7189131569918,37.39614653587341
289.9471711250129,92.13227468371085,135.71421192621244,173.78483021345588,105.49683006070909,34.277318514893466,107.92822947320388,100.19514361530804,28.693149134164727,98.06491661995369,7.951845372749194,30.094103678659174,53.665717142258806,72.25310560506406,77.73185378502646,68.33033002657062,81.19579010824239,87.35226946289166,74.08344919927077,120.59280944697814,15.366666666666665,815,17.100164844726017,1762.8027369914853,267.67458282102734,37.496230363845825
295.56038519032563,62.758060060229944,165.94832503963562,182.71928793742396,65.43987457022313,48.04184663484385,115.40746501403402,63.324761513896355,50.95712656496209,112.35798603407251,9.127048412494636,28.64179884584517,53.94402605978183,73.80700235724207,76.81819244788413,67.02627871602442,82.380431176831,87.17071295908703,73.55250972247823,121.16116774530103,18.111111111111107,855,16.367821040609545,1764.778031632773,269.56747818138297,37.59658718109131
302.26273886478896,37.42298697159983,193.5530370656293,175.19195387783373,51.277212728888465,97.38998755719037,90.51357704513951,41.49619071479631,92.60928132210148,75.09545047948895,7.515868197605504,39.21993058075329,50.3913517243719,62.50288374412141,86.5444987230465,75.52953794490519,72.27768003435136,93.86733615911561,77.94712862761696,111.90849156217378,13.666666666666664,905,16.864365713361607,1775.1833489627209,277.54649369839626,37.69678330421448
309.7902876729518,53.3158049685811,211.526587187749,149.80885126492348,98.47759741890115,132.34274345114093,40.03832985855071,92.7736301882686,94.2207315957836,46.6440065931143,10.9402150073237,29.020475925455614,60.6745056853886,66.32473709830778,82.25449994368597,85.33259908282139,62.41361668215175,96.11399928411267,86.94630487752693,100.9671812708791,15.722222222222221,957,16.880952667097283,1765.7675372127505,266.33295717645865,37.797022104263306
316.6957071509723,87.18473613788275,216.81838843251884,113.66719611445977,142.02601620482008,138.60468828744322,30.884185555530014,120.83189440454633,56.70852416287931,93.74515064341398,14.886355284513417,49.01685605063724,38.92654776452146,68.09829210456549,82.31460998313545,65.37898203554181,81.49740714764444,81.20497262973709,88.67495464264053,102.99188407646785,13.5,804,15.303333541848698,1791.71378442448,262.1980129417236,37.89724802970886
319.9078393428519,109.11765034632316,210.77361999707654,83.80331755358281,157.18749355021643,121.84880318502283,60.985169119161824,109.26346248912667,36.28270885769787,98.42327992744322,20.47140803880601,24.08364746511888,71.00594352614533,61.66128541101673,91.50624142264171,95.57976117523096,53.386540354444975,110.94364301777841,76.80521321240137,112.31381323389387,16.666666666666664,834,15.913973363554636,1762.9402515346464,286.25549842138287,37.99756717681885
325.98677925033564,152.66767947224957,184.76256960985785,34.74896358426281,161.04905663983834,62.85349129329981,104.16205108845075,48.77578765562622,92.09528160478185,49.05216097605293,8.387725267207658,40.766096088902195,47.44218857227085,78.23054799700384,67.53223154627564,84.57088952249852,62.3215180851558,94.49183031881415,106.0769105228601,83.47792614075604,15.555555555555554,896,15.978550347177695,1791.3418318757108,295.9026956996854,38.09763288497925
357.84005340802577,258.35139892377725,131.49487121187235,146.97914820386708,146.29350726708904,92.16616588825471,162.25969969702945,119.87552447097855,190.92083519910415,104.1704736613873,83.48732864533974,106.27000948127363,74.22055563892664,156.54800283186358,22.10751369756375,152.7308871155296,62.92614110226329,168.20916502575005,136.83691203170255,148.76666089734118,19.13888888888889,1033,18.289097327155954,1862.9795037601075,373.4317129994623,38.19802761077881
377.91343253437066,301.8116471975966,121.71439927523598,202.47909660446467,135.54847804535547,145.55728459304459,162.75944181786696,164.08686369233055,185.77304685781428,136.26663604767575,21.131373937951377,64.11111422756844,12.559174826755319,103.89873231837764,51.44669265768055,96.42318404218453,114.48869923284929,134.69270845109045,196.80777420723373,129.84225698236742,28.430555555555557,1053,25.937766570021594,1795.81180314653,482.5419700850797,38.298054218292236
400.113857523137,342.55471200979093,112.27141366043905,248.47263479200518,100.10945406081211,175.7145771755915,115.24978332028066,157.11614950181712,120.00919612867041,96.0087265018248,28.53809955548084,77.17521278796737,13.048681421508952,121.54095919839492,52.4572876910116,120.43801093693963,110.40789279044095,151.15688300361356,176.688063388664,124.90249527603686,31.375,1116,28.396971747986107,2548.120628053356,484.63994508501486,38.398242712020874
412.70635064453126,361.4401829246058,106.16747770476186,260.9458819012142,66.18574307317523,167.78878335519224,75.34933157463537,120.71548955812518,111.4722653877444,61.64135162615759,18.73662495341043,56.620792244643944,20.291443036816272,94.82036664357197,67.46607585396264,100.26880132385422,134.08603001827152,161.09055875894816,202.8096679654628,153.5806192566279,23.625,1081,27.063570261434055,2128.6996305199864,472.12740049787703,38.49853992462158
432.62079833438514,383.36174426952647,101.27526967816469,255.44740106496192,3.711235398808791,116.89681895845564,87.28553700742229,78.3863062882605,179.9479039590806,116.09654329037309,26.960177756387765,75.98268596997556,1.7969135784167254,114.13626800712122,44.90987588206146,95.69829039325113,117.03104679324028,136.51020309336684,212.1172891681382,153.34545224508597,29.5,1147,26.46748861867446,1991.741020748237,461.0344983398764,38.59876203536987
444.74313022472995,389.90510993361556,102.06523188438143,231.28512776733396,50.58768794285996,68.83357464358805,134.94887520593795,122.20356550689408,196.5273745038257,139.85460523035812,16.24455811530886,53.235551300424326,21.411077934180554,102.42064684240378,63.82456486375286,114.33312515574069,114.60294886261502,144.24520862652378,187.78167925781992,128.9135300786317,21.5,758,25.551910034253687,2122.8677696490186,461.7496599441794,38.69910645484924
461.19047774524904,389.2472796840547,112.49205992306469,174.49224651680103,111.81654741145977,66.23434458023327,175.2467092575018,177.11503941632344,150.8147517879372,102.54145176095389,16.51336130376111,53.43653709145525,21.32147571376997,101.45115435362078,64.37341006511443,113.12011410227923,116.79225916598574,146.48949359378332,188.17720304022131,130.26387205550034,21.5,827,26.18079710694192,2219.3553984928662,463.428447763597,38.79947805404663
481.1812153967078,378.165148146505,140.17511904308736,90.51765884572487,166.51167071817108,151.05813438073528,167.1820352402564,175.89251328571135,81.26302251195659,36.00061569935587,21.46794135772134,38.38170842053546,35.34020015650267,106.02682427720599,69.30969393459877,127.85026499887536,101.70465062758696,132.8363885977005,189.7056090862876,131.72295762662344,21.5,912,24.659302509547057,2234.6800584403936,466.43551129755275,38.89960479736328
501.50624165893487,359.7978893859078,174.02318438509698,37.293434722085465,195.242219509157,211.9648898254602,112.3187982821168,114.49640894797838,148.15159787075723,116.164870993823,20.438226916804823,40.25786345893043,33.91520555321605,104.1418303999042,70.16580468546478,127.36694315604618,103.44547492758267,134.76066052706477,187.47238628029126,129.26385009289882,25.125,995,27.537449410902525,2180.914661338877,459.3175769160931,39.000022888183594
524.1808073982829,332.9920235357897,209.35600437507443,114.09678701040393,196.46519927500233,233.38146090463718,23.690637219411787,40.493829111458886,211.38218013221768,154.2855706025521,22.2875259168386,37.025784106562604,36.23653347548563,108.57560546798767,66.81586206271335,126.07854588268737,101.89981377243716,133.3767688566375,191.9973994488125,132.61566643735526,19.22222222222222,1082,27.224508463408597,2153.658454616655,464.8239175589485,39.10036301612854
546.5133712975645,301.0464852479507,237.12151954215918,197.29708337436537,167.6506221708332,204.22915370181806,79.92120775774494,117.9995618669494,187.07571191784604,103.53831054511292,22.39708915006137,36.84008112602821,36.32757467359222,109.06509979148815,66.10040140123739,125.10840282676641,103.16421525590418,134.90676201934033,189.94718053391477,130.57862837309412,19.22222222222222,1170,26.432012340044146,2158.6654336352753,471.3180914507201,39.20051074028015
572.9304969819289,262.6242314735993,260.8236106505888,274.1372438413262,111.56488317782613,126.41622389405734,164.73487415155827,191.65648457829158,89.76173573646452,28.697223799299625,26.814720900244865,38.05327589283213,31.909837848668108,113.10645323730785,61.255792165478475,118.35432067279285,111.74180050190029,140.23885753993414,182.81311436622394,129.73499118598843,19.22222222222222,1268,26.598751540849385,2184.3453658844646,485.40541074241855,39.300519704818726
615.2868482635652,224.0281046090222,289.9213439752129,350.071434121004,68.05925811571383,16.433338457758982,225.90979998249836,208.28831136933786,134.36579562669965,168.2334143510591,57.4679531563553,69.89769060179121,30.331632257511377,108.95634882839333,89.3277795131887,141.80513404991623,105.01593621264897,110.14170775244585,219.36714267356083,172.11487809469972,19.22222222222222,1407,26.41538638083246,2232.8555852021723,519.6553194019361,39.400612115859985
664.5911880220042,225.32764884350323,319.2579460692587,392.5871454742525,145.9301844919198,153.4841017188955,222.88341557951884,148.17356732346195,253.68529663378067,218.51220871006365,57.63878172019087,70.19844007597001,29.918964095232937,108.43458747258497,89.08938475211403,141.3893206551649,105.1017113856262,111.27155206855848,217.86571976774982,171.3636550702342,19.22222222222222,1546,32.659928521847256,2223.1002016512884,517.8062043272068,39.50064945220947
691.8899770571162,238.6737600497335,325.5596977226712,389.3007157810431,184.4246520818103,206.9745521851631,175.50931362091126,76.1406674754647,249.81605235162493,166.95365723288313,46.11890565913096,13.221634462594334,78.73672618888712,170.75075893835034,75.16147546835543,125.35822815527405,160.24524352231794,122.3138957812987,267.63553548791054,232.6366262924529,28.122222222222227,1622,32.52247456223728,2156.825515953161,585.0025565345809,39.60085701942444
714.5452052251298,251.62464532029887,313.9179844487886,354.4021930666823,194.04881771216708,217.79275320115838,100.6839726256654,54.98910137788772,178.2813367664223,111.70606149561296,44.6511642788657,13.113997937591467,76.67946975996067,169.05878047433865,73.32705179038153,123.64040303438891,160.58293150041146,123.69937897775536,266.7338830881609,232.7907759958781,23.60000000000001,1697,37.1093170765446,2564.6661004898992,582.6871308481959,39.700857639312744
733.0430007681413,262.8916730053023,284.58782547475505,292.90272834731775,173.50655242592683,183.6178507773338,98.67924930303606,129.59176290268496,156.4968132134845,178.4210556350916,49.30356603625998,16.22885401043775,79.94158325065835,169.23129207890253,76.80487621917527,125.8956371257775,156.54383047201398,124.08841800801079,263.4109516917631,233.53438013533557,29.366666666666674,1772,38.12021443797485,2359.8807464292277,577.4828617673442,39.801228761672974
750.2616144502521,275.2563078365836,234.68777964532782,207.2724579831486,122.93351018172429,106.7483724223721,184.09018549178037,176.1318051223397,240.4441815811641,225.58231126063382,35.68229969204449,12.32177847662364,72.16038070607047,171.17849578260723,68.15715534559331,121.02285399629244,169.94654863530303,121.92796505382827,276.80282222692523,232.20368952562123,26.000000000000007,1857,39.199996011994656,2250.6332330254236,593.6908743780366,39.90158152580261
771.3971366206706,298.3393130854541,153.56300779761466,123.31214900183983,49.15447604486044,40.049323537853155,265.4107479388385,161.32996060026505,299.2103935629344,157.75655862391943,21.28333485970589,36.8478046659975,81.43966085590074,195.66639407995532,84.1695965964068,144.0584558317861,171.95264879019635,89.85349306149479,268.5777389267304,198.450724184051,26.000000000000007,1978,39.11932490027162,2316.1639398250663,624.6920721325389,40.00197100639343
786.089909433557,319.9861977139929,94.00902677860515,165.68376941584816,74.96353098311967,133.15202079854913,266.28382940746053,96.37115507817975,248.77190232105903,74.72751250304515,37.384423664736644,23.70559558053767,57.56276643369304,165.26722490115844,54.16848029555907,116.53221677291342,197.74677812957887,107.17268404156627,296.27619563677155,194.31897341951245,32.13333333333333,2070,40.53685486163513,2391.474281275834,648.3395957994393,40.10228776931763
799.560092026181,343.7420759029513,74.59786023818197,270.5552706146345,143.79441528131198,216.20714813274853,193.9264671926508,17.660258292131058,148.061513300844,164.21456329182593,62.14098374892949,47.07772074290709,32.389426359282126,167.1254977530323,70.15691533784886,147.52126756576988,183.896182946491,72.2420859966685,252.36717170283222,213.35792603005748,26.199999999999996,2177,37.83237139940255,2372.8569506553413,616.0516010306162,40.202425956726074
803.3151391555984,351.40015135634593,95.09245198477359,319.927672992275,165.8184920429582,228.79036147454406,139.04019860029877,71.98364568409106,173.633105244504,188.84178251295376,78.3803863565146,62.41915476212938,20.454605271788004,169.40480301652406,80.55165936441314,160.38447457977122,179.5852653164474,65.10046887389612,242.43920789716293,220.03061408092628,31.800000000000004,2233,36.85345857232021,2286.6946151377297,592.7464882927092,40.30242729187012
802.4029814582346,350.4452373351332,112.33288893849058,343.69056806742776,163.63476814923484,209.81385514656574,130.13438234773352,93.43139122023322,213.6759364649807,158.50879295411838,35.70627047748186,22.44677103950316,45.59933291765981,128.70849314014828,49.54553869285986,149.4118509594609,219.47596382658958,19.810523068776714,202.1668997347795,240.18079752333114,27.955555555555563,2274,32.75675241241907,2287.656312990249,541.639625830624,40.402780532836914
792.8272736382589,335.88308250535454,157.14184206605177,356.51940797284715,121.18352374936822,115.30852711094398,222.53337677206906,91.29849828203642,213.67734000686954,113.58039561895903,29.20653275651127,17.459844371541443,52.26848745554602,122.50470996254053,45.733783280758466,148.0206552762193,227.52009478523803,11.405849633885648,194.0644498312448,246.00117383892115,22.700000000000003,2374,33.26725603104602,2309.3835732865055,562.0028818463509,40.50284004211426
780.6138998384766,319.91486169388514,207.51461464859133,336.7402700027312,78.72482772665269,58.029095865397935,296.3235928969215,80.59823768496399,134.1192885266573,207.13100297590753,32.82865299212123,19.012157301869316,49.83555663092103,126.83128997332072,43.55488336711883,143.91867315753012,228.1499686831345,15.269036354589083,197.17142566708222,241.52617669126693,25.75454545454545,2468,33.30265599464967,2332.5189510750615,570.9281609911307,40.60298538208008
765.0477238158246,301.54974145070287,249.34358363323153,285.3281268570234,67.33212471213706,140.8668989587732,299.3892149559208,65.45906128441305,88.04111822057737,230.79395068895116,35.79257366401327,19.861163927546357,49.69027105206913,128.96505966368392,40.731473827780874,141.4297417943183,230.35888155439505,14.75222438055931,196.13485330143217,242.11097041323265,32.39999999999999,2559,33.477030777832354,2333.135332214312,566.4814808740666,40.703033447265625
747.0116155555909,282.40024756111967,277.4480073130475,213.53093330328855,97.04500383738298,214.07112736371317,238.8288945536027,65.47013712841036,170.79325958269655,160.59027829418986,34.27509251749673,22.453862427003177,45.197774016182734,133.46539512791279,40.434433418748036,135.01826658993025,235.57186470994392,17.710542834217364,189.14701754989687,251.48102248656124,26.98888888888888,2205,33.65092590299918,2326.43551347755,555.1332729326571,40.8032488822937
725.1129539160496,261.595091539172,291.54711524758443,128.3856975266474,131.72612055772677,246.5733334366117,156.29335986741958,75.68501490290546,212.83103827075158,121.87374477568461,49.00307733392063,21.52111821344313,64.60986562604587,120.03667983731933,41.21518659228154,152.29816332870053,223.2260222529281,19.030235952966994,204.51929732441297,234.67996571782555,26.98888888888888,2289,32.003939456171224,2299.6935405090494,552.6231563386427,40.90350914001465
700.3570850507153,241.0868514479063,289.6570227504257,74.81981046912401,151.39015580533388,227.87081650838536,165.77705889918485,78.30655968605487,169.45765747551158,203.0299421453192,45.65160057764214,18.65813606196632,60.879567884165006,121.68420476285331,42.19194352655015,146.51962323749964,227.52942609971439,16.813867764372198,194.8329733763742,246.69711396759013,30.900000000000006,2371,32.49605267407386,2309.3059707815337,561.0712994648471,41.00369572639465
685.7033129909236,228.57120698959767,278.7815348043548,93.21534724408559,146.49157885417273,196.27790274787148,204.84088083536997,62.90200957517097,131.06530854747396,211.36877690843002,71.86529137877682,36.88620968609724,94.33994531369802,87.48211106565903,75.1939020508701,174.16191493720936,198.9906094447793,52.65587055075597,205.8992440122157,262.881460181815,27.044444444444437,2411,32.875360629384936,2282.528313560316,592.4616335076039,41.103742837905884
685.7033129909236,228.57120698959767,278.7815348043548,93.21534724408559,146.49157885417273,196.27790274787148,204.84088083536997,62.90200957517097,131.06530854747396,211.36877690843002,71.86529137877682,36.88620968609724,94.33994531369802,87.48211106565903,75.1939020508701,174.16191493720936,198.9906094447793,52.65587055075597,205.8992440122157,262.881460181815,27.044444444444437,2411,32.875360629384936,2282.528313560316,592.4616335076039,41.2038300037384
662.1294700598631,205.98142121557999,249.4034508012216,143.13579611369585,115.93998436831768,147.66990617124836,235.58062057994928,15.039770961602667,145.68155368273295,162.74693326631007,68.66508022843445,33.20858466432647,89.55324145031511,93.14420831784098,68.60787772767077,169.86203572365014,202.0677178075742,46.32054889392183,211.39982755317305,251.57927933779763,27.299999999999997,2460,33.47394604056711,2287.346174559225,575.036737198446,41.3038535118103
623.110071073271,170.6926592501849,191.29412234751493,211.96070869643452,51.05098385536497,145.5028729680739,221.2050051970104,61.186035089493934,217.5723646568815,151.8723915159159,54.97509923396273,33.6794215362394,80.3275088474604,106.65399051130788,66.7505193773787,191.88045202002283,176.43792719560057,72.07384992264177,231.1085066445979,265.66789846811656,34.144444444444446,2537,32.91632718722623,2309.402045105361,582.1927341108703,41.40389966964722
578.005191040232,139.75171704884679,118.7001656043903,266.40260416409757,27.70267400796323,220.14906266996454,153.5651968600838,118.18872130060197,228.58189703525068,230.29706883105877,53.90665625001623,38.53604483459912,82.2643303408111,107.15952717996507,72.39277309282541,198.6829120444678,170.78563342748205,76.85591003095891,227.15987303784982,272.29420488432163,34.144444444444446,2613,38.32043637651118,2316.7406851326828,586.4246381675937,41.50409770011902
535.7781477403535,124.67935848648831,50.40872919174531,290.7356215645561,90.17266527287846,276.5253089469495,96.52103264970334,125.53864137560409,170.44533667891898,236.00276946414687,54.188513965603754,32.868108057990156,78.20058381257626,109.93816072464136,64.89259036017599,195.0702616806519,170.69034977299086,80.1554302397345,236.4072930299233,275.75505557664695,30.75555555555556,2683,36.1842956601043,2310.5214979980196,599.470228293897,41.60436296463013
488.8674525658318,125.93106531198566,30.46524226210878,289.0230974818836,142.0066067786882,292.94728248463645,134.73882645218674,85.2279975610502,128.0532367369714,167.23516600450327,52.21638390748804,21.55806072051349,66.7610099002528,120.98318515813611,68.83602228952999,206.814947103634,163.69614341968338,79.69833763023,224.22981763133984,268.13375838092276,30.75555555555556,2754,36.869825218200866,2295.0731500131005,596.7256813556138,41.70465540885925
446.19091795019966,138.78021638005583,90.6462796913125,262.8710176663206,165.1818691785109,262.9191702475493,192.20244882204733,25.084166265290794,182.06127695418073,160.16997627125946,51.76363652412654,20.38862285003055,65.81516355296633,121.37699885806535,70.23812504695185,206.51585562534157,165.04920402190146,78.78794722032033,225.86126731871397,269.5992581302683,30.75555555555556,2813,39.4166558863966,2290.183802422514,597.5307315132997,41.80493092536926
431.0515875322325,143.13498500891657,109.50241631446434,247.37827531142634,163.6987254255192,243.82061867348435,199.77891969897854,24.423375559016957,195.81611170600667,180.69239653428286,59.58734663958898,28.863117298387927,44.45704384967998,148.2672325636163,111.23131841774315,225.51493792761187,193.11532178129943,38.320116586359276,238.3254473278646,243.89190319721047,36.66666666666667,2836,39.330710213998586,2254.5132441463347,619.4170840511792,41.90496015548706
384.111395437121,150.65888331562846,153.4128016378556,190.9894691398629,125.04477897452327,205.01178289922316,163.9032285994212,80.62239646697012,158.7519189084583,183.49715536687336,73.28462560391999,38.290380647132935,61.31472429960607,162.73130670071518,84.33138910254311,268.5850204857981,150.59277282361913,79.35952008375017,195.56568226402678,191.29631215855352,31.333333333333343,1368,37.181871284532704,2332.6534933856083,627.1669012580911,42.005258321762085
315.3266739351397,171.74739674288327,207.1261757921986,132.74669492978316,50.34589442974777,237.11654241957487,84.99829676955082,128.0395421728411,89.80694397064349,110.6215347053184,51.51854168650669,18.10070047790319,63.845591456819214,132.60684480903163,59.85960554661093,245.3334451087073,127.22707083164212,101.5491256327234,168.2782668388041,179.94199964740662,31.333333333333343,1452,42.97904152875668,2608.0427084579296,597.8579164272909,42.105300426483154
268.07733524617083,189.11093493843842,234.21284492594822,142.30161039175127,11.94358493787473,290.44299895167444,81.1812286515769,122.35473495832359,125.26510233354944,97.4128205445113,61.222752723787835,88.37831425862286,137.69524034019722,67.55678652190039,24.39613264540082,277.81109301206567,68.18655709284707,170.41424426204028,167.1196091421718,119.70797805433968,28.22222222222223,1502,36.05735974342363,2923.269274952706,501.1113481898729,42.20551824569702
296.89454736644393,186.5884313599073,230.80026588559488,118.08047636216597,20.57515467917057,271.52322408238933,51.85681743074543,150.5537567878343,103.29014822618171,66.38617053321059,56.59520708303415,15.824175583996103,64.28893360520617,99.48321196648116,56.40995454625746,201.69559587864984,62.73782839973856,195.82307481341627,89.28948261809829,68.1376484204048,23.33333333333333,1313,29.877637364242023,2242.152315768928,434.40757247110935,42.30584645271301
251.9115834246669,177.63763680983536,215.6033091063575,163.63906967278876,39.78319408850677,259.82818969738196,91.03674612189938,127.74779642364207,79.32738429937602,80.97219341891795,56.41499268928441,15.839621742645374,64.43311308039185,99.5441800603781,55.693660230314485,202.5844545624325,63.30190791286855,193.75566839446432,90.60455745230301,71.34415006621461,23.33333333333333,1358,32.025458733039315,2246.526858107939,439.4326554120106,42.40614914894104
219.16319434449295,167.58847492084743,195.16872512336724,191.77921620911818,71.46966352677738,229.99907475322405,97.48967730294851,155.76161421853374,47.9670156890603,54.57491168390303,45.07451113794215,28.299631324302368,75.27016913895005,100.57509491357267,46.08314451048932,210.28907890473215,74.46809000070742,182.5003919881181,87.9186063386898,79.9877183798699,27.77777777777777,1391,35.14247360985141,2234.5069250879887,446.3820618329154,42.506346464157104
178.40088971677062,151.2716550792244,160.47030683704352,213.5003411723349,100.90270050887332,193.8290086084129,77.91035750894389,188.65258887086665,69.12274123447799,34.73172005200399,55.55517144984381,20.439847935118397,70.6310798709936,92.84001120870354,46.91018477264116,213.13009524747307,61.76077088041745,182.8297505757474,100.15857783223674,84.75577913093542,24.555555555555557,1192,31.880267486690776,2246.353243021879,461.2407847670107,42.606653928756714
144.579283724422,134.15771389994958,125.1715970936334,216.6020843477124,112.2218776580483,194.51204220502208,43.0262296135714,182.08976156414641,99.4873324076684,70.74917564597311,45.72943401233986,22.12566335780457,67.18266920627812,103.24861642806823,55.06851390987208,203.32082284190895,59.96751255174419,191.54085967256793,101.6052096736962,81.55358127500736,23.71111111111111,1228,30.199052911455883,2221.129694831698,463.1246434892249,42.706841468811035
115.51065008761053,114.77391788125341,91.67156301845363,203.6112477870577,107.16941016786932,225.73955782980772,30.252605862258555,148.059275409389,95.56404847490376,79.56166118756826,49.11238701564033,21.431481083714868,68.95882429105342,99.40616326176524,51.272310348703435,206.98654833331113,62.43860362388152,188.44199657571133,98.38644190505889,80.11647024228535,22.69999999999999,1263,30.620390646253753,2212.320317185746,465.0059502437157,42.8071231842041
100.4435891427619,98.78707128035467,77.28940937461968,184.00606562995995,91.42688877134451,248.2485871881845,54.77021157708057,135.2693911715095,71.27758860796973,58.402367390290244,25.06241300317678,24.537936555648436,45.807911286286014,110.11299516532648,64.79420240801133,217.57392064924025,54.40443418800019,168.81728232607105,96.89825116699896,84.30173431940443,24.599999999999994,1289,28.812831482885812,2199.9017187419686,447.7537467306337,42.90737223625183
142.55692121714293,160.19890556416988,104.63289834041717,254.25780118189576,161.0066107114851,246.06939802002475,57.858547926437275,97.06528673088496,120.21374519262417,115.90788195311254,56.23514151831011,95.06075087613681,36.06123976297931,155.92316875084643,124.52955472828012,284.5313227709494,105.73878473109426,90.1119143370519,92.1239967557262,102.64327504020397,23.83333333333333,1218,30.540242038165204,2134.2372559050054,535.4408741497143,43.00744891166687
129.38654457218323,138.01327141693469,101.20663505857593,235.78187697496034,144.27980423855274,226.63200564777603,36.53057128261631,119.7211580959355,131.40149231398462,127.43088736920329,35.19479522733582,47.016990526437986,63.025261294286125,158.73014327905986,125.17318200455973,204.83899326407834,51.9251062549362,132.43329266698197,176.1964985639111,184.39090678757967,31.599999999999994,3479,41.12251411258926,2894.8235701623416,653.9285243304807,43.10767650604248
129.41911325213985,138.0685179224097,101.24447083496082,235.92563345168327,144.4238308284408,226.97972251687298,36.78960817360847,119.25028716957773,130.47604200191012,126.17171334320996,22.117747178498867,43.94119592959977,48.802139757884134,147.71571314121357,112.32038139509439,207.5229608713145,40.16413236610073,138.35971102208322,167.77469805377643,176.57426705708093,30.64545454545454,3483,45.244282223834134,2184.4317054392695,654.6077599063392,43.20784902572632
129.71134633061286,139.37061569274863,99.64564868907647,234.8289923121014,142.72510443988895,226.35609395007836,34.90831331526274,121.21950136596689,132.54251198932832,128.56386451435037,3.859150882167504,34.653284232791584,41.75142007588688,129.39048794351874,102.6969237321595,186.33199160650307,41.357166972288994,144.46047023610214,184.26252588794733,187.16144696700835,30.64545454545454,3475,42.41541112700344,2045.6912883634982,641.3661485914272,43.30801725387573
134.9392897789175,157.13385765289334,76.15792730448946,216.67380474102828,118.21694575373944,213.30314740943055,16.622165040824573,143.70371306449562,157.57204692135102,152.05292167285566,38.78659798074874,37.57954167458914,66.95469321320694,122.6599054808472,123.57127074306258,172.41164756575708,76.21851966183412,117.6062892545531,167.26581983148537,159.18328914897225,30.727272727272734,3457,37.94308422058157,2225.100728171731,613.3807220661854,43.40814232826233
153.47460592525445,192.2375668989744,22.184977994549754,159.12716410738796,86.51938714265593,155.54854422316282,70.95651924308595,140.2410551655634,167.24959940386805,129.64031022479173,42.60299587346847,38.59222495720827,71.59665032808553,126.34804131609717,129.33974145990246,177.00222742798948,79.74737970797656,110.30103411868261,157.8249552209649,152.33870694808763,25.27272727272728,3395,36.7294042967186,2478.3120208280416,640.8246512294056,43.508424282073975
190.10849427565174,233.37241802021745,63.72508439600272,102.31641482497186,130.88408090497452,122.45734587247888,128.32259208211596,89.57360583292672,117.98346791656724,59.98738143824572,25.425397921751618,68.30737262449885,30.692042131483728,68.49442599128541,101.66448586502781,116.77036323670997,129.23872047074545,103.60100841008838,152.09939912537257,89.60200096016042,25.090909090909093,3326,35.68588930905633,2066.6255657064917,579.6438150827718,43.60870862007141
252.36744437197493,285.33342974853343,157.10609563558577,131.18018194087315,224.15863054610415,198.45639126281634,157.93547222836418,30.317504410942927,58.73849569382935,122.3564072950659,71.47616113922668,52.241474189842286,100.28621676658179,153.62375053505778,152.91831733572087,204.53760666757896,72.74037796754209,118.09147765902806,163.3695994294227,174.93251162306677,25.090909090909093,3234,35.73060442681903,1916.7177394945581,636.3400372683943,43.70908236503601
261.5577840367493,291.269675764182,168.94335597598348,144.0341674081664,233.20641973302872,210.51903146891752,153.24508933729626,42.90688403335843,70.22402704101751,129.41698225996583,29.39357293229637,74.3030990063611,68.28083318247478,89.53761906301825,161.82191701801383,177.53741884173152,150.13234040158304,42.37679923883962,84.95029632548965,165.47615612910454,33.63636363636364,4176,41.1595353183008,2776.4644500777326,703.7169814628909,43.809200048446655
279.85027769657694,297.6427511803374,188.20983670580756,172.7271619917694,234.87916732073393,219.92226256771661,122.80097312866893,61.43753875124001,89.39183292365023,106.67921204363427,25.395178632655853,54.46262705316574,56.853241302358164,89.22513115039457,143.1207134063088,161.1675496939586,148.58989096113308,34.50945150776094,77.17786353857102,155.19228863281765,29.962121212121218,4152,40.684259089131864,2001.5053891332855,689.5127738993958,43.90936017036438
295.89511136614396,296.39316899821773,196.99698923757074,190.35943041578292,215.04729837682677,202.0555878144331,112.00231358187546,51.2227709520917,70.04534758380096,93.1002581095546,38.7646170192027,24.518878720419703,26.032331300198994,61.737510526763984,139.225901300744,154.4913366628742,186.47957073868247,38.60062953325923,86.52879209334684,200.487054297513,28.91666666666667,4116,38.65075660214163,1731.466432846586,675.9208647672056,44.009674072265625
340.67407783907817,286.0371019670746,210.20451585953992,217.91144324596607,136.5242933680739,122.55003513238778,175.66402412464666,40.547515083254424,17.67675144712232,166.6191114362782,30.562335258167185,42.080033184212375,49.98498980015841,87.3405366164812,118.6613325244582,130.73169707628233,185.96937711300004,16.756035719269153,53.651023003976086,214.928995727386,28.21969696969697,4039,38.08162448526613,1798.2742002912216,665.4903284149043,44.11004090309143
372.9361305070421,272.95649621769314,209.49164026072714,216.81767810798266,89.92311635687555,88.19789565052281,224.26568476277305,59.26493110375758,72.7566777650185,185.71331933845934,44.20802415384324,22.637038815071012,19.98629965322882,57.36425157905406,145.44125842778456,159.37926357916547,172.09034200156057,24.70284623064648,66.49231505783656,185.83823197736007,26.181818181818187,3978,40.92149014430122,1910.0656516197637,672.9133720751579,44.210147857666016
452.45633794720214,250.2499096130487,210.21079163749724,195.5614264014181,160.40128912415156,192.12289875413137,262.7146920759063,127.91108104683245,155.9282292660378,106.17849663846881,82.17142234543493,46.13691272967061,27.463298888666273,18.394795171319885,190.45034680521465,206.75505249453965,150.68536438461118,68.79650506040763,97.15138480821902,134.99404579776808,26.181818181818187,3846,37.877931286176405,1877.1779195085178,720.3801583679403,44.310327768325806
495.4161278736676,243.92213639119544,211.32536273856755,175.70899999332258,229.16592751158962,254.37931808880387,232.65817110936516,135.36530746959033,147.33486031060187,41.43273223026611,46.619305241671235,14.827059892182886,35.49752193093564,56.62341124591816,153.3938373167247,187.04024855926372,207.31913708746958,99.01949277522657,143.09096650623286,121.64614146473845,36.81818181818181,3775,42.110120680037184,1939.915843526982,779.3788993117955,44.410510540008545
533.3115615400116,235.6688537772223,202.81613676409887,140.99631365555442,273.76756972187167,276.8842158159934,168.45059598479088,94.77315215572753,86.29082616934625,95.88038031962304,46.63527782617036,10.837072227832019,27.999063627011136,55.60137451151539,147.3840998960701,178.77037950295187,210.67262302322854,98.30774608534628,146.3828073028678,124.04286296551737,34.97272727272727,3712,45.03231800665281,1986.2890399423256,772.6269972694824,44.51063346862793
603.2302491770108,230.78755884717162,186.5150602580717,75.79426290042329,305.9607138726871,245.1680721997009,130.41205315743483,31.210470144725626,100.17133506944333,180.2622442105817,70.17186780267026,50.11743319191366,35.02005531572302,77.4291162006744,113.03553712291564,128.61479124250906,243.9926838719658,117.48570325201794,183.8613426337742,141.1458134054769,30.272727272727266,3586,47.50791870528101,1934.6360784504795,818.261421984234,44.61102843284607
649.2889283746354,238.5704208494997,182.28843223144582,76.40776928224865,290.9586978360314,183.56562942638877,209.8380635948406,104.79111386535202,173.22926417057565,156.76964281367248,55.12898305596285,9.196379421924506,8.578931003859458,34.776721136029664,155.530470128518,154.17014180940123,207.3998627616631,81.5535504330461,161.47902305552208,178.65110027919476,36.16666666666667,3505,50.12196097402841,2131.6342225726717,857.4497617129844,44.71140241622925
693.4258235539875,249.96054943917605,177.71984108031887,112.23697373088312,235.5209900421496,98.29205180196499,272.93186972872417,141.28662484321958,178.79942250874356,70.66415327531742,55.23917943665565,12.303600287377305,4.382720904201097,39.63823157114193,150.21923926428963,151.45855499126014,211.4014746392091,84.96278910502342,160.51726661610553,170.81093993531306,31.16666666666667,3419,51.61606923826298,1926.728010526484,861.1059909518857,44.81140685081482
697.9978942611515,249.75786192596183,174.45418522585322,114.13939211250384,224.726100244118,94.6055796165149,270.03384902318635,134.80927626477506,168.54583971289236,74.53351141771795,107.66498748591788,76.15250564884839,79.66300504766652,68.53820838564688,172.36985177797018,87.89885292539068,280.62760203938797,157.56844656433566,219.40359346293678,106.5000718323195,37.166666666666664,3407,50.047106138679425,2030.4884802956642,921.1068240275965,44.91163492202759
724.8303789273814,240.57838051816526,138.44457527238978,115.45345917778405,163.67676475029916,150.3284579550739,198.6731511463159,57.62013522330656,135.44899016025425,153.0420185957061,42.412450947804516,13.825729805104551,41.12336273131602,14.177558794679793,207.43124924743015,166.87420289668262,229.618519641527,145.76546917233634,252.28675557276839,158.01303658143073,36.166666666666664,3332,55.548172049117646,1987.8932880657737,968.8842574522535,45.011696100234985
748.9718011453766,231.47501871423881,103.42198603936501,121.49263383050412,188.479366108305,229.25211373525872,141.34843399130375,103.338749990801,216.79605136597203,160.63298208742526,67.82130961064263,19.869814138648117,16.398622350315957,23.361272394332786,182.29533256574874,178.01379097076168,200.85594859459258,132.54857135451726,260.2797133192886,178.8166973945527,38.09090909090909,3243,54.80723007870894,2046.964323382112,909.6727438574494,45.11211085319519
764.5622707469184,226.12477918089846,90.43965752760973,128.48436031596148,251.1632637971719,263.21678586338965,179.81543015270242,162.22099041798936,251.6156305575949,107.86768772329063,56.273882696612866,8.61138614464864,25.00798025413139,12.974299175012156,191.10885571679148,173.3801798593395,210.33018822005474,137.46784442249077,260.7427558533586,171.4382525777446,38.09090909090909,3184,53.81302168663456,2027.014241200147,904.352027423377,45.21223759651184
773.6683267383511,217.36126101802677,88.99183501542268,123.77791285744387,302.3062541147413,247.87598509340134,236.34335400725823,164.00345097036939,208.1090326143091,87.93505439438053,27.450602586048124,31.741765780647675,55.981471344461966,23.24125139221657,169.93399547667727,152.60995412829615,188.51063868465042,107.01887374456669,264.9044064067154,208.75866215342694,41.083333333333336,3119,51.45957742725186,1982.125805814016,901.3503648996925,45.312596797943115
788.3207725392357,214.64791895169972,141.89510471470376,132.81348333444805,360.5957106449418,156.1913367647469,288.6650343321851,94.18068772620896,112.06946612622637,208.8686337859795,14.496257000539664,57.250828475736895,81.94879421564767,48.015083482783425,159.29608447375674,139.51294656199636,178.7733921144897,90.05881340304863,268.82387512518727,228.9579950252661,32.583333333333336,3000,52.47043849272248,1952.9200286239868,920.1936628829745,45.41290473937988
800.2175146384558,236.27010956950699,212.63333002608803,166.2953509204621,361.79617700192495,45.462605940060975,258.1084322967106,23.23014557089203,207.2340713592168,239.18794791530644,23.149933477285774,39.84938940128203,68.68099816349888,35.01016027488578,175.79207753068548,129.62072055006328,194.2409660355952,79.27989724096479,256.2057787792183,238.44517185099664,36.73076923076923,2887,52.67135107360518,1974.0786504861144,911.3778060438001,45.5132532119751
809.9981330993932,272.63994340687844,278.7871224057792,201.68427255667862,310.71988257063,91.96584607699485,161.59948006617273,104.26581076183481,280.30128568769675,152.28254469803161,20.50591933559898,43.203269090861625,71.02304077058395,37.13299600172184,171.49277216772907,133.51142129670737,190.38433767555844,84.48004862601127,257.81099209486996,232.73977077625796,30.923076923076927,2778,53.76966581712068,1970.813898486274,912.4244038207704,45.61329889297485
816.9436601125032,313.36900825208596,329.69853632072994,225.61192170367897,221.52933504494476,190.83547795177498,79.17829648643205,156.7687005901183,246.05559273647634,97.37068122909677,23.34991605751638,41.035305787498686,71.09715564301183,38.262005495511204,172.93688114919124,130.70675581148416,188.3537782572358,84.07821983135133,262.26144143264827,230.07825935114576,33.97802197802198,2671,52.156091886480084,1969.6364560430716,912.9593481641105,45.71352815628052
817.611114132428,334.1567552932256,346.32127643366607,223.78045975010969,158.75826837380805,222.0388698258748,125.04021682177635,142.94936605632913,182.70529412334753,160.51570660753774,100.92037730620137,78.48886438614817,134.54677386389872,111.5775876436784,137.77842916299164,174.71756680371965,134.08986210833763,146.76264340104888,255.6683975931889,210.1643397720149,36.53846153846154,2609,51.43480458861623,2046.368566875972,916.696209007743,45.8137047290802
813.1621236370855,349.9503161399274,345.9335355566674,198.9409937586809,129.53956011178812,213.31967884048942,191.55952407610852,77.57772721961231,183.8487990109937,182.34524922060837,21.805134620793787,17.76934972964806,55.66423717691154,59.22186488583572,206.8073643628107,105.0742410593743,134.44871974306437,142.73584833686087,315.90831054212174,157.01453559942667,31.692307692307686,2536,50.89364068658462,1964.3916413102315,935.5433502089576,45.913994550704956
801.1119104263195,366.9424555154767,321.6385544750757,139.85997478617202,213.51722015942195,142.98158322436856,231.41655461641926,67.24734734045695,292.63377331886073,97.5466618170617,21.21890406266032,17.827185304014154,54.79937199056604,59.442642743452694,208.21308272255197,104.52920547670837,132.63817701337035,145.70495907611536,316.31871041327025,156.6134062078431,31.692307692307686,2426,52.736984790205014,1956.780637453157,929.9141587113897,46.014092206954956
787.3388857814803,383.0917626501622,284.1161450372202,90.11403417613178,320.91776670989566,44.092618131207196,208.13216169836974,173.19146015167965,328.08540020238866,55.24256751758231,22.873124353740668,19.290744413833345,55.64454821952765,56.34256977668325,208.064241684999,100.89038593511837,136.66748355608274,145.07397505841286,323.3844651734118,148.05497485811054,39.99999999999999,2317,52.431432946927345,1952.8095593370952,915.6903425433662,46.114457845687866
770.8661803911673,394.7915346913091,233.3501857711028,92.70174244158507,392.65193634550036,66.34499355105676,120.42509759354088,213.7682013542379,243.7879773370842,159.65222386609327,20.75580969260408,16.831220119917795,55.46942911220768,60.67843203615367,206.1739937405293,106.09298872396175,135.6178122259284,140.51853628617823,318.5917747794145,151.9421024781243,31.692307692307686,2207,52.91171311545672,1956.1427868721516,924.5571177093923,46.21476936340332
752.7151353832949,404.13423047662707,177.75159739201888,149.65402330279758,415.09010666293534,165.29035820822924,22.677384973646802,178.40800489659645,157.88188187485804,182.882364087567,20.058639873711307,15.874374967069997,55.65806053163169,62.08777601785771,205.53892524590876,107.21307640181672,135.32757579569733,140.3613125555165,317.4763012947296,153.70460360386932,31.692307692307686,2095,53.78807839447758,1977.0638721216487,950.9365868861266,46.31489658355713
733.92388253189,408.73643211549074,133.09513869470152,207.45191112024654,380.1361422822637,225.35233322840116,127.27181509081802,78.73187681133297,246.71144332157377,101.91525424278315,25.310700263252045,29.317538711110068,43.65461912353729,61.71186156121298,215.94740675664994,115.68765780010621,127.89035715642287,133.17148435709765,313.3100896044449,150.67380920734362,39.38461538461538,1984,54.15543202055983,2000.6734823776724,951.4929518532576,46.415109634399414
714.1534829262228,407.0335945745494,118.54517569019822,246.59901437042885,298.39688952243785,232.60790934510322,202.67565601432014,60.48230331291809,317.05993774920836,54.76946760645946,22.14027710671658,14.362612608290465,58.71893082552279,53.97730012345038,213.1741685537578,100.41613397051562,122.89180836467581,148.73961208019207,301.1188721944314,167.23152120951397,30.769230769230766,1883,53.43760447496618,1952.3775511315382,923.9420474819054,46.51515817642212
693.217946932867,401.04037072562625,147.41038419944124,268.28153077013826,190.44100205735313,193.19840189374685,226.4974100081002,166.67508946366135,286.0380690279859,162.9153917335051,21.859969168436123,21.697521228888167,50.7732057746924,60.357127040820764,210.3078374652299,108.42367663360184,131.8185865719659,142.11564225690125,313.4130983457226,160.67232655316045,39.07692307692307,1771,51.140583322920946,1907.5299495863749,902.1570071307731,46.61520767211914
670.5401065280819,388.4553114617539,197.66628336321526,262.78030181827984,138.6372054033048,105.0407451757588,176.34250492763962,210.6054878349589,175.07098039913262,180.07954877759212,21.95528956624785,18.285679071636352,54.62177862748974,55.626059144006355,214.6427626780063,106.78095342493049,124.68959057440016,138.4150562195353,312.29863570788405,150.89868070656917,34.48717948717949,1665,52.25345097450629,2074.3640260389,897.5818503807129,46.715500831604004
649.8842451310172,374.1497022551163,249.07092975098791,238.2383946739342,215.22826560122465,3.5317145511708037,84.54187705602824,182.8418372299064,188.98558632402256,109.15028775455058,20.39918791060516,24.46405875984434,52.099939255478795,63.672235435186195,205.49808871911247,97.44924944345065,122.35915882298563,149.21099943211152,299.86631293743545,158.14125999914378,34.48717948717949,1556,53.067474705545244,2905.781726373701,897.9601148319306,46.815526723861694
629.3877169071066,355.4324048012749,289.11911252163986,192.30411196198415,314.8327459403589,98.62365961867933,40.43532838772816,88.75525549652859,288.6016206903305,53.669140153385904,81.17383446780266,93.60121565054273,118.13714985934085,103.96319816631866,231.9978006624489,82.75129734728702,51.90961398727987,106.42322064324806,360.9672665630247,87.99877404402318,34.833333333333336,1457,47.48081384157578,2288.204897132616,821.9187487334107,46.915640354156494
624.6163809964833,349.44049208166007,291.2349316146026,178.98198490832604,325.02198230147974,109.20486961747754,57.456124601751384,76.56178037510016,287.6529412512631,69.86175028932354,35.984149885720306,50.77572681968175,28.2975112560369,116.89294509388709,146.976772925209,30.62135584051891,87.07608397526076,198.5238052638828,296.8462474182662,71.58542211714877,29.31818181818182,1439,39.89847367969203,2175.2429231006904,739.4596160288004,47.01564168930054
599.149657222775,312.367292101776,278.6892868022371,106.56705593601684,325.9314504425771,120.78041341459893,109.63522623297914,128.07856203169405,215.82841892788014,99.1929849671816,42.448770906132914,57.42223587297306,72.03166192611332,94.58091182324588,189.88248370167938,46.84018386781669,66.34073658944605,157.87860107804985,312.79722126486416,77.48322381302273,29.31818181818182,1364,40.7721062454501,2150.379468617936,767.1883863108179,47.11585474014282
562.8873224081201,255.84078604255689,244.3662262415021,42.04198026702224,274.5366828426537,112.50324964327277,140.86483976214652,210.29206626267717,200.8711776035891,69.1546746886579,32.72573215480686,50.62977445728266,49.47283977651213,109.59997222711877,162.14585012074275,20.044868023970313,65.10057096659294,180.31963769315269,327.39374775677936,39.59280907794209,35.265151515151516,1270,41.65251399767244,2045.8336580746386,795.2129676022175,47.21615433692932
532.1045439720649,207.0416911850149,206.7844043557366,110.81467794274126,201.94501824171437,98.3564615441364,134.76151090724656,221.19843328600695,281.90381263662675,33.03475100324327,34.32670873940259,54.07255347883078,51.11932719704359,111.73569896146067,165.82511512275886,22.93546009633112,64.69288415771588,178.7144246461953,321.081462108221,44.772867086486436,31.0,1183,42.20591322913562,2122.3827719264195,781.0536915041537,47.31617879867554
496.40809550875235,153.6421226955994,154.98827107725327,200.87407365673783,114.2015971804269,77.28652737400999,84.08603684753017,153.07170892882027,314.27931427636184,66.57079077182144,31.738871765799985,49.29929448699692,46.894696156397515,112.8756773785732,159.7432748449765,16.23804420742001,58.66012973740953,172.6652492413003,326.10881549211626,50.03601905861989,31.56818181818182,1096,43.74279391886233,2543.62228602325,778.7609826232563,47.41629242897034
467.2467749822525,120.27067758151279,111.82720013201525,259.91319368120037,113.06859335468866,73.21280479157949,27.800642853160717,83.43340284508184,260.1300049647459,89.51427231752115,29.40269856038706,41.58415012868729,42.541203313824646,111.82129950377903,151.1336085485152,8.586751751792038,55.65163731525142,170.21794311784146,334.8058763261955,51.7019093632792,31.56818181818182,1015,44.29855215981989,3139.3657134467444,774.0316865063301,47.51632046699524
436.1519442599766,107.9229067275109,76.39530385700324,297.4024063904352,188.89905822693166,80.64408973365428,55.087685293614676,130.22264598768115,196.52518909157348,61.75902324687127,76.93080701565715,42.852233812670924,44.5426167070351,192.52384808077312,146.00431258338256,82.2170773910724,63.87537297381915,152.9540114337733,246.2054282808982,95.24830727336708,27.719696969696972,938,38.25751016753971,1504.3700357554198,680.3628067111904,47.61653804779053
441.73750376496025,109.98397563136186,82.86904631974888,298.3535179818489,179.1258050863945,85.69721283870346,53.6866655421526,121.41751777079376,188.91778821797573,73.20095137309669,38.29655902510413,36.10281860537059,49.69039129141101,125.10821285613906,91.90302311885078,64.08734749267066,29.166985294569045,81.86214816994293,271.87662863245777,149.4320403783061,24.636363636363637,947,32.376183824260266,1435.9982030028623,597.3829204057661,47.71671724319458
404.5578410415865,95.69834253030822,38.890371961832344,260.39853023685004,204.02468163738837,22.751602510528063,34.58826817843641,115.98345685277445,250.53884749401638,89.54348854595494,36.07996937232391,27.973855629148623,41.7150859157873,127.63263209053761,99.49094565488362,56.774825523058865,22.4331941622072,85.71603289905488,278.2843224024016,149.05214554675004,30.09090909090909,883,30.01376260313947,1477.1160412503746,579.0443414249413,47.81677722930908
382.1543600201374,96.6517932078004,35.50700588506297,227.41305472760203,200.1717511037668,16.261080146530045,40.86814873401697,87.73264478604553,250.91616992629253,124.18647038957019,37.60743627630035,13.98453793675372,28.046126469360807,137.88505334083627,114.72072896953755,43.0502392506808,3.0860613845530938,104.86549962716671,293.46785142641846,134.88864425393345,26.69090909090909,842,31.911377470173313,1596.6225242860146,589.4447747127742,47.916863679885864
352.49055099740303,102.17087249064677,56.46036184597748,182.23563841885166,168.79986965982414,58.786782729238816,43.91176219840479,51.77913582302104,205.15134444805986,110.00894412873365,37.583401347868254,7.7837312631318865,22.3103144067225,131.94651124070964,115.22125132568661,43.19743491042467,10.777981734677077,96.79750383177537,285.7959176689596,134.52108579507097,26.69090909090909,799,33.55480726897938,1816.6620408958338,599.0696133179792,48.01722526550293
315.05186675136366,117.49354949443703,93.07588342847839,147.56710131645605,115.48473409945989,95.74912333090954,52.44451332286698,92.47875986958921,193.77089809755338,57.58353848044687,35.558509888759666,15.600753079031612,31.78067597086382,133.22376152064604,105.36619767105866,54.14566206322676,14.582722019867608,111.51805424227594,287.82363679491857,118.36977656351316,26.181818181818183,744,34.31725799853822,2142.157488180568,622.5160577459235,48.11762475967407
284.6866641670044,133.15250168275787,120.28788883429404,155.07354767224197,82.43551278608724,108.22222717011051,55.96436411242381,128.26343337302757,235.3297754529126,74.12452408751435,51.035733379119904,50.04825175840353,63.72587704886909,88.96379476922122,54.74674381876197,107.13073467632914,67.29859750986331,158.98438345389525,310.1320538067539,104.95943716530853,25.390909090909094,700,30.84578508676079,1456.864007773364,556.732526718273,48.21791410446167
289.34362911029774,131.33549526606856,117.27739974446014,150.9043421880086,84.08854898335272,109.31096059631595,58.048829323237456,126.6423124232865,229.43069272908218,66.0521579347902,42.71724981994333,1.827331758297513,12.349076737756564,114.2670838763899,105.31392148366076,85.07067740205295,65.47310255511307,127.15864187199765,258.62312006453425,50.50745375754736,25.363636363636367,710,28.079416843160942,1397.5744619984573,493.45675521861,48.318204164505005
257.2011536519369,131.67591451215924,118.20954488812939,188.07051743200017,112.39278760816188,72.67204989213265,23.450048331554612,89.80215265544388,199.67551776208873,52.862741951711975,43.49912373565572,2.0784712195987414,12.86191331911758,110.6263461921923,101.60079259225387,89.3167006792961,66.59627160867947,133.0091270616667,267.7746975740288,61.29713369493817,23.372727272727275,668,28.17104194212356,1757.0041637813383,515.6154034491464,48.41832160949707
213.55752079893728,131.01325856593115,111.78863016238581,227.9171957182326,159.13713360860208,53.961347381937045,59.0116050132419,87.09803900481101,173.88686828447703,14.332487111338116,38.97619439067395,51.70860973804679,62.83219059604882,148.85160280081294,127.76748164936919,39.42150789822638,63.640654397717256,95.0947728135612,215.32156619256503,12.318618631249862,22.5,625,24.817294755956713,1562.1564458957853,488.3369585494901,48.51863241195679
237.21261599670785,136.98308463917735,123.7131046279383,219.62404011176415,147.38806130749762,36.41367116041306,43.93464411009865,61.97123699886953,152.91129670134166,11.421264730855219,38.61118299524759,26.016457477466798,45.63064110266137,114.94342919445486,92.10667001740632,48.16771108826157,25.125064932339804,66.51709992229542,201.02231633897057,33.96156143788784,21.511111111111113,645,25.955779541954755,1736.5011302885819,467.0679116045538,48.618879079818726
205.68767598187844,120.82777278903907,97.42837095421432,211.8371637464831,140.09276576527037,68.37686849055851,36.2873306406922,81.07599103170736,178.7919430942374,35.26580386069197,36.63965437326171,23.54532707950863,40.53354843885273,113.41824132304961,90.00182238883517,57.827425390532774,19.98847156203353,76.04713128699467,213.5267202994864,46.462296826894566,23.0,617,27.86252090675309,2292.7603701681765,480.5027658165559,48.71909284591675
188.33837093968282,110.305824235363,80.79717726468405,200.46227882522126,127.80289358772636,81.24211534602367,26.55276954011581,77.27363742183476,174.74072639788946,45.66874236189274,97.05256110917753,69.3164987474622,95.75166074715744,109.23963923298987,104.38894995819157,36.65790660342171,77.6573674352619,71.49735662662175,192.07215149245417,25.784616178781114,14.88888888888889,597,23.18313957113854,2692.6145396834854,401.8038835518978,48.81914949417114
100.60161775728118,66.83662864741486,18.138186575878784,114.54380613062439,37.82860276878859,116.83986924180458,63.53396625365582,16.31618541650324,86.09541664780154,63.594576107579606,25.447633404331864,6.363622987237401,21.47971980003069,71.01515870429623,37.34074764023595,92.14329322614039,59.76567391663541,7.157795229363214,124.33876499748465,75.82037653200258,14.28888888888889,509,18.43293148588549,1184.829654130087,320.9419667934077,48.919575214385986
88.73799803638484,64.5595247801017,30.600228438944978,101.44744432773203,29.62157056569132,116.27506780608921,70.88871009733558,18.48305688912958,87.56951348471405,59.58169429524459,22.18136717224987,9.776530656955135,18.401286658287372,69.25755764691648,33.72733653674453,95.93656087024131,63.0389274472067,10.864096183134755,120.49509005410407,79.45174733608317,14.28888888888889,494,19.088036522428062,1216.9107884258444,316.2107058502577,49.01967096328735
85.73752468354789,63.13750517627747,34.47387799920966,99.00105692422895,31.175475434148705,112.93862192598998,69.00398651120211,15.75488323742522,91.78749418711722,55.468493547505425,12.068701827021076,21.601579802512852,17.028052766331115,59.242092807767186,22.522136449733555,102.89580990508344,73.29398678864527,19.350041444994172,120.70242035173489,76.61556391032539,15.777777777777779,491,18.64975082113326,1279.1507753113096,328.6446444235635,49.119969606399536
83.11415581434282,60.56137931292703,37.818825151307045,99.22181542359148,35.22106131449988,109.16842556195303,64.94211465634855,12.199209474758531,91.48530708273998,57.38020972754949,17.467930524616776,15.652016768444014,14.433109986486196,66.11631607810227,27.02570231186561,102.78862061735921,70.44720276129657,18.83305013213688,114.68042546279732,83.35355678523499,15.88888888888889,487,19.370066632568943,1264.1881348990037,340.0688462960105,49.220072984695435
100.06768961837535,85.12988601297768,34.51112567987566,84.82293004138569,16.942486561234258,120.05657512171946,82.11230717418161,29.572498901445993,119.42906156307258,33.49828299107414,38.041308765706795,62.232269197748046,63.43570767058349,34.030426553195305,61.643708354040655,60.23175468885586,41.013448632108,26.974029334050396,139.16099977877363,96.25665005491662,14.0,434,17.080220755866165,1217.1029660819713,338.55042964187413,49.32036757469177
109.27790706842052,99.82445579527331,45.73949344244648,73.21408885334439,27.894777537791892,115.893814702328,80.59193779099971,33.42234512068211,127.00102966072947,43.264791469031096,12.268236522009975,31.72694531445663,24.523725437441477,43.16875990579213,23.046172051950577,100.31243463887948,78.76110873631762,32.58309039830823,158.20521755060636,60.09775091747847,18.22222222222222,452,17.857172413709918,1116.143905756015,347.0733591702391,49.42057704925537
116.08796849657121,111.7336633429188,57.86940832898896,61.02670389128298,39.69928033688182,104.21800885264759,69.02471158407693,24.757691189782644,116.61336218791433,50.87115488283864,10.305154362878284,33.066333286338214,27.852413793234433,42.276433956713646,25.641997424244206,96.54241927552756,74.42100268307054,26.886130182622594,152.06522326560366,59.829950633083456,17.0,460,20.77492357163786,1272.7149765028685,338.4673200259776,49.520800828933716
121.13838151756228,120.75426249104044,67.29728143637568,52.89656134654587,45.71741408798603,96.23737264581275,61.920219591238954,15.701884641975921,110.16839166930025,43.94484906792007,10.068425011911232,32.48904553367068,26.965385595465925,43.17478947673531,24.246483723824646,98.23970651220036,76.39404015404487,29.516608201687298,155.07849334271353,61.55348999630731,17.0,474,20.6733737406689,1619.5345827084534,338.62214258564995,49.62118101119995
130.21000312684276,135.73942999138544,82.3738611942162,50.433908601320375,50.260028234945956,97.23113176082192,69.1659711128221,25.745439556874924,121.55425360475043,28.63094390822721,46.226015526048,64.93146322921908,61.641898242648246,12.5517208577161,65.51228975202399,69.23247614395363,65.31112765613688,41.49615073320366,157.49860719352253,15.292590551750836,13.652777777777779,491,17.18154298409551,1796.3722174008885,284.5312732753732,49.72124195098877
122.08269336240812,121.55201227665368,73.59148232182059,38.50641325344585,66.79522412418949,72.05887137676812,39.970034238860826,17.409323410761093,97.92914543054897,17.791461462039027,1.9085772364794866,20.908139257730664,16.638205762808283,40.93732561422289,47.84921642366865,70.1693706477919,33.123610922529025,21.54020047925757,109.25643647119158,41.89146691611814,14.0,463,13.168445321517506,773.2643874981749,232.80752653631055,49.82163596153259
123.82817720959268,124.77949768564449,69.20569542474956,53.60570229078546,47.1287944087889,90.92331580182852,50.09387420494848,4.371709531428422,88.92618512432126,36.56469929626611,1.7883101588579722,19.195208535746932,14.93125873409519,42.58476771507776,47.995496405792295,70.63445274923598,32.718042690677116,22.098434682892865,108.50693047484494,42.29176623719839,11.888888888888888,482,13.342332600407694,776.5437944339352,234.7580370832535,49.92184281349182
124.79334425536602,124.50566131711601,62.62067223996316,68.10263858021241,38.72981185850187,97.0464226120131,46.40064445859925,18.887441744016773,74.76261667462707,41.13277355774683,5.6781276224851736,25.150942719645613,19.47631275881103,39.24230538215718,43.5713869206684,74.1681008358342,38.41638938462724,16.92567902432801,109.27068934417305,45.05111221090147,13.999999999999998,497,13.644195296542613,766.5230268114979,236.7430408640456,50.02208638191223
126.34183212291144,120.09259967202526,47.13686965949474,88.32273006115656,52.041329621967584,89.07005687753117,24.860235436170573,33.994012424826245,82.72716300084302,22.010980679365613,7.478412374631511,12.916837611887463,18.08268585992902,39.35084200354586,56.1616205111171,61.87299179525155,34.50652643553316,18.071486669743248,120.79571367330715,36.865715729776056,13.033333333333331,521,14.211055670813375,773.7081841099662,241.32334976192664,50.12233018875122
151.40391606642373,116.97769427967029,51.669665194265384,144.33032012240136,134.79305888307795,37.85641653081368,60.54554823905686,81.80371504536637,163.79301320446947,65.47382516363179,64.21566070164609,48.229372310685974,69.04362043637207,56.89262482209094,105.23404775190538,54.39965072575789,83.37678005472151,47.92766226450584,158.96426703079746,82.01372119809658,11.999999999999998,604,13.513440613035165,833.0476064945024,298.2008695429944,50.222655296325684
167.34940427366266,121.46649976356913,73.8013623289064,158.26827331403408,159.13828899972023,23.71481492492568,83.3521937502101,84.23438393897996,166.55210890937417,77.15094934250111,16.117078238765465,7.245673920870532,22.832248007654716,67.03109267038273,95.70319079635168,13.965912166029156,58.85086149409745,69.73843271344867,188.9777522098842,77.86167826848913,21.22222222222222,637,18.66120233825814,797.1722959746146,367.6501077532555,50.3227276802063
183.56520516458943,124.59158769738342,92.86616735911886,159.2303582481346,167.288580934373,22.309128871820246,85.31324995711854,60.959397808668406,137.11486478836795,54.528087874126875,16.06458816697431,7.414861463906088,22.892455394127023,67.36582472725075,96.18024514707649,13.33142200208837,59.692311879573985,69.88267960750909,188.88244107242136,78.20159587346647,19.805555555555557,507,21.525366739562145,1566.5270207886279,372.94028253326906,50.42279529571533
199.25397944261286,125.46881738996406,106.45571986200999,145.98969235730468,155.5659482820866,34.16166355654685,63.6252920675834,33.65423261370062,123.2263987435176,35.40789194839565,16.394398223812725,6.241549137399479,22.05045867304268,66.53467520964874,95.12587100703429,14.003510825599125,59.42958482708685,72.07827434766807,191.64048077981465,81.40217674510689,17.666666666666668,542,21.181232455278497,1278.6145029213387,375.4950413240976,50.52315640449524
216.80924941111817,125.3178379315939,116.59634175751971,119.12671384598126,126.14290255468002,48.94813954527259,28.152334214549803,57.077232251134994,154.31546924322612,69.32382689511701,16.64117371948046,7.204147971229983,23.819210270697507,65.06939537332626,93.2263672952323,17.014604889449117,55.872299072259736,72.29118625468216,193.6672898426222,83.67582532262509,17.911111111111108,574,21.318464143711665,1237.5638310109885,379.1037782768296,50.62344169616699
231.06480922050355,123.46858884259319,119.21202475145012,89.22573652239633,95.95732199584423,53.182539410366054,34.854104018924275,82.79071966642228,172.641453188484,80.13229751839864,16.393856952362576,6.7082050209128115,22.88517611897151,66.43433663603808,94.89671085932896,15.549176858984607,56.53256840422479,70.05241835071138,191.46208227941153,81.70799876559254,15.999999999999996,608,22.076397658264874,1314.9236422329282,379.95575322003884,50.72365736961365
248.39342110812854,119.91223896172579,115.72491878114579,55.59122494265942,79.84193617771527,48.39484384398232,73.06736607514966,86.19746814876844,150.96167466865208,51.57978373828278,17.184561753674284,4.00395707639749,20.132987451471216,66.51196316319938,95.9028404950781,11.731163257115222,61.822365692176696,68.7263447406093,186.23547817824036,75.2053045237135,15.999999999999996,644,22.968380746812404,1370.825661545152,383.37433684622175,50.82370400428772
264.65119701339387,116.66258467837878,107.09074272397945,58.06082852552096,104.94066688214531,38.88450219368031,93.75124934337771,60.24081912914416,115.87470588569774,29.45883372238589,17.451308448190005,4.099088919529502,17.113986386467253,70.2434081064377,99.26713209700918,10.758785741577988,60.22483522563569,66.79022738302486,186.84775022412023,76.7954861350238,15.999999999999996,683,22.25982404203054,1369.2062004680813,386.1723388870868,50.92402195930481
282.88219752580954,114.35685235864996,92.60330573364647,98.47885190488273,148.8114303332167,33.432430315803984,88.7802809162942,20.74694281545247,135.42159155998309,73.38317816371793,35.60460876397216,25.899924568867696,34.12482199083363,61.622489757664134,109.91751882722589,20.530952096217874,83.80499634280856,34.19967785145059,178.73152222100342,97.59343098011418,15.42222222222222,727,20.36878969645356,1312.900050408759,350.28747876384824,51.024245738983154
320.42002419831937,129.2863595288777,83.55676534079154,179.08127885182154,213.108409744025,77.05111382104954,52.501751683295,94.34917260840305,213.65551413470405,115.35118499161572,73.38830226846099,76.37878622588362,74.70518039874452,115.2510477885986,97.39945826544134,73.24861820391037,64.44025473270854,120.00854400105354,193.61814577634198,51.47671525866677,15.42222222222222,809,20.33856213103288,1377.9190561144583,395.92026729002555,51.124436378479004
326.0598803780148,132.25690053430367,83.11821648777904,188.0749623307375,215.85755284864047,79.9628062699416,42.42524966264289,100.07820495889784,211.0796248261526,106.58236388716968,35.171185024405354,23.657084537118802,21.216053104168797,100.8515900370161,147.2898424296181,54.706941598987754,42.87822791471385,99.62750253177572,261.5480460776783,148.85991575846197,22.77777777777778,704,26.199576282298526,1198.0448693657725,510.9275376788603,51.224486112594604
344.1901890168297,140.41474346716322,79.12867021058618,203.9179409451696,198.87185852348279,69.05755700674918,11.907049219783296,83.56071850910874,162.50782534538203,69.2732947378906,20.7754588637922,7.656365417526398,6.074708982710588,83.52376469395317,121.39935854482886,28.397531824213466,48.15103050651732,73.16506975489126,236.94068115714185,140.14797225707088,22.4,749,31.332809184861752,3012.1085572963234,521.4104986712803,51.324708461761475
359.4431247243269,147.64606595998302,79.18927148484762,198.20083931573512,159.56330243229237,42.772478267319165,56.87135562642721,38.72801265521157,159.9323915461472,111.80819525292603,19.39741713319331,8.176527947309621,10.723945031919925,78.53842551127542,119.62230866582064,28.203565308750274,53.352907296543826,75.07440762996393,245.84803060747706,146.5225601892745,25.955555555555556,799,31.449938009925084,2408.1397894705688,495.7025309102494,51.424957275390625
377.22715301905174,159.0793956694779,90.22909585693125,174.72113800832093,105.42188703523797,27.06523345738824,96.93413093323495,42.00969678052863,213.2126039839782,145.92576560901722,18.829269727255,10.903541830393024,15.48833527364327,73.83335260316608,117.8618653792367,28.09078366773997,58.247248162770276,74.59268693943659,251.20932729410012,154.48676655059901,24.666666666666668,849,31.623374964004707,2276.2040400204833,510.48978351096883,51.52503538131714
380.38078022705133,159.72779690256223,90.52701395871703,162.5950940434208,100.01915638329675,24.314914403407943,93.55622689571939,53.345245006829586,213.67111338798142,132.23694789131878,42.55098541609945,32.37659734855971,24.72219421883708,96.24344273065472,94.11945013065213,6.297692585168705,82.97948905456936,49.03490482403547,261.2386187987818,188.08710858334877,26.11111111111111,867,33.04828584640876,2296.992611734088,552.6276953479689,51.62519907951355
388.7292196049116,158.97109107341606,89.62447174117081,116.20966327469871,121.85216601505236,36.89414685658478,59.02258437643197,71.0571675376666,176.09299166145996,102.37969255580646,21.23523038304059,8.671119345643048,0.7629698140329907,92.2665624892756,118.12393349710686,20.403733652898456,60.65635268664684,42.35095422289906,235.62946210052345,184.431991685503,25.6,910,33.65634262744355,2374.9768396755817,569.8604948388995,51.72553539276123
396.2935765093994,157.20666004641126,91.98525963116336,78.54184143765279,175.5762470579959,65.85397780680394,12.931316561235807,59.05786313295618,144.95307594168193,153.61150372481822,23.978375344461412,10.063691176134418,6.147065407570944,86.97074324963793,127.36218993163558,32.64823260631419,52.39080874318361,36.123424114841505,226.757749701978,202.8402421128855,25.6,966,32.31615936960954,2406.081481183542,563.6085836827385,51.82557773590088
400.0058191673491,155.48341262100996,95.04415721629076,87.90427962031724,204.2766359942751,77.33136093406522,45.62732306146149,35.42751824570325,173.8260758448575,169.32531622241945,29.081941030504492,15.291624921960011,10.598923130296535,81.70689951292596,129.2218199778758,36.51162923114406,47.65616313132587,38.20134176415412,222.38756614179462,206.9828449241339,29.4,1001,33.5885663909876,2388.0572856849894,567.8402660623944,51.92590141296387
401.88870793852834,150.642390710155,96.29348805839642,128.71371954490832,216.53136107290138,72.3763296078704,80.52080776781607,9.60124135514047,204.87274548311163,132.6427938376803,1.203265594236126,17.287852253521205,18.143325449525047,101.30118498635944,102.67391641880988,18.307002693257576,45.19267465166178,61.230667220873066,203.9683540749866,203.60257739211525,25.709090909090907,1045,31.394533277557308,2388.3411796084865,556.6047818445047,52.02597522735596
402.7925891292751,145.84242095812277,102.26660941790222,187.36281050000065,200.1399114275135,53.39161693648076,100.55873172730037,67.04898529352455,179.32431748001167,106.40488494698157,1.4042694109991052,16.505378972126167,17.125832622017047,100.03993214541075,103.72502694432804,19.66114029080133,43.81954814150712,59.74444575027056,204.76703116782843,205.76376359912047,25.927272727272726,946,31.271255011325962,2374.3058025108385,547.7222394641817,52.12614393234253
404.1352585592304,149.29853153056345,119.01771342839774,237.5899809439229,153.63785353591445,51.36391348510682,94.85385549675743,105.349172360563,112.65016110784251,172.22150428539945,2.780362314702943,20.1605857918198,20.64591643852936,101.047318826281,100.52963682177746,21.735052945516056,41.02995976340561,62.44655951316079,201.23021291971975,209.92053340186604,22.0,1013,31.825268282139504,2383.234002907892,545.9818511412935,52.226526498794556
405.6146301312434,160.32734898106818,138.91446947098984,264.4332672624007,89.49764362719122,70.21447395761123,62.01838926071836,100.5298549361161,132.08538763238732,190.26041596775005,1.789682786944637,18.84520721726874,20.248660165989374,102.08314621126759,99.91017568936084,21.56459173300259,40.74294620036316,62.214984628690154,202.07279061257867,208.8202048241016,23.85606060606061,1078,31.850973061694518,2388.555482538653,544.236015514392,52.32670283317566
407.39978550321365,176.50302968282347,157.5724767229634,267.31190101571366,46.58478245774116,88.73718548264276,24.311362773910563,59.899722590295916,192.8526810440288,137.85896265062794,1.6990535565953464,18.603034972576026,20.107648134900728,102.44750010724023,99.55396964903142,21.362663496750887,40.458990983074706,63.09637764048427,201.338964996201,210.46300873246705,23.85606060606061,1142,31.179800798767467,2390.217481173121,547.6956197313573,52.42709946632385
410.3563490706825,199.70792774071248,175.9281713549687,242.88707921196726,104.94393220325593,98.80126734937605,58.773486388027095,15.147503481379278,199.9523562727717,106.51725522890302,3.55266969108844,22.032624903499908,23.472849173683972,98.07934485052355,104.13824606422044,24.677601728815315,46.31908571673033,58.877349348518,201.81385207012886,206.31685641635875,23.484848484848484,1217,29.020906635318546,2390.5670354831027,554.4829395926986,52.527369260787964
414.56882894569094,223.90321453890712,188.93603633617286,196.9783619873587,172.72817697233862,95.5725091587669,100.25229558199301,78.27680317321455,139.13675792665754,176.73395496859385,13.3769463557322,26.443158478754818,15.696472547291837,94.24715237943455,107.58299975308216,14.56082887615109,45.809312539752725,65.1083439845353,200.15113200159834,208.10816819502605,21.454545454545453,1127,31.457296488330606,2399.7642015349174,553.9826774103134,52.62750458717346
419.72017815579426,246.93347287725865,195.29315623293218,134.29453172059925,218.33520327690314,80.37489815078355,114.66981614027361,112.78590982253738,99.59420311497702,196.18214971464081,7.39108994907075,23.967695897779755,20.350318281983945,94.97368984351424,107.21795646455533,20.01877915910821,48.93541303643024,63.9223546174323,196.8669382411724,211.86013885190678,24.053030303030297,1198,32.37689391158179,2391.417055382246,555.8711590243723,52.72753119468689
423.2757596286562,265.3497612842773,176.01200816271324,58.95709306336882,203.8875027253684,29.031548218167273,47.76731964342009,51.658205996082785,177.07005625968475,131.02272194432322,11.30296351179857,28.311945003232566,37.2510898607092,91.37882386248914,118.70017243801097,32.17709133473547,69.86056173837223,81.97566735126024,174.97523650395146,233.59819375637102,22.25,1299,36.433487024461,2378.8383452844646,589.0333833834934,52.82777428627014
413.69190187141464,247.27182420624243,90.92665803113579,175.82335678527807,90.8384405241032,93.3817471928388,126.13329979044852,142.85436095116205,83.58920941245378,202.22833757754717,57.15179853669525,45.318749925644376,90.58563031360349,148.50917153648024,185.13552743780355,112.98646503165088,158.83650845187967,172.11312634506993,228.4804972262149,164.0908291755256,25.83333333333333,1381,35.91482443932098,2457.5153392096595,745.7286267131315,52.92780113220215
413.69190187141464,247.27182420624243,90.92665803113579,175.82335678527807,90.8384405241032,93.3817471928388,126.13329979044852,142.85436095116205,83.58920941245378,202.22833757754717,57.15179853669525,45.318749925644376,90.58563031360349,148.50917153648024,185.13552743780355,112.98646503165088,158.83650845187967,172.11312634506993,228.4804972262149,164.0908291755256,25.83333333333333,1381,35.91482443932098,2457.5153392096595,745.7286267131315,53.02820181846619
412.6416289327069,240.1983479097631,59.3920343208411,239.51460188987565,107.56201835028615,145.01561927619375,181.62582396429383,189.51992614270424,147.52670378736659,159.4403990211919,24.07697666354534,34.95524844700006,14.583878479208266,127.15940459103012,111.10765459781345,99.85952471052504,156.10450859437515,184.25372915337377,181.31891432050554,215.3530377238748,33.33333333333333,1454,41.77902153179413,2381.510116024536,742.5968515297618,53.128440141677856
412.34482942735303,233.04923408570437,63.807008900810686,276.94534933752175,163.221143947138,163.8128341892069,193.09345385525418,183.73633163793474,186.32174546356387,106.14201892814673,18.653882373006603,17.389868903873673,55.353096726912824,102.65180573842,131.36991941398767,65.49809969823771,123.42032214761656,158.22401948358848,158.92842792890636,232.6937116646242,27.33333333333333,1386,38.942647459183696,2420.963245670464,654.5308216126678,53.22867774963379
411.21658912272,218.88303838945183,101.81383926479435,295.2733202161002,228.49885164826227,140.79521576881913,142.63337007522267,109.30397318305943,146.27399441495376,168.0754828084738,17.297159639892268,17.65621759080201,53.88760348121582,101.19358120059923,127.48311429658798,66.27110065208488,126.2015887128997,164.4403035128076,157.31405376291264,235.96891174796704,27.33333333333333,1469,37.86536308762891,2412.1164446286407,648.542204880022,53.32888317108154
416.8019797611413,211.86048740248924,171.48702636062882,291.2827365376936,281.21620591583275,87.09681540423159,43.20177283308599,78.6238871323504,46.90344961438289,241.82544764664286,28.532169861019128,26.711991565589855,65.247279965981,90.85214973880667,129.20204002986665,55.11027697853461,118.89082167357371,165.1630028609999,144.84799705262088,250.18921981522865,27.33333333333333,1564,38.89682039521634,2421.100748052104,673.1734447283249,53.429166316986084
427.82619577169106,216.68734657503083,230.9981153124801,257.3720966308215,285.8958713362538,40.01102315774631,78.00170943693863,171.29193408592758,105.68995350944516,196.01719929954737,26.722877355006716,24.996978799187744,64.74869305350701,91.67971682279344,129.80005819718585,55.03510338929526,119.73980798750594,166.59310751456897,147.92184797316426,245.6283258471088,31.590909090909093,1660,39.45540765584834,2425.345585377783,690.4942655967877,53.529478549957275
445.1333027548757,233.19324786029972,282.5323359674571,198.15474392813312,249.62810676119645,80.57624545659274,165.2573430936534,221.08167144395378,179.3075259791961,108.57444077580051,28.598639229495422,27.040332461620824,65.88614793909743,89.554193346292,127.3124223352339,57.198216857260306,122.55390628073395,167.93532203660678,150.1815469865761,244.08766926090524,29.727272727272727,1752,38.90826203392369,2435.713075786537,683.8409608299096,53.62959694862366
465.2811457347738,255.07270048914637,316.6887882820551,124.27073120340256,181.16310945590237,131.5182492126288,203.85637515300047,195.07465926930377,173.84878113642645,169.64581534307274,26.00675880922329,24.399919092580788,66.62196132564368,89.8941588644473,129.73671985996066,54.371211815658384,123.66882770976046,172.7083995439562,154.94497086325234,238.59306664963603,38.090909090909086,1843,39.127577146375415,2429.74809444843,669.0623896424878,53.7297101020813
489.2524395343394,280.40046098570105,334.20580470555717,32.89288193096247,87.36740995404703,158.05328603204225,180.87694004971362,104.45109539564159,88.78744916037913,232.13429648320243,31.23289451632938,28.025267920133214,60.32299145138135,96.03862919849793,134.18337597298282,49.23478923830374,115.99478703848779,173.9097541569368,154.75464592872405,232.80327593549148,29.454545454545453,1935,39.549785545227294,2414.9957556446343,670.3616141597298,53.83004832267761
517.1751774299303,308.62853977546416,335.98838392906225,64.01922250389181,63.65524737069424,157.50025892641514,108.1235180052003,82.64090103394432,66.3153320798709,195.0683812698358,26.327375338387224,27.852206409601347,69.765352995795,86.92592953053656,124.31214192284494,58.99441180211956,113.07172082330055,162.9360938405548,143.19169822187243,240.318164685807,29.454545454545453,2033,39.681419564457876,2395.2438859971285,668.5846508579506,53.93009567260742
545.405810918825,333.53893838220614,318.8854327991901,151.2114907336068,155.6035316762,123.61804312192135,22.238588484172766,176.2732518613259,157.64416993958116,106.13026782398302,52.23014468899984,69.78975820303113,114.28995290725759,81.11181644161572,114.86115393285368,82.03907603443865,59.523389191674724,187.82459942642873,179.47418478921492,184.62930381775504,29.299999999999997,2125,35.989285836967156,2367.9205709794333,607.4480060828772,54.0302574634552
554.9739876121698,339.1436664267926,303.3649871303792,177.19799512416105,185.44784075653027,96.91591584727678,49.38813460980492,190.85870600356733,163.72197867487776,124.03223295642557,19.164974428911798,18.858398244160846,88.33254307535957,58.093714488833214,88.00716106982955,100.48123314539467,94.84777185149507,138.13604122070657,139.56137050322326,202.7769548445699,29.299999999999997,2162,30.990740265278646,2435.678393994869,540.8474679672761,54.130454301834106
571.962759956633,339.80857569950496,246.710209031991,211.69801640130427,219.1601239891718,19.043506732379296,123.01676478631103,145.71970627896576,94.23364198814079,193.4775072325719,18.99908838386738,24.34931386313243,90.68328006346141,58.23841578239805,89.22449647871478,97.97957624889573,89.30549583353431,144.2104754194921,144.68743786418693,198.97963791260696,30.61818181818181,2242,31.212441569268556,2453.0977792121494,538.5112147343448,54.230778217315674
589.8389214652308,334.8630668169789,169.33628308018933,229.20850260381823,221.1151966554223,92.39845538050659,166.23525776518284,56.49472089455111,61.38853586740278,175.51397891290267,18.51159991550986,18.84197269710722,90.3746611715875,55.08230007983927,84.13422959469939,104.65364680742508,90.43056073588924,142.24760807328158,148.14564293807106,192.03502407748348,30.545454545454547,2332,31.547222109166718,2496.941271901468,556.336785741752,54.33112907409668
606.0664628448244,326.33831286866,87.6062613341394,226.39812802681055,191.80700896357754,166.43252725199142,161.8397904433938,93.45751447309217,146.76662312616187,90.47826204299382,18.2021182067677,19.46427102444175,90.73533451118361,55.87977645886403,85.9732538183089,102.45247905191651,92.48578648708255,139.34818890676115,144.75453429549475,193.4578915000144,27.799999999999997,2419,32.217719504529896,2476.7786667457895,559.339632892272,54.431432485580444
621.6386057136076,312.1422960473151,9.175894217195124,199.89729763254363,128.2624539011288,206.29318894366443,104.4765340640536,173.67810606337693,177.44756124279647,121.06513005048576,19.722762553802717,19.548073088093354,88.75571209485639,54.965538897681064,82.6458607716721,105.54086636966996,88.10967057079343,144.27776245735512,145.61085605225853,198.10395593925847,30.52727272727273,2506,32.255939650938416,2346.8397022170943,544.6757936666161,54.53163003921509
634.3098233508877,297.33713116153433,87.3370918305331,161.75718691886343,55.523438996684476,203.67753667947318,27.52161736786399,194.5745184007792,137.4263290443042,192.2423037824051,21.444124220193114,22.095437726463423,84.90864347237412,58.04989554332469,81.90756775861648,110.73309344560562,86.97742306734824,149.1757860198124,153.78425583957312,196.5095109387788,30.52727272727273,2591,30.655250385919622,2249.8851697481496,521.7499745233379,54.631683349609375
644.6548327041083,276.7315496887512,168.5442067369122,104.74300185490176,31.402244163817585,151.64047052963616,64.12785078988789,140.43321721745886,57.34725989467744,168.58637948354425,27.270474502565463,22.584873414405504,82.8440884993251,52.90586971150566,77.11556813498545,107.63455529552805,86.44799698752603,143.7992048374253,147.8540306760576,191.25118080834943,30.52727272727273,2671,31.82505908890358,2486.6105239104595,523.3428656888971,54.731685638427734
648.028117482676,263.15874666893336,205.47032026274732,70.17973180181798,73.6774166925529,109.50145698089041,100.53712015150622,96.60287839473024,80.81640757647139,125.47980858490635,57.489330092961815,45.124402398352736,72.09652016744205,44.34751410579305,47.34210371000872,115.126018582435,69.74474811044472,147.62552201532515,112.51235657424407,209.4750376913674,30.52727272727273,2720,34.64447019373932,3146.065357418478,557.9907979580495,54.8319935798645
649.2687264162201,228.16591638061905,263.82608514445235,24.701001077309,143.0105847163851,65.83838154319969,131.15314018442882,121.2550790458067,159.43762124099888,152.69420326770984,88.1958415765512,58.88415042038287,112.27713901484124,10.114818746115647,99.70349299801421,72.0973215409838,123.57185824886125,147.08891740561947,195.38605327645828,219.1096130721021,25.47272727272727,2806,32.31568968472441,3770.9058525176633,562.1849586270667,54.932332038879395
648.2401920146635,219.3147582651692,271.44330253427006,36.306907058422446,150.4785085823527,81.5779295886378,125.82169052370234,138.7046860487247,157.8311515438743,168.0749013192222,22.926425141100555,75.67682488273235,26.372437247175355,102.07294324239518,9.018736369719432,141.0978437597224,98.44132134202945,98.81908037838988,145.65748146074841,125.17165336211309,21.0,2828,28.43240558388544,1206.7779121622907,479.89667107696505,55.0327091217041
635.261620902119,158.5913946672844,297.0237685252078,141.99352377445112,163.25453250062802,204.51608986440573,28.404355065454236,190.99801219190542,31.903261207273378,151.81533328243975,8.091784891653129,52.93500214258615,46.10494398337693,89.89446529784469,30.124204824299856,148.11363297938277,70.54955715912257,128.18404639890528,114.93883224024266,136.48192413767066,21.0,2953,27.33708276597187,1185.9457259931837,451.28477221822186,55.13291263580322
627.5954225705057,141.20369411692798,303.2913800089695,202.26524772659434,160.75181318703318,249.10914095037668,60.02772870345598,167.56417918377753,66.37770112424987,78.89279662872416,24.32382412121065,32.52431193103754,65.51297307301975,81.90062436690789,49.72186402944861,154.0757040447997,51.00548107638175,147.12028498188283,97.00361857259192,147.27565693617396,25.981818181818184,3036,26.699177284431446,1250.0513512058171,456.5765627432381,55.23350119590759
617.2501588373436,145.8198993967051,293.7823073824654,248.28948009178617,136.54681637020755,247.53065069366647,115.1496863744304,85.64649982884424,136.1769911963734,78.34382902223007,18.769556912782953,38.33986415672685,59.16704125256683,83.78889231752875,41.6376697536818,149.214958584804,60.287604799112856,137.39916183625257,107.91963629064747,149.0972819907469,24.272727272727266,3121,27.179648595431114,1432.748300537493,455.37643225469196,55.333884954452515
605.3357679101721,171.96693578964428,268.52604063058317,268.32340197075047,97.43176429748313,195.2099817343112,137.10940607767733,64.07585276013657,138.06579002307248,155.7846255213289,30.366949084275333,74.64634692295571,46.76631851692139,46.55118677623484,65.60060774636287,145.73693615151285,23.03752842310015,173.90489968052117,77.66348824962583,128.804513730748,19.099999999999994,3208,25.183657616370922,1187.4241288756748,418.5161171105128,55.434162616729736
590.3347942577241,233.92773966014929,222.1210143558147,269.075109195674,77.4425675831743,77.40309169738799,132.82368889491596,185.4223306513872,69.29264216959061,170.59175429942297,10.141756360260043,55.91115173218194,39.208717370469174,71.1485062155259,40.994951422359165,123.65394269189397,45.13881085825804,176.97901266099714,63.19921831253488,152.5642550720158,19.099999999999994,3329,23.955990909517645,1164.7144588565661,398.53867835617314,55.53435683250427
580.850173530386,286.9780780515507,183.96321006743273,247.94922888410855,110.90722781262473,49.12632117165205,103.66167745767427,228.91860064652707,26.4701683965196,97.44878268306842,16.44080806646114,50.539746995957046,36.6722259755767,85.6846016305017,34.7197014402391,106.86338138501966,51.97198725405517,192.1898483333918,48.11357838081844,148.6264976521594,27.19999999999999,3421,24.084765763652975,1145.0544269346399,389.3761154760645,55.63498568534851
571.8760412475026,330.69571773409734,147.29923962114285,206.72079585453085,140.32372696175992,131.49911547924535,55.98147977001569,197.65846825107923,79.66708694618734,58.529702268704256,10.693460158969364,50.622893628771905,39.65205685416857,80.88760657983197,32.61083449182705,112.91611047721146,53.345144813055555,185.72260017480687,52.361976320682935,153.94236143499495,19.099999999999994,3504,24.18089180581061,1156.605095469654,392.1874252508777,55.73538541793823
561.4509919501252,369.67179278768367,113.15164631328317,142.19688157177092,154.8975915783402,196.22774440071288,40.11830972348624,111.67480751927755,106.43190801426172,145.04373536947816,15.70334864258351,55.58567863033063,30.001191486113232,76.64610727486578,43.065331558751396,119.47289935859726,43.86585628514016,177.7892386822846,62.45613875946579,158.73190379749883,26.799999999999997,3590,24.023646981822434,1150.9741084750208,383.24211175823024,55.835988998413086
551.6547206931759,395.0640181046764,98.55183834200028,75.38791243275696,149.04528597264445,214.43834035044634,81.82409954804922,99.4556646824172,85.23250168441334,161.62440973279527,15.952313199212382,54.84449619413395,30.47787128598425,78.02954884923791,43.7574549697464,118.80425785851898,41.03836716577282,177.37714095769786,65.49253438084367,158.98871152015,24.46666666666667,3664,24.540367457629607,1147.2245868164287,383.43871266347935,55.93630290031433
542.5648185858336,404.1950320028015,95.2954906709891,25.944680104776126,126.10505381649394,193.71690128144343,93.05058359499404,148.9622768900508,38.575034597364656,118.0097875218514,43.315156136604706,82.8583336492298,1.7027637866987047,53.01639415290827,68.88236766449992,147.867581620429,53.41002129852265,156.76483990164726,71.69003232224946,179.65390333536368,29.22222222222223,3713,23.74894029318351,1082.6009853164796,398.17435475922997,56.036343574523926
530.6195361505931,404.00543516867236,94.66630825380768,34.64228202834877,86.56324639297385,149.0240326354638,77.94010311497986,173.54627593630715,36.85155838483067,97.72885810939091,38.77861945117216,77.7796674955378,4.853733735898745,57.85236939442647,67.51486438284168,145.99746411671853,49.2172143086941,154.98534857276553,74.7174512525833,181.27664885206428,24.22222222222223,3761,26.35264441459678,1046.7997836674613,399.04501640677694,56.13693904876709
512.6208286322246,393.0522445385667,99.42238375269132,93.37556332200296,27.849587843010827,101.9290861738498,34.492765526664826,148.21871057875993,93.16688025498976,156.4663721726633,30.8721622603984,67.00302231656619,15.798806629888869,67.81389785891396,73.10712843149031,151.14773096164194,47.289178641248974,144.6819754166355,82.53422009260669,190.57705358512976,24.22222222222223,3821,26.805294401118623,1084.3945466782825,417.03777266512316,56.23720622062683
493.88701122236046,374.1468321159631,107.38012756711875,137.46706841279558,41.33212466581236,122.89499576515571,17.160262801054035,97.18130638530603,102.51989426722082,168.36292816506332,45.088951656400546,84.88827452963905,14.476413754280586,65.78252280557913,53.80958358071982,133.91059899149508,29.553256657365655,138.602157505472,96.7548124732453,203.0629295884611,25.366666666666674,3870,26.852242938733063,1213.2887477078032,422.7847541806324,56.33744931221008
510.0325724675718,394.58329904955,115.21607180204771,126.05248727238822,12.855519016467877,90.35724939308398,33.21643340245635,109.89519667072808,131.8040980700426,199.53634899490376,107.89578098991181,146.79467135103104,82.49954814615595,109.98854126114355,41.64609670629845,100.45360695749193,48.892067692723764,97.10980850607076,168.03253571486314,271.3670758975932,29.222222222222214,3842,26.080449610846014,1234.0900576835338,468.7854163630035,56.43753242492676
522.8103490702614,411.2780945159707,129.90915448723095,132.58054006582063,24.0908207520527,77.30708541082744,53.13298460875647,103.64058916698272,148.83088475519122,213.3159984936598,97.84014329382624,137.96175725948927,71.52908976288725,97.66211130059054,28.685536293180363,91.17882670607922,40.9875216894389,112.81951803755813,172.35704464807654,281.8337728228569,33.35555555555554,3815,31.1407441286523,2357.568450873624,467.4157631738781,56.53786373138428
