tribo_f1,tribo_f2,tribo_f3,tribo_f4,tribo_f5,tribo_f6,tribo_f7,tribo_f8,tribo_f9,tribo_f10,diff_tribo_f1,diff_tribo_f2,diff_tribo_f3,diff_tribo_f4,diff_tribo_f5,diff_tribo_f6,diff_tribo_f7,diff_tribo_f8,diff_tribo_f9,diff_tribo_f10,tribo_feature1,tribo_feature2,tribo_feature3,tribo_feature4,tribo_feature5,Temps
2296.6211787706293,2329.6976402464115,2838.7527878714727,1635.7342884870386,1765.9818514784774,496.3538102481849,222.23553746380315,371.52802752926925,459.32246950324964,458.1301259874242,499.18610774405107,879.7628530213851,1300.6094768641892,849.5864828181358,1226.8877713986474,525.2158649952274,174.37541997938803,562.2582664940604,436.6138041714506,756.5427039893231,182.10000000000002,7130,214.28635883374005,10896.12997904572,3609.3279226351974,4.000000238418579
2408.713654768998,2289.556098167446,2982.104028449946,1619.8175466540226,1627.6609807643274,402.4362540384853,306.76098979793943,530.8316008478482,343.67699685538616,467.06924624444457,432.2480434803694,794.8905591074905,1345.4390320075681,927.6430555991698,1235.445721128981,444.12044013714694,245.62738343324173,587.9868832451898,434.53273551428947,707.4510399134195,178.1888888888889,6965,209.25625164761175,10996.114128717534,3522.652835944714,4.100111246109009
1858.0912964772428,2341.414970029002,2591.3173335627453,2150.085890871374,2343.466104127934,663.1478041638668,867.4002758930303,714.4328570114315,1049.8390404894787,291.21638647842497,488.67106649255027,104.49803598998872,1840.4345795266788,1646.4529007660094,1557.2108756319974,324.3301717115651,1001.1289846889546,1119.4394950283138,977.8911213153981,590.2280567777508,204.25555555555553,7694,201.08611316660853,11727.462706820417,4207.049132512025,4.200303077697754
1525.709986126767,2347.7419480462395,2640.6895462365655,2611.9685431153443,2640.7710710477395,827.3056449505075,1244.2972114553338,1138.5547217558162,1149.7325565317044,614.6134012760459,440.0515106040971,160.40583714853,1773.5557916502592,1539.893093160975,1499.8829321369242,207.87822487860353,852.6074174998722,939.8809228663828,953.6616400846424,370.94004340063805,254.0,8172,269.3842921635349,11657.04394461461,4436.599281454681,4.300370693206787
1155.955341116513,2303.994771924674,3025.5920602039896,3095.871854276132,2697.288145101418,861.1689183877872,1364.048768210835,1286.795277009516,747.6266187733742,638.3841603357661,470.55383220868293,135.45803565839876,1793.9827504752582,1520.7484083697336,1472.704568612158,182.42185208292736,827.6422890308768,917.2054779548105,970.7891368458629,365.57127576353156,242.1888888888889,8711,240.6487228260999,11696.907293653165,4310.596975038299,4.400397062301636
902.607424285882,2217.7245077791968,3607.9022968962854,3384.30688833762,2409.591960111739,740.3689950388248,1075.6256350288281,948.5995389115695,311.98470705118865,285.8423834737382,489.9891880547471,126.55206826324888,1799.1652898905502,1497.816161567717,1462.3810947745767,178.34613374747866,821.0391600008945,913.6810052323458,1011.7042938848595,391.6912085189789,231.5666666666667,9353,244.24511317457643,11737.586457308924,4351.580886745015,4.500548601150513
868.3924727820366,2172.2777261396814,3778.1682622649023,3388.298008018239,2254.8193832662573,645.6410268719408,911.4153624365656,776.7387117040464,466.7745816090852,128.01501624346298,28.81816086674009,546.9967156836594,1703.85099617891,1953.8923522344726,1725.2649491103155,521.415548328788,1002.3748905043602,1007.1423479453736,558.6160228941823,266.4184259433495,255.9,9494,279.163356816253,11236.604671997738,4833.6900102073605,4.600776672363281
873.4491323327304,2182.174234574036,3760.6054553160548,3397.7148563810424,2275.3897277301394,665.0970562547311,928.9818484845398,789.077358052704,452.7327677445343,143.43654486128372,136.76573608442575,682.498044565956,1755.538255847857,2099.7161032129593,1741.7202193730184,604.0128943242312,971.0921085183028,927.9178001295734,587.7531689881092,203.15639396744504,237.33333333333334,9488,323.01671704627813,20152.884674761874,5050.620777694816,4.700981140136719
810.7799436334343,2042.3871212303418,3838.1073971866117,3221.941760602731,2201.1556512645766,558.8558726950631,1004.9389744686845,943.1857434598373,310.8477506284004,316.6526963069827,67.12072116301067,604.3403091586431,1726.781971791115,1990.7058331439043,1751.3952649248263,574.1603938348187,1083.946191563685,1103.8728690363344,398.67329365563285,416.586197935823,289.34444444444443,9677,329.7376569617778,18706.574655920187,5206.725297914794,4.801126718521118
857.4329476486672,2139.6561054458857,3841.5971683820903,3325.00430766532,2160.4291638342315,519.6978606504064,897.0033097474488,864.4573547255682,408.7117895027076,309.3820614277206,134.50404856455992,669.4188858066358,1793.5567569328819,2054.994485376384,1653.5578888374278,471.91308297290067,937.3368332642748,1016.179525358045,530.9204220630579,437.50065042164636,244.03333333333333,9555,340.8483170021865,18865.768759214767,5312.619947747207,4.901183128356934
674.0549730925908,1593.0695659002592,3599.536663768436,3015.5431562385747,2674.3833677269386,1055.8699849506484,1234.2556678221952,776.2179640641765,765.3764689823881,253.64126776568096,420.9341490148219,733.4086942890082,1291.4103892861476,2381.701641379952,2079.37354989001,942.4876661944746,799.8143608665682,493.60701266547153,1041.809569349938,416.02203625846596,305.7888888888889,10121,352.38750619075813,21361.948530730002,5715.554068346757,5.001292943954468
999.2214757294081,791.4538997435534,3014.2202387922002,3220.584833314716,3434.70909287523,1740.3761439541772,1286.5511055395011,381.08939364388556,1432.0885158137876,884.3292667713685,756.8558009971224,1010.7597232073005,1118.4423756185956,2714.6943209591777,2142.170867184745,1046.8206800712503,504.9083909521198,440.6527338389723,1148.942494091537,663.0023272976774,287.2222222222223,10943,380.96258832736834,22381.35452476883,5775.027868410809,5.101419448852539
1619.0720058580837,529.3598387860935,2317.565383547493,3903.6066768816463,3844.4595549242254,2056.436373130696,1009.4883566967422,565.3115526712241,1475.270275086032,1046.5310194591743,659.3513196291727,911.9466860630891,1109.406253203102,2635.294691798428,2206.008193873199,1111.4468192684565,589.1861023813726,334.2443498818107,1253.7983631578707,753.7791070295442,326.23333333333335,11733,384.91410156018,21694.145056383284,5903.564407688734,5.20160698890686
2115.219098191862,1022.5411893669022,1726.9619285115382,4469.588090849177,3716.2059258042977,1839.7889598835397,489.0562185903759,628.1121962785213,955.4966218715981,567.8992546969023,267.6157180335595,442.69329101105615,1018.3005844938644,2494.028775681404,2744.7720849325756,1678.9804959930293,779.0551046344625,659.7555536228401,1551.2715669410775,1112.6092624510209,335.9027777777778,12328,395.94725646228596,20791.4959104975,6095.005175607441,5.301965951919556
2109.3631789706023,997.5443672267271,1645.8171112679888,4642.8130061018,3688.8875071240545,1693.118572640507,226.914302506368,497.2151443415763,921.4498825344557,637.9856380403935,601.0757226600094,551.0745794394059,479.87222935949075,3084.797962277536,2563.483534896422,1250.5853988036847,428.1144462670846,295.60184883149356,1486.647169865164,1158.1349244891476,362.5,12278,364.30254188883157,20614.85531045151,5992.214237479969,5.402170658111572
2035.3481429776175,888.6198419415159,1625.425275895234,4818.020556873992,3701.2524221538897,1588.319495414788,181.97824647199997,422.48309887417224,1063.7723352590856,827.7853085098513,498.2967923156977,454.5743887883931,584.9828519861824,3011.708561006447,2658.424518964073,1347.9344628610165,341.93308681178013,392.2534749431295,1392.4957769300647,1076.7737870664703,394.5,12066,371.9556566807173,20654.718894107617,5978.922740908161,5.502425909042358
2004.3928368337292,875.4944735134826,1524.8661234344318,5057.343397709936,3556.542546428727,1349.2441116195816,422.1758913807472,187.6771497938513,1264.9998180719374,916.2615633918166,729.5247508485619,683.8534072611137,440.10418088030934,2962.936543777643,2532.8943140130978,1411.30691666803,443.4595722210185,516.9528706178249,1248.0696463177665,915.6490423841944,342.79166666666663,11838,371.19700066578554,20297.611262212093,5736.533312054446,5.602559328079224
2343.545603915815,1566.995713627596,849.2222245853463,5525.259031199925,2725.7353869697376,1344.4562124148574,906.463913500624,774.8687057833693,685.0637182359768,345.3416745125726,517.9235114307106,551.9117290315289,338.2861908019071,3233.0011715727546,2249.86337868348,1287.6088335902684,765.5248596888068,761.0932037407548,991.827601738403,603.5798873394177,360.52777777777777,10902,299.1298804357589,20538.578252444753,5599.86568875125,5.702789783477783
2071.117462982772,1161.8528665914903,1240.113495352522,5663.873950681296,2789.870838031987,946.1104570325532,1173.0518770196823,898.0990891434409,912.9597806570016,98.20765222677427,286.67203802217495,591.0437604364673,708.5822571228732,3831.0186490267283,1721.768997013953,1175.0469912394951,1353.9373192594753,1277.1767849492708,766.2312725358482,446.381014776539,372.5,11312,336.1019184127001,21118.966290906297,6280.120143054353,5.802813529968262
2071.117462982772,1161.8528665914903,1240.113495352522,5663.873950681296,2789.870838031987,946.1104570325532,1173.0518770196823,898.0990891434409,912.9597806570016,98.20765222677427,286.67203802217495,591.0437604364673,708.5822571228732,3831.0186490267283,1721.768997013953,1175.0469912394951,1353.9373192594753,1277.1767849492708,766.2312725358482,446.381014776539,372.5,11312,336.1019184127001,21118.966290906297,6280.120143054353,5.902912378311157
1858.9401880403357,875.5543321840349,1535.1016849811347,5925.692129015983,2637.1516223230196,877.8449052891266,1455.1006076857434,1193.2675574896914,765.2309702736517,377.1880093662077,208.58038895870277,404.9741649335798,658.6705251394295,3706.365332495953,1900.8370051487532,973.6262195598313,1382.436302200549,1274.2797210812835,911.0022966867472,396.7103253682147,410.375,11620,394.984230280984,20856.931507679954,6402.280201039586,6.002940893173218
1733.930079060465,753.187308622478,1671.6437756568996,6093.995114867398,2479.013234250232,1009.1016868574951,1498.1595558186348,1237.7707798634844,595.7834153772297,401.83896610338996,239.82922775308077,500.5481363778173,596.2768091678412,3660.4914230053996,1933.183248410893,991.5976023914169,1293.8002596991332,1190.9557436133837,1013.1502186452234,346.73328084361265,410.375,11775,432.00913462260564,20987.596654251272,6289.931826201465,6.103039741516113
1755.4469691372392,766.5671053639729,1655.9522786607718,6070.471521496809,2506.352729291575,980.6574202331554,1512.308479682981,1254.7152931922099,609.3905464364589,425.56563234748234,273.33548809029173,244.0177326027641,768.9131648811573,3747.9890455854643,1921.5092751363638,887.2217188230054,1579.6249141400863,1475.263001843018,794.8874331881361,604.167949324931,410.375,11768,430.47679116859155,20746.117621347075,6538.150276865476,6.203185081481934
1820.6646128445389,775.6678304475469,1662.4823982858275,6062.649548781494,2523.068281303293,974.3902023218268,1573.9795746409402,1301.1438459491753,536.112744579437,426.48089572984395,273.9360423846855,286.98897851658205,733.6267523318463,3702.837278715113,1975.444711524192,842.0422690333429,1679.9228846006524,1572.033177362346,674.2547602699289,644.4843319916523,410.375,11678,380.51736256935277,20797.429841550147,6497.138567442547,6.303220748901367
1788.782661000654,781.7759901543986,1643.418667641547,6044.57696507493,2542.2327460461643,946.4724307382049,1579.7445180312884,1322.846630412299,535.3760878852199,464.61576164292694,280.58266118184673,347.43515013172686,692.1980951158143,3658.0688658908443,2019.7160191584396,826.1287493356789,1746.6521702328653,1616.7513914322699,595.8629164980682,625.2238738387986,411.06944444444446,11725,376.8731519338136,20847.607525066334,6476.614920905885,6.403380870819092
1482.660869582631,955.7667557062613,1401.8201477678006,5780.496196173212,2831.4477632061266,639.3625498376883,1844.1475217477634,1630.9378857525992,322.6773360488407,657.1191219954856,394.2563055547116,568.0906799245689,577.0813445488545,3511.437206845582,2168.5801064439006,815.450446694571,1930.2526643462263,1733.1681132497852,428.7530459998535,598.037100336084,393.0,12022,388.968448231489,21071.39846075043,6638.9274238226035,6.503633975982666
1253.3682992394276,1162.006078259952,1180.5733118241276,5552.321777001399,3036.0924752951673,572.5446893936643,2030.4214513768611,1700.8062739936126,137.83935319333833,521.593467259237,323.9060788339854,482.6928850049415,585.1646052423018,3531.238834374773,2155.5772964898915,748.4533216998063,1912.0477366844364,1767.8983702807081,416.06357313393903,687.9093802782257,368.04166666666663,12258,425.0996548573436,20983.86802168545,6710.731928037811,6.603710174560547
561.5433831632315,1878.3354974460995,485.48964000531845,5029.056278366451,3359.2619837916363,1198.6823786797347,2102.018212204475,1264.0297325658314,827.8774067878771,315.77733089407496,759.5706316407737,880.4972272259324,869.3241403697114,3764.366994213311,1870.5280652347951,1215.4459989989805,1525.4471994207308,1309.9890673169532,889.5554861304615,800.7848882010054,359.88888888888886,12973,371.27826106727355,21450.2204875628,7127.6843730834735,6.70376181602478
318.1831682971717,2424.1401951151347,455.6527562989904,4993.166964694652,3268.7212178132177,1681.8324399859578,1716.965385759168,721.3607581238437,1092.8918609908787,782.2727922003087,406.14185848115517,719.2593373059341,527.6781471989642,3431.308044182942,2184.7918492513163,1269.79726477415,1688.2829253150212,1150.121876335922,1061.683423879701,809.3783254505415,378.32222222222225,13537,419.18654709443194,21022.745256225146,6939.956666467583,6.803826332092285
643.1871886052364,2820.3840872480664,865.650460803507,5249.287830227916,2961.9974747199694,1843.2131499831198,1276.574213334404,807.5316451029965,930.257515759664,817.0202941351952,204.16543492023533,811.2761661622186,431.3851677518525,3325.2210082532238,2210.3950310593414,1529.8156233884197,1434.9283220347716,1015.3473280316914,1128.138309233177,1031.9563283731131,339.0,13974,381.66342121584603,20779.957609508765,6592.881408120204,6.9039716720581055
682.4300393701126,2846.1839856148717,903.1699155682102,5291.125008244214,2921.272385792285,1808.0131749653674,1287.9275163830619,841.6106406419118,893.029323956041,768.1865003794506,123.63881914494246,960.7378679266292,465.7153377880503,3275.5340769919712,2206.6680377486923,1694.4826505186145,1262.029240755683,1054.633558073123,1097.694590779008,1043.8084037383906,339.9,14022,364.9330835621099,20655.785681523743,6494.991210936827,7.003986597061157
184.79891515641253,2633.3720071271605,600.9050398709088,4817.822840068536,3308.775255273756,2320.7956462480256,943.0004398178502,947.1813388666477,1031.0642097518537,1001.7888650946899,394.24850948309984,1223.9036541891878,684.8857019391544,3257.9452436502993,2194.564935972526,2005.9466753976014,860.0707283577765,1356.7183257648562,938.8386456863014,1011.702872978032,374.22222222222223,13499,370.56387694221917,20489.053873683057,6799.364408517202,7.104167699813843
356.9986267271043,2664.2021526992207,849.7336941546863,4565.0796714174285,3431.2995377694115,2710.842135910123,421.5434940190671,1465.186154712845,750.5821505563487,752.1408942972909,515.8493043972906,1344.135893682515,804.7785621169546,3344.81906746166,2102.136356689121,1991.8142429619359,855.5319532084293,1432.4761082732557,842.2442369715187,922.7099791234981,376.77777777777777,12980,374.86882149899,20378.10866899036,6980.3327989703175,7.204264402389526
757.8405930812828,2876.09125315811,1249.2806088771235,4658.20051346462,3259.16358665152,2722.904627350899,451.6055370522513,1612.9361470833178,344.35570424299544,359.15340574356395,160.4907029016199,1004.8018265396692,594.7195655655692,2995.3597449769823,2396.6706126155323,2343.540946358318,547.5563397807991,1759.0374146102163,574.0215558079558,644.0679546386547,394.35555555555555,12565,398.66586400604814,20560.632294018622,6887.683147409412,7.304407358169556
665.1802728007234,2801.60437822161,1153.7291223995035,4586.62605962337,3345.9443790481773,2789.563099171341,350.4705140234384,1673.088249358915,358.1425520120728,340.533867884006,270.3958840914378,794.1028024361696,668.6626483576637,2765.9477331844055,2569.918164246595,2588.975793458707,517.4630918347472,2001.7905394794407,321.9414492297734,418.04920888587725,394.35555555555555,12668,392.91349570835564,20648.513272386263,7067.420000394291,7.404611587524414
382.7571694252872,2444.936931993051,922.2397403922448,4204.04863875262,3697.60165899529,3158.420675263633,423.51051041679057,2003.7047333996136,59.15740700827682,134.11664794643082,566.9552947887672,805.6770420448853,934.1274371252491,2772.9365050104043,2512.9851646594966,2577.8666886273295,797.0514353345717,1932.0054806524493,436.6988985062632,611.8789629565931,376.77777777777777,13039,385.3479495570133,21027.25219063807,6994.00936175975,7.504795789718628
530.9549876161275,1908.2923385195054,1042.3063096756364,3754.413069782961,3968.1654593643134,3429.30340628071,961.6629231952955,2048.9197964835153,497.8982382496584,666.3637947916183,608.7017300619001,826.0438383457968,971.801611736271,2793.1204268604793,2491.7379526492805,2561.8554796614444,809.3741324816817,1926.2436638753065,436.0971658388361,606.7887783519229,376.77777777777777,13594,441.66691571784077,21774.6854421727,6908.425030237549,7.604900360107422
814.510823496274,1600.6075864786317,1316.9976242328717,3681.433896539311,3900.975172465676,3315.0563400773303,1109.654649151677,1764.6328163994478,581.8851981662986,680.806987817618,362.7467857038204,676.5414534989599,746.610817628279,2579.643437230557,2727.882172038568,2796.6352991352815,856.2582656382446,2116.708673913344,452.7134119750761,696.3334948253681,377.0222222222222,13897,418.6347187219802,21973.6972350281,7063.538858087877,7.705132722854614
811.6081350219237,1603.1085531153885,1313.5845337386002,3679.25214701222,3905.1138387481265,3320.483361266437,1113.6045333384955,1769.9596626749342,590.5961483483375,694.1572777468284,127.11387555920739,500.2478505046184,613.7968031425847,2272.3625026107766,2989.3467038056597,3014.662345966254,1164.8362435820738,2078.7138936020347,767.2191410842845,980.824035826924,377.0222222222222,13897,416.5698649868302,20313.270533149855,7284.91005830051,7.805290937423706
805.7993370065154,1605.9226598877842,1309.5728187512107,3673.3712846279086,3909.4820189657617,3321.71976376981,1117.5322674266001,1762.9461430692386,587.1268011202949,685.0729695821739,821.2384471680188,469.17596100837756,1293.7153162759237,2241.5654367174375,2669.2882565394843,2338.1673285830643,1038.25596311189,1775.386053167797,173.8976114866254,408.57954201742086,348.6666666666667,13897,360.4598250697261,17904.058955297776,6473.341236309936,7.9054107666015625
100.61617665033863,2027.8544907005364,1064.872102117931,2925.432652899552,4401.585816916337,3427.6498624784454,1621.0567259680129,1013.8297901692055,705.5992900654578,270.2540858141265,609.2644762200304,365.38017322497836,1084.9533442805764,2129.720422757434,2826.032272504642,2535.8063771227503,1159.047091028886,1649.718868017282,322.3299942905892,276.9439222385006,366.24444444444447,13140,352.9199025522177,19154.07739086247,6448.538523744968,8.005472421646118
291.2957362373365,2178.897566851486,1234.4276512688998,2706.927533563183,4410.683549361032,3238.197089789057,1595.9067235430668,994.9728291132182,565.6670617900227,128.6778562705379,293.28533209606815,441.29340782418114,776.3417036493395,1930.041557777833,3113.7323719664705,2823.014158149663,1435.628197945606,1389.8034142766164,612.6614817851327,109.73603682344604,416.22222222222223,12826,368.58215711664235,21158.86446831903,6669.666853574151,8.105616807937622
51.70902105239296,2121.0253454455456,974.9371616977267,2759.6924392921837,4605.672467722268,3531.848073848689,1858.0665943307079,712.2297760537438,862.8851455435713,411.9864772705174,266.97194115059006,938.5822718019468,457.92840459563206,1432.0381140827196,3642.322278791583,3092.669625653303,1921.3843406042827,958.1777141049919,949.9546037604266,468.03388376156073,401.52777777777777,13134,368.6350866832942,21184.33476199349,7065.71987508661,8.205839157104492
262.49858564651714,2188.022247684946,714.8411623666707,2660.6745588592325,4865.667233367556,3683.7269558294806,2057.032514324018,611.1128757401615,907.4761543528801,495.6426546539593,716.834086063125,1373.5538685007632,846.3258572598614,1144.5167759071903,3520.477132745003,2640.1461061464042,1511.746897716662,1421.7270015582856,542.4023902193259,85.98837128828741,446.6666666666667,13375,373.410077919982,17768.783287766026,6657.711285249881,8.306083679199219
900.2895912500594,2617.169996793265,270.0040128210228,2170.522942672889,5355.272804132249,3588.2198226415094,2082.629398661839,1202.3455475537562,501.6029608579254,420.32920015938373,802.8112663974096,1441.7617525450894,940.0196835073467,1203.3525674151347,3400.421560457285,2595.7049864977002,1447.5473587261636,1361.5362761639028,700.1008497174213,236.8844626781784,433.1388888888889,14036,395.66016700992543,17752.97562590959,6779.83736556041,8.406226634979248
1589.7639983973081,3269.826857720201,853.1055791506483,1480.5775264667207,5461.061096438176,3006.179546810267,1569.912987753384,1687.933414011359,218.70092866971845,445.8997126046604,519.5466323499435,1226.8141227941394,669.546852526966,1080.115983016892,3673.5886977110526,2674.00452627417,1533.8141269055332,1504.0457050446084,486.747637719059,170.4776314282475,478.875,14736,410.8084953539764,17425.124190049362,6822.729853719077,8.506510496139526
1661.209046531958,3344.129110065083,926.5904477230063,1411.1992463177291,5425.409882632998,2934.6165279689767,1497.8029182317782,1673.6283193920897,264.7967605324814,421.918985217254,293.5062648884283,1044.6787120672686,408.8457199673716,1059.2168740910206,4005.9015306840242,2845.677483552765,1749.2701664399194,1818.1740143473157,86.1719341746514,558.3033017783125,461.4821428571429,14805,387.81295058910246,17223.312099092625,7033.186462680069,8.606790542602539
1712.2339525490015,3398.251785588201,972.173152734296,1384.2894845591393,5369.171717119786,2917.840543464823,1486.076941098833,1614.491917801445,226.04021328925447,369.28376499743007,674.5300175755424,1354.5337524036033,891.2196288229194,375.6802042039604,4063.3354522883656,2153.6964706246463,1085.5380125245847,1673.9234608520903,661.3446274484882,147.47497181521624,461.4821428571429,14869,385.1244585033726,17549.989928010902,6619.521928749042,8.706993579864502
1314.1279573195861,2984.758452466702,853.8066026993645,1417.16075510653,5817.39698619072,2657.0458976081086,1146.552923541674,1860.1764684089198,734.511952034468,472.1141237708116,985.5753762279577,1639.0845346621873,1204.2194941883931,81.32408903212146,3850.6874298074,2022.8451364048444,1106.57330833682,1369.7141789678635,664.8476708522209,150.7254786828482,424.0,14351,414.7769036645125,16415.467973804884,6343.16293238597,8.807193756103516
1087.4323213464681,2628.861234468976,1489.8362573607067,1354.891645009187,6113.0686534442275,1814.7062961228864,299.0061002798186,1509.2556636144814,1152.361285394001,629.8876025037355,958.2226590292179,1609.316731527231,1189.7550335894373,70.17732327591264,3889.178664210033,1967.54025535492,1052.867243200475,1341.326106664679,734.4148093309079,217.37484999948026,424.0,13488,390.64213720372163,16192.50238202576,6344.691247170224,8.907286643981934
1245.3410435726953,2668.1702501059017,1877.4616763112062,1267.5372028628772,5990.091479322282,1528.0698792095577,456.1325903783792,1129.5626766598689,1024.6947368314256,548.5863231138628,310.87495251408905,960.2148706961921,860.3060309451498,664.1338769481333,4484.2334385849135,1515.0236224469622,512.0673915518748,1386.5373035076427,1252.47382412136,679.0452902289431,441.3928571428571,13097,335.2582363880392,17687.074313305777,6480.098510646401,9.007296323776245
1221.745361284333,2652.0974878783672,1843.634226615028,1289.927005281469,6020.707985134967,1524.872031057702,421.93189657295454,1152.03151778773,1058.9508868650344,580.731996475698,186.33347398070578,636.9035658120465,1047.0210787294166,956.0943855794662,4638.437443810959,1185.5381890144313,676.9891580802015,1090.8606972989207,1212.8979646587256,680.4579588068235,441.3928571428571,13141,420.0710188983629,18597.706634221195,6397.981403150922,9.107587099075317
1046.5477659458463,2481.194231858719,1704.6853741053917,1533.3532980706589,6256.652202051462,1304.5619696215242,483.4790800183749,1005.646976029724,1113.7474112566472,646.5258775390201,216.33156181975707,629.9545130537322,1084.5956626661023,952.3666019976753,4605.005855881161,1205.5606007581537,703.6045672915425,1094.473562043993,1171.5879147201117,636.2368279065743,442.75,13374,469.7745966994972,18401.9621778244,6369.952768040768,9.207708597183228
877.3342272643471,2276.4745703630797,1704.2764593882214,1753.678048920809,6374.855268199329,1087.4673022913912,725.2792509802858,770.1816334970267,909.8711506415464,445.6077638965095,383.02712741723707,670.7525200335255,1252.604809339678,854.9806203338578,4412.900427849778,1402.4612070055218,641.1832751320974,1307.045493755149,1303.3755837980857,807.5020342768318,430.3571428571429,13634,452.94074089487344,18341.76650439752,6241.8439915827985,9.307746171951294
876.5106076909794,2275.666500061513,1705.8910581196867,1751.8521842180073,6372.133389491825,1091.0292113908563,720.9634100147882,775.3067100587331,916.2220928501836,453.9388774596226,203.00937748597866,727.213615091641,736.6195021035076,1168.0784702870724,4946.843464446484,908.814734709913,840.5987492018772,839.6718933209931,1102.8321944962565,554.576315018857,495.8571428571429,13617,441.55346363060255,17991.30743684612,6672.9082944502425,9.40781545639038
978.9939653986936,2394.209755441569,1604.5403211641008,1770.137263415662,6477.496032770808,1002.7801889640687,803.542929474505,663.6930474664886,842.6866681245249,364.4263500771706,188.96019697291288,739.3308568496284,729.3131477938451,1150.9576916559447,4965.868472839429,890.5320078500604,858.4151202520568,796.5526029491746,1075.0956028783023,512.0510044839085,495.8571428571429,13511,419.8835160345277,18436.02124760849,6594.7805426555315,9.508052587509155
1035.802691982938,2452.5033755855748,1544.6447019874536,1808.942070518822,6538.913344304699,940.3088745449804,866.7102911632076,611.9665912918189,776.9395915232197,300.9103802014714,163.6788483302616,765.2154979313514,721.646157533349,1119.9098397515997,5001.99059123558,856.1999266619334,902.4959325521075,723.7742772099638,1013.0171835541515,429.914736138426,473.5,13448,436.0767025813144,18596.665367089037,6526.854502472986,9.608209133148193
1030.023360691067,2445.159087739259,1552.4336682551127,1804.201722180479,6526.7933420474355,954.5266409922449,850.0038521860043,625.337828182571,798.5583546087873,319.7533117089404,185.70371013179184,710.7682944704197,769.5823067637027,1104.6968587592955,4918.973422240344,943.6592259377227,816.611490667267,766.3010857186445,1086.1210159709083,466.6160095945845,473.5,13448,531.152401542576,18351.987997048243,6595.328467369056,9.70822811126709
662.0626778129267,2262.1857641250485,1822.0727116837202,1491.7241684237022,6642.267917148984,857.4603326203029,1170.3913517943733,292.51054662901737,429.34761733090215,256.0618665543734,241.53728346789168,498.97333516882946,1035.038574553024,756.9088010207389,4917.002916628107,980.1965037693587,1259.659294256548,145.6720701607741,418.7907771600004,370.5298563135841,488.3571428571429,13821,463.4313456562634,18134.256479939326,6468.586301363515,9.80837893486023
810.4894292744807,2286.00428889784,1768.0538346831775,1542.9866684793255,6504.949131510747,990.1750896700797,1058.6027321899803,269.81862796463685,445.226048934492,158.60188224949687,125.319840246415,684.1166044768106,856.4143240521297,922.6946200574298,4976.2409114672655,901.0491089202824,1135.993749064133,288.98596127358894,548.9447837941194,253.9303999709595,488.3571428571429,13677,427.95365070616685,18450.660493108124,6310.607026775204,9.908688068389893
859.7942549660746,2283.3419873340886,1771.4795649505902,1538.0343753874413,6455.5544627689815,1038.437558256318,1064.5148577840737,233.91512059574166,409.85122310878467,199.05871753162396,128.12257289342745,680.9981965704543,859.165714935797,920.1240839745699,4963.254248983346,916.5878207879396,1135.615447467225,275.9048471536639,536.6457585259341,266.99759442485896,475.28571428571433,13605,544.0512827983104,18543.601517715648,6338.087941810729,10.008967638015747
899.7868020968526,2265.8188095571713,1798.3279379341718,1505.6995214717138,6438.696033952898,1045.0031056054074,1107.7096131482697,203.26294621745544,386.1035330773603,209.00216100276486,363.67519831540926,958.5679568386628,693.2165678739118,1088.2369814038573,4650.808323954261,1221.9667443412254,1285.3851834338857,66.73434948415802,223.76506300137987,567.5447272660608,430.92857142857144,13592,497.0993290085912,18830.43579591073,6133.095149174827,10.109101057052612
1081.0101683181404,2142.6678441013632,1982.268510934684,1304.6896850341625,6500.695935455303,935.0366020671562,1249.5044909721469,338.8600183837949,541.6718169472073,117.26206910261338,156.58498285881151,579.3138863795447,960.5856226845831,833.5657525838287,5078.63033609716,779.9380184446801,1170.771815140235,410.6686367668865,693.0139462027101,87.66995650486389,413.3571428571429,13356,477.2283282712343,18361.116354710495,6481.304194694558,10.209232330322266
1216.6311326415057,2013.8140121902152,2142.877467332863,1163.0331945972555,6649.7048458250765,774.993668400475,1196.9014650178055,464.32295971197817,642.9093072895547,42.56824820076991,159.93077804572772,572.8560467957069,971.1304388839743,824.0553350943001,5096.0378845541445,760.6793324358775,1153.4025378442504,427.77593224459343,699.6373925812347,96.89138785629258,413.3571428571429,13217,416.2463080986829,19305.161359458165,6293.415655234576,10.309540271759033
1324.8183062097276,1890.4366451331896,2263.4359518335705,1103.6737095513315,6779.294322450435,679.0718785664934,1072.1453236218347,481.4164718746341,608.4987894917804,145.8447108692985,255.99579086078185,605.5344226287569,871.6082899364726,1016.0859706106797,4968.007026568467,947.8935561186156,1240.6847290174103,313.9042053645653,675.6271229126411,149.63017032194765,451.42857142857144,13077,551.8522073273148,18242.88369482344,6300.976994615034,10.409690856933594
1570.9287751190943,1567.8057266258118,2458.788135570979,1240.5589282761027,6912.5080799474945,847.2291012568137,885.277488841521,219.41853884589443,296.6758377381704,279.5717858167291,201.58239333885007,556.222489894337,945.5142639605058,939.48434090177,5055.596116198655,891.8191185668458,1160.8466449905789,266.9224908847878,604.6896106281434,202.61345344808976,460.07142857142856,12746,582.5559838105395,18324.119769643134,6580.47756948642,10.509963989257812
1418.7276271260628,1793.4023854904747,2415.9034671733225,1030.2632139767945,6992.175040782433,615.6694628367163,772.5451109152922,451.2707836466061,323.77063982367673,438.9687549251306,133.59158640917104,677.9090370938064,892.8458580337447,717.5159895082622,5178.677811007786,479.0070238566455,973.794805681268,706.0593711607231,654.7722010819043,687.218253023624,471.9047619047619,12989,528.5157218402079,18257.618974960747,6764.828834726811,10.609990119934082
1519.8291321952024,1629.96926386492,2362.8141888084383,1218.7804023737024,6819.797872229908,732.1687764946514,963.9031217462804,448.9530148510989,490.88652198684173,353.58324823184466,198.55491524530234,542.8424676974372,1060.4012285410377,734.5325277070383,5216.8104202420955,618.756654621275,987.6286581903961,561.90493148496,627.0440856153284,541.5075711398763,540.8333333333334,12791,498.9862149031294,18421.25260404438,6489.424245803799,10.710130453109741
1525.668776568342,1621.8557986674512,2352.3459478043105,1227.1453364143408,6808.37743093448,726.0473432146671,966.258679211449,460.6014580531376,490.14972449299694,363.29460941691053,157.72918366160798,589.0116683238548,1046.5543251071826,679.7582318913827,5272.71987020751,586.5536600670332,917.1254472066871,504.06353387128934,544.2478622767488,472.45310432841256,536.5,12774,675.201695474227,18405.627299360036,6353.686304442446,10.810280084609985
1556.6288918685357,1588.4143034919996,2272.0769719380023,1254.2941346668651,6763.051955230188,652.8448203622993,936.6220904387013,516.8608174220636,445.1441186980265,412.1920185139005,260.21243622922316,480.62437461625046,1063.791262601367,791.7785013558888,5159.64518063154,594.301792082582,988.295080017264,624.1880215772318,582.5394896662107,598.5739319659997,536.5,12696,631.5437987318503,18518.523988421148,6338.918609706367,10.910473346710205
1721.1394826855926,1655.656106563114,1792.5697781410086,1174.0592440929513,6945.860560162985,285.7386041908889,454.6624326373245,426.849853758466,227.7073744687258,193.62964992046037,220.79243548437606,568.185893744592,855.655020400553,672.8795199463791,5354.5270830085265,314.2978078507267,501.9079657846742,448.5774675170238,324.9763742310151,219.87056633570324,527.8333333333334,12205,557.5408212932361,18419.512909959285,6448.655959061181,11.01072382926941
1761.8141312437097,1720.0129203227123,1696.2319976034648,1119.2776098852644,7048.225215893915,349.08469672591303,400.16644108897736,357.9158150130019,335.25613999426105,134.9470363659558,278.2343555209468,536.8513631035848,790.5910597296978,693.0337433584714,5394.516805178452,316.4093036802364,416.3529938525629,421.3087970337477,436.90900681114806,191.56089288265062,511.53333333333336,12093,530.4060532081153,20248.72019814558,6260.900525619004,11.110928535461426
1758.6715322311381,1707.578679641432,1702.7238877010777,1132.5723162772733,7036.282624290513,336.6064996334545,390.2388734326164,367.28674561303416,339.15929286221154,139.57400853061026,185.94736751526685,580.2684776317981,883.1511088414416,694.4966739488433,5319.645074296551,260.64584042596573,441.44950362869844,508.52909836077066,379.2670137407914,282.8661950685032,527.8333333333334,12118,695.1400159085777,18339.348148201767,6190.185209424806,11.210986852645874
1753.358381693169,1579.1114565514063,1718.8580707816222,1267.466391530989,6981.286427488423,294.45029474845984,256.66011453141317,404.85536698797785,476.3771206002672,176.6105265207134,161.39067312809422,525.3929522390821,916.4395493854925,843.033182238763,5228.839069543029,170.78773705327657,189.20879298075474,586.8612062557495,695.18832858557,362.1208272689529,527.8333333333334,12240,576.3324871186712,18339.635503818645,6222.4693773461895,11.311251163482666
1777.778104965488,1462.6882718329607,1678.9483844231343,1346.9338791193477,7037.9651062534995,397.5917959866361,283.32814894309496,310.095402050049,496.867998853245,79.14851806857682,247.35177885795596,453.90455726618427,813.1419984664469,861.594802341031,5364.368448484341,361.60448241454145,276.14360391036683,373.63855286706377,677.6607678418553,127.31127621513694,527.8333333333334,12369,654.3424960618743,18458.304741864653,6304.151296271386,11.4113929271698
1748.5196583447873,1536.522520479834,1736.088279892841,1338.6017715959547,6961.36692232552,332.5468076868698,202.88952393738128,381.78028344412087,573.9884226219214,155.562489761481,164.54815755979047,440.5467396956689,886.2274196433797,956.2865661924137,5336.274642106167,419.78207729434627,290.2462082326402,354.73865974553456,735.1125547042662,145.3669800126713,515.1666666666666,12283,841.7047665681341,18398.0005608109,6316.834609554959,11.51149606704712
1651.841422556537,1727.216090700512,1950.7307720979832,1454.8159589143893,6758.833193449177,387.52817548484256,195.45522109472606,449.87465818900097,736.5353289312129,257.25316502482195,288.59163769759954,561.4955669220268,909.8574462993582,880.17589686425,5148.651248777364,336.1751112076876,192.56144079906477,561.1855033391313,988.3850747836435,396.0395929280389,515.1666666666666,12059,599.9606280754592,18358.202388742444,6137.964890160705,11.611775398254395
1542.8925771080776,1896.579101338727,2187.506970954637,1683.3820573483424,6680.534995442075,628.2363459098962,437.37795144953594,353.2085979787668,668.604422673224,232.2858452898141,297.68519131065864,642.7346783610013,1047.0278934092585,1044.4739959885849,5052.074052931207,598.8414951002054,494.9219127218948,461.07589719222864,909.5923349963751,385.66870419297766,498.8666666666666,11819,512.7592304956148,18273.649182008026,6075.799321922577,11.712010860443115
1549.0395247531426,1887.92961529429,2174.468542094322,1668.8826489334201,6679.915704906537,613.2261154523246,422.65733130081406,365.70626578483495,683.6370978354275,241.06993367120646,254.03920852465296,603.50396309039,1025.7617909356231,1039.8882660233749,5103.946101301013,570.1879906079246,455.1119608433534,423.5733637296235,879.0033136188292,334.68338349518655,498.8666666666666,11832,578.5323377209916,18494.713858654253,6120.816088082083,11.812286376953125
1644.2840704021976,1869.9901440708866,2121.683816429972,1601.6272794699973,6546.667085235865,673.4836864207016,530.1521721145534,432.9206804205129,700.754098610661,296.95582178102944,322.9801481503602,674.344329256623,1078.8757540226268,1077.5113934330604,5019.581549042483,667.344601803734,571.9373745429369,420.38161203358953,827.4511100978362,330.6123714701753,513.0,11971,678.1829105961006,18834.938719444963,6240.193653402622,11.912410020828247
1611.7394145341289,1861.060272536737,2116.814085223556,1594.5923079315671,6581.1259611143205,631.5521631081087,494.34565121390017,461.7057507088011,745.0144248059381,339.2886634079985,288.0524612541892,294.2713644117478,682.1635615365037,696.5526085806791,4791.354124720418,743.9556742261923,813.0602493517225,725.2094956981532,948.1897941305241,556.849170985691,447.61904761904765,11930,655.3975248868184,17782.94166115558,6142.900974976478,12.012486219406128
1617.0669729001668,1863.4280572613372,2119.1737794743945,1597.9792592048675,6577.104901587979,638.8651961326777,497.4046564913857,451.13406638729316,734.5079172145759,326.02928257829564,531.5854980519933,371.2754283618749,698.9181660708438,850.3291262679553,4460.368893397786,1142.0435688260554,1057.2457202805376,369.6533166310078,382.7450207099087,127.39952563836178,394.0238095238095,11936,572.4649123033394,17591.056864356353,5750.01262859873,12.112608194351196
1221.1916662663832,1584.10264054572,1777.199377501997,1187.83039768337,6393.910617133771,818.4331511079929,894.9532182767815,639.7957290816504,533.7580288177661,275.8526128223904,368.03216808531533,350.01870226623726,741.8389485219427,832.4878278184112,4636.738830985711,962.8640406015421,903.3011705093694,373.3231047389532,538.8232515742532,40.70599309731724,394.0238095238095,11517,560.1881581162802,17781.835825468097,5726.392437078624,12.212682723999023
859.4804297110519,1295.2382463687354,1407.140423572688,835.4965872136853,6036.425058895341,1200.018951549268,1181.1218573926174,566.1028108448012,151.43871698046595,234.8184309781341,315.9229132679399,333.0330103406225,719.4294621742009,785.5430377451806,4634.627925575322,970.5281266996626,943.3077678096304,400.7932509336316,495.04312958935185,8.199172639247912,398.28571428571433,11121,645.3247934226558,18421.193470742855,5709.975941713661,12.312934398651123
531.2150388767703,1006.2324069480567,1070.342162678926,743.3267110120707,5720.94524376483,1420.3006214331588,1191.6587784455353,306.3548087865826,368.08413270448403,248.8758796258347,198.53977645062372,281.6609047900145,622.6133435389614,661.989634294703,4532.187062711237,1094.150835747799,1055.5802714431331,342.5378377810677,462.5094685894645,144.36833210778553,346.55357142857144,10793,525.9524396127425,18276.174177301673,5722.51466129293,12.412999153137207
157.42534752397577,628.4440103663836,800.1326864570509,1033.4204213648432,5585.371508012566,1418.7373427038417,891.8594745997237,143.11242448000027,693.7478650998812,306.01427380324157,30.311244232826443,199.60607528555872,366.72079126532617,636.4096225914493,4267.763669701995,1294.9343772501854,934.6200372367689,169.06023665377148,907.6916270356988,439.8194911137691,348.75,10359,465.87825039363406,18200.829734111685,5497.292698471247,12.513022184371948
191.48609119611334,670.2767382410959,803.1836882923689,990.2185541494196,5565.185936551833,1449.903065768493,934.6064821957874,113.6099786173387,707.1494739670989,332.24987300086383,261.2160467552521,335.8968214650397,136.54615631617278,722.8122473718488,4107.542821040402,1403.5122570579417,836.0050291776353,378.74062925109695,1056.9718964209912,539.291608462246,333.06944444444446,10409,444.9548392049597,18407.643397437874,5238.240817942795,12.613149881362915
213.87860847909764,694.5850145126185,794.4779757486804,970.4466255563927,5541.839418251249,1473.7443865460407,941.6863218174595,130.48058957351608,730.7461100647888,349.42242551299495,65.88627710305849,211.75711987986003,332.3119343364277,638.7300897056109,4246.237422321822,1309.4709926031344,937.786706600023,166.7602170671538,912.0835444445961,446.8965976584124,314.6666666666667,10442,530.8365153066089,18118.82808826388,5366.44497823451,12.713453769683838
281.88769954456086,759.3728874777354,745.5301463282951,950.8686093064459,5480.612769284404,1504.7324268295715,895.5230443676662,194.007098209348,731.8204953913128,312.1342154043303,108.0025498191831,208.75600669943603,306.61217785699426,682.0050975279426,4268.229595120082,1271.7562429729571,911.9002504791858,160.54011271488028,877.883644017593,426.51434318159784,297.09722222222223,10490,519.9754051317024,18106.226250209256,5331.616509886182,12.813734531402588
665.6585932109266,1087.6276600466658,405.5158519261326,1150.2070569457512,5382.401249220785,1376.28288234208,531.2311599746898,428.2412383423979,363.28785365228885,193.02395017879957,104.2875091285749,333.4817015273293,184.4951863712762,717.4828580073862,4131.630054427239,1240.1268960479558,565.3245823195418,492.52102214493505,475.5403981333753,275.1093826025507,304.0,10900,421.25371327487005,18139.37167803068,5319.812241158077,12.913981199264526
881.1449664684307,1254.6229906095946,197.52725391391166,1361.7980377985305,5499.848347271891,1181.5426857485386,562.0239949049089,451.6349715532851,303.31037674668306,391.22270336521524,135.83938726713188,378.1412953495219,90.68314903389383,839.6944386220048,4220.743863309478,1072.570929102711,600.3251490009461,511.28987915140664,408.8713022968611,535.1861041512419,289.15277777777777,11097,462.93270585036504,18231.29635694823,5294.88182444445,13.014018297195435
791.3979217278004,1202.2697167289327,291.03045392538445,1276.2130699203783,5408.23641330974,1267.8066229340798,469.18142726378596,527.8896489152703,209.46265203427046,426.1053999923648,151.3298830666145,424.458396955903,131.73107341832682,825.4782760193941,4149.779574388207,1111.3087746520716,512.466570466662,618.255790410778,302.8148217986203,618.1375803877531,306.44444444444446,11011,533.9397845404936,19464.27992883575,5330.583408135743,13.114324569702148
728.0863946772085,1188.5056386054018,354.49247262924143,1246.3476540946244,5351.132001411582,1280.546226031461,435.9377627241583,578.8896457471185,206.43670956483177,482.17550556829843,134.899280401027,404.3548540555634,148.36650708698983,802.5512519714764,4122.819024908457,1130.9115751685179,488.0149825642741,649.6742915194823,293.0737593205858,651.4067830109084,306.44444444444446,10943,456.46712369195734,20188.697627604444,5424.8632163229395,13.214590549468994
533.290823846536,1256.0674696090489,578.9551202083329,1325.1631354217202,5301.325708469896,1129.5416646702993,638.140017566958,568.3536742402242,489.45669999140256,455.28011112731133,129.69907773622703,242.10220772521393,427.4684683719729,682.4782816581796,3867.5848453891103,1151.143207122512,689.2612370551471,850.0503283918159,773.7413010760964,813.128649691392,306.44444444444446,10652,391.96035502158566,17806.80768692858,5168.669875668029,13.314597368240356
691.8877848506108,1107.9230782699015,477.93863440584727,1102.314031395335,5143.332192694366,1399.1995126040974,419.96947294227897,815.971506069362,506.1232975681882,723.7493846639175,225.43246643496687,206.37038229082276,518.4850126809042,640.2375960145145,3784.879536223005,1200.4412964712728,732.0233096941139,917.755328410452,841.0836171292885,866.6526019563537,282.44444444444446,10928,414.56936425452864,18354.817234704307,5126.878778864451,13.414765119552612
921.2831435687359,905.7564388695047,664.449862925919,778.3381267443707,4823.9273587479,1635.9198537029265,617.3202512944994,1043.1898419977756,827.7821354260213,818.9376434343584,257.7018540809728,213.78094151001622,552.1043172614002,647.7366955740345,3772.7825582997,1191.725334101594,765.8357922720239,912.5145987033118,861.7126678865988,845.276043445903,282.44444444444446,11261,472.68262622549105,18458.107803742518,5100.239808191343,13.51500129699707
1401.0414956132472,601.8350887253424,1248.6368957298357,422.2683108155569,4344.823532667723,1711.9554926974085,1186.643267290715,1003.0919612523577,1034.7286830012108,416.1796094061392,492.5715718408487,399.97628837870906,780.832241573462,834.3426150486404,3839.6219410879003,991.0824776911884,943.4028739779585,685.3715244739352,769.9417050879197,602.7795504651526,282.44444444444446,11837,437.910040542151,17945.84957701763,5359.17091580263,13.615243434906006
1878.0423700255342,615.8069276706606,1788.9328074522512,842.8823811820087,4315.577663313657,1453.2487926944648,1442.6246523509108,603.4356269442762,767.3354625675332,200.99324707495956,252.01926264569892,78.42326948783416,783.6737840278521,557.1969294809783,3429.049292079225,1227.1999443119332,1371.299764292221,664.3257697880371,919.4085326623745,294.44139599527796,282.44444444444446,12425,423.8960442454045,17631.848815709123,4956.890045852966,13.715566158294678
2020.454785872285,669.4418290204243,1924.5534672699207,1013.8656747950312,4441.87072838994,1288.8241857868402,1375.728964251063,433.7677417301571,592.3091955885814,335.1992521056992,282.0727928986026,147.96777996748023,849.4521847335873,600.7244129737761,3422.454347706422,1180.0110834212303,1397.2993968250767,562.8184947810341,816.1723036580689,411.71452518208224,273.27777777777777,12571,449.4466292590383,17829.68254432355,4886.7140775012995,13.815584182739258
1839.174896579063,684.1000669613368,1824.376522183524,847.6145853573762,4186.923987090556,1509.355864290179,1629.4608718149398,516.4205408164668,673.5061980079053,510.3283920877268,456.07006268208744,398.4717351044017,1043.8609499188865,711.2676366902753,3291.1725700934453,1215.9455790343768,1630.1850132099498,415.04274724542705,688.1137462392412,710.6644313929537,329.0,12334,383.0132600403483,19977.452136918255,5209.5209417169335,13.9156973361969
1665.8876109143664,934.0615362724043,1913.1084968840455,940.2460197459601,3956.327664759936,1588.2616945185268,1846.1831657735597,382.0778369654435,426.55974491593935,761.0081287646096,650.6690921271882,598.0473747208705,1247.5479811176233,913.3157728926886,3412.198799201432,1048.1456110417794,1541.7203096056699,236.74818177207624,530.353529651048,694.2872048497851,322.875,11963,415.298966896606,20884.15830320504,5551.594498199464,14.015815496444702
1654.3677350785993,972.1422014649653,1939.3876580810547,973.3754227940053,3951.5445984919925,1575.9928716164625,1846.4381195038443,351.9019525332282,381.1120242257237,761.8881707383002,212.87201196839004,509.0100246267697,786.3404253102266,697.8158801279834,2629.592779716166,1718.185164703469,2257.1749440198764,576.0466351385141,290.5213650602278,1289.9231200514496,308.125,11914,374.79949904006907,17290.281411634885,5342.185936762773,14.115940570831299
2185.5691291999005,558.3908217571447,479.1895377339119,810.4110387142485,2570.389959737231,2812.0662381248676,3010.065544103398,1269.4826294572954,865.1729490366713,1321.802792767627,729.8440439552813,1018.2162764977189,1120.0663281937161,1191.323420786359,2559.66813091068,1742.436664293213,2225.4851395795376,603.6713795804412,283.607945926217,955.3354765612984,308.125,13414,357.3786737251173,18577.93891864764,5601.627339564508,14.21629524230957
2185.5691291999005,558.3908217571447,479.1895377339119,810.4110387142485,2570.389959737231,2812.0662381248676,3010.065544103398,1269.4826294572954,865.1729490366713,1321.802792767627,729.8440439552813,1018.2162764977189,1120.0663281937161,1191.323420786359,2559.66813091068,1742.436664293213,2225.4851395795376,603.6713795804412,283.607945926217,955.3354765612984,308.125,13414,357.3786737251173,18577.93891864764,5601.627339564508,14.316398620605469
2615.705429193431,1286.0798936487663,506.7402711067851,1534.9292614844792,2163.7269423730854,2907.7714491063875,2917.3401758458017,1211.669199599582,822.4187802640097,761.5986496720676,494.92529956201,775.552417203961,880.465141801455,967.0437654131641,2399.394506581435,1915.787931162913,2439.191973479178,787.9975135946019,417.02558606917404,1202.2513201190313,367.58333333333337,14159,415.1817375495036,17402.24253171613,5780.436009017156,14.416694641113281
3126.9810384342727,2044.5884342752752,1283.5916992566004,2205.951391612237,2507.644377865211,2513.943920868292,2262.9672606127738,708.1947214786074,488.52394042923453,433.6751003633246,333.738072446946,597.2027639628195,627.6666341340709,1175.998284761048,2089.156967772504,2110.2761324543944,2352.059328985888,710.5812723577515,403.19324279887684,769.6761001529424,301.5555555555556,14931,375.5522462214726,15815.989116620967,5193.955323047989,14.51681137084961
2963.092341600079,1804.1351378152724,1022.6957729739693,2078.038616619905,2233.8415378283303,2785.888610490343,2531.664565869619,991.8842946582953,751.4777600588542,169.37052139356055,747.2788024515585,806.3887129423958,714.2617485025955,1588.554952442598,1794.6489306511314,2459.939733382538,2403.209988842337,1001.4773332308206,863.2632984908622,543.8636296977522,326.9222222222223,14664,337.42612864195576,15871.934897372572,5642.755702433429,14.616857767105103
2860.619959177939,1649.9329251484323,892.6679210663825,2187.4469967691903,2007.076344456856,2992.250570288156,2541.7619009827195,1077.1129727007033,863.4225687860472,450.3680538978948,785.628845863455,846.515686549075,757.9498900318246,1626.620727653323,1844.165812556894,2407.0769216428184,2339.9881475757106,925.9823272938432,779.3269012287125,585.7144641307402,326.9222222222223,14351,430.2324702225992,17935.78579308703,5614.740677686956,14.716869354248047
2850.1614639464715,1635.9246235168741,892.0738357158392,2224.645195748699,1988.0957305449317,3007.5956483862533,2517.6003386280745,1067.3427342832526,858.5516004318868,500.0050346010346,494.5366724307936,559.2182271960793,460.25003134114684,1385.7817167780188,1566.8030268557525,2689.678726017865,2625.580354106699,1243.0620375029812,1107.1521284492483,663.2332765851802,325.7222222222222,14322,429.67581925986076,20222.23180048044,5944.306946653311,14.817199230194092
2885.380933329369,1633.0916421345523,716.6530989746332,1750.751838619877,1725.6485717352607,3408.9293081602123,2959.0752349444456,1521.8407783139444,1294.1313498164616,943.6723825647315,514.7375265888387,454.4376060909239,656.8459646615778,1728.1067790192449,1027.2895102461953,3274.179517912445,2400.3652935224773,1205.6521540514016,968.22004750042,1128.993844021436,325.7222222222222,14779,375.8157719297152,15559.219833329435,5888.546539637225,14.917533874511719
2992.032524923504,1685.4076754048149,737.9793127502375,1287.9071135284853,984.4905725656488,4150.326149192616,3144.4616831068092,1756.9313311994429,1386.0542230746178,1350.4757281562731,426.4963580519366,365.6840308189145,571.3255150662004,1673.3725248281535,1073.2731012777776,3179.5332726544398,2428.4597128950713,1194.537214139004,991.0037740219384,1032.5266802395297,349.9555555555555,15201,423.3544024681191,14983.920530513205,5965.424967006213,15.01779580116272
3189.289456743217,1870.3643209570964,1176.4442727496375,1688.9329579493324,277.73895736585007,4444.007116831947,2664.3955536046556,1358.8157246115727,828.4297409696306,992.7755788774853,330.3404791802809,273.8091529534139,482.89930544459486,1579.3588826744767,988.4184745725439,3258.41698910577,2495.3151620730646,1259.9787051645112,1027.6214309933728,1095.4242158815912,349.9555555555555,16003,419.8882824108334,14831.621429021388,6016.6139744489665,15.117878675460815
3391.3282127136317,2065.574312134317,1571.2822692747632,2341.3514825557436,786.7883452642205,4173.037613830503,2003.5528764916776,699.5948780975599,262.2083414238068,343.6388675936578,174.27320784990638,242.37527536692969,430.35532566645327,1444.4473014833104,745.6831749351679,3486.5446967387998,2388.6369061409214,1131.4063156480893,806.5618642171816,927.1058181554214,349.9555555555555,16681,415.75565949536895,14623.358896220057,5944.229898483411,15.218098163604736
3377.801295336529,2059.1775633015573,1553.645878447317,2290.0245158594125,734.9711454580329,4231.111078099621,2024.13989033303,720.4641818830881,216.1940270269728,323.280459253727,838.7737926891515,955.0604277153245,1035.7060269360231,1654.4327775332176,824.9457089078168,3793.7858668547033,1805.9817136003394,540.1239899597468,385.4345528859481,367.89983278109054,362.2222222222222,16613,376.3893949123785,13849.483951188191,6247.141625091245,15.318308353424072
3368.0783910478176,2134.4909057150567,1622.2818084990456,2176.4820935646926,698.9494920530877,4466.781397714981,1869.1831740124383,569.3665583456825,147.9455399866886,46.83617426446009,771.8885996527921,890.5055817222753,971.769361300329,1589.1974391133235,759.028271309406,3840.03125813321,1848.853709520113,574.8184511594687,321.05260565832117,310.22323257027045,369.5666666666666,16315,413.7378700315796,19874.071383776016,6232.949085331344,15.418607234954834
3376.972979524025,2164.4927785393475,1658.1847791017476,2193.0389909771075,738.1579709699777,4464.080219663258,1821.2973090067132,521.499314635941,186.7413245567457,91.07562778294863,466.0379842181896,633.8657929877108,744.0625272667444,1302.5087924798916,551.8621917539558,4112.987436978158,1866.334998495342,572.6763363313491,304.8148231944882,164.9221631977027,369.5666666666666,16288,399.7894493783376,18640.209471562055,6351.008810274904,15.518749952316284
3210.7748704252635,1628.2788277305076,999.1865366985613,1671.1093284537026,104.9068060849676,5046.470887785156,2201.9403642353896,972.3003676003557,781.8922038446709,674.4181997974463,463.65874392308876,740.4947820590169,953.4815337814115,966.146744003924,1023.6991594186771,4756.979464404635,1378.523029933099,455.65371689192114,1022.9817819433306,836.2610522524036,369.5666666666666,16964,370.03146510374984,18337.786352875304,6754.6630271471595,15.61903715133667
3077.5638435713036,1000.7301694574144,176.96579026799,893.2722227397638,878.1653571238178,5814.380642093643,2037.9343018215473,1115.510973683679,1325.589660321786,1118.3250793279979,422.7531774245845,714.1425395579929,925.7903825398348,986.1726285063397,958.6673822799768,4674.082353495333,1444.0927206539848,417.9494953083032,897.6146745469537,704.8385802874008,385.7555555555556,17816,443.4743742145807,17056.331322442482,6921.5636457688015,15.719120264053345
3037.2416011855807,590.3887909243847,702.5375858647062,148.2740323752066,1634.598078868018,6127.947388380866,1341.740240304553,884.9087673847077,1271.4544454159018,941.4287661652937,224.3797448196009,517.1567724987972,738.0058434666433,791.9068634175604,932.9954069404995,4863.892552962841,1425.7646500687042,521.3171838740697,1066.354102581044,837.4937734503276,441.66666666666663,18642,462.5761342208357,17152.45890401446,6915.216726309147,15.819159269332886
3028.3655708586234,569.4085642909887,874.8459921812118,284.52798012820597,1709.4684225855226,6027.670383482577,1178.2123277574037,717.2292968927758,1097.6723269085492,760.822370793808,150.80843063567116,151.4887040952699,379.20709388709616,404.0109650056103,984.6757286058989,5291.419340672876,1509.6954805756286,924.184122112705,1540.5120336933373,1282.8631433285193,410.8611111111111,15401,469.80246686626384,17193.5374654294,7375.867959940961,15.919501781463623
3014.3841193576845,557.6582278741674,965.5558000362031,398.21311341519026,1697.1998976745663,5917.4849169178615,1156.6665418561902,617.8424556611619,1013.3486787802734,713.2949729673115,693.3698883643013,396.00491642377347,641.7731977320384,392.842042489601,1491.4094015479902,5305.689613393879,1027.9425282313862,506.8778457130976,1096.6587270086338,853.0462810457709,410.8611111111111,15504,460.96699557166255,17036.42365874237,7306.620399993328,16.019744873046875
3073.0165119846415,649.6392746062811,894.4368263899485,273.2023216777784,1855.8210291167406,6067.225705725188,994.2072766540028,580.3889469040537,893.5664600798209,525.8737846362408,813.5617275776366,511.5430544217937,767.0426574131548,518.0315440779547,1510.5174821405662,5178.859634395869,1095.494373999115,496.7393601335543,1161.7538121544717,990.7923668420761,455.3611111111111,15311,449.90509997361687,16857.769702882073,7181.955491404047,16.119802713394165
3095.129119693373,686.9296592320308,910.0028231107996,292.5347368883568,1896.232121133647,6051.35618375182,962.7835572138146,533.3733949856927,863.8265236007666,540.0984946351086,514.2693580970005,230.83007155903044,454.705908552239,207.99082542301832,1431.4662162520165,5466.683789617639,1037.0197121390847,643.1983180479408,1154.9431237530039,789.6393582973169,482.75,15270,485.2148109519269,17097.700739236847,7463.894490901865,16.220061779022217
3099.167771541989,693.5242324096942,913.6708562222342,297.2838801058499,1902.0928989583665,6047.235232567635,959.418771080563,526.446753497238,860.9436909134006,544.1497005228694,492.9643845576512,218.06533084368363,431.5454135954695,185.95178265478597,1446.8631344291791,5490.621236794175,1009.7083285743464,627.8026056634181,1121.9053741737716,763.4964999849313,516.2142857142857,15265,501.02845556455213,17205.410271483386,7541.062232558061,16.320396184921265
3038.1710848856687,609.7917838622361,835.6296284527483,213.84315345295613,1920.8041306254836,6123.697480672774,883.4800714169579,474.972321410257,780.9150512052768,539.716435941699,370.3835479939693,388.70420593959767,458.64664762367516,374.2395816559669,1714.518914092538,5325.227064064394,1014.8416561768062,555.599974243387,1280.156347212512,980.209380768181,519.8571428571428,15341,467.7893888998568,17489.4079772516,7430.137374461674,16.420711517333984
2607.463986135585,226.89095245658947,298.90782037879126,414.11497045000846,2412.7718333556404,6242.338026764272,591.5863664754465,192.20776910845333,1026.2209703601286,1084.3945636009364,421.76425636451114,581.7452004073474,593.062609910613,581.9734607035141,1917.9808606050449,5168.777420280839,1113.2555409844879,634.3661500678465,1496.020210345581,1205.8735186099434,594.6428571428571,15893,494.78944538124506,17678.34131367076,7640.916174452912,16.52091121673584
2311.907087918344,464.209214374957,249.28060553745823,766.8537865280115,2749.3373689003142,6026.05778890184,897.794177956925,548.2690922190699,1345.452571666313,1130.2355598741499,482.1436912414704,631.5627064194135,651.4320054472441,555.5914499407127,1775.2173300119096,5238.594519583246,1035.1535136817902,509.00099439963304,1258.3768612112588,1136.7052906652739,592.7142857142857,16251,473.4783656561121,17798.57058394384,7570.829402431066,16.62114191055298
2257.8092287975937,524.7016909757797,305.19647647324035,810.2591717087297,2773.7322371674436,5965.27399101755,943.5580776684245,560.6521076705645,1325.9549808809968,1071.6559185261556,334.8339761333209,174.11727697228514,162.02313465147557,452.61328778265914,2065.914872186247,5442.623997726534,933.4150638390803,604.5704901891257,1688.584909755468,1543.7817999986935,569.2380952380952,15624,500.13231509730997,17298.72705294525,8043.289900311989,16.72153401374817
2347.1595746079756,431.6156682124786,211.22842596604767,796.1802066343107,2806.4417077781836,6018.827260179075,965.3710026694407,638.493283807383,1417.1869076195667,1096.3997932934114,605.9487931223385,460.8974291493334,440.55534509101506,884.8841211014508,2455.2704555589303,5073.522130002713,1316.1906347179472,827.335469054851,1592.1286844194124,1198.573103651385,569.2380952380952,15540,514.7780661500605,20168.834026733573,7905.136985684459,16.821541786193848
2423.771738580772,364.05633795853845,149.7910704704077,834.4168584792468,2875.310773940156,6002.102609245787,1040.3226509394194,706.0021106425595,1438.0270765577677,1028.4830543116443,487.8508430049929,360.81508677995134,336.4640648800003,715.1042252472064,2225.2419772296416,5255.529577427045,1024.476368440658,576.3309520834534,1641.7266609324458,1576.478940172077,643.6428571428571,19494,465.138326203151,20271.42602946322,8072.618159934511,16.92175555229187
2559.6171854574336,303.3423690506472,178.840266219733,965.3001345196658,3000.539022319229,5870.946675299038,1122.2592988008998,664.1606396222144,1303.5547179124535,998.987812966103,400.85090173739684,112.98760855013418,96.83274500522874,596.5427362017149,2284.2884530251986,5333.040579112354,1154.974726517293,767.5753412457798,1699.9195890836133,1428.6687151841086,643.6428571428571,19371,536.7439000513815,21218.14636063396,8091.935311288811,17.02189064025879
2503.1933003836825,305.74805678556294,130.49068270593398,912.5425907463004,2980.4390617973663,5915.498694257062,1148.0453450786804,721.9128633903407,1324.0061129111411,940.7794660680239,408.48712350538267,41.31779708078773,60.10231154124191,599.240496942805,2335.4511992223106,5323.738785143849,1233.035004431427,826.795242780419,1666.263134752767,1357.7568446823857,643.6428571428571,19412,538.0875674536679,21319.125065067885,8121.788763691966,17.1222825050354
2264.441876175577,367.10432427604525,129.3865434415031,797.4328733138925,3074.309370523317,5936.270428664061,1398.0792611879906,877.4072883653324,1148.9788987087263,892.0435246232794,744.2065762234588,424.26758457743153,499.1392371694768,1018.3648705301405,2734.0399441540453,4908.544154866084,1304.896206487463,513.5576775158711,1517.282992367962,1676.536258124153,642.1666666666666,19678,502.26899425663424,21587.635998050508,8148.971121425044,17.222513914108276
2002.936026406294,535.9515071334408,408.14514085617554,938.2522320556413,3363.6188622769337,5703.951824078703,1569.647107765213,765.9792216040919,919.0522589405372,1194.9403951775837,475.22808677082605,138.13080345487478,217.28738150007445,728.2968160748985,2566.7853314603612,5126.197998885684,1429.2872570079048,765.0726409256424,1407.1633578833398,1548.7421152502695,623.952380952381,19969,496.766662026031,21166.313263719865,8307.922903385785,17.32254910469055
2121.1499126965105,476.092792333867,305.2214659350073,791.3172613876502,3227.600299622626,5855.596126300133,1640.6037976927264,921.5829783482884,830.3930823272192,1213.9575718110632,245.90095444355353,334.86754692177936,324.5823448114316,510.9505832710862,2617.2313401172473,5203.59322267927,1818.1942991998071,1008.5067976932531,1020.9501213682366,1838.7162382835947,623.952380952381,19819,500.4947412727585,20995.052831858207,8566.197343507216,17.42264223098755
2258.220944705405,523.7686350757979,345.97948102048036,602.3944546995882,3173.464363434565,5943.730318170939,1834.579030850558,1025.4588999809682,647.5415717650388,1403.395741757863,290.68720200142366,580.7407030769849,567.219146728644,723.0995441489945,2861.9932066564584,4959.014277930508,1726.6136270741185,767.7502184863107,1246.3797265031787,1667.5102238542486,623.952380952381,19625,500.18494189480134,20694.06274151142,8331.909457487407,17.522945165634155
2611.9534921775853,967.5340730082743,840.7738655253941,519.0477984231736,3480.377229725151,5719.378535282447,2130.592422319718,829.3285592506064,928.3593999732475,1454.5046993689025,365.8086622292777,689.2679596742125,673.2849572043162,825.6017486279732,2964.712450451687,4856.34975071798,1684.2717403389563,669.4360120682451,1341.9493670158781,1600.5744129724696,623.952380952381,19089,480.8354893556967,20371.385033223407,8437.10592878568,17.623119831085205
2774.615118477372,1225.092271000677,1091.8992872053002,749.6918837235625,3736.817711380689,5467.77222077641,2029.3286203327739,579.7928861733357,1125.8518567810206,1209.8321395154198,276.85292697562045,444.3692675654941,469.28861397633585,550.8568470526138,2795.996698819742,5030.267678999318,1958.830405554934,805.5275489761752,1222.0851564701065,1843.459127643772,692.7857142857142,18840,472.28778136700305,20510.816541910586,8641.21649230667,17.723202228546143
2756.0305678571585,1188.5183747878023,1066.3394864952716,714.7017519209784,3716.333730506026,5485.487163078588,2069.746667163849,581.2530290831396,1166.8411128468463,1186.640380134926,741.2992584252563,587.1077739407456,785.6428518650416,678.0739714346224,3140.521835003944,4679.064101460044,2067.225733646525,354.15568812954297,1694.0954333037726,1386.391995787512,692.7857142857142,18866,498.14456756480945,21167.849451136517,8642.842719208697,17.823485136032104
2621.3884041891206,865.8475510360646,964.5552813336141,539.0366600718343,3686.0319173483335,5493.5237287335685,2358.9467614193445,524.8012135944767,1574.8479569508563,835.7124120678275,1008.3659000352786,838.7101336330315,1045.4165392184368,928.3327670580946,3379.7382038134333,4458.878838647606,1886.0843673028628,272.8761421835494,1620.8948752996018,1439.0463460840042,679.1666666666666,19293,475.5005124964457,21529.207471276804,8654.229633192808,17.923744916915894
2617.7563239119672,791.0129180748352,1218.0751930659071,849.7708368596662,4015.2679097660775,5144.0223042350035,2241.6999769806916,223.97808981569256,1588.8061769650722,744.0924529768828,472.55584879518904,308.5090967109398,604.6443141255202,545.5062894874904,3092.144605510031,4658.020903186216,2294.6122189390635,223.46035703511367,2008.1776780678108,1098.2361990370166,654.6666666666666,19702,531.716188509411,21023.582289552884,8528.374889767203,18.023853540420532
2565.5379788414884,727.2532389635554,937.1972333907466,551.1090450958945,3718.052807793783,5430.854026304356,2533.253964254217,525.7607946667454,1880.2670717222986,440.8011656252815,105.57463917839615,103.22920818869956,489.86827450181323,550.3875722635835,3012.178774792632,4726.618382763044,2587.949526477037,537.7510947062411,2349.1222061937956,886.3271641621407,654.6666666666666,19419,544.145506140519,20616.273437221076,8916.879928086673,18.123915910720825
2487.056906987895,732.0653019395127,486.3584598910181,349.23311351957733,3442.1795483954775,5628.397773839109,2876.7027160365155,832.0209007568602,2152.1654982498626,616.5687609716814,575.2538378132932,730.8230261169753,1045.4085932435798,1157.7913555726254,3578.1184268988077,4154.43013496102,2125.6427805826393,287.85474333714365,1839.7049006772347,1257.1499857566896,633.6666666666666,18949,553.0457738971447,19910.15788566126,8681.885181607771,18.22407031059265
2442.0418940887193,1243.9377956052656,639.9958310133791,1266.2667462993588,3783.6162087830144,5226.925201655596,2825.678373108646,1070.8510312900382,1643.464514574111,1489.9196337296437,357.2951347403502,538.8416763595797,840.8312123869493,1020.350896553782,3423.236163334762,4256.053360957144,2295.655884300662,537.0619890095064,1821.40510748828,1494.254633348971,740.0,17965,614.7436436591527,20122.433303975533,8437.130152658288,18.324260711669922
2490.490396092358,1568.851209089828,1109.7793120538556,1707.9847127203222,4231.33337282537,4784.334602007782,2459.677495831755,950.2704323544749,1178.7165113183419,1432.229654863561,139.91583431055724,355.96851328763324,626.0040112441329,864.6572136263349,3223.2314474265286,4439.137935564033,2534.0447309242213,779.3249261867577,1951.431830551103,1690.591586706848,771.1666666666666,17552,616.0086211868891,20768.60657613549,8646.306095517779,18.424285411834717
2506.6319311187176,1687.0036575463891,1293.310654984663,1837.1905979313833,4412.696787782308,4616.1629526184015,2269.689938085236,750.7507008199456,1198.646122921962,1223.313667571009,766.8698188954968,873.5283352048,885.4550942964362,1485.1396109243094,3671.372952748802,3863.2838845117653,2075.9145156184845,855.5868737890878,1344.6818273883744,1493.8739742379819,771.1666666666666,17365,556.8099227158458,21254.317418296887,8387.530174130952,18.524433612823486
2559.2860474626586,1591.634679820536,1080.8642220328527,1845.8585525603291,4303.1778502474035,4637.595964754385,2333.216654818537,1070.5230914782164,765.0029435702306,1299.826593806177,818.5757512980033,922.787233407315,928.5758636665333,1534.9827155213313,3712.51405504598,3817.6441557779913,2036.5995981451313,872.5036393829187,1311.5511758380912,1462.6495799263785,793.8,17785,597.0453269868633,21288.000270944292,8380.677650220417,18.62476110458374
2737.4764229435996,1734.3245328859268,1208.522301418338,2158.8280244873604,4546.173149813497,4332.735160198532,2034.9577095320972,1039.7569153533432,813.8446522864015,920.217931724979,527.154828488156,637.7388045110853,653.5340754828305,1377.0769326247191,3537.2662729441763,3899.8801890915956,2095.799860941287,1124.789100110185,1113.914395305141,1336.0382772374467,755.4666666666666,18210,541.179021101964,21007.216760301773,8135.431389972362,18.72508454322815
2462.494743369094,1430.4822251665191,853.9794176181977,1663.6649269541738,4055.261261011925,4822.518141238412,2516.903116982628,1503.0949455914622,352.38462093127276,1235.8851609458036,699.8675963970271,701.7895608125418,782.8727646017301,1603.8609646962195,3479.0409527654606,3902.0616442809924,2087.2652795213,1726.9868176461907,1431.822576918022,767.0785573702015,715.5999999999999,17724,510.51199883885033,19922.55564447963,8301.766839172413,18.825427293777466
2009.5135109182925,956.8671855729467,473.45225109576216,992.0626842678539,3305.392045508908,5371.320576828642,2950.111706114129,2235.768699038912,1176.5635081800597,972.6326695683449,591.3148680113917,591.7168757118802,672.3150266448058,1491.050248493131,3367.261483113327,4016.3317643914124,2205.217839002319,1831.348058696399,1408.2167243791762,800.5208178318135,715.5999999999999,16701,588.3264337066771,20014.5056875596,8278.33989945276,18.92583155632019
1839.582008426262,1037.9835816507166,1046.5928156682899,1477.9834088944415,3453.5383678562025,5192.287035126907,2644.408396561239,2177.9770462468723,1756.1102108092703,207.3220070409916,498.60792948380794,501.9334651757535,600.3343362753985,1418.7723038024824,3289.051489805986,4083.0911481068506,2246.5996533419757,1901.0892352229646,1519.8463084248876,685.5939874273452,726.9666666666666,16236,582.7207291918271,20091.89842867517,8291.548498859003,19.026150226593018
1879.2198434923898,1337.5663650957163,1513.4517805481064,2114.7946888037363,4028.6311431886393,4645.447565757435,2038.0356972841453,1627.8538666065779,1553.2022723225264,440.42510231070383,287.71189950203114,312.62292438478653,481.4094611712566,1288.8378264483217,3149.15685554189,4195.557238031669,2305.615325204654,1999.0511406273467,1686.8901007840127,528.1593603163813,726.9666666666666,15563,568.5525875869477,20328.565406105048,8304.15318097434,19.126298904418945
1908.4280757105826,1437.1358110946637,1630.91494788264,2302.076212693225,4233.087606434722,4442.1902311858275,1882.4202691566309,1458.2660230626993,1335.9695591751713,512.692947520069,647.4774829760817,784.1580202880964,1092.3830663167835,1696.9781861887786,3485.7912580249786,3777.5156309894805,1627.2812549089276,1376.161897290614,1541.0898179248609,1067.9570482793536,748.8,15376,481.17081936494225,21294.039997540996,8080.686796651174,19.22665762901306
1945.1989975194656,1406.2603194909855,1624.8967234585134,2159.3419972755005,4069.4741732817392,4567.019692841205,1779.1709540346296,1341.4192044571555,1476.3346389270757,917.0654082840999,702.3977066883973,837.5032614152168,1145.7963653029685,1737.3243745433908,3517.742766054203,3746.836085399194,1558.5965685531776,1303.2158958238872,1526.272021479169,1168.6339352747088,748.8,15796,582.5646264421662,21427.2297168077,8077.346399477813,19.327000379562378
2019.4997914109058,1490.4023115351074,1737.6243844436008,2236.0978781880767,4151.977652802416,4466.95006993386,1603.2242650534497,1155.3128875766063,1335.7136816132868,1009.7501884565713,309.0403494291482,459.243972782543,805.8025748823427,1375.5739005100672,3172.039911025385,4060.5556132907263,1674.1685670537865,1354.9162648432375,1735.2730927406103,1436.7114653827466,715.8333333333334,16004,587.5531634638932,21159.263592598327,8042.1552031201845,19.427340269088745
1827.7092496104476,1230.3502251096897,1389.488976023028,1897.492526884475,3780.116522719178,4858.071890467319,1929.2756713666156,1417.2878970358056,1668.1897536612469,1360.7536587964335,765.7712068137669,777.6453939661636,1024.891305206539,1340.7854973158933,3127.8422218172373,4110.630858325683,1202.3157490179774,699.4264164554611,1258.3983209028115,1746.0206871790335,664.6,15605,552.9189712306274,20177.783069513454,7903.2408708503335,19.527628660202026
1528.0650307989638,731.937310148209,388.2269451492828,895.5068747283553,2917.887363945062,5543.979823417559,2085.4148946385903,1319.927007920483,1583.5878583927513,1930.841786227349,676.3918367583756,688.8423410063338,938.2264385049419,1259.8920838962908,3048.0001591605555,4188.103076737032,1278.8066379518593,747.5135799150246,1300.419620899044,1818.900440558696,664.6,14598,560.3976825771214,20270.423634390732,7844.933121836373,19.627785205841064
1660.2758626335979,1001.9942820995111,552.8139163825253,673.302241032106,2901.9105793367744,5524.674018884734,1674.060593039197,790.1005879849156,838.2843972981993,1521.3636212319948,599.0655123784045,613.3654365171922,861.4649470699694,1179.8774064045365,2969.632717757522,4265.506403340748,1306.8592489344207,721.2943047107872,1257.4893948508468,1852.0962966105687,664.6,13683,567.1718876054846,20150.648514160006,7797.582600626396,19.727901697158813
1913.0746199675334,1388.715105417989,1148.3129472710414,1240.018407323448,3414.7574620692203,5059.421329377495,1085.5783556599902,190.23813412464605,458.091083015316,944.0750232989936,207.56993191828522,356.7012880927038,505.8782473644478,770.8773467861407,2631.6691278968306,4563.376637387209,1163.1072753142953,274.1768177501598,698.9121537557187,1441.3839134341872,670.4333333333334,13070,539.2743669946249,20711.431482618143,7532.168550401154,19.828046083450317
1833.8197130432216,1285.7196539314,976.1558761013755,1035.4371389375165,3201.2253006800543,5277.2639185821245,1252.7315095365732,372.0248385323649,259.2048921375847,869.0626761833832,734.1360854648025,846.3780501799605,867.2638478368002,1001.3274894446919,2752.007277119172,4532.459038963814,908.7577773616093,249.48721763543548,564.8565343737913,1032.710347493165,687.2,13297,544.9898904131296,21105.73693965781,7633.077744676393,19.928237438201904
1816.6969299543575,1312.2934971813281,916.5062330576199,902.2373109120263,3012.8287178003816,5478.4399788292385,1262.3689585629327,550.4467460241389,279.62239954452167,457.2291583680058,675.4175133679051,788.0673513479276,809.273853732924,944.3913056254078,2698.303366611846,4582.4049935663315,963.3408448306582,272.0056495045513,512.7632314874685,1009.8819090899201,664.7666666666667,13722,556.4057812438573,21139.7702927055,7591.983041510436,20.02856945991516
1861.8918105495964,1404.2401863458285,1013.7032919091886,995.5608984531921,3078.7216380835225,5414.81826134576,1137.0382248155963,507.0459156924244,417.95521814688226,526.2406240429647,167.808675016258,353.7381002548535,404.6213919220422,549.4764710638274,2261.5732359667695,5012.168663888854,1224.9247175592168,708.9536183946552,681.5204175353032,733.1563470292772,664.7666666666667,13888,595.5799184924269,20964.5943975866,7476.3062350527425,20.12881588935852
1711.9851316331853,1094.1603841062386,654.6753117585936,608.6668952883854,2695.1812724846604,5815.141308523143,1530.7523980917147,913.927511535114,675.5569174116893,294.2424080744785,203.31421622979903,347.26979931873774,420.88411394512025,537.2539734350796,2109.3188964429132,5187.051754560689,1317.70542412249,931.5759316616561,939.892376092837,797.2422189642665,664.7666666666667,13475,596.4201797383697,20486.412192808406,7725.653841657535,20.229233741760254
1584.177888870154,746.2012730376354,236.47116120409953,196.7006461327356,2298.4958680508,6147.905619629723,1675.3247547478402,1158.2119265121457,1026.7766109558095,730.6590342469045,288.5318750122442,424.0621273024987,506.35548744567086,624.4313505301415,2183.0106103241915,5108.827382583757,1230.1045051322867,845.8949983202813,866.8905625510789,774.682642475359,664.7666666666667,13035,590.1656257758924,19751.675156196772,7699.40352449667,20.329419136047363
1503.6020924608533,365.20873895182285,337.70445745872,541.7171649698461,2187.0690661854296,6147.418217681529,1415.611629370242,1023.1070825181029,1001.1220492159215,946.1749712759784,582.4407523301893,713.5599755032896,793.253254740606,894.2686779757717,2462.6616004193297,4849.715030405609,1122.4893273950117,704.5756454667979,680.4290706246411,531.1800184051046,636.6,12470,598.3645091790203,19274.769988762087,7505.313398079086,20.429820775985718
1505.913670913341,354.432303675376,672.7108272689688,888.8863556514474,2438.2563134401985,5870.928396205354,1066.4765984744774,696.2346264279889,684.6897000930362,702.0398260178451,24.199815032572367,115.93242387746562,288.7815542223609,488.4739973705617,1949.8852492959818,5284.561936504527,1200.453217926831,871.9876561387866,939.6175496646796,971.003989328195,638.6666666666666,12103,602.8031457974791,20354.292126777447,7789.572995477027,20.530094146728516
1506.844207908966,353.4453588391445,664.4778820426072,881.9331404533434,2426.3293517688217,5881.748225251401,1070.9364639492333,701.3323572645387,687.9956574862539,707.2116346632437,775.864760610911,651.1212176118154,814.0283741263881,1058.3396247717276,2143.12999864596,5007.113979120571,591.2357505873779,314.73355296063545,355.10525917169406,488.8475216786241,638.6666666666666,12130,564.2545896880051,18988.511913684466,7551.305364263747,20.630269765853882
1703.4944836703055,705.4664570492791,689.0576720765151,974.2523758238425,2090.5084727484555,6119.45029710144,1004.1615766108745,696.6425119015304,569.3527802046698,632.6321520092603,908.9203069793998,780.7474980944601,944.5458462797022,1182.689210657543,2270.234756303677,4880.726180209769,505.2911926037922,228.33461846646054,334.3221430540172,444.68955017690274,646.3333333333334,12668,573.2226515141449,19102.192879767405,7400.777271347749,20.730653524398804
1936.195997139112,1042.2718397106585,985.3976144034206,1287.2154756666966,2198.8360336566466,5972.554071697475,749.8461119903976,486.53271752356346,284.39201874703474,318.1508373923779,332.7511895619735,328.0571732938743,470.3252415586367,798.5988770397831,1713.906397018882,5395.5570292365355,770.7277469277926,550.8851297666246,365.1359260823506,460.9947295853502,646.3333333333334,13023,550.4090218267143,18479.110702165177,7430.906466180275,20.831021785736084
1871.814160983093,965.826191544493,907.6951513686167,1213.281006215141,2126.340317540205,6048.556828691571,823.6065780741731,561.5305509289371,347.5774339088629,357.8927165172413,264.7798989332529,441.54516881750635,538.7721024914454,903.8375338291916,1641.338383120171,5436.72897867336,722.281658323659,540.7916672103265,259.7208435372157,271.9046374730609,646.3333333333334,12935,633.2165941686055,18229.955809840176,7472.90020388551,20.931389093399048
1645.1634981949255,748.5489835434703,692.2232512317821,1070.704314918644,1885.0046013853191,6250.188615777758,937.727863527469,684.7873920764858,389.8392815513145,264.32495926949974,305.7746887323839,511.36939441471833,604.9268840093482,972.8158539286163,1685.563537243246,5387.272812619904,666.524497234337,491.6203264710222,218.17055965368476,266.89257593258685,646.3333333333334,12678,627.6245657881368,18139.193113272613,7445.183546695744,21.03170156478882
1336.4361858501727,632.2779561897854,646.2801930092335,1180.1601898245,1802.4542866024997,6224.439939601384,799.7490410640006,541.1525556667613,206.89328883755508,74.90350244766259,500.85791572888775,739.7095832213234,832.3615096959279,1181.4720648996306,1912.7322416694053,5180.367181554318,574.0526418621591,444.54460474793916,359.7956676289205,495.384930342553,629.4,12348,591.6856681612193,17859.04642107054,7205.749355693157,21.132122039794922
1132.8576732854676,705.1600259489414,783.3773603395955,1372.5794874563937,1928.8514125194422,6053.191999533495,598.8227011694938,336.39844086289645,63.27660945947318,245.79174734205583,179.20857577333103,216.88070827786788,363.4065748745744,847.8400943455304,1474.0921358005776,5496.93149141579,624.9872950629664,394.10206118881905,86.36876509218814,351.9566215060121,597.9,12119,659.8723906877848,18421.850872641364,7271.23178007931,21.23213505744934
1337.5372279966994,571.9528511782617,586.7533435414451,1169.4150009033442,1722.1547892781116,6251.621902141481,768.4886783573318,491.23748864671785,263.8920259403564,365.6438235036635,641.3781040048027,465.38972921398954,606.9260980657893,1147.3873564844234,1589.6904350864072,5283.6145665940885,390.2589655383354,204.13002513919352,466.8748883181357,728.3917882703739,597.9,12343,605.1254713594102,19087.43296346347,7183.245745013053,21.332249879837036
1796.1435634053034,366.9337037364017,134.56005886399146,943.3914230181343,1396.1938810415197,6415.455094051572,869.2441724000315,577.9748907485056,580.3215365144048,745.0745959187866,518.0254030223458,337.86457869940284,489.90333877778176,1034.8549555011234,1507.8510521555163,5374.840637498647,458.5763684975528,228.17795882189122,378.67880365854603,655.0443800319565,613.1666666666666,12790,604.5737526334863,19033.79646989288,7371.703286232248,21.43248748779297
1977.0506487460088,363.66890509122544,136.97581430885688,1017.8367772304885,1431.2466190348607,6318.462218189873,773.6602799420527,483.13936937636595,545.0797954919304,685.2100329150874,376.73585361060117,172.47058917207258,325.94226909233544,852.4639923566597,1336.7433558513433,5587.321347691995,690.7313747531207,475.70501407424024,523.5115394688909,837.0696882555453,612.8666666666667,12975,645.3405212963735,18892.887128712788,7570.525662383767,21.53287148475647
2182.2609844234134,408.8617970065424,344.02691968162884,1211.9658793636668,1615.555539409312,6106.906929486043,560.9550452643884,269.7142778267951,337.38404909465027,473.7162161405239,377.88021597448363,208.4198201588479,187.90846438877185,748.6191592293974,1232.2408503338058,5515.855606046586,552.577181621894,271.4075804256185,410.97301992670214,600.9314743377685,612.8666666666667,13190,625.1878078244658,18488.43945471481,7356.315746749835,21.633151292800903
2366.3917251844327,481.471449697701,536.4079507235314,1405.7456792496844,1806.1260358461532,5978.543557039403,495.70504568091076,301.13130136302675,319.79917886581904,564.6275393252695,418.8611106362205,235.50700247428543,300.1886502233063,917.5449328227223,1439.5761827334472,5341.029747007026,435.48652769963564,322.6890822133652,365.4183850072071,785.2398606794059,577.3333333333333,13384,601.3806029566306,18421.231940258986,7316.322124487313,21.733522415161133
2295.446480645209,467.2744627812457,475.38549204531785,1353.1832465452237,1768.7204992017935,5956.661857913948,428.86814550212574,218.61556180893712,234.62785142215117,498.9019340391449,480.24052652198014,315.4937210961096,377.2651341322147,996.4085554422,1522.7022137477484,5279.078896341655,444.83414447744036,400.78683001575826,439.3475734120646,874.3479988577069,564.0666666666666,13312,632.0355983430842,18283.078234159697,7167.979044719489,21.83356261253357
2305.329465598439,465.1473712133164,480.2560110328368,1354.9829440001804,1765.8099572012131,5969.030636706898,443.50176336417314,222.7573694618024,239.5155850652738,489.83238622277975,263.18825669338526,75.23703759563,37.14635575993879,652.136346770166,1209.9921415812007,5410.839883247321,337.35988052503694,125.99724889587384,175.69699991522066,694.4585781410576,564.0666666666666,13313,576.8194636887205,18912.687752990132,7130.155730372579,21.9337739944458
2609.0853478052873,403.8892229476584,523.6256548423345,1034.1931905023678,1323.1325378225129,6192.941782197683,450.0279506125091,187.44397094262604,196.1969205269827,598.0005700020716,248.48428137411295,282.75325463739136,166.1653725525365,635.2942324834289,1308.0951668560974,5238.10706838099,244.09524800527126,268.5430470324104,297.95030482302,737.5984739876083,581.6666666666666,13794,504.48118206782317,19235.8409572199,7035.461748103127,22.034144639968872
2609.0853478052873,403.8892229476584,523.6256548423345,1034.1931905023678,1323.1325378225129,6192.941782197683,450.0279506125091,187.44397094262604,196.1969205269827,598.0005700020716,248.48428137411295,282.75325463739136,166.1653725525365,635.2942324834289,1308.0951668560974,5238.10706838099,244.09524800527126,268.5430470324104,297.95030482302,737.5984739876083,581.6666666666666,13794,504.48118206782317,19235.8409572199,7035.461748103127,22.13434410095215
2673.135357527597,418.50396184051334,516.8324752974013,910.3593015166919,1278.7807112295732,6096.426976435593,335.5392594522648,212.16644534347643,225.65952367158295,618.8985304526279,302.8625972723267,22.279727593827044,101.94940546798439,619.657738261231,1120.5834243975974,5492.019696825231,371.2625176331135,107.66195009677922,151.25663145019846,741.2312290222828,568.2,13908,543.9308045659409,18254.46794660698,7287.289788497263,22.23451280593872
2751.379016999509,454.52074822940006,489.10423993269274,769.056624624685,1346.3613387484318,5921.174535724028,189.69712919692483,197.55225164447668,190.37759097561175,483.1655906296753,476.58913282406843,189.62503893772393,275.49394763174416,433.9296755381106,1000.9720427104163,5348.301973665009,150.43850517829125,278.20466602110037,289.37282069728366,680.2445206824045,558.3333333333334,14101,545.2354251952252,18004.56488482641,7092.745502871099,22.334930181503296
2895.638428732576,613.1839102907024,457.3754630184876,793.8839630618317,1721.8296602805567,5762.959337288695,499.3973353155893,243.89505003854703,210.27519193746176,402.74431906693366,424.2697738218343,165.80492763548486,181.31836154765793,517.6331298302475,1312.773955788587,5265.1065163743215,517.37071037705,259.28141118985786,248.55117365863794,587.9452070842242,558.3333333333334,14467,454.8719104928438,19336.60262536326,7105.782162758106,22.435307264328003
2978.3299576550703,753.9490682059541,497.03217441012833,1002.7449480676504,1939.1734035297432,5887.259944559536,707.8206268274308,335.7771314136088,323.7713495710218,644.6632282474532,261.99420548159,131.7465043098891,39.813747695987125,695.3199027370101,1318.6839221632547,5463.17309003039,558.2582816927694,174.1736005218073,200.79965579751556,744.6173794666232,563.7333333333333,14736,573.8523768085217,21798.94731607136,7206.271075864035,22.535512447357178
3018.7634160726666,836.5753774569534,514.735321340572,1168.4833162108437,1995.0216157788113,6054.525750396494,726.1596343170203,292.99711095909737,273.04396970691715,646.1554545347295,322.0389415541018,138.70921325429092,84.60123943177256,672.2660240690831,1371.0593636731837,5437.55229753086,613.9194394051976,236.4816349932398,261.2694173602922,796.789966040503,595.3333333333334,14891,578.8857927756139,23928.29445062467,7205.967882071931,22.635579824447632
3024.2240633997367,851.0204815475126,505.160352953032,1203.6506593589743,1973.014118685695,6082.909320607456,686.4218389513799,246.19771638132306,225.71683587502866,599.81092532908,175.8839517328643,389.8830654570688,433.85976787925836,383.62413186914085,1146.9840531289897,4893.9751183130675,880.182339098649,777.6421539627162,845.5682579912958,1348.8555136088967,595.3333333333334,14943,493.9106602613642,13344.393586545866,6714.061132880157,22.735695600509644
3023.9514113020805,860.9737500628463,462.19728364565066,1231.674199531514,1887.9361411079217,6066.127558609192,597.4212782758598,194.53111273778129,209.89905410254505,585.2404730991072,343.0759929972206,137.45610530774186,135.76995704617454,629.2863397981754,1448.1078643397968,5407.629773098563,737.2117598352299,356.40890342753283,373.02505658077865,922.6002389657108,575.2,15043,529.3676306172375,12693.335658777494,7178.474618900737,22.835726022720337
2991.7204023860427,864.0019041336969,296.0517310234268,1167.3466208945204,1598.2981425068467,5774.414103122331,666.622490389184,490.815477435601,529.962302700511,906.9806135797352,189.1493033657097,19.19894354291521,165.26492028015304,468.29315039229533,1448.4743899116356,5265.17105523021,884.6867395744285,539.0308932202397,551.4767414129618,1095.0963020209397,573.3333333333334,15341,571.3474477923016,19606.841872319543,7247.2684082190035,22.936115980148315
2929.056824672241,959.2541178540052,436.3312201390768,918.7730891341602,1509.3946914995345,5321.794531238564,1198.3390792422513,890.7420362390918,806.2996326654683,1034.2869974803848,50.14475261369899,182.16264083883735,325.4855951972816,300.2214043870949,1574.320583571676,5220.011929487869,1095.363373168354,679.9804829589414,615.0160532419674,1041.3347245579296,573.3333333333334,15899,567.0942986199412,17512.85032176766,7351.121521157971,23.036380290985107
2906.04772909529,1426.7380253969461,1196.5392165105573,637.8604829058382,2252.389101248498,5343.9746395892,1824.1300034233395,1176.518077182377,867.5629687965105,525.46440073897,55.3899227755395,324.3605091572942,516.685181439184,111.99474380221073,1843.9281660267432,5279.980518691477,1453.7645130908631,881.2542192427611,624.8577641912767,504.35121433429674,573.3333333333334,16793,522.3583481981675,16711.056119167566,7359.068848106814,23.136803150177002
2933.2513315175847,1719.0582843650031,1569.741201383539,683.4105201356248,2715.320964679202,5769.615291131437,1809.3624893322763,1011.1537427858585,619.9118183232439,47.363211665495996,35.66147801261542,310.5510846969336,513.6450792158706,66.54195945983199,1853.0455464517847,5257.269048959215,1505.665692397655,918.6680485044981,645.1149874555505,472.6533689892628,595.3333333333334,17300,569.4816407634509,16203.576257700686,7247.129861003168,23.237176418304443
2962.440914947245,1968.2122274129572,1846.2668793287064,763.2418057320084,2984.4264994124455,6186.60919330022,1453.1355903275917,568.8376587860965,159.64612590420015,448.8151356549774,171.06801038036406,316.66357556757714,434.83777017911535,183.46206796174616,1685.9668186475317,5132.896257974684,1515.5552244476185,1033.9833084352877,802.9696661164451,525.8973031044608,595.3333333333334,17737,574.9630721107064,16776.000319702653,7073.52482399016,23.337581157684326
2966.4992568341904,1925.345893362744,1813.1014837096927,789.0443414525885,2995.8069839774057,6156.758397477593,1578.8154910945652,665.1046718150811,214.6729396090181,445.97788499134134,193.67077804376905,328.6334348384253,568.2696504533748,309.6799615815262,2059.820636243142,5324.9060486508615,1870.1849359529622,1056.5191977184695,557.0870934801563,538.3776891195549,621.6333333333334,17627,520.8928589321067,16518.25931814283,7452.699273561802,23.43763494491577
2927.7725269924968,1936.164680643902,1771.1938812639678,626.8551922477627,2823.804131392238,6009.660208943705,1548.483599448451,776.7508217420311,399.562140567172,223.1523198138228,263.86090587457244,401.87201388816266,641.8018986961893,334.4587121312844,2112.045647977302,5389.007976338785,1797.25589603938,981.1260824313321,488.29161569054844,510.0489643661207,621.6333333333334,17830,576.150653302261,25590.747947278163,7615.519007368233,23.537915468215942
2817.108337187195,1886.9942719358373,1527.9444576829515,163.72360064346398,2321.4234979446674,5508.060758238006,2016.5595034900587,1255.6663200475539,774.7987147479597,635.2343101910315,129.33795514900962,90.92345059805184,398.93459416138955,478.6449373079407,2088.9476248232913,5315.331385436767,2082.058324234411,1135.3885384764158,573.6358559201135,842.1540576328373,612.3333333333334,18353,609.6963378495368,24571.4118023563,8005.368154622908,23.63824963569641
2715.361442910852,1822.6766495410227,1191.600534292789,394.40574224283125,2025.965927625222,5257.340493067858,2462.8179336572257,1428.9627335447926,835.1339157805766,992.8362468123826,124.7291241306322,258.524641414105,383.2124960669472,309.1057350124369,1868.1040063136224,5090.757688858996,2290.474438941869,1366.2031707612337,785.5446185950975,1089.3269229465393,612.3333333333334,18896,620.4975747468732,25129.071254775845,7765.034461296415,23.738490104675293
2633.6004031831308,1745.9106009844563,791.2287127031183,895.6814344634689,2286.502562914295,5574.247492656099,2457.971827747376,1098.494242380761,459.48546960775207,767.870289223536,192.55302586851457,325.44647170860515,263.7318084516969,462.79355196561,1885.2333771740066,5168.1311777110795,2366.4546017919233,1191.8575601612802,511.51499194738113,950.9973956894876,653.1,19462,575.9420150673947,26138.93409005293,7637.39731808932,23.838873624801636
2590.1077391024755,1683.2208598923053,528.928256480926,1142.8707095346451,2627.8635588700604,5922.623764299005,2183.8398669600174,751.8218855467488,119.64913923365619,421.981347875014,58.09141227885337,175.50654761630292,304.6290168445659,434.50086723550095,1964.8382340126086,5214.192991965893,2261.69740409954,1182.9971640142962,534.6640937206391,925.9812915891025,653.1,19825,551.815195009804,26687.17489637043,7748.7526710794355,23.939211130142212
2531.819963324098,1566.5229691202644,228.81934942756655,1318.961578853457,2988.837256662816,6184.8156400103,1799.7507529690704,791.4539010170503,477.4098001698051,624.4155132963917,243.61090781931188,219.4530319428998,538.2247325365329,264.2420475904542,1825.7829985187711,5000.653712065053,2451.1206323199135,1381.2227095578398,661.5971155013106,1065.7411863758,653.1,20230,543.7963093531082,26499.927930017468,7548.8476057265725,24.03946590423584
2522.5944909233363,1546.5629327534432,202.43167569763455,1317.8071956909878,3001.2460988736916,6173.941166655877,1801.5436876100077,835.8826211052543,496.7578651134755,654.372307616317,113.45784170655753,276.0364511393047,278.53546057585083,504.531743990671,1959.948508902979,5354.260167902202,2169.6301697073773,814.2679053532552,322.1795633738896,585.5131139772177,675.3333333333334,20302,520.6317542639581,25839.78880954277,7857.234318024434,24.139710903167725
2528.150662217951,1557.4133288471028,215.7209167805911,1327.7086231426556,3009.6951441664237,6187.925755702142,1787.973383214275,834.8904295770014,508.45541573565583,664.7568104334466,432.46277336491636,512.141844532627,118.64165909541998,843.4361612012094,2327.730891036103,5615.171074668793,1874.2277543821228,1017.8550103823841,658.734087704752,940.913626850086,675.3333333333334,20259,557.4855181818492,25145.891823152822,8269.15465816005,24.23974108695984
2512.7000765864495,1530.1815130044085,185.57232080672912,1297.7407144119659,2979.2912037268234,6166.147129741288,1806.1380333083662,804.2031012673269,496.03084185172094,653.7310621380043,320.0933041795006,454.8069616646801,137.60648550546705,809.1810898062271,2293.5446190239177,5679.460388966462,1799.636150954417,955.0625879238728,737.8868198092442,1018.0363201487934,675.3333333333334,20310,594.9423883955249,25526.41036342319,8318.419078588,24.34014916419983
2117.3389415466295,753.8156895581837,642.4897915943034,592.6702832541853,2307.4179066455627,6163.492416713515,1828.5067320744213,535.1005462602276,1184.5256969940765,1363.7929488625243,145.12429243437603,366.61680132476965,428.71278988894306,693.1481006007317,2077.7422019459723,5896.196501899464,1583.8829031952334,870.215248072736,1445.866379480003,1801.0040076628961,675.3333333333334,21110,572.739124584213,25786.53821528094,8565.250675691237,24.44022536277771
1975.4637496502928,420.3188193361361,963.9692944872332,636.5387102782263,2300.7486911278856,6450.833326007788,1589.598174832411,868.7128528127696,1368.3793212662672,1498.7395914826418,221.83456055375535,165.13229416639643,413.7652783040483,475.3853776949271,1853.6777052725613,5864.490802727767,1633.4223430851257,962.9973253932202,1675.4045177915013,2020.9039334319837,693.1666666666666,21455,630.6748635947499,25460.265420547646,8375.109895857931,24.54031538963318
1937.0841545084274,337.8184897184788,1031.1139722509497,706.5379217268164,2358.6608831315243,6531.510102505642,1505.0194175314264,908.9117409997039,1325.6300057486858,1433.8726049872148,241.02851403048766,150.31648214461032,423.19758895509295,456.0434069750691,1831.3153577160278,5870.521107045742,1629.9299172621425,992.7655091705549,1707.4171748265032,2045.4702921664439,693.1666666666666,21529,626.1201408916625,25537.734969188212,8476.846809813025,24.640455961227417
1881.9046089323392,260.34171664366056,1070.5946830818807,798.3304524557038,2451.3214539599603,6543.705010218608,1498.753651027644,829.9986927214226,1253.2460672839397,1402.5282839399397,264.3241843680559,482.7737123401451,153.12309251852838,493.5125964907223,1730.8314045266393,5533.634297756113,1960.9964725573361,1013.5783931475996,2031.214589134484,2390.9047669841502,605.952380952381,21629,574.77567652714,25945.120843220553,8248.099821550913,24.7406325340271
1960.3240281608475,334.09851589823916,1074.4270873427138,724.9159314430945,2384.335594043565,6622.90666180493,1403.144242205412,925.8845861858521,1201.2366795460102,1294.2655539554678,296.3425259576398,118.63821928703008,484.3962486454088,431.4307511171741,1807.6228241127897,6006.769076845369,1468.5502258388442,1104.2172246850084,1569.9073742920357,1826.1867536725892,597.1428571428571,21512,536.0586163128461,25470.48905248911,8611.595625024234,24.840824127197266
2128.1583734836663,475.56301145579243,1186.7847103693832,733.9129432054434,2409.6069012338758,6823.123577068147,1221.6267410274945,930.8137979114193,1006.1770749623765,1195.4998293596534,449.074269984146,128.90757933126284,681.5194483894124,618.961097788576,1999.1836658969114,6100.672609549482,1437.0683539750664,941.9100655180833,1451.603272186629,1861.709253764588,597.1428571428571,21308,560.8292661948692,25159.690339731093,8690.00555166291,24.941234827041626
2157.2877201560677,495.87691396971,1215.4349784611709,756.4098725501906,2434.9790903512594,6844.239359812874,1217.4636804208926,901.2874513705187,999.348503979895,1227.0289038083786,341.89133685529015,146.3323098892891,569.3706749320165,471.5298450072456,1865.662186028865,6204.262101765217,1280.6832089532977,1061.5846265308248,1305.504237123459,1731.4012087452124,621.0,21284,585.8903019378217,25352.98532457697,8835.964784467573,25.041517734527588
1962.4351692774408,463.36866444216844,1013.696774639471,556.0262628697207,2235.7202152732098,6917.24216099743,1041.012950338534,1057.0649079067794,800.0010996823637,1147.2586206481435,349.04299517810443,40.75369453216808,452.67893958158703,341.1484112823512,1648.016222284343,6208.9317753473315,1089.4079280547096,1355.29635497782,983.3580440541763,1524.926252731957,621.0,21480,564.693342873866,25281.87232795648,8766.580117452522,25.141868114471436
1618.2902463642781,675.0744536627318,740.1172723854987,308.1295020107587,2074.4118468019683,7259.077046979608,784.5606413556808,970.673453220075,782.6310229468996,1491.6192062350085,277.1834944514057,296.8616397182246,458.1880829277075,316.1132516387384,1714.2102037647778,6557.746406402003,944.8653401440168,1045.0916997288975,1105.316613663042,2041.2961827950814,639.3095238095237,21827,527.6868993329184,25523.78893835865,9031.796016472386,25.242214918136597
1361.4978457738123,917.5598696184029,699.8741796661556,426.9313927807124,2170.5011913098338,7454.435112415997,902.1381858473562,732.7507501875245,1036.2336085238892,1575.7667752831205,478.040884461828,524.4086562508505,726.3009271381339,574.5843424937946,1950.9300282307106,6392.154937672818,1154.2448958894008,1039.3865482743315,1127.5356660942307,1868.528858377857,639.3095238095237,22094,599.0210052398731,25780.91480998112,8999.399533736638,25.34254026412964
1068.2029092844336,1217.099715812035,886.2508782247155,725.1976029991041,2457.988191432604,7429.3754126028525,1199.3932847836465,590.9344436897662,1122.3273491104426,1292.499743045703,620.7839877574305,607.3290383384077,837.023097935292,625.9566375417204,1900.096409371971,6277.672496293147,1003.0606727462296,1225.2901038973002,941.369979194161,2085.9119603224194,659.1428571428571,22376,573.1403082864924,25906.102073121205,8909.950026203287,25.44295620918274
1193.3978686753253,1091.4186119365759,758.9197414935386,612.6557944532038,2339.584558677958,7542.547706809204,1158.1256919303387,485.9531824210536,1238.2367138175102,1361.0650865353348,173.20152165519275,367.99637339468904,352.3790866497745,418.31225649208636,1828.5332196432455,6852.940631768901,1255.1281602967874,566.7599181053471,1600.4579699158692,1879.3623408928117,665.0,22258,607.6141218768012,25276.576474920148,9563.194579559087,25.543283700942993
1405.9918855036983,923.3317382758628,524.7728323108929,593.5468707940631,2296.1644378430506,7760.014711723786,1350.112557747441,307.21350849914006,1389.270665010536,1160.1901810846787,466.230302184599,790.955831596204,669.4378837480135,878.0149076726921,2275.759962844391,6660.891038937293,1528.0478087369504,890.7528150447881,1279.0291145718738,1811.7895755728011,665.0,22003,688.4620865541124,24796.282814792896,9532.362994469782,25.64354658126831
1889.5940634209783,871.81229642569,343.4352254599879,1039.3738554424292,2649.7452165707123,7931.308912327503,1854.7949618182872,753.8221570594673,1194.2699142507272,932.6918372770904,484.9165303451451,810.3365465708101,686.5377522218961,893.387106286661,2288.491548730271,6656.757376993309,1536.4141005945903,891.9515745870979,1284.812201190346,1785.0946737214574,665.0,21470,686.9848300040426,24808.9417671266,9584.746850590356,25.743759632110596
2190.0076323947524,1096.3016461401594,653.3040722970612,1383.0229558412354,2999.636549904097,7724.040843997558,1907.7869832003876,992.6640015245953,844.4666536436895,1285.6347092573556,451.01286725286934,777.1305273679161,642.4683048927683,782.2199112848147,2143.4604658380763,6765.495989338444,1488.0242633465634,680.7197639854817,1519.3250497616496,1541.2281142200286,695.5714285714286,21115,667.5618359480219,24840.31617002556,9637.438515609188,25.844104528427124
2160.6049710823563,1061.4274030983713,615.971564547715,1358.5912267626597,2976.3197417308284,7763.3414108886855,1941.7670731794237,1014.278157468634,838.5460825289999,1293.8578856130143,348.3847692760279,328.3373558407275,292.7565948319663,851.9325947991638,2290.75307075081,7043.361926371689,2031.8457760088465,1200.0010827765263,1077.7381893896056,1840.1738208310057,717.5714285714286,21153,710.6873591588059,25341.83790925705,10148.430569968496,25.94437074661255
2149.0131508005416,1045.3616937550019,601.9854893368163,1354.5757785148403,2974.434384278628,7774.702193804521,1955.8729860170138,1027.08583844796,829.2613788040344,1302.3761297288343,625.6143076467457,464.64210972329676,567.6922177390034,1159.0335377774722,2577.180554685188,6741.106573897562,1799.5661763190271,1036.315618755981,1243.8434418893044,1646.0222554236884,717.5714285714286,21174,733.4350420384176,25626.335355182287,9803.03972542861,26.044578313827515
1982.725288747447,711.0873469454066,559.2416687245072,1565.0095690933183,3243.7882174589186,7659.742851114369,1978.3005161259327,1112.3208869622056,784.4801283126994,1324.1910615194754,317.04095938270285,226.63250026014816,265.28477900647107,966.9869741522216,2479.893208762445,6955.312256454751,2066.13163714666,1306.240796538586,1016.2719032024536,1875.5946918179977,693.0,21522,726.9821300378743,25349.68234555074,10179.627190841265,26.144983053207397
2015.255050811974,842.3798819426459,397.33791376993787,1388.3482385932516,3132.5035009003727,7818.965181110963,2154.7781717206803,1284.3836326104401,756.8506233570624,1361.3179893699448,308.44444069976225,448.148402372166,550.6180605808163,1349.8125088167758,2999.3643475420304,6589.740408709613,1827.683528872109,1068.499919750982,1542.9446823267983,1364.6330578268921,693.0,21319,701.6900845002717,24848.785627480924,10012.195665606036,26.245115280151367
2154.0095525394504,1283.6285608060193,269.96783958676866,1188.414518527337,3263.33452421539,7926.916859810188,2357.6853816285084,1447.6857943802627,1359.5500918165817,860.5571922992636,538.1202777693691,646.0544467273526,780.0371859660075,1576.2396902078704,3188.4395654253512,6383.594983612985,1620.3436357939936,878.7354873102364,1497.9805077676203,1495.4027716147173,697.6666666666666,20701,720.8755186049582,24542.911893690103,9875.987756978862,26.345271587371826
2470.9615909739946,1920.7178909357601,1035.3798201410682,1800.8225791308375,4051.3420728310202,7351.2755225283445,1919.9368711727423,983.1801144955775,1786.763342324685,700.1205351525475,473.41786244006516,599.6061272646281,726.8411176063339,1531.6240513091486,3177.867039315753,6394.042585944223,1624.2470486079792,859.7830093852009,1539.5993837879878,1490.2749622997583,724.6666666666666,19851,691.0578301494086,24419.28307217257,9871.614187391091,26.44528079032898
2782.6473397397685,2387.6268750593963,1590.7320361536022,2442.036287073305,4647.786857758741,6710.919154071118,1292.6485707624008,359.4808743687409,1522.787273132486,1319.304439240754,278.01705701386135,508.6038270308741,595.106303079914,1424.1203538595269,3206.307000541045,6384.085214093714,1612.3108281363081,779.1816360501417,1735.8828165921657,1437.0798905639035,724.6666666666666,19200,653.3232295172232,24339.227817396597,9934.218544447212,26.54555892944336
2784.6923707010233,2389.31847746147,1591.7735094217223,2444.334825072546,4642.57222401748,6716.013267359368,1297.8809948459607,367.54554487178166,1515.4668712431132,1294.2602299387981,975.4879570047173,1272.725389744105,1267.0475317781609,1992.2021323145004,4108.765208096254,5545.510393662765,808.4603507499563,124.04397546237469,1598.1738167005528,2183.134538175878,719.6666666666666,19208,625.8935182110063,25198.128918070444,10014.237277139153,26.645771503448486
2665.128676653101,2308.040752732036,1650.3097454971971,2351.9300632606573,5026.481293887173,6442.694405119946,1221.1918087048562,706.093027556163,1750.0260168584753,2150.3983653910727,1101.2934642660307,1395.7445406128274,1397.1548043151936,2103.82344472094,4297.317558981819,5351.450911997272,641.3427557717889,426.84941995164627,1601.4898406439743,2540.39777081816,719.6666666666666,20059,652.6823533921572,24645.818390004613,10211.684007769603,26.74591612815857
2874.7836880438176,2664.234431553656,2211.0825781683084,2853.839897788452,5710.326838898575,5798.450387907466,869.1592862092741,963.8668475132127,1309.528856197893,2205.4342861028267,878.1030912989734,1194.317828158741,1248.0564092390798,1973.2082287637963,4318.733695930887,5301.882395898462,658.4310787452109,681.6555309960463,1597.693721608656,2748.3938990699817,719.6666666666666,20784,666.0396852825567,24863.623838555297,9957.555151159213,26.846190452575684
2630.3426135286486,2263.677806613295,1700.8722058341882,2342.756951534116,5278.388613193788,6255.020870315859,1368.6099829967725,1289.8393989483243,1803.9879923101114,2704.8997463948363,640.2589737532303,833.5142679772166,1338.5211935323189,1932.409872273977,4887.401027797018,4925.9746342750905,1386.1877042646183,1849.728760093898,1639.9699687880136,3351.9539354359495,719.6666666666666,20262,626.2708898914033,25475.007428752175,10386.274976017252,26.94657850265503
2120.007903890984,829.7260006743414,926.6007405926715,1694.921301626882,5697.3961921529335,6123.671766289432,2190.821737767433,2321.6776862907273,1474.9735594836327,2472.2220474942037,315.25315849222875,546.4956677278939,1005.9040984622031,1596.7799341286293,4588.018511986955,5247.438081615327,1689.2746283036752,2132.940841444319,1925.8326194627493,3647.191057031364,743.5238095238095,18596,693.9568017889394,30950.313979816397,10807.038088037523,27.046603441238403
2120.007903890984,829.7260006743414,926.6007405926715,1694.921301626882,5697.3961921529335,6123.671766289432,2190.821737767433,2321.6776862907273,1474.9735594836327,2472.2220474942037,315.25315849222875,546.4956677278939,1005.9040984622031,1596.7799341286293,4588.018511986955,5247.438081615327,1689.2746283036752,2132.940841444319,1925.8326194627493,3647.191057031364,743.5238095238095,18596,693.9568017889394,30950.313979816397,10807.038088037523,27.146727800369263
2112.002788851392,337.85162758151296,1644.9550819918882,2403.85970683376,6486.128085357069,5332.808011595169,1659.2879799176503,1717.5697782091152,914.7528524681805,2115.9427477820104,253.28147538831902,27.499655954609356,778.919855465411,1493.7210741472452,4928.5179578478055,4871.238683311696,1699.8801378421106,2002.1147995116428,1265.5929452854061,3062.989744157854,671.1428571428572,17777,639.1519550359815,32610.045157345874,10313.123095271174,27.247086763381958
2201.010187745625,810.2729519878502,988.7520134779109,1761.3774517932682,6078.967343198099,5797.987876114777,2328.911360132155,2352.2574140805914,571.3057459975672,1486.2533290063636,1088.6461834294946,860.6467852380835,1055.8676663556912,1658.776429937465,5395.553706496353,4556.913484664624,2096.4366846011526,2216.4840753194103,564.0995621585038,2449.923148701038,671.0,18459,660.9475447409643,36175.96311206087,10881.60356121681,27.34731912612915
2501.8749855054407,1382.299329665863,675.6416695648265,1509.2822043613514,6205.97452848521,5747.627318448424,2605.493578261463,2430.5937679382014,44.033395145874685,1345.3366012139666,611.0848404215474,483.2413799290089,575.0127688616697,1192.3467809295346,4958.332479891092,4992.595488487998,2463.798437296559,2615.880433664457,224.5302982249101,2106.7188853149582,689.3392857142858,19040,721.5951202908864,37058.964537848326,10296.777479838145,27.447725772857666
2489.687936232099,1370.1170693500114,664.510321840532,1494.093991710259,6187.723796513299,5767.5826803777445,2630.134404405275,2452.8231619794,61.10647866070274,1339.2153053657028,358.4799842823967,453.4448329859951,261.6387108978154,880.110495691309,4729.098870714288,5244.169438073797,2776.9721761086194,2881.92885531345,91.26173399196331,1931.0870375310174,689.3392857142858,19002,695.5680782917082,35712.80131240518,10362.450582543233,27.547919511795044
2052.9384350752616,937.2828652120766,555.7416629350223,1096.1894299418796,5634.92092960191,6314.238212362064,3199.1078084331684,2942.656473056472,618.3971931960409,1375.4905630399435,635.7778821850638,1055.2525022669054,531.3376306478154,678.7466692399383,4847.650146653753,5203.121977258453,2992.237612825966,2743.0428697033863,556.4201320317395,2373.7874534942925,689.3392857142858,18459,695.3320614796394,34011.406173421194,10717.241569598427,27.648139238357544
1515.18968693921,968.7145936714512,817.581753026709,449.1190966197722,5345.705271648334,6548.307034735316,3549.20511082811,2817.5321703428467,926.1733469791583,2054.118829317537,725.8492363705253,1145.317603389723,611.5549253250199,795.6720024915078,4970.442790203645,5068.076919408997,2834.578115247558,2648.072866413056,382.43228486112446,2213.1425895360794,707.25,17718,723.3690223417964,33610.24126655914,10550.784508517336,27.748305320739746
1032.1341719130717,1739.1628587614048,1465.4599038546373,500.2766103189718,5764.363355589163,6155.5223942108505,3273.099613787489,1967.693474520348,977.3076205423524,2108.994599099583,785.0731609356976,1203.5877789236988,664.1008997843007,844.7155975429696,5017.336836796549,5027.011537674403,2802.824711695211,2616.847752776348,388.93745624171083,2238.395785982688,595.75,16790,737.4860308337979,33706.2109031006,10563.103533464113,27.848504304885864
970.2649231314738,2121.6630130177564,1691.3555250846284,812.7890033916024,6142.688397908143,5777.6822219255155,2897.427497408136,1732.3631297706195,690.6708723165817,1723.195897196016,320.52403941187754,695.452502958343,940.174888198194,629.3500073388828,4733.886933222808,5211.922353040455,2991.438191943424,1868.1826570831213,958.556846997684,2357.3760231161077,609.6805555555555,16401,731.625457839096,34849.44904734693,10566.874010071231,27.948928594589233
1150.3249729449249,1628.1318879854355,1634.26005078803,728.070302718872,5723.659717502196,6174.210090559277,3268.3698091503825,1476.5777898791055,1175.062432556959,1902.095736143122,1048.6693271630754,1211.8872737001666,1647.8508041246714,1315.7108153190777,5165.392264211343,4817.920244785688,2585.407352794401,1434.9617113761053,967.5047335718534,1833.3880869256222,595.75,16918,749.8372881068435,35610.62000610748,10494.639985587903,28.04920744895935
1987.643350934038,979.791170328497,2308.846701780178,1623.8285619777484,5641.029484621115,6254.823404386786,3222.300918521963,457.7212461172717,1508.3268006858118,1157.1159059112726,1072.722413092642,1224.2190172904902,1685.4828527108527,1365.0989643014186,5176.2011833250735,4812.313169045313,2565.532181265604,1333.9057966814842,1039.4192954429677,1699.4693549983813,595.75,17934,747.941160389706,35658.61122554316,10516.846361781088,28.14948558807373
2281.6851984117448,1022.2481984829795,2608.4738877501977,1917.742745936348,5860.921424306271,6046.160200960224,2974.750241864964,479.9412520556921,1328.485796701666,906.131485846001,480.36332085667993,171.17947841074937,1300.8549623107233,1433.3137910534278,4371.07755042241,5633.917061290259,3165.7669019695027,502.4558292347089,1875.829176896691,895.1252260511787,622.75,18257,697.2179463243178,34410.110416730604,10454.131751439265,28.24974226951599
1679.5198475678947,839.6013352015276,2037.2651351057627,1606.2641164371441,5257.039254374514,6646.399939057188,3526.0766501118387,134.70763917454587,1896.1027890781997,671.4743566838206,665.3586190546553,364.68716502963474,1408.484651540303,1615.2498521195248,4330.373839029352,5715.620997153843,3203.773686345923,603.9392737549192,1970.6915308168477,688.4323834327682,622.75,17622,810.5540215422752,34296.01678588592,10539.210269830368,28.349956274032593
1298.0265609911166,819.4529706346804,1807.4653139444556,1734.7327261548785,5005.628794780515,6849.795872800045,3587.3738206584885,482.96656163940696,1898.3643232011377,286.5303097695271,407.63726378898343,73.62938799229694,1161.6918410824298,1327.9178640267824,4149.052431077605,5891.181568586153,3441.9789618643235,381.47868116569606,2208.281309944956,680.5754014514827,698.0,17264,768.7243210994328,34538.87573830606,10796.649549820766,28.450279712677002
1134.7192244995204,810.5110932324473,1805.3617502430927,1886.8768164372905,5034.035353107747,6781.8469820002865,3450.62504047221,511.0152499978176,1733.4202720276433,346.93053181897926,301.5809661177807,61.39899657733541,1033.8154993598482,1206.9766903234504,4022.2196656497763,6026.916567058155,3583.9884482866405,412.034915070521,2345.1672501108314,576.492563892764,692.3035714285714,17092,808.4566162833826,34635.90302849648,10929.475567955567,28.550450801849365
1306.0569918741367,875.9294511349357,1725.0274806399862,1707.8951503552973,4884.392055151261,6960.882376232999,3616.600016522527,666.04412060136,1802.804005302046,217.25142001398558,659.1844413516448,951.1391555661619,473.3442145521405,1540.7995143716275,3614.343379933328,6215.232663001962,3231.8589393211596,1017.3832776575359,1650.0756596576687,1015.9912131985157,692.3035714285714,17264,697.8733256193948,35548.912880367876,10770.596832457424,28.65047860145569
1850.1438701170994,1354.4393269332709,1336.6304901280068,1380.073725159505,4297.878332487991,7433.918887718618,3718.223519797732,1180.4636898331198,1391.048268531623,775.7890708076293,759.0716113289835,1044.551340261042,595.4103188709757,1679.388999918873,3777.624491165499,6024.3764672624675,3106.177269674675,815.8063217596404,1819.459112216769,893.8659863283302,716.9107142857143,17880,802.5294130439587,35707.892685959465,10617.023432697546,28.75058341026306
2675.409106508166,2245.5288062174077,727.3948426925024,1801.1207806167636,3824.2509283660656,7490.229183975053,3094.4731070345965,1435.81957336367,732.4138076202239,1269.4703627053425,662.9352031638566,969.8703664490074,465.358510237024,1593.983151001116,3634.3267618936425,6139.812516067268,3060.629882230202,979.5749811318946,1647.7309266926902,1097.300592838826,615.25,18748,742.4915094306291,35607.64717540504,10336.922478096816,28.85078001022339
2559.3273417896544,2116.0699537523556,829.1844277960472,1671.734610381289,3784.4337146549074,7587.695096044255,3226.689322792083,1519.8462699410957,627.950263451133,1355.334579221362,622.1780763634291,823.0711335642998,576.0081395883007,1098.6812515409229,2670.749110319172,6975.039992407038,3177.4698178474005,1876.1816399672184,857.6260983870352,1955.7698587742836,629.7361111111111,18648,806.625766383121,34637.64314989451,10936.46066021355,28.951056957244873
2356.8331778270053,1892.8139683129145,1093.2290953493668,1430.7353160557434,3550.6709938267427,7846.364222023922,3305.378349437291,1761.8206330937521,458.9091160566996,1551.50548429119,1068.5505906336482,1253.916126440744,875.2348171248317,1525.1134094159904,2724.3594907316387,6676.485941108539,2704.146808263904,1500.8921331026959,1358.521744376669,1443.2449530562535,629.7361111111111,18343,804.5727153997129,34215.6735688598,10507.638888741985,29.05108070373535
2174.5195385869433,1719.494382537195,1394.2047950826814,1309.0768515316345,3245.411668343357,7994.287862716627,3114.3593197597957,1798.5427774303698,721.8772750455704,1415.7240211354658,734.7030843248123,939.1249337890879,577.7964680212525,1223.5186701203108,2762.0417627616216,6843.859198817957,3132.374228599563,1757.2291598365612,897.2175497015497,1895.4454172726378,610.1527777777778,18066,827.8765102270779,34584.55191191648,10926.433751834105,29.15132737159729
2170.097910247245,1721.1211100037826,1401.948718861872,1324.269136629107,3248.3443777086313,7973.069260074949,3102.0120214109443,1774.5988839797042,707.9642675283233,1415.361904566213,260.67286147635036,453.1463144730867,726.3801789918451,754.425478139572,2401.303188848491,7289.668581609823,3184.276658541493,2073.0412943874294,1004.2926002594218,1921.301318755417,610.1527777777778,18028,860.756170445057,35039.20671635715,11209.864405239554,29.251365661621094
2206.5186367052424,1702.266423884339,1362.8786676915988,1198.106760896933,3197.9978339477484,8119.614467064984,3127.4538065576285,1864.0598950463982,836.5607780089588,1330.7892902633346,485.337945782817,316.9182450047491,1453.278425201788,917.7636673252829,1856.267706368299,7158.891685595769,2479.155561831681,1400.9127000759127,1316.6660178353236,1713.9148164019834,610.1527777777778,18178,794.4851460054261,35688.19239365153,10614.703196283204,29.351468801498413
2456.478007658606,1603.6715286208423,1712.7451356903985,392.5833780658921,2548.7069430135653,8714.667935580914,2640.680359813323,1719.5136901122871,1528.4332227258321,624.6501124070854,679.8989549898649,518.2607500170781,1633.1609384261496,1113.597551721166,1901.1850176520281,6974.035897007472,2474.8035083053483,1319.508929374641,1159.8200243000106,1902.7031815330138,591.75,18995,776.350418791526,35899.871114023146,10378.708391839098,29.45171022415161
2880.477515637952,1687.3691313427003,2586.8197299816375,644.13143827734,1628.7787089889027,8666.478165136168,1721.1218428150744,891.0819254748584,1565.3340713811779,1441.802519963255,571.2468277505454,406.7243354765643,1536.352590990513,1007.3493897249261,1869.9723867441928,7069.126554262113,2472.8634044459454,1355.3056728434842,1222.3097300100505,1826.4985962134874,621.2638888888889,19902,832.2152982850423,35880.35733752373,10455.426872452492,29.551931381225586
2921.590963050355,1695.9345069538065,2672.552652702027,728.6925240092646,1574.9887803993488,8600.2518131818,1690.5807825983156,819.6237410261868,1498.1923571062755,1476.3979206047725,541.6442328411848,620.1972352334283,1287.654884249059,503.1947105635645,1118.1862536038925,7824.797631366595,1680.1163221017139,878.452685251045,1933.4878233811182,2170.4296525351087,621.2638888888889,20005,745.6240889643891,35026.859573470385,11060.065817890185,29.65215301513672
3004.792690801436,1665.3007896341344,2855.3822781104955,893.9642296283982,1628.1957971884829,8380.267781970746,1864.0003184446173,919.040000946672,1355.7890360899858,1256.6661571853629,815.8138566433406,871.022265654883,1617.4709735829392,871.135649509782,1001.0258320925305,7364.166166742375,1935.5644196036642,1005.5626817473764,1409.8517085414194,1692.389015480316,628.2222222222223,20212,738.017625237938,34726.28543795468,10818.133442158181,29.75275707244873
2950.773742525711,1770.0824326492948,2743.722423111062,853.999256742832,1416.5985956466632,8473.51580973134,1632.2289787744082,672.5020159807782,1193.8532928366005,1406.5403756374521,692.8287361481192,748.059208560787,1508.6915133413668,749.8503186256777,1069.256187454553,7465.076552408018,1906.8175103583158,987.072602553414,1527.9800092745882,1762.989418660703,630.5833333333334,19991,768.4105413568843,34727.30600729256,10872.6738761716,29.85297465324402
2970.862384139788,1577.4885616622105,2747.1979665824383,732.0824776776166,1695.9508880371413,8621.23559938791,1674.3991889508623,750.7470192986978,1458.4897125938794,1632.8307822464112,180.27391822598187,376.4720195228284,1003.6190008630491,277.83522117035625,1164.6743754074275,7963.7711896748315,1488.6247269454022,609.007211204496,1636.152282944368,2241.4936994157924,630.5833333333334,20246,757.0120876055205,35042.99379261899,11169.078330123233,29.953046560287476
2967.8247500831076,1362.2289579712733,2643.1266016275,538.2014472247786,1844.1604324126886,8879.352343752691,1463.1467014586815,560.0304209859361,1381.4810355179839,1745.4128307383926,351.4529009561976,721.2327862971833,712.0619756852067,690.70470393707,686.4023894871569,7732.468069069539,1599.6856391015692,861.661129202745,1378.8584428800254,1667.5072167959938,630.5833333333334,20533,722.9961943576618,35758.22859031764,10609.794023469538,30.053364038467407
2991.5265619758284,624.7280811491445,2106.733518115238,365.2390549387079,1980.7578598883113,9416.587032172793,730.8472899468769,344.23770435998466,538.6186335211386,1187.2720277701121,557.495530304109,919.36409526797,756.9134706773945,887.68770807156,493.43187345387474,7559.354277550067,1775.4129000621238,1028.0573297358567,1524.236757255111,1704.6700145134246,610.75,21351,748.4375590995812,36135.62762505585,10520.313915037616,30.153504133224487
3025.542737340365,322.18591512837577,1768.1268258257876,677.6130485060584,1852.406175817848,9328.873680941999,949.2361908769766,702.1570985769334,583.6341963177941,841.1495254202437,38.91792065055704,375.36361356118164,748.0044456630523,329.7609256145427,1073.4234054188887,8116.207649438369,1196.4563640537958,508.8167521400144,1018.8492158572155,1644.194468720855,636.7222222222222,21807,784.3094078932043,35077.97047263995,11086.365295056545,30.25374436378479
3027.2263317606817,246.77181716553667,1628.3376108830157,748.9069233873889,1732.26734112393,9197.804691394424,1085.2223413927175,701.6514516446471,716.7965310136547,949.8504349039815,376.8458021975592,45.73304750518486,766.6197463843283,370.6886454635583,1307.0472450514856,8354.636910922634,1066.6515891965823,738.9027930456981,852.5793020992809,1340.8363211779147,636.7222222222222,21905,837.7062371636578,33877.4392547984,11418.451716472404,30.35386061668396
3010.3434805428897,399.52092939113805,1156.7242863362983,897.2657043856444,1250.0409045108656,8768.037948948631,1293.506538306214,346.64167226298025,835.9577307444623,1333.6192027833565,76.91781347151925,332.3262655449199,824.8147194441465,200.88545106242458,1230.1736786922859,8296.947255421182,956.0248368384239,395.3028770836371,698.2088673211796,1500.9332496972117,645.6666666666666,22432,850.6413925520509,34681.656680591404,11694.6116762227,30.453983545303345
2993.5480259213873,782.7980860174168,904.6856305698194,984.011502869558,1084.3479927695512,8738.771307862738,1144.2685405968507,118.55558721264079,553.81413437657,1138.6745229986125,582.4880248917242,318.3161441540342,311.38444355277136,720.2655425147776,719.7798530015306,7831.751236160417,1285.3973356145757,202.98446338598887,781.5703449765754,1672.3219265677692,645.6666666666666,22876,848.5936157953216,36281.926137638395,11014.347322007878,30.55416178703308
2974.6578924081073,1067.0833758320227,989.7831750246321,981.6562007650435,1302.175455071726,9001.468443413602,835.9813471301031,423.83565366204755,224.85373435582358,809.4930330217173,428.5170173371941,312.0442174846071,492.8291905209431,568.8210155458041,1010.8890442213091,8180.288463704737,876.8729299288877,469.33574557616964,327.0025636680729,1179.0385466015261,645.6666666666666,23210,748.3462525951866,39660.55226315558,11017.554606273356,30.65451169013977
2986.302973605374,1022.5587708313548,937.5573924271899,1014.872815264832,1236.2176225559438,8939.276623782596,888.38168528292,427.16774234292643,214.9742709171798,790.7217351281059,541.0753901300202,385.31374045578985,409.0690979105098,679.0419128707435,979.3603469614756,8168.301156323788,861.8397399208939,560.7003287510605,226.1183217858175,1081.2501855815785,645.6666666666666,23175,739.2617413070363,40646.1344091361,10919.199089285608,30.75472402572632
2989.54854609288,1017.192114002802,926.8567594652043,1024.5910497935438,1226.125256306366,8931.973653690075,891.4678028085814,438.658200664032,202.78784367628555,774.6777565800828,516.4649995080473,602.9729264334242,1009.0875512636533,1059.0312749202092,326.4440958509384,7210.9183509818495,1748.2836671981745,1212.6464712502093,820.0260698639961,575.1055910604421,567.8222222222222,23111,736.8372136600626,25040.145714431157,9957.503910627984,30.85486102104187
2801.547133505643,1145.1557554335566,1372.7111893167382,590.5004729764505,1292.3866091904306,8684.630341078759,1320.6313139458305,441.8510700873824,560.553068236899,805.6390659090841,244.45875305085053,247.20231518549303,671.6314403789017,842.7253376847588,433.7302065986489,7614.154688944349,1330.3455001192576,896.0475265964029,365.6124301303705,678.009880064213,554.7111111111111,23620,774.5106265571915,24740.795589141053,10536.105463031621,30.955037832260132
2715.6146818592792,1189.7958130876475,1526.4410811093198,518.6138177006798,1219.8193815283637,8499.189536647229,1450.5559629020986,624.8622671524981,554.6054832666948,630.1471801261703,643.9125021296682,609.5745756412161,898.5219194613051,83.7308617486491,1124.2569469975074,7626.456437894499,1747.4004736021425,920.6643520761507,931.6358342464093,841.0920282307391,604.6666666666666,23756,810.603485605619,24002.856461259864,10785.15426778878,31.055323839187622
2649.080674490214,1195.6382721009884,1590.217183608926,575.7152644893913,1112.9114763412313,8425.212201435103,1419.2046868394418,649.80466750424,438.5284077116763,593.6153942269087,252.32921693850142,51.91551613873294,455.5062392754121,614.4852981281784,878.4691588865188,7968.065744791466,1263.3914920186644,462.39820028964147,742.4604320389437,1131.4213306754036,612.2222222222222,23906,757.0786079786137,24585.428676881147,11111.776035488436,31.155427932739258
2354.311838602739,1191.7349580075881,1721.846646931593,1040.1860918269297,667.5431180601998,8564.750204830745,964.7049613374692,386.4343107764768,463.16657841976075,1060.5349641061187,620.9112595103011,658.5887222021455,1086.2234060698077,732.347695613098,340.9156888855335,7576.529689799182,1007.4157171531913,693.5618672420495,589.202868135964,1685.3397886492262,602.0416666666667,24379,694.3575659732877,23980.812412745785,10432.5633325714,31.25552463531494
2314.8374789398563,1191.1776725554535,1727.403561565867,1102.1117157615133,639.0666288213699,8620.825926408286,902.0076904835081,328.47914914704415,537.352930782833,1107.5189182932222,259.31519390291174,150.0231424121292,579.3113365216028,552.7529103011161,723.8271617316078,7793.672970283256,1171.8820396609965,510.57110810740386,494.05693612662304,1373.288249616094,602.0416666666667,24441,705.3679276970604,24557.92879639823,10558.822156698752,31.355889320373535
2262.965764221739,1162.8192611094996,1689.4440765901688,1125.9856474492224,689.8382919823748,8661.31977862927,943.1627285371969,321.65186317711357,490.1723940324691,1039.8617994561628,325.62229841715475,175.5536301903514,556.3653680383969,354.6968008591314,781.7945227423519,7538.36439375751,1257.475050474986,743.1870652886556,486.7372664282703,1707.5327246208901,619.1111111111111,24511,805.3834751865907,24651.974237953662,10299.971785489313,31.456292867660522
1992.214785407458,1007.5133617389365,1446.3935522907643,1175.140022179045,1017.5774484315997,8693.541561257543,1268.271296514484,597.3879674368678,164.18672160973222,983.5973911809496,691.6165445520984,559.1636102677081,732.0280653061351,98.37357791079572,929.5474343386775,7165.539066073526,1212.1821284844668,888.9566265575132,922.4332023081392,1982.3665317073305,585.6944444444445,24836,800.5819543827026,24978.298261486496,9787.722585384561,31.55640482902527
1791.331487013907,874.3092206859957,1226.2915052993294,1095.2050335236684,1190.6450907715612,8499.773505254898,1384.0172977226784,734.2770973219929,252.715453204726,1208.4997824918387,256.3309750216083,167.2723843004323,577.7728303748615,523.7209753401556,766.9414768881599,7680.444794654357,1265.242398028831,688.2249537897562,399.46082678227384,1573.5302445998934,690.125,25068,733.0016878724789,24202.985291574478,10364.070091367354,31.65681266784668
1699.1664439910749,808.873489702229,1124.612712104618,1031.4483423164595,1229.395479412428,8397.752139672957,1369.9963173699994,731.1994700948123,354.37863194179783,1240.7165477620858,258.770356967857,192.6786289078075,592.8058538412125,579.0206413229043,791.0147589368933,7726.254281315142,1337.7138488913085,766.526664419403,325.2679759972027,1651.1301810476625,647.1607142857142,21565,803.5516838506144,24090.794109373295,10542.374809733232,31.75723433494568
1295.8329275080682,496.66594185703303,810.4728364093144,619.4556917023933,1079.8475525743017,8269.71360257909,949.7404870327503,306.8530942442205,438.4593774622426,813.198663435467,267.35215601573526,265.2429213499249,269.8762113561502,403.38731009189326,938.4659585952716,7382.043761873289,958.1501000564816,325.804826270162,697.2262672384372,1059.487617161234,671.625,21994,778.155806165618,23807.626707486055,10340.0362251665,31.85737633705139
1316.4145401685294,514.7789454648723,811.1632752965436,638.3160738385169,1102.566198415794,8248.264268558909,956.658023436999,308.27518269223026,469.01610964629026,792.3597928440738,442.11759611144794,469.50672923254956,11.565284212284206,353.26087191903827,996.8911906066335,7325.530957306803,638.225397475062,16.514779765834916,777.6544787267776,898.3065802347032,671.625,21970,757.1652637455361,23819.489417004686,10065.294435787186,31.957623720169067
1526.9756184682508,716.1902324305869,791.3099726020441,781.0444539117047,1308.738751021618,8040.5861021946685,895.7977398767042,237.29524263588476,652.1304460223084,594.1900651721054,393.2512763928325,411.81173356906714,79.78678840003245,266.3814580114691,885.2553169831374,7450.941062631171,724.6201312425303,176.22128790382328,589.7357690663008,1096.5341839767439,668.0357142857143,21764,722.9036818948229,24552.426931297792,10016.368203007867,32.05788731575012
1856.1064276449877,1047.3725594866687,724.8381440505057,922.117727450971,1539.5425227869318,7838.472448456113,590.2284245373914,151.8050915205463,695.0302866799059,670.6181872742131,426.73394437415106,458.9730511588679,596.740439749773,825.2650687488657,1420.7646548709704,6857.392992510583,654.9662597080967,438.0107489540123,1150.236497541982,921.5200684000899,631.375,21425,733.6796330123489,24826.12325687558,9411.94206682824,32.15795636177063
1757.8776744793988,951.3012592997665,769.7435451305927,921.8602840272899,1526.5468606819122,7819.882544637518,685.9967825570441,200.23358368169247,777.3691230611769,566.1306370719211,524.594212968927,574.2878257670782,659.0464738294521,906.0477738946566,1503.9769403816088,6853.389088067668,428.91634141922117,429.42816215123634,960.4732416659225,1155.6959553982817,609.3392857142858,21535,757.0150666053266,24657.802442542463,9437.055371363456,32.2583749294281
1694.8888987247692,902.1909359929751,836.3253783523733,980.7520672394172,1588.6356071261425,7746.8384698614545,662.235968872724,249.7529594911388,790.9627404144825,637.0164791468549,241.85919781433344,171.48343274011592,397.52349420253216,550.9140948486137,1161.973596384402,7001.594877747882,883.9355071779635,487.9736645756243,1241.067035484279,897.3043382124981,609.3392857142858,21592,750.9530478511911,23561.279325431475,9506.65481873638,32.358495473861694
2035.4431362181003,1145.2508854914006,434.4161932369592,581.8829210492116,1188.4274591692756,8063.851024044312,1039.6743042595276,498.98329066698716,1123.8899720130762,432.11652544437237,452.3146130731558,334.9697896731778,619.0456292221395,684.1876225840718,1250.8162125839224,6851.755317118,1102.082463695087,776.7968462320902,1479.797870836602,1108.6100270290256,609.3392857142858,21207,741.3522099877317,23473.913248178822,9497.018808683511,32.458653688430786
2181.6024218552075,1244.644886185482,281.95259124347666,421.1939739441764,1070.4901833136173,8086.022712839246,1185.3666172677742,657.2154763096933,1264.777555006601,595.6249790075298,438.1943517956236,278.642306833397,678.7316900585143,787.6522834338026,1378.5980711814225,6831.444340252949,731.1405998999744,336.8400230992663,1081.4683818093395,664.1521375223559,644.0357142857143,22489,752.8618532314051,25356.457194441966,9438.210830440134,32.559022426605225
2578.306577021921,1482.2252436714589,497.152209551196,550.1962388775454,1284.8328146067827,7680.232716866425,1180.4575947435133,730.2142821404847,1039.6925214813211,826.3688934437163,337.31141649576847,218.255856179739,522.2028709507995,636.3544460434691,1244.789764925519,6889.280559297238,864.2607666421799,463.78271817646316,1146.3349722667988,771.3367331066504,724.1428571428572,21998,718.2891448705051,28554.887972768043,9301.288661519025,32.65903973579407
2839.162821577809,1631.1223355092463,847.9550399479533,897.6581630346398,1631.2162201436395,7340.068764475248,941.9400396860381,565.0341105998272,694.4844007748018,637.8491873438713,334.6128617178301,199.52130143931316,518.6377037728989,623.2578738737619,1214.1263654043883,6940.591876152892,907.2630807390713,505.48403490042114,1223.2089650576563,824.5550191168793,732.3571428571429,21622,758.0915929337191,31430.674125713536,9268.25475278636,32.75917100906372
3100.2314417951975,1754.423461055922,1202.4978872242818,1240.665914964726,1947.574739211889,7201.840309156811,570.2990848447713,192.08336300864025,749.7491755314821,306.9635071238765,874.3343826483847,989.2914207063129,877.5998139606256,1105.7647927511066,1868.6085525620663,6093.49339971995,420.41259962478887,426.2379437607523,882.0187778228548,15.966427071557945,732.3571428571429,21263,603.4730924693829,23823.05231404257,8564.481318829956,32.859187602996826
3007.364075437439,1740.9146861645593,1092.833370977354,1159.5463170064793,1909.2832344510543,7119.599328306282,630.5817094796756,310.44377126407335,598.790351079809,235.39960108595648,603.359938588989,691.0612336026915,644.5234170151199,862.4936264485121,1605.5691556394058,6393.2138826232995,512.2411180958356,233.64583766540792,907.060915886599,290.9962331604177,650.3333333333334,21409,615.6375088205651,23878.901760302695,8876.782463733332,32.95940160751343
3022.4574961668022,1734.8747490917713,1104.5942427817215,1160.150772600689,1897.0099620115052,7150.895014604083,642.1572620561433,309.41632888879076,607.6316780248349,270.80860645278005,198.60323033138906,224.7117957658222,20.8253548086541,332.41872412105386,1240.157171525687,6292.364932270209,981.9903638452797,785.0110134811969,574.3326774640952,259.65335911915616,650.3333333333334,21372,598.0576917366795,22831.39473638826,8509.774989670683,33.05950713157654
3217.635722992532,1511.0996025512266,1119.4241471147996,880.3351586361886,1388.621588709872,7478.398105049733,1153.8651298040631,827.0597165376212,91.35791177435512,498.72402213238604,449.35277878508526,492.9039269264974,353.76673827751625,544.8500308928093,1462.0643829567377,5946.97007570192,966.492791058156,838.5382034829488,941.4850192368953,276.2498827609155,678.1428571428571,20873,621.3909031403781,22033.838295488975,8145.472193693455,33.159913539886475
3488.4450889849895,1260.5587697429855,1197.488728974199,520.1593382893475,855.5822199275025,7374.095024085641,1551.517689663706,1238.4060128281544,662.7643704475283,643.3021918791555,360.1265119928803,422.5437140752163,250.3462477591351,498.94518047032375,1428.1545895709496,6062.230669729329,878.7566311188029,715.555493320298,763.7775734099704,125.63341529405206,657.3095238095237,20154,614.9038694659139,22269.543423097915,8186.899834360855,33.26032280921936
3690.887731813423,1131.6201850939156,1263.8266367684741,436.8640401074071,1069.8605770561287,6916.475659477224,1459.866587081873,1122.0176119541534,921.1170025929505,420.8186014236801,228.1617963857056,146.585413268024,125.5219831612241,215.71277670682136,1142.5422157904036,6266.580579239413,1134.0225879384127,958.4650287702528,723.2345814738482,360.9297810362354,657.3095238095237,19673,658.4782675415754,24431.425169932674,8448.982823736707,33.36040544509888
3848.044779519976,1072.7316478745715,1290.8422238209737,563.3698774979936,1497.3651193607732,6516.471749853234,1111.1369696986137,742.0935339556044,798.3451538006874,84.07695936031703,296.78697150006116,39.50246595841083,250.90302280152594,127.46271513219969,1096.8726228632818,6196.471695510704,1161.0203220817862,957.2947099783808,829.212054507667,264.14272908543944,657.3095238095237,19207,668.2589372818579,29604.659079016812,8486.817243949514,33.460710287094116
3952.4496003361364,1034.6600850090992,1243.4562885825417,672.6160820901995,1777.9978618944792,6469.626707183673,806.6695111940161,535.61934181152,443.9049477761794,271.7231935304847,1087.4285767389997,800.137217213155,1051.746706565998,883.5644252763498,1770.5734755362932,5424.472020483544,456.59473242252324,186.73989298203844,483.1720272004073,787.3717756554041,637.8333333333333,18879,595.1616400418549,21868.523836464876,7811.701533196391,33.560933113098145
3952.9001594691954,1040.8344301087213,1252.9519586443375,681.6528571431451,1787.0849369263883,6453.819300291339,788.7905967503411,515.6332385151043,421.8827885325027,301.3141296172071,316.48980079102313,128.9277591848129,398.5368718842224,169.61575464158201,1065.8623756478273,5958.556502405445,1084.1972042957223,706.3204229343785,836.053746783528,294.308363661635,595.2380952380952,18872,595.7115518825351,20769.06908600532,8004.846552833084,33.66121959686279
3985.314051217708,889.2874584645962,956.8087777094736,528.9358053171992,1598.885416023254,6852.367765279239,1180.861001985266,885.5488934169776,815.6856383489057,108.15032501774063,94.18158477514005,287.84099114568386,438.0522339777622,254.3170587789137,903.8288387742546,5921.6917377415075,1192.9369493045026,701.4700001067363,947.03858760223,466.8747929165682,595.2380952380952,18469,537.9737460871675,21710.30237740063,7955.839392022821,33.76132273674011
4012.588310394852,801.6191845639636,514.8207859281794,481.0045921483162,1130.5672079231404,7125.733916633403,1603.0899026521047,1068.9750197336216,1152.9007197161804,574.7240354235034,392.613715536277,770.3629146670946,893.4840635593323,730.1937411789783,1159.0360175320045,5451.623661049779,857.7109771989888,244.28369757861495,503.62737573533974,545.8874007413373,563.8333333333333,17930,457.44829327619743,23609.536833611957,7497.281859752925,33.86135125160217
4045.392632675925,990.3853406882282,320.90002356866665,798.9289577704114,438.7171754453448,6876.191603376915,1670.9106755183504,826.0124813007629,968.9362024421208,810.4866217452593,104.50511287141369,480.3294832119738,615.346280446402,437.08555922032554,992.4981538828932,5746.269106301186,1048.3468306592329,541.7759583589738,784.8564418999692,414.87970049662204,598.0238095238095,19321,557.1792748390021,25286.654564506767,7788.345987281951,33.96149158477783
4069.8755686687105,1281.3664765107455,735.5580833436477,1098.7870905410953,552.0694428067026,6349.298737720926,1329.9422198173631,355.6023550971377,448.71490796334444,574.5025888031696,117.0520346678362,295.39413332520064,417.96142990671916,331.47250671549614,798.6245390960722,5853.72035894044,1212.8159773846332,575.3915245033769,850.5204080178479,583.7093954747879,598.0238095238095,18797,592.3866345760954,24172.997153636,7918.833701722539,34.06163930892944
4082.7571290660144,1579.438687345499,1144.8218005717554,1305.5870740587602,1076.7699523163424,5916.2828749442515,804.0564764511402,222.0139524037619,411.0395520180549,47.93510099763283,645.5572363432827,498.2460675193305,537.8942241853379,811.6151704454251,825.9524795033715,5367.470803156698,837.6077074650877,261.5838744012949,532.8081551840318,65.53481165809788,554.5714285714286,18235,543.4463384571754,19204.559805441946,7488.082457445457,34.16205716133118
4079.272254010489,1588.374013879539,1156.2532126839267,1298.063468219741,1091.318580319758,5927.481172438771,803.8575471437473,234.80308079182313,429.316868484865,70.92662642380009,997.7173009500004,848.2238952037238,885.6958449104026,1148.4080602516742,1172.1605008191805,5067.840586536533,485.92380179391347,627.2366483653315,894.9460431156743,319.28154619130567,536.7142857142857,18238,466.4656290554889,19346.24612684016,7239.346499656903,34.26236271858215
4072.0865812625602,1597.2135388994654,1166.6475189426947,1279.3351554294652,1101.708902902166,5954.728118652646,820.5064458627793,241.48922170839197,439.2453903051435,115.15788259517451,219.34280220969643,8.723283713068858,66.39199818986154,636.0076737163904,407.4918653774286,5492.023363840377,1102.1293319741467,341.58305709756627,448.19925751847757,350.74555864511296,536.7142857142857,18178,549.3910885243411,18283.840625215576,7176.686323785212,34.362473249435425
3910.3823903440443,1600.3046175548657,1121.1485796713127,788.5276472564714,848.0386133729746,6458.516220243786,1342.6122443404388,300.36764165857795,96.8908879122462,505.2646427947732,192.74706580202758,79.6017440297638,70.28889652236474,671.1959567103147,376.95849293778326,5470.5645082051515,1119.9666866045543,426.8142661999024,521.2876173531575,406.1509447420993,536.7142857142857,17647,500.9911258076925,18133.763185211094,7247.051526155068,34.46272397041321
3728.3563065070134,1625.455531063403,1092.5363934947384,229.60324519039088,482.8652113805495,6662.020524572601,1618.1255258942087,692.7193047908892,599.320230098872,694.9592115898579,484.0007463983166,489.61125268272735,486.7288706212801,1085.7074975687983,755.2631060326687,5056.009817674417,708.000102159663,471.22884643568415,632.6446055728179,43.98649273872299,524.6904761904763,17093,487.63492635887553,17958.80169022021,6976.808453269037,34.56285810470581
3479.735516373139,1747.963184114714,1180.6118512667226,711.3602571479363,447.3615050925553,6272.917571833965,1464.7779484444472,997.7247589973385,1009.1079371178065,563.0671216323608,286.4412555528792,269.4154320830674,266.593890375539,868.2716614301718,545.816371098572,5254.949194887637,908.5895135562992,440.1493640737975,588.1515695893963,150.96905360751333,650.8333333333334,16249,520.2534069384767,18496.37248408537,7037.5891338218025,34.66318464279175
3314.924096822543,1898.1337978658958,1331.9614627587673,1312.498702382918,859.5162123373638,5662.218807139144,989.1429305656599,916.7780574784908,903.2667675154969,341.60562421976925,166.36024810017213,151.15339521251107,153.48593086609955,741.0004092470637,411.9895565141515,5327.1723263061385,1006.7966237989505,576.7381959832222,719.37114756176,213.78685259611476,602.2,15655,479.3251793554839,18747.642431351014,7131.4758348116275,34.76348924636841
3187.9365610288014,2009.4969091490013,1431.486852505562,1694.7895390087588,1105.6745028383611,5295.135808572113,507.462611392635,555.6736257342072,468.2276043296465,256.8973024987162,377.7008024199012,503.04573511132156,541.2917769916269,948.5134013640898,725.5407373789573,4930.3794050608185,638.7007300357639,615.9157134024729,620.307357372513,235.48522947536605,602.2,15127,529.8063171560166,18744.569745283552,6872.858712420742,34.86388301849365
3111.687764532929,2029.219064431134,1423.0832772491833,1787.1744708912415,1108.1339475449204,5350.749057015718,558.9730894955326,325.1133589277189,336.53643236956987,193.22000784816666,677.3534880880188,832.3020309422654,859.8299560966964,1299.9047836589864,1041.0614157313203,4706.256530696992,492.97284060110053,225.85619581159463,263.5407895008009,464.06825142646613,577.0333333333334,14902,517.5998057429143,18721.953978789556,6650.4114038040325,34.96406531333923
3109.9554969286332,2031.5303330070979,1425.0478550905216,1793.3862963752974,1111.2007344454682,5353.344749903444,566.0829838083008,309.12443356302447,334.59879323983824,198.53310805602132,233.9573167493986,268.377794077037,407.7361768751135,756.0520626559038,721.4560252358697,4856.921727259474,541.317033106592,721.133796571496,513.3043991807577,552.318204129343,577.0333333333334,14872,499.87791459261587,17792.519232254257,6534.412968124499,35.06448435783386
2856.2855011200077,1850.7433921715883,1078.3274858351701,1467.351665463658,598.6085120203671,5808.500549048549,940.3998984738636,832.7137222791213,754.9675659596975,456.64993291829745,338.6100383689208,240.47421796361834,461.5005670459613,677.9169226843674,832.2547903552636,4758.434517208228,509.5224312627918,837.804626008631,518.7787512635427,737.6695149213865,577.0333333333334,14365,502.9086606272389,18228.636769621015,6582.511719976805,35.164520025253296
2552.400445277294,1620.9092092163369,623.5393819375606,901.5283526159611,305.7548533855565,5953.349312417002,1127.6088614760743,1250.46118159894,913.4143782463452,953.5177414500303,680.9306243515962,564.6292628837867,808.7048509290576,949.1451722242456,1187.8434074696495,4411.219979952774,158.36217899706716,551.7019396212365,203.27742442354048,490.3406264513395,497.99999999999994,13689,389.3879071670352,20052.7296848331,6294.919128248204,35.26462507247925
2233.980027968865,1455.4696735928296,643.1249879879988,124.77392712237615,1284.3572978747393,5382.311977405855,1057.83381205415,1284.6804206065708,702.0595289476057,1011.5732418423889,481.218244770137,364.1671062685907,614.4032522767152,753.5568095883085,1066.5064241310422,4503.943973126197,314.7906540286757,722.0696533381516,210.49076774898705,647.09760475494,506.29999999999995,12702,436.3114238097114,22252.821312890075,6087.764186556041,35.36474299430847
2147.011333233506,1479.9352572670007,1019.4687865036133,601.7782488640217,1750.120806103113,4821.396509958089,820.7395643465669,951.5675135792928,416.7585411028603,623.4537624312226,185.33437959871839,66.92584505003528,356.1942346142222,464.9610182049389,992.9564093458232,4590.307245854299,561.451805974725,963.0467014510239,368.2822363826837,873.7414627627443,506.29999999999995,12142,494.30588897166547,23203.092535431126,6253.632964138087,35.465126276016235
2113.1747621435625,1514.4731558525912,1294.7816662388639,964.1514506990779,1929.882943586104,4530.998200176852,428.0051461948282,504.4812365322088,82.53520353422782,291.72316316570596,455.09382638765743,597.2341369015944,711.9211604908811,689.6676424379046,1599.857410386245,3992.616964149447,482.2699807359087,512.9336431933232,229.40356866213736,303.9679960119236,506.29999999999995,11687,424.5303412076945,13700.6826578938,5791.927208480653,35.565192222595215
2129.538078188151,1527.0342209418222,1260.666195873017,917.0559759407503,1958.51300638178,4506.185001507058,533.8324104155757,540.2002683095272,180.36805737876253,200.12031454737837,526.915015295518,667.5036186483283,785.4956306243672,763.5729236945805,1652.098873009902,3947.49213484872,425.8659273942581,448.55187409965737,225.15993467739128,371.0046142973818,495.1,11801,390.1424641832442,13796.62464524895,5788.412479156624,35.665287733078
2239.1361951512886,1676.275259952902,1352.8845383916603,1032.075788743287,2216.1434570971137,4242.318418124991,635.0173956866654,357.767714781574,385.45370837287857,241.7536807921312,354.73645277462464,527.2339473395679,634.7420425693134,640.4382524155722,1696.2075463107244,3852.2696398172834,659.6796400443262,418.5832286185158,497.1163306346542,341.9504965700732,441.0,12083,408.7246899214301,13632.302061672017,5635.490063463862,35.76534676551819
2041.4595427458376,1383.0266646639918,1078.058839345312,693.3758011496421,1862.9216858236034,4576.213613387329,887.7574994435364,745.7404366906085,617.228286535603,276.90338433229266,269.47874140909977,417.9741913127339,435.8399015742844,543.6361988493247,1822.7833614871024,3758.606272767811,1103.5649823592835,688.8230385728938,913.2200381353259,586.4884105851108,428.64285714285717,11695,395.47926373866164,13393.978967920706,5850.355917873571,35.865558385849
1787.5978871966897,943.7004154516568,632.7595190973732,163.2535774949633,1769.7917630033069,4664.543729331376,1385.836415569127,1017.8979511239146,1057.3763812328355,724.2699166974473,457.9767652458191,585.5384070329527,597.9939638368954,735.1921580879615,2019.7453420995114,3564.783260300243,1059.8094441141043,525.142364797856,809.121549137871,526.4116013669011,397.0,11165,467.81531836621707,13676.772635576754,5644.807911736589,35.96570324897766
1558.8762077943313,425.82197440480326,216.22314451422392,576.9362355803222,2297.5310807018536,4250.244248057792,1686.3433746174194,957.2954406239991,1127.1650284081093,865.002400169976,441.124784831862,567.9197666692808,579.136923478902,717.4922052244473,2008.0363859246852,3574.2808890800584,1088.0146978148646,550.4107221722279,844.8561418607259,570.5501344231598,397.0,10471,399.9406205956027,13210.229955073786,5657.177673833824,36.06583881378174
1494.9398994230232,404.94949363951093,558.9292581386339,1068.7436864326776,2811.176709821807,3727.58044785968,1507.1436655838636,576.154914160305,719.3629570182803,503.0848804767633,142.75729455624239,272.69805969552596,309.1758322555311,563.9160598614873,1982.8985488457954,3556.439300102795,1313.248418529051,621.9329880094151,931.1044709715333,663.6000511648386,407.7857142857143,9944,454.9519113363606,13204.231009392874,5716.2484649415555,36.16611385345459
1488.3705084714463,497.3905546153892,692.7581472431214,1197.0632551360923,2926.5211603637176,3611.4179345911953,1341.2813314638843,399.6410911919286,560.9238809172106,337.22398630491944,363.51040166391243,275.787863183473,432.93954950419555,856.0717183171964,2364.8466911930104,3150.8639009427125,1382.3624052404837,378.6461986911474,603.0621396667095,352.2899651397304,407.7857142857143,9770,437.20063320140497,13812.328494008521,5655.187345134771,36.26637864112854
1524.6599922241373,461.9575590638178,635.7266488336693,1174.2507016884863,2948.4300693692962,3564.0514633375587,1482.5676263779467,452.7962383430525,512.1496402514487,296.63860325825493,574.5401066943065,486.54715901126303,639.8465294588043,1060.0751151999968,2554.440470676978,2988.1263091922733,1233.5283051888225,200.57762148803573,508.5659619495374,295.48822518306207,405.8333333333333,9945,454.30796567910465,14054.278292332221,5501.706201292358,36.36678910255432
1664.2590966608832,618.8916113973324,773.5321674985279,1358.5699613780748,3190.335463931987,3293.5674251725673,1457.4317200858752,323.58679680111766,216.8725553290437,8.24041430960487,230.21082300185296,172.8062120471126,337.49689800322767,821.4532262727196,2435.0472092433965,2988.1166973237923,1558.0794906902263,412.2153053960712,258.8040031179041,50.043109550666976,395.04761904761904,10246,482.90201288875085,13563.100033978259,5208.033402513833,36.467105865478516
1489.1474905006903,388.9566973694802,529.9179242570933,1079.9924059371024,2912.339437431333,3543.5271897584707,1712.967605722703,603.6806404344745,397.15259995311703,294.3454939706407,230.9937856995682,303.71547797895084,344.64304784215494,789.6908225104199,2460.3404686719127,2926.1934579889876,1772.140515146553,617.4359121217268,193.5561864974399,289.6527325104875,395.04761904761904,9956,476.3988730908235,13213.22536923868,5404.791901968991,36.567180156707764
1231.3565809900365,209.84572591399905,126.14167513587641,700.9279620567825,2713.231779291374,3623.0551201442327,2065.7466334153614,877.5907912090757,445.55502533530716,514.8883663159901,315.0855363807889,399.38312090444316,428.1893066459527,855.7079706221338,2537.442262098373,2841.5290258114073,1757.7486477944606,601.524199020517,120.26639410787485,291.7559754627637,395.04761904761904,9516,467.64994852668286,13259.977082562684,5502.357549931145,36.66731333732605
1028.3533540597002,525.5504313133417,334.14161587805927,719.3670204582563,2904.601192990185,3360.656255915253,2078.8108376017926,841.7775940093005,360.2785992710282,466.7418874883163,344.43982185365377,425.6520977790139,454.20232820334286,881.6701033475155,2551.9268928789506,2843.1601534167316,1737.3989176285709,591.5387236386385,149.9904566830444,299.74089232908165,387.2142857142857,9076,499.1212801396317,13487.516921043549,5484.726813149916,36.76751923561096
927.9668980465551,889.6843563235495,722.2907910743309,1100.367877995862,3317.272273122052,2935.443871347597,1741.5617176796477,502.60851064933826,221.96345984043296,155.58372902342023,18.986769105220617,236.74629540238405,296.1625236890797,699.6091954111391,2520.9527860082667,2722.504757280984,1800.4278092351149,571.9190728332824,157.9545277221536,165.83570757261393,387.2142857142857,8643,452.2012104916485,13913.55469041797,5244.083119405344,36.86764669418335
957.6472999663389,798.326707916057,634.5181414985562,978.6702661557013,3209.321056826808,3018.4897384577416,1862.1164551356267,624.7738723757874,327.1451803525585,286.07922404541154,463.4115975687679,545.6081676940947,600.9272695497914,830.7324466090827,2726.474718243976,2430.115656501579,1707.9850723494494,513.729061739108,464.1034690094896,270.5064394964345,385.8333333333333,8778,498.7082659412572,14274.123489323989,5317.262737164052,36.96781539916992
1178.144631067634,725.5959344214772,667.16177838374,812.7339396206825,3158.157723456982,2945.9044739472843,1937.8445203335184,723.1407571901578,617.8863882180192,447.9161075171477,482.83634110017005,562.7750699322644,620.9651090084512,840.8342027995119,2742.62434415657,2398.9796371682332,1696.6448892344179,512.7333149581829,516.4369019706764,301.583373682283,385.8333333333333,9147,500.5492174235902,13794.501156553431,5333.980572626377,37.068161964416504
1365.8115745255382,833.0274909934469,848.842610100148,913.4462796034759,3302.3985090300025,2755.0345297166778,1795.5649158034057,617.4970906510018,620.416521287722,384.4448579325495,262.1473831896286,323.6978708216197,428.4328534777574,617.7362443431141,2562.762533670676,2495.346084708133,1850.5319860724028,686.541457086116,739.6338575710538,495.9992253762083,382.04761904761904,9388,502.32158928228387,13558.194894648641,5300.178879776432,37.16853618621826
1361.684156952979,831.0438349004772,844.1167796879502,911.2922407833033,3297.7928296066625,2764.1933649263783,1803.3083639918887,623.5208607387673,618.9850861294336,391.42112078187535,321.8818105455958,304.2591192353906,542.795268671861,636.8737954627665,2650.4214581534725,2279.9306843275667,1680.061968476848,571.3463418065161,716.1167542431975,347.7165806542298,382.04761904761904,9369,443.4663901831172,14179.01867630294,5061.127399756818,37.268614530563354
924.4736164907657,420.974173379625,458.99808453702747,491.6172319426742,2983.6020013780144,2900.6617808897745,1959.3233017176378,837.189551123389,888.70508946004,538.7891352857719,441.3695455786127,411.9264434190233,651.7605889648986,717.9892856294367,2722.395945687271,2175.97717244356,1589.5374928285203,534.5611220046777,708.3131574002913,303.61463934341384,382.04761904761904,8925,431.6575856634155,15992.324916071037,5076.909118268334,37.36876606941223
529.8101249849287,145.91681237071418,510.58810928459343,502.30797234790276,3033.4713800047607,2717.59971140199,1762.5140017966903,751.7626100165971,782.0523230677215,408.79896249640586,424.8762842755302,395.02898877213937,631.5457415036917,697.6437234613481,2698.277078787836,2214.5085666141363,1634.5312629650095,576.741931549608,757.2197441743197,370.7050581932022,354.6190476190476,8506,425.4389868219698,18336.708656436836,5040.490518416036,37.46907019615173
150.5517936727227,408.0335789039102,890.8631997525108,890.0335318355626,3387.120420863437,2313.583737773088,1347.1357119156598,384.9742380576574,369.04290907051836,38.11606787780031,91.68155566183022,176.50406064556515,417.6430916613835,558.5544029762956,2584.2112531686057,2085.9246846354267,1374.6045665981014,464.7819482819073,450.3578070736704,125.27262704031662,354.6190476190476,8098,445.3924207914728,13247.932979526444,4525.264747125564,37.5692253112793
726.1748203267009,377.2434590409712,314.62444633386446,388.57935050669306,2810.814358120069,2806.8007230695007,1737.3552012970515,955.2703891364291,823.0363548059984,642.4609745339917,706.1810150630052,762.4741410233893,796.8301940868477,922.5975971315037,2657.295932020041,1990.1487642676393,1168.384380790097,759.5658170934535,523.8370182989403,648.2549293515962,343.3333333333333,8695,435.24777384170073,13867.304568271655,4951.516677558304,37.66940760612488
1198.8138007531213,832.2109524830647,392.60485455459946,612.0929881488537,2642.4670219879235,2870.9651996579746,1665.5770004891347,1091.2864852443722,809.2940165700089,777.5749219547163,495.62338095712977,550.8345536540472,587.0934148707722,712.1018341636585,2498.0322664101723,2145.101204558631,1353.4289072657868,808.6557312680881,641.9439886969204,630.8167246086083,382.0,9172,430.1298856412907,13013.70766525729,5201.355055263051,37.769713401794434
1722.9670764051657,1359.6974320128054,913.9238461221076,1141.02360188404,2917.0366454935806,2574.271955651056,1232.529841256275,866.5372534270215,430.59499014791965,508.79772936048016,316.2520292483236,432.5547622333071,456.00130650917936,677.5059594885206,2355.4099354295963,2225.3132627907576,1274.5085374879097,884.1188581080272,515.6946940738032,617.3302685793094,325.1428571428571,9694,382.82826328604244,12527.328985742606,4845.283160305461,37.869964361190796
1888.1671234958997,1518.0074399130353,1073.571002613893,1280.948571892876,3089.6615805973356,2401.1034898250323,1086.6270347482314,692.4194466673831,288.7425634570486,352.12660364014005,304.1071221822266,485.85332629292014,512.7730368189348,807.8839767036908,2370.404095963058,2172.0563132650695,1116.845279955259,802.9095079526288,354.02103100401854,478.13927792646166,328.42857142857144,9875,377.68869733169265,13284.46215791805,4613.357912185197,37.97028064727783
1551.0659143337375,1245.973663749282,852.8276047252783,1185.9891935953142,2807.4643789907745,2653.276140763527,1127.6178333972703,893.2455713831437,345.91691523057864,390.7295900796205,523.1407362545482,708.306715605242,740.146709570617,1076.2540362122368,2467.265996001739,2087.0151670638343,842.8185948092773,711.4862959651439,113.94413844806074,207.53310003326126,328.42857142857144,9490,366.9216187673302,14587.24235231021,4978.314582581941,38.070561170578
1306.4875097024621,1153.4257222479182,908.8401781411508,1369.41142404334,2802.747068970303,2645.5526710993095,941.1525322938895,823.0991242362375,334.59124274593734,277.9299885780528,501.99015939637576,685.6566880415666,715.9343213022389,1051.6051261892403,2440.2152259469763,2116.5652925578734,871.3830499932008,749.1203599790758,156.2051541757947,253.49737547978998,331.1607142857143,9163,352.324958411045,16256.619293588112,4920.761773193485,38.17064428329468
1278.4905775431341,1163.9403869522887,948.6893968347164,1420.8302952334695,2843.574011511138,2601.8787072927926,886.6582014308575,768.7291606864252,286.94836399933456,218.50154366166416,213.87086267720372,137.40496150359385,433.5238237172635,984.59026747989,2092.642082051368,2454.9950430551057,783.194753908279,843.4596323234964,516.1951266507801,298.2326374160121,331.1607142857143,9113,303.3824726629535,14790.446656553897,4721.452057734796,38.270911693573
1570.2996715592294,1005.0870365814714,439.2472006920083,947.4760210890963,2304.570407611184,3124.543505088137,1219.58892877512,1158.631737724137,779.8050133818323,609.131279989396,404.3396425086362,273.4737242254847,555.1044794354351,1103.1492987165925,2096.347723036543,2498.075061914528,744.5168790137494,844.9009626457217,630.9832067413313,404.0333221689327,312.1428571428571,9650,332.4619578975669,14723.47947996828,4858.7009898562765,38.37092709541321
1927.475589135738,958.854447794982,120.07804539499656,944.7054480654007,2001.1748804764136,3369.1228196048273,1200.7468397989119,1130.0884796443981,903.4990272517115,647.1961482931551,372.3622278369809,237.96663884421193,520.7546315725575,1070.245925213397,2067.507738840163,2523.5348433485883,769.7426019299512,866.386688827416,647.754373692326,416.2171534300751,325.9821428571429,10213,331.94546943521834,14617.582191987649,4839.434685748662,38.47126269340515
2172.3525546372025,992.4386660909548,473.75402111331124,1255.8429543518134,2141.074381889548,3246.8657885537937,948.8501392336563,837.2617275029712,678.3385943614624,391.21704151253874,227.58744831861222,104.13997621668186,242.40569610454162,835.549658754904,1781.2093654010794,2800.773819218775,933.5556584914374,981.0355831311201,826.7838203181809,535.0865591325204,325.9821428571429,10577,335.0951572941704,14697.990012579106,4855.011046025433,38.57136058807373
2337.4392428235346,1015.8463894185489,704.986295562194,1516.673732526084,2394.9472736535545,2996.813710683256,689.670791971104,620.8388740561712,436.71967654849954,208.76216682012023,299.4563657246349,227.55121020548523,285.15453519335756,902.290241184859,1824.2547830512144,2732.929426907875,787.3484044105955,818.4011357733262,653.6597691255536,379.57850035397024,296.25,10841,326.15818022144236,14711.52578622425,4712.729830695087,38.6716411113739
2243.7723066241847,1048.2236012227163,601.6943030723804,1387.4048869927549,2235.0362760529533,3153.8868750575593,757.2647326020169,576.4278018589928,410.0726032425838,78.47857330334325,596.7081688703889,572.6488975775231,534.9405025154252,1098.6379028997176,1925.6249191630382,2646.7437436608816,534.7395937211451,515.1189183453765,361.34489126093933,203.247793492965,297.75,10661,313.6734672720438,14044.887938364674,4865.274240705085,38.77188730239868
2189.637540854169,1162.553393835317,633.4393167531009,1386.7147597765706,2205.7310764107942,3165.739090456569,658.678415292648,396.41463080300065,231.73047509444095,103.54221098441477,438.7261189929573,432.08100472057725,381.7782600171626,948.0518993811161,1781.86777504882,2783.7235421151004,637.3612212276003,506.74015981158135,347.5747878465899,123.48922539379298,298.625,10467,274.0624316345731,13755.794409932783,4785.096494591209,38.87211036682129
2193.3566012715473,1119.9416086213764,597.0217986387066,1351.8354187588936,2170.114064228357,3208.286236869487,707.0085470800364,411.79468818911533,241.4825877725008,128.5264895288254,60.352448824837005,354.46950786279285,259.7962558904667,710.4382329768407,1529.395609939608,3005.0327337302583,661.5369675874009,201.15228158183982,28.043436184133952,414.76922000568965,298.625,10524,311.37758889497695,14083.276752452974,4688.19543821297,38.972153425216675
2228.4991837915036,683.2765272692495,244.29666179954748,924.378874173098,1718.9777409834849,3663.2421864864177,1034.2183302299713,444.084371618479,363.24505415594604,584.7839884286601,189.02185349869816,521.4898942559494,446.6869114234523,725.3565413003645,1505.869154908541,3037.682552814052,619.3705666636017,23.14352332493721,149.75597356867337,543.4703595076855,298.625,10979,321.26390004661755,14497.390968684967,4759.8341188332815,39.072351694107056
2335.253928056683,72.65713754211531,497.7964479833594,299.79026005045796,1221.2405301668537,3996.3658958538203,1127.7180528050294,517.0886709447911,602.8834215877922,842.2496748020134,341.1096698886095,667.8228382766628,598.8994457307606,839.9250016573181,1604.2759468437125,2948.4764264826954,498.4686118679594,161.0902924223085,238.8063955410619,503.9957067764429,276.125,11643,281.5086552464137,14715.05728595827,4842.499901196951,39.17256283760071
2435.556353572535,391.7620792056026,855.1683837256436,426.08351725859904,1330.2471189771056,3875.105666128975,931.119261951479,518.5321291040908,579.6571921840555,630.2369186594622,93.8081416445255,367.79649729060407,345.0387889349358,546.2801537425291,1315.1787700512223,3233.2790721555316,766.6032601812278,242.73889109467274,420.5595894157985,768.2728932856359,299.1666666666667,12064,310.21980333350086,14379.623534272332,5070.1977728403235,39.27275824546814
2523.4872683459253,738.7070132792983,1123.767282981355,792.1338893360172,1675.8807714903598,3542.4746721668453,576.9120392272526,365.8467263382383,317.4614151637833,273.38302651163747,284.43839300042356,214.37173079489995,441.85044833818137,471.838352155626,1275.8542099099268,3222.063383794678,637.7135832249675,345.55500685406315,382.6028368579933,499.2756480199094,299.1666666666667,12439,315.5683600042437,13990.170063422998,4807.169639855805,39.37311792373657
2516.9801166563066,709.9386832759126,1104.7996692965148,761.334392532476,1642.994388962413,3576.6515788252113,610.925509528152,392.70205481847404,355.6843148154318,283.3610800291718,490.63058097453705,294.9955781113187,610.0394685739636,549.5678529307194,1333.4950225122386,3168.881925696806,546.8061100369731,432.4356891902653,382.05441928106046,372.22568989467266,317.625,12401,286.1148944384068,13714.875516993518,4831.260428512934,39.473466873168945
2533.909756047765,592.9720539200517,1143.8222346781363,724.4609207763119,1601.3502455750133,3604.042180096508,578.9890147719356,544.4231386883831,373.79070448513863,127.65952505588395,624.9281557238797,413.38494817501527,745.4188003304555,671.226730186561,1449.363208046113,3051.8700633253734,406.41832226401885,426.80779394509494,265.72681530667523,392.4734148002931,337.9821428571429,12163,293.9888040094818,13595.024783047842,4997.15094270246,39.57370948791504
2516.3964607613348,596.711301619543,1099.3022519452686,684.9395817773296,1557.2491121634114,3655.4469562247655,640.7682927874196,580.6617169883458,439.4113230029666,53.71732437389737,409.1701097599075,201.73999034810547,522.608707393669,433.4374085448108,1199.9686700547209,3314.0899296668927,669.7243592979692,675.2738818150286,572.8909228342734,67.60434994437254,359.2678571428571,12232,306.66885419530104,15253.520190033383,5231.108586904329,39.673821687698364
2510.6140730761085,595.3921447532549,1085.6236141419272,671.7778381961994,1543.146120429274,3669.821579400923,654.0677381268907,592.7647854664687,450.280240387259,46.50341309188453,186.30783532844094,228.55595401448068,581.7583645951486,544.7750569838765,1326.894133054795,3122.4563885722055,376.4755168794901,517.6410322925005,185.10512702633577,448.51887796274593,359.2678571428571,12246,291.53468652951193,14288.815746523247,4846.8475158891215,39.774126291275024
2335.4591091931684,550.4671846985394,707.9824963225869,310.14034119657697,1249.8602180144148,3868.1705788807517,737.1487812974509,769.4831038084072,373.5579164889461,429.82863938745646,197.04282406085488,245.51520920912506,602.8001683280232,566.8860978908808,1351.3503375162418,3097.9459471784235,356.04118106353013,489.5295273757724,204.68221109945577,420.39837952867185,323.0178571428571,11461,284.40368282605436,14267.324155026949,4825.959798706532,39.87441396713257
2117.0530433190206,687.8081635414724,387.5600267042189,427.77682469227426,1341.481254084269,3720.2301082526424,586.7432236170721,645.770998070586,193.05551807047814,617.6223060080894,231.39423004078805,304.572209392307,655.5767244725632,626.7988585242375,1412.427510130135,3034.151221793107,294.4301644750923,421.72564577210466,225.41489080693052,399.25261593265077,296.0,11936,285.8365556816978,14310.036757102811,4940.459890544815,39.974666118621826
1958.38734640376,877.5537300622246,552.1788241867848,785.5452842685448,1672.0784070218565,3394.4753947786558,341.9666299780765,359.2054615227059,289.9721718037218,480.5381314409664,152.60538670988498,151.86233423579725,403.55616647215123,472.76751268525794,1284.4959824398795,3097.896435406191,299.8244278026265,424.3029311511909,184.0072559158158,574.7197548996616,290.68055555555554,12294,285.10147430037387,14062.962409563961,4940.190834076732,40.07505750656128
1899.1409084667982,931.4160121393144,668.4378203358158,885.9641574118772,1779.317830606007,3292.74312342185,220.55067329775196,255.28428492800248,251.01387001893002,359.1452665374195,370.4404484970509,369.2623419000289,322.14878995157375,610.8281305027949,1422.8222961645142,2920.417624649859,200.98721686558383,223.91792779676075,391.7882055533267,442.07356526496983,290.68055555555554,12411,271.5162740808531,13800.076208575467,4761.654835644649,40.17529606819153
2084.0508613435795,911.5265132547066,393.43397976798553,809.7549126302706,1697.8812500610832,3331.8734816254782,437.42376131384964,326.44124429929343,541.0783283186191,417.6404640855031,600.1724398771781,609.5209567689324,461.5466396291748,824.8234884031073,1623.8883007112279,2711.773080078857,249.61943483888325,65.25210865303004,571.1942302672,278.3455223258139,305.75,12128,255.08408865975738,13565.141047806681,4836.545835469393,40.2755811214447
2300.0936235483364,1045.6196159834199,301.64462288358857,972.9124368684701,1858.7742442169906,3151.799096866105,508.4467133632528,292.3413401282353,645.0543794192188,234.85169399988868,512.3427296159022,512.8818422346131,365.128864717911,736.6187230016503,1541.1938855252463,2781.549424694416,303.8658670182146,140.89867634712203,611.2238715785172,324.8269464574635,323.29166666666663,11858,279.9070459561401,13636.740288383142,4803.559833411366,40.37581133842468
2529.9403473146726,1257.656365399277,475.2092402887067,1220.7957208859232,2109.4337709856723,2899.487906737147,445.2903327603109,191.88410204392625,513.4633462527017,84.16187067310902,397.440863366021,393.9715069560621,222.36117849224453,754.2405642202957,1614.039805438589,2633.4329639904204,464.11385881517646,224.31629246605567,666.2883885133277,119.45515920956932,278.2222222222222,11610,250.22074061427261,13818.976883506275,4522.346389061117,40.47584939002991
2222.3765664661073,947.9426639469071,164.36110065835882,948.0712991120743,1873.37059524231,3086.905666905152,741.7058926436647,497.07336073386557,829.4206092744548,245.14296304962795,472.3539243013188,467.6706196169001,390.02991442456613,933.3427634198615,1805.132840383449,2417.9711673448046,756.0254670502652,524.8719064803812,815.3598251216114,308.01327044080307,269.66666666666663,10325,269.3353599216989,14219.936148646735,4796.143753513999,40.576133489608765
1941.3446929938912,666.1218519043956,122.27240272769502,912.3025645581132,1911.695116695663,3004.2098119599486,944.4425774419869,659.2702736133347,855.6433007004922,373.6438844611422,396.47198822356955,378.5487528666244,273.0933928005882,823.515615210684,1695.270036844993,2525.7143415799183,747.0782353825822,516.2766958671647,868.1047423862842,265.2069447648781,263.1111111111111,10612,281.7694221732953,14158.68155904222,4868.468216795896,40.676350831985474
1620.6579881612465,390.78877421918173,440.1143342013861,1128.46030313922,2179.8118035027514,2717.322459770157,961.1471947093308,620.298376942616,600.3055109011082,330.16334002212415,377.56249039875615,354.8809279574706,270.6888265654756,826.6518665234034,1718.1565287745161,2482.3382652423843,773.9697695391008,527.993011101636,809.4914540709273,272.69273940914803,253.3,10923,271.97350561412156,14211.696822465128,4754.243675338421,40.77637839317322
1671.7141465693096,420.5607188575806,395.58116190543956,1077.3281787906294,2129.091012558189,2765.293063524567,997.8300199617275,663.878207601402,645.9322506506413,374.62492479497746,342.01175384149633,191.53915129744524,454.4666784752799,789.7658122881272,1828.9511729156338,2275.3580621234923,1106.0609054871184,760.8476468649872,552.567308777082,448.8918475105903,242.39090909090908,10888,264.7841219308439,13646.30524107167,4756.77538279429,40.8764271736145
1929.4058381590294,566.9464830860804,361.9109166275522,857.410798043657,2010.8184585304261,2818.1891555491425,1245.29052297226,860.4778314468845,571.7569319492848,507.31610349990007,365.21770534570265,226.1970843663705,499.37841248325515,842.5241930172001,1882.405591537781,2225.0785529067166,1048.2580575820848,691.7959081855641,542.4942274843327,374.07013598647404,261.26363636363635,10592,275.9570155814396,13521.769403094278,4765.391864184302,40.976460218429565
2341.0176301800107,869.2961356129283,738.6569347454987,872.2393177147959,2220.6694018875555,2555.066568154212,1363.2160579661786,833.3686722569157,138.62233757902155,365.4839950324969,368.7368378301576,234.41629043570586,503.98813939427095,823.7845263227736,1899.9551995274587,2171.431916761039,1105.974253049816,698.167337152916,398.7035008475745,295.7797673363665,225.09090909090912,10175,267.88011086249315,13371.62714620772,4741.95169391374,41.076834201812744
2377.8725502749267,895.8916443705774,780.9463955820504,905.2193157498621,2261.7715522345225,2512.737770645635,1340.1662832385095,798.7431093337484,111.74877072681396,324.43486446469524,387.9589903454376,302.6035964906978,373.4890540305067,552.3588562746188,1736.0490468209434,2271.81696437148,1410.0740499019494,937.5035569371684,121.36563210295739,447.20881212463246,242.47727272727275,12658,280.9432087246146,13821.160762158124,4786.227251364656,41.17695903778076
2419.0301630093827,914.7941008639476,825.3630150697456,958.3212291061643,2304.564473149077,2481.9155893358466,1288.2797678575791,762.6875355735617,163.74840574408688,323.00102676078905,457.0641372689513,388.7238128672003,464.0293822346173,633.2214983601718,1850.9701984755607,2150.9415609324783,1278.4806910368723,793.6512797705586,263.40345637898236,380.20472075929206,217.5681818181818,12639,283.0128904754357,14475.347866561757,4613.179277323067,41.27716779708862
2204.0109746258963,941.9324969515108,702.4672187320213,717.0892543160388,2257.4887592156883,2416.5968651686794,1419.8236637537514,688.3072859685185,287.77084885965945,37.52809372556248,586.9902426825319,547.3997270093172,592.3305775535174,698.3138944219127,1980.7514282569068,1980.4368373293332,1219.1213335575353,610.8625694830174,414.54111127720176,213.75223616916395,217.75,12944,290.6515529327562,15193.642076207616,4810.479556312379,41.37738084793091
2107.642734858642,1084.3799238562583,803.6708677566747,749.2828413991318,2415.350941226918,2218.2487554025806,1305.0482583308649,478.64993491529265,457.9376917739598,189.07761286945896,541.7339917582888,502.98823412726404,547.2916329529685,654.2542732629855,1942.323811396751,2008.043509265628,1257.0077798263687,632.7981501524621,399.59619008481644,178.2255083247469,216.23076923076923,13194,298.3694833812857,14396.159769848433,4911.459429181181,41.47745180130005
2095.525564784937,1126.6135113895955,845.1414204715293,785.8861243971394,2465.464190030917,2168.0758183908865,1254.5014379009797,433.3574786831593,458.40404673180683,211.68830801078406,161.14967296686527,497.72580874028404,542.2937673439222,573.820629483324,2119.3852524244285,1632.0855030065911,1157.5380009374333,57.557009571256145,964.5853853729478,749.9384093661704,193.58333333333331,13234,263.4988519725818,12015.679533230428,4704.573420641096,41.57747411727905
2206.5854373192346,556.4393293412926,257.3556759382602,197.76469322237858,2085.931701666398,2383.0359424418725,1634.8921035963522,536.4207790319908,1045.5167748996428,794.2023005548604,90.38443837850852,379.2513265395203,410.5072707285243,428.33190154170114,1963.0733771783223,1791.6277645405414,1354.8117160635834,266.21641735873925,1137.173923994152,908.9032900248721,218.31060606060603,12645,261.8497658026343,11815.248695341666,4569.856522084836,41.677528858184814
2278.730330625139,240.40339846270842,132.54632600350294,201.37098675208884,2175.384701480423,2253.125147027458,1574.0693665823908,468.26498292031346,1118.7383814397472,854.8772868854733,79.24314489044458,370.61801954419724,398.9408570579745,415.82019086156885,1944.3844729320087,1819.037369888432,1371.1496599313696,290.52909244180665,1117.770044307665,886.0203515409164,213.44696969696972,12333,271.93492713407,12958.807568128781,4529.935132061621,41.777549743652344
2380.5049884720997,209.07971576487355,557.5697175640825,636.184887700994,2574.68185253676,1841.011564033038,1186.5683353562306,204.66707388021047,787.6494879398157,493.09607531285445,95.22818592619633,401.7032193284392,438.30177666066834,462.43472241927657,1999.692111314451,1760.230208376004,1303.393287696258,228.20371122766954,1039.3936444300716,802.1342177791056,194.91666666666666,11897,266.20625882242155,14090.24327499916,4597.067062003904,41.87768793106079
2405.4956470103198,336.56399973926545,678.4282366165803,744.487233609236,2692.752717258681,1734.820997098433,1078.6356247196343,98.7938902895956,679.6205499611823,409.5878730977669,603.0573271972901,267.34850299001084,474.97764117393734,646.6953632057564,2227.963008388643,1376.6819147017986,922.2716791052893,280.18925838387247,662.3535482388664,362.04421780485734,197.24999999999997,11764,235.29884811635878,9236.641267851006,4460.481196542893,41.978068590164185
2412.8290625621994,140.00471197589815,480.20254683949196,684.297305417997,2565.634755544947,1783.2310507741192,1096.6424872595624,494.0923861658592,607.0885832457811,227.39980416066535,767.9942112761205,424.2972504142357,616.4983351862554,794.439680305584,2352.5485345765537,1242.0316115945943,785.0066341673672,440.8235932083751,508.5950317852764,207.5360529852531,197.24999999999997,12177,243.40555963724557,9602.643563182533,4549.782434503504,42.078365087509155
2584.7645726485143,613.9297314480589,783.4725537008211,1088.6149783075941,2854.224295958407,1502.48054783581,778.5001456967692,771.6900668397714,186.26713038749807,275.06325384491157,588.8514067663383,275.22617809622517,480.67317869199155,731.8429039012822,2285.9610437215174,1255.7394068361682,728.1690128754367,715.4570068079129,254.440065425613,253.879101973603,197.24999999999997,12653,232.49544407509723,9181.355555120823,4313.45900792673,42.17872476577759
2429.404521862519,328.8817345887372,494.24202241720144,799.5215598551629,2560.5442860559406,1794.845826863372,1073.6777528378648,921.1402318707646,474.24436106346303,441.6182520227518,240.83196091412327,495.51863080997725,492.2215133325787,809.66233841921,2125.933708638388,1542.4058844976669,971.2117399911596,1278.31253957907,418.58846974448215,727.1047616616115,200.16666666666666,12381,225.69635995468803,8300.020257763086,4495.356548688689,42.27914595603943
2137.288471081761,352.54803628654247,127.81182190298105,598.6336438637505,2161.1470491278533,2210.8575420453008,1413.0533433206592,1448.188094555907,738.239261714264,892.8032886562455,322.0712751259731,617.9034237133353,605.3893274380059,918.4804546341475,2192.203881266681,1528.8195399290269,949.1596341616438,1336.0849869342526,414.425477956848,772.7936648380303,200.16666666666666,11806,267.9559133862622,15572.465198632663,4608.857630052276,42.379475116729736
1864.4713551994075,927.688540157846,697.0955416172477,1062.0020665562108,2266.206934163453,2293.103517728438,1383.4473369599039,1622.156733964018,672.212562945013,869.0363126129439,174.48974460324686,474.8983539972508,471.02876997475954,810.2090400082792,2046.5556043988147,1702.4006519260304,1096.4750105288495,1522.9843451656739,534.5706189755116,905.7767300123022,220.02272727272728,11243,278.50490757618,14579.110683869501,4654.383090385894,42.479708671569824
1714.5298804069866,1288.0968477347344,1045.141085428998,1423.4684664401348,2600.6826025617625,2074.506329469438,1099.7090722924622,1376.8493102278733,372.6210121798663,522.799363896578,211.05683521187916,494.44791749435,478.6531491083649,799.1116322239717,2042.9131391973633,1697.8742927148683,1118.915857053476,1532.3354539159745,587.8861289542141,970.1678896136999,226.1893939393939,11066,284.913663560676,14566.526755687732,4677.01844977383,42.57994794845581
1643.1678010989006,1446.554883681077,1183.8181187855917,1558.3024996236595,2765.0763755192183,1902.826137184455,931.3753282432953,1207.873450059247,227.2117097437794,454.8319281150602,344.4917101937144,509.18056184449944,626.9060139182621,1043.0659387574128,2181.4446184646235,1695.2558074486371,902.73856375663,1344.4001330676547,201.12446682579764,572.1388132204008,229.36363636363635,10891,257.5466459871426,15842.10775540024,4594.175213510571,42.68026685714722
1901.7862828336347,1156.464129236954,1054.6353423567732,1499.9663363805232,2609.942422293661,2216.0755166645868,1086.6681588115323,1287.522864461939,339.2595272096861,72.75777637368446,623.1519615371978,723.4281702344003,870.2748703419924,1292.0456599797426,2375.174050074583,1668.0231150435727,755.881519381198,1156.00574191686,130.798398257739,345.2297997599074,229.36363636363635,11334,251.7057854545017,16272.011508763015,4856.096417953933,42.78033685684204
2419.9366593875257,1149.6329135378653,1405.0722948066477,1941.0124771306007,2965.3927434334187,2252.4462281394503,919.505496588085,868.7688309231664,572.7065344963178,557.0455128725516,704.6578014855497,796.880962143625,972.181798570359,1422.265556334479,2514.5535932227126,1611.252547988222,601.3308349515421,916.2233492407806,338.9454550856889,589.9857452862497,229.36363636363635,11944,271.12002801332875,16138.542465720127,4972.371130148072,42.880621910095215
2566.687267009607,1241.2744859885304,1554.1643103239926,2096.3450790454576,3119.77823810869,2151.7602281600625,790.5325431648934,718.2961289520429,533.2255205369717,585.946335652774,402.5535117335068,387.81124126432667,725.5920626218891,1295.8369819047284,2388.018912037055,1954.085102410967,826.1645549941381,843.8038825392091,693.1476422101621,829.3788930861143,269.50757575757575,12111,301.36826858728375,15503.132448720393,5089.966735339951,42.98075532913208
2041.8860022941672,842.8991796902392,1035.0677254115901,1681.6497551131206,2734.2073880404732,2684.8439490071164,1286.3728789554589,934.1023697771268,1064.7168876949888,1103.9900802621366,698.121454619816,520.7326462534131,1004.3747679292053,1660.5419265858,2729.495772728845,2186.7214720379775,962.7109013961043,435.4789001881486,1088.4625463032194,1297.3138784080418,243.9090909090909,11569,284.0441759079665,14753.963895016916,5487.044842425201,43.081019163131714
1359.7889149442296,487.0780748154068,718.1642908385954,1700.348206594696,2837.4124706005377,3120.4576469910107,1574.9007139896712,834.838515721833,1372.7597779607052,1407.1982105684192,467.8658914153873,272.37506453008103,754.5820292492152,1426.9524221160934,2514.7367723470184,2433.1718768499186,1226.1367584187717,611.9270517274432,1361.7452938072145,1572.2482167639598,243.9090909090909,10882,309.0555876862603,21262.046337886313,5238.201716356856,43.18125677108765
968.7770107615696,517.448765105229,940.9760325330931,2016.8564740280526,3188.328865874623,3071.3144688187886,1434.7157951498227,536.4875189655653,1141.7067506403612,1116.7172902765878,421.67478120361443,222.39259817612222,707.7233661353871,1390.3317949006716,2487.482612974844,2474.457627909744,1261.4357960827956,624.8792602512435,1384.2351494470036,1586.4272303799332,255.2348484848485,10501,318.99332740522595,20225.953314979233,5322.585203255721,43.28126502037048
1238.27711617972,546.0463739002373,684.2298711448133,1741.1262573683457,2929.103641123759,3307.1725620688753,1705.854803481358,806.6062423608937,1411.2944699553132,1347.1121609274946,410.2281509261705,569.7871008128075,468.9683646180862,1286.033460095788,2546.6706061839554,3056.4048941297183,1688.9665755507365,698.6880391849573,1512.2253663903607,1504.2398017878586,255.2348484848485,10761,348.1924679907021,19156.595535192107,5881.607143011295,43.381489276885986
1694.5529719129659,922.7057827776894,209.32556922259855,1408.521934251751,2777.1195651231556,3744.438247262868,2031.244261689128,969.7700573273778,1433.9177403292701,1158.7767160437334,603.7307279408731,775.4822436479171,672.643383758587,1480.8970789041691,2754.299492012026,2963.815782090222,1532.5526283200634,506.8650529691726,1329.5918521839053,1398.9330857579023,254.54545454545456,11257,385.308554045258,17957.32214443526,5828.327078156815,43.48175024986267
1985.926938461279,1230.8081735672595,174.62678522580032,1422.005873012607,2938.1960189211554,3852.33556626212,1997.7173653318152,839.806839389713,1162.266779974851,847.1028386673237,313.7219697884225,385.2884975596391,79.54082063143682,874.4121425055766,2246.1433344301704,3502.8531498330312,2091.6812304517043,990.17738396118,1508.710070694871,1193.6365308931531,285.56060606060606,11551,351.67491739605805,18068.966739596137,5900.1716308221785,43.58186483383179
1624.9862117376979,817.1492261704806,256.25093057128674,1159.5830923589017,2522.6354558980033,4095.2626295743544,2390.2266430325462,1263.119902903126,1476.438782904238,870.1672933129917,636.289074022219,597.1721262901527,410.386031943595,545.0235503781896,2063.798330886823,3917.8962549084026,2433.7393168436906,1267.4227980106928,1486.0668454155839,883.1526997137406,282.54545454545456,11136,403.9905295871514,18102.36291579002,6316.078292262872,43.68206071853638
1349.8802265449658,520.2336262787195,663.0288275224389,769.3172862524445,2176.3243120273046,4533.733505042151,2712.9832161150694,1441.9471750261848,1298.4651778352447,447.98702634111066,611.1969399492548,572.5255464550693,393.0587591534215,533.1194287540941,2044.6243829053544,3927.3512663056945,2449.7658330543513,1280.0746376029479,1480.175465421579,866.933838046221,311.6181818181818,10692,429.3082909048271,18209.054978174267,6334.89789060186,43.78246474266052
1248.3811523549773,599.7874971671673,999.8688520735559,375.500687383152,2173.7361621367427,4768.639345345549,2676.02101192806,1250.4593022809652,905.3940887124802,436.0905015462352,648.2095748607974,607.3446045283882,396.75920475157545,573.1611682147659,2072.779185393315,3885.433837015768,2436.2631765904125,1299.6536018279896,1533.0342702650407,867.4982259307786,313.6454545454546,10299,451.20199957084435,18155.751327887458,6344.781936718351,43.882712602615356
1274.5136801041756,760.5715415207093,1127.033375774901,255.3892066081928,2332.7474732117016,4707.644939229388,2494.6826570958165,1057.7842361079363,927.8812180267396,610.0714096321602,271.10320035167683,273.9530089130655,465.8140090682863,230.83438345915292,1804.1425075635832,4219.925637749329,2615.237575211722,1294.633982886547,1254.5412349235,798.4453525200641,313.6454545454546,10108,451.2030439987562,18590.3958964763,6509.185696952846,43.98308444023132
1220.4917326703264,582.4203755009952,1086.5781399035754,275.8355635817245,2152.8661586548305,4881.957950621056,2636.8875142472407,1095.1857143864438,744.7747873788716,703.0742704416537,99.78884871990401,300.8193030887301,772.2428527406262,101.72404293040661,1803.3688275127233,4411.748476690945,2515.1824231923897,1034.1698669641203,1158.8541307614626,1087.2332674949391,313.6454545454546,10284,456.57887673102505,18946.576515808447,6663.037252166861,44.08336114883423
1139.661981932173,221.3621766169669,1240.582219036205,426.39468795688254,1959.4261892627094,5192.712848434124,2625.9326040599044,855.3785808521287,761.3248641908981,1034.5468394530906,394.71771891287204,587.9244259011623,1052.996452991423,370.42945373576833,2068.940978103514,4241.032521704344,2275.8012384469516,986.1481100294399,1368.704726310097,963.9550044757299,311.8,10657,469.69181020389186,19208.309188480445,6587.387171755154,44.18378019332886
1113.1402872988303,189.68823356723448,1584.505925750594,628.536097073217,2115.0734341046923,5230.699513195632,2290.178876491598,512.471063513216,1134.8807061508205,943.120018295431,131.56528839339472,327.20791919162326,844.1132114593964,203.0970648712341,1828.7513954400079,4459.252507220034,2413.3350119864845,893.1091811194211,1269.2139556288018,1140.6426664328653,363.09999999999997,11024,476.2110515379643,18934.99196264003,6730.648095499022,44.28380084037781
1128.3637649713507,65.73560458854513,1459.770406986312,618.4185983473209,1992.7165679963985,5327.340521931107,2392.3641298579837,483.7267464477106,1152.6471508050179,1070.1165437448228,266.2042869149654,90.42032407195984,715.5788078281264,470.1609022388438,1535.2692993505755,4864.66037851757,2420.6667837991,497.2574882391725,1563.910692702153,1451.197779027716,364.9555555555555,10910,480.36395207361323,18530.41066378516,7179.662178818035,44.3841016292572
1120.8895002640527,85.3568970076122,1474.1589796339783,602.0648939060525,2007.2193344374862,5308.541837036936,2405.513106657843,509.496680940997,1127.729573182898,1090.3275589328646,479.1453760831176,316.26455076280445,934.6379024685051,617.4061988280416,1783.8014432739326,4639.122122031939,2264.8702514185693,749.921499174531,1307.78457953847,1343.2141813815333,375.77777777777777,10912,440.425494846305,18412.12058263027,7055.068564964065,44.48428773880005
1365.1013538150385,344.0920264528621,1304.9619018047163,1011.245518634042,1920.5451753040288,5504.310452524381,2019.9454091111743,427.72263185421525,1291.5159219455545,661.8473862637702,467.92546284858935,305.8649682511498,904.3183678996692,664.8582654755892,1755.0542049783292,4703.077140560357,2146.918887538342,723.194481984808,1385.7349651003244,1169.359869198361,367.22222222222223,10511,445.98289009369535,18474.9724355849,7015.730714919095,44.58451199531555
1115.6503074452476,82.61458341011246,1279.8008137623654,710.0129048797692,1723.081534853573,5656.182018584448,2311.841091252844,80.9095467596325,1571.8821277889144,733.4332426673767,192.88269192965186,295.9639381837351,333.71358564484296,674.9594778898044,1173.605036172573,5298.759566100488,2182.5153698995805,326.29815839267474,2025.6637145107009,784.9023746335748,377.1666666666667,10826,492.80287240118,19064.41148307551,7485.382048464834,44.684521436691284
966.0237105533353,254.10640068775365,1211.7227320661436,672.5492936856324,1523.6677977739878,5860.328398786419,2308.981752789962,184.27652912088902,1711.7191140488378,559.3564642538356,439.5385564263684,547.8963218337134,265.2448608091774,937.4463268028961,1326.9398328595034,5177.254080729988,1965.8018484131142,530.8195024699776,1697.6930432006673,1024.424031315048,400.0,11072,500.68948190695494,19278.35982428617,7223.994529058943,44.78478956222534
613.8174937605626,1010.6209476652698,916.602317672841,1258.9620204953712,919.9016605040176,6420.9280427346885,1698.9744460753654,895.7278963365812,1455.564631658342,617.8628257456969,615.1422217046562,729.9401371940872,322.9441310464633,1124.9506512959758,1399.359761076026,5178.910222769876,1781.7969118076537,736.3145115047703,1509.0978949960831,1124.8566576564272,385.3222222222222,11789,502.30210671730583,19399.224810432068,7442.019341225542,44.88508892059326
606.1539095431912,1113.9860385255865,862.4289889369825,1365.2423079525306,946.0122106527631,6400.531936456379,1604.332959955651,899.8262250159476,1349.716718412454,679.1798718067228,123.7295151764227,322.413202280221,263.34878896292764,770.0392178433922,913.0764435358203,5624.769027254066,1857.5358681101363,856.9317505138752,1900.2592516844259,744.2547264985627,404.41111111111104,11933,616.2373309077482,18848.551297494334,7845.712403571664,44.985429525375366
626.6737936154065,1320.8457223314404,699.4520326247163,1550.3007765631853,1149.6107875546668,6205.92484420184,1585.6776545509529,723.9583270732456,1305.5946957371468,592.6523760335994,132.61200372490944,435.34947912628354,349.4759492290194,987.4066934128645,878.349244730047,5638.913607776481,1628.863909284932,857.2505397792055,1669.7959751469693,855.2713101445859,434.66666666666663,12139,647.0528431879882,18556.531811168006,7660.416813019633,45.085753202438354
633.7011641478297,1187.5424937654625,882.6667306774069,1499.5500047171788,956.2329027697285,6400.471672624536,1412.1241831984185,916.8438964853075,1112.9262903299007,795.1410420586315,222.03545173160126,485.77922454725655,442.7138963964873,1049.902682038438,824.1672254131025,5720.836967657992,1490.7364551887665,973.4332219641922,1510.1806608817644,1018.5175988611945,445.68055555555554,11969,588.1357182780437,18480.451551336733,7769.545561857014,45.18592429161072
612.8583868506076,1358.055470494664,510.2758835598351,1370.775188037444,1164.6967470816874,6294.408874455588,1738.1392580523395,1001.5532093183749,1310.8922806038418,940.83322576618,55.61374212861202,296.89549425966453,331.04895484601025,725.9248830149189,751.7514947531172,5858.716174150757,1688.9599836680356,1252.2854185621086,1555.3377209843388,1356.7482421363152,466.9861111111111,12318,599.1127145955254,18771.190079907272,7955.071391415383,45.2860541343689
647.8543587139316,1409.035204502648,400.4407294240889,1244.6892507424868,1155.1882655199063,6411.523186610499,1729.1051100038362,1164.8125199861831,1186.1199427753045,1068.528552242003,114.79693921837082,241.5649848320932,389.7113970848859,700.5032189386777,689.7057288528017,5898.809412610858,1625.162509749591,1236.5745645353238,1520.8892555381226,1308.194834569292,466.9861111111111,12513,705.4936822641153,18821.430721914137,8024.637306259317,45.3862681388855
732.2341827914445,1447.8453407872043,434.30288183024686,1011.5079161691907,1017.7233131644879,6647.576873597447,1534.5826727692533,1241.421470209609,985.8457876872474,979.6469792311251,283.7142963594724,76.93236193384945,556.8130745799998,772.2780730091267,634.3024041985402,5834.951842285895,1625.4218021945917,1091.44410067823,1657.8818174329253,1268.3280445681414,470.33333333333326,12721,685.6378718487414,18971.70012066821,7921.070428316958,45.486332416534424
1096.804801605969,1523.166431333479,979.236840872553,533.0643492293542,455.7498594071273,6964.489635847787,1043.7475851776328,867.4683103485787,1382.0502706530588,459.4196425182826,625.7223385668457,273.00501460909487,878.0736626387474,1048.4378236510393,760.0862518430715,5599.269027668237,1806.8338230116,909.225649894024,1918.92230727842,1380.447016912335,415.66666666666663,13346,592.2118451486742,19334.04892187286,8150.678293122328,45.586398124694824
1364.574943844819,1568.4928243626148,1333.039772589853,640.8331628329945,138.38928366215387,6849.546728865652,1197.8234529151935,515.5807963570643,1659.7349023927634,755.0112539140849,215.33887134969638,210.65763679815936,581.1573302171024,613.0851624343637,385.70307424728827,6019.404389826462,1395.996169439061,833.513989229736,1885.4079712958408,1008.9489308691841,490.2222222222223,13688,620.6030714816391,18941.243927886637,8444.96830410104,45.686768770217896
1352.9259432636163,1572.1286186284865,1320.7309482896821,622.9860297838173,131.1950864226809,6867.52192931584,1183.2498799082064,506.6665727532577,1677.8256772891668,765.2330202860354,166.2844023811594,427.31897183846434,567.8189842130148,393.76230037275207,164.0139930337559,6245.254010752675,1196.3312812351671,656.0522826962739,2152.5254741032877,1020.1147539376942,481.5277777777778,13674,560.6552209352012,18820.284580704247,8618.487511690753,45.7868869304657
1543.1835758658415,1478.263895303387,1477.8478631547698,914.3956215103208,406.75897949776464,6631.7909861708895,1304.1150819230536,791.9579819523585,1398.937263597514,487.7787359474787,208.92300572795924,420.00547014592877,648.4818043545441,545.1917640691622,308.4546239229166,6062.663186332362,1316.9462403228306,918.4104943127203,1857.275605301864,698.7986942962833,483.00000000000006,13976,563.1337140706146,18908.087902169595,8668.492866447868,45.88722610473633
1491.917324225624,1530.0118905291934,1467.0736777069883,855.2406862227366,332.3173744886103,6622.49425541161,1364.4729880392745,748.6680427303177,1366.9658780089376,540.421387748534,498.1027295046879,710.7450845787531,962.5459824531301,794.8137547558714,517.6067700127919,5765.586372089897,1565.030737498714,1157.7554090872802,1601.9740078405384,485.51312700779937,457.22222222222223,13882,554.5084238373977,18517.167735537303,8681.698820093283,45.98734164237976
1741.0566709472007,1192.5104933122657,1380.263446935875,1007.836011653776,614.4715681593108,7022.431114316089,878.9718685465112,557.0264226836524,1862.116119033418,958.4426913815479,226.16057139086558,296.299504206162,277.0863634210865,257.3610693097587,269.3073205300327,6435.5929746944885,1216.9355191959044,413.01438041447807,2189.2153294008885,1266.889962087253,449.8111111111111,14363,637.2999707720867,19606.40665832189,9236.57976608678,46.08740592002869
1937.1913152128127,926.5291030277755,1252.8341152680325,1039.750454017858,765.9025491145943,7350.471902456052,855.0233385486456,238.7442842611424,1938.0977402817202,1124.4865868286233,612.498628665774,693.5219378450938,411.8501486211752,200.67331448749698,327.0926176026403,6095.425541470938,1642.7902644091996,871.3505209226031,1751.6671955587756,754.9429891276735,488.49999999999994,14733,602.486480110449,19142.89050414192,8477.334991772346,46.187520027160645
2515.1146591886413,491.49803154144684,973.6665024909429,1133.9951845286998,1142.5075640747198,7683.39867216902,1736.8141333574877,722.2012435716674,1250.1399019878243,769.332315839644,783.611331012047,870.0946009317988,575.0545700875821,363.46051062641436,430.03447876388327,5955.511668967085,1715.2655107872579,976.3237323969453,1740.5868103917314,732.9060953947783,390.49999999999994,15619,641.2035493419662,19513.317783743827,8377.991015166674,46.2878634929657
3229.218429648598,1071.997123595485,1111.1882572879497,1408.4371300233736,1529.3544132180011,7207.786982515394,2445.853180495684,1449.9382492378656,653.7849061578936,229.42685400715914,783.3911693657504,871.9304173517647,579.2966650296441,359.54521242413466,410.5126519106161,5951.699940708154,1676.7582178031444,945.6329297571032,1801.8896239623289,809.1002644923333,390.49999999999994,16642,648.8448870682648,19719.184072113218,8590.18237901838,46.388192892074585
3550.3127423692326,1424.025081269238,1270.1946615104332,1508.5008757162677,1599.132948682274,6781.97578877391,2464.8916318691017,1499.5409699454883,1076.5843004060418,504.93845763753836,790.2790202865208,689.0011098407658,856.0731988784014,1160.5994200472878,1398.428818769651,5911.524558885598,2583.8141498199216,1745.977615002345,1646.9608743202052,812.6940071184797,423.51818181818186,17070,588.494092422529,24132.65485550114,9301.588383517199,46.488200187683105
3550.3127423692326,1424.025081269238,1270.1946615104332,1508.5008757162677,1599.132948682274,6781.97578877391,2464.8916318691017,1499.5409699454883,1076.5843004060418,504.93845763753836,790.2790202865208,689.0011098407658,856.0731988784014,1160.5994200472878,1398.428818769651,5911.524558885598,2583.8141498199216,1745.977615002345,1646.9608743202052,812.6940071184797,423.51818181818186,17070,588.494092422529,24132.65485550114,9301.588383517199,46.588494539260864
3621.5447329417902,1478.2432589917385,1216.1919193846436,1399.9368004801458,1466.8000567525905,6799.589768155133,2356.742135979441,1412.4508061196746,956.4252785736212,410.7023289368834,768.1259207543803,674.3134213120777,760.6540051189842,968.6453920110857,1114.877189775266,5991.701128353396,2264.5594440490163,1443.1931413132986,1218.6266636265868,362.20002235018296,448.00000000000006,17203,571.3765280611254,23686.548265330628,9361.994516087518,46.6888530254364
3743.8907551796674,1547.7401809464504,1036.0939777374217,1121.4601370449582,1226.560164257076,7038.056351489123,2395.68284800335,1557.8830782065477,792.5217941569864,629.3982901383467,536.5689638210582,429.34552051126974,449.12181322602027,707.3534494112795,986.9231438890625,6392.387428172101,2542.657476290126,1846.3853050734476,1082.7481335833015,872.8442065233742,432.58181818181816,17490,577.4113506775,24095.94442057737,9663.708624863251,46.78905725479126
3805.536198855633,1557.8689935236575,872.3689996433538,969.7998858804425,1221.2751493322396,7202.668487495893,2580.8418018609996,1728.234894012655,964.8762998582589,711.8456504953147,200.46320276289012,22.856830564414555,508.4553556175088,1017.390684817064,1378.5966415935748,6180.444233622777,2578.9810538412708,1672.798825967958,1231.7392522686769,542.2807710078447,432.58181818181816,17666,605.0553674913072,24378.01406399115,9485.947670500875,46.88931918144226
3928.24314398948,1544.864088977319,423.18771949559226,933.3933761830069,1571.7732767549296,7316.197725655072,2896.489119599254,1796.5199164484766,1294.6359614422147,486.00156192106726,428.4832444276381,516.2882633349088,1020.4983570607324,1531.8006392772518,1697.1061713411727,5670.104807112219,2074.216345292191,1242.5804931680436,730.6502362041487,841.9071614807011,432.58181818181816,18131,558.9101682345781,25198.778320949743,8919.285470544397,46.98933744430542
4218.0457282584475,1667.8125765960963,613.9612033860268,1808.9218182653822,2572.6626532617474,6717.50195278183,2765.0117843342987,1071.9055857056717,1187.2665036934447,552.6060148464438,455.5678083137298,545.9760441653395,1050.6586137829456,1559.2857864387802,1710.9155187534407,5644.719943478393,2041.0139227424202,1230.8011175325637,693.8565909456327,881.3085408472599,408.09999999999997,19135,559.3701947198662,25231.31468293683,8841.614199105872,47.08948469161987
4364.7870510300245,1793.8581119754274,1088.769417664005,2282.495779503578,2896.797568652452,6233.17285941989,2360.430016959927,600.9715503741254,796.4927258591694,802.2683972808211,278.3074229440634,160.42899578748356,533.3054422985978,1248.812021583456,1807.0166537280547,5852.484917870128,2469.961303594671,1107.3027821378498,1097.4343920581177,680.6182528826329,439.51818181818186,19631,586.4388927715736,24435.477174081778,9240.9546124058,47.18972730636597
4449.836990508368,1856.625150915665,1390.8132545952362,2535.2942301041876,2920.9721040605223,6010.485190257298,2047.6526501874844,699.7556762856861,548.7506971200386,618.3521233396547,980.9726860901783,866.4549570743953,865.8022692031332,1820.5881099112262,2513.67227937193,5175.474700527096,1889.694853281798,757.1919283704199,431.98717442172466,1039.0543693903721,439.51818181818186,19975,548.4509848594898,23252.352029498485,8746.50236008183,47.289937019348145
4435.238308754358,1866.4359767365509,1318.1868077428142,2509.837007469861,3002.836846036323,5975.2142904444445,2044.0983098718475,571.3348744072642,458.48021290027225,745.1047718038502,889.7423962594709,772.4669125388763,802.7389672757892,1742.9382617418544,2395.016812635778,5283.954142491723,1974.2351738553593,832.2290945462039,590.755419235557,891.9972540476177,424.6818181818182,19860,566.5953892341456,23325.130756512335,8908.78303448134,47.390199184417725
4426.684301779485,1767.0802004350758,1367.7623675722152,2394.703307881493,2715.231026330015,6246.14499582553,2305.4480232242313,653.6519003831927,725.1084674262518,861.381706934241,100.80939167884436,255.27265622837663,39.85033834035794,1074.3523999568501,2324.7005000501244,5625.758147433127,2399.224561305318,183.69804912142547,524.4872878211504,1464.142981756992,424.6818181818182,20131,569.3372432450437,24193.582386929884,9034.313023804938,47.49034023284912
4374.458045563957,1518.5176549497708,1380.1420739365392,1927.7729538265125,2285.7226917972907,6743.03072086645,2786.4043659033373,495.93549945448325,855.5898821360051,1390.7179942761686,347.30667460028985,620.2183025696384,379.2625324498434,1195.7081005257469,2737.321852945497,5276.581769798844,2048.5988646731494,511.1714568688409,159.53897468945576,1124.7935861234946,396.7,20743,533.7298419063535,24612.880949380233,8630.825862116686,47.590569496154785
4313.297155075728,1290.5306807378415,1518.062232265287,921.3225396481365,2557.1763680693043,6902.245445538863,2889.7823492904977,680.6510799885662,702.1609265455463,1423.2286658216808,327.19148518918945,599.8251837820918,360.8385135442356,1177.0027453888235,2718.4398402235406,5299.0257736932435,2071.487008531358,493.26667472321714,141.73671672092078,1149.3082228567746,425.6545454545455,21746,557.1340594549121,24674.224489197768,8667.700794364022,47.69059729576111
4330.306055630759,1503.1793381674377,1829.014917647208,359.60642081431337,3528.817181513043,6283.275881927742,2252.079826412205,1139.1237750376247,679.8868352107802,620.5239104007131,321.56824228559947,594.9754810635676,359.41564592302853,1173.0658031297598,2720.8599127694006,5295.794111255705,2066.0300336486757,498.93311641171636,148.82117288292736,1143.7257192730851,362.4545454545455,22769,536.4747847513627,24695.487439628232,8715.666050247935,47.790680170059204
4338.521446479658,1633.7167162146045,1911.9144529367072,698.8570937432813,3846.573807566284,5918.299198842698,1886.8074790914156,1094.1667519499729,571.0461876631939,342.7090006071213,577.8915387321919,414.2726902829223,790.0924523880847,438.14585550850023,2864.0270604747684,5417.901180480476,2031.6487669902472,1203.6378116965973,669.7965958778482,584.8677798514706,386.58333333333337,23129,504.4207722067123,23697.54983126012,9029.320396461368,47.89090442657471
4319.479878580125,1697.3291816905241,1884.5125499086316,967.246471264273,3927.385232243089,5753.79614496596,1798.7622979763828,823.5734287128457,284.69764478639604,614.5449557767222,659.8794715425247,513.2468974299962,862.3727624320821,588.1842110520785,2987.8749756614507,5242.161798956498,1897.0557081681818,971.9336913198771,379.017164043004,861.0355919092235,385.58333333333337,23395,527.5819594251694,23465.29960184416,8948.07537788882,47.990909814834595
4332.025823963595,1698.8880862358433,1915.4701358212053,929.3517125663268,3956.2883954142953,5732.401706462902,1750.445133781791,867.3521289533921,311.40693871798703,599.33985209128,804.176042139101,658.2754779831363,992.7323336354,697.8498680367454,3114.7782494938124,5114.145224553164,1805.6984243991697,893.1209546565665,278.1632955834699,957.81293329396,378.08333333333337,23373,510.22617658669435,23336.977834292098,8754.539508264035,48.09102153778076
4233.221727252595,1620.0042523921547,1666.85780825757,980.9153299766707,3664.208697187984,6027.923710769579,2048.083805615343,1041.1744200515873,583.6298654615804,302.30998742746607,288.2624974470675,162.65947163624006,706.8436553445812,147.40009586315114,2856.4761965003045,5415.92550070207,1827.0612520735053,1394.2521439883396,734.9697024357334,726.5604807888934,367.3141025641026,23632,530.6785153460194,23988.265305856938,8905.841075765704,48.191203355789185
4294.376366933914,1688.0204967572759,1801.1167213420815,1031.0770555247852,3790.0046892970513,5917.816307554024,2027.2173621759384,915.8444553343646,530.755559371172,383.7609255046348,421.2216660351517,348.5609530059254,918.3876458546158,450.0348347940901,3158.6259202600913,5063.732514825388,1809.6699548581794,782.6468243844078,403.46276305578465,888.4865740739194,347.95512820512823,23554,501.62035761017205,23939.599003277966,8984.452761205903,48.2912437915802
3825.018466959822,1154.0803519121607,947.7751474324983,503.2455252518288,3556.973425490958,5967.887957220898,1367.1483769963609,1186.3918806843255,489.0928070705891,1223.2107745245967,374.7319190905114,462.72625473875496,1101.8444157756562,460.2128414594141,3453.1559381824773,4718.1026331136745,1309.8367636882447,648.6980729902426,292.7825075297546,1470.6684032547787,406.6923076923077,24400,553.7186992085374,24409.990652017674,9171.18685115561,48.39130878448486
3614.331255900598,967.5232125499655,802.7915586191557,430.3982300721778,3815.689947239042,5681.466215442492,972.295911426729,1029.129935875718,521.050306672608,1358.8499344841312,324.80246076638895,322.75951648623436,938.5117385565916,298.8918070133708,3203.1965477152517,5001.292410209202,1453.730065278438,937.8135111454714,173.58716563300158,1387.2221462876842,377.6410256410256,24878,577.4637521557386,24290.10313672765,8999.030461167358,48.491403341293335
3476.3991857736937,855.2397661019269,902.6123884218216,416.93208117688744,4049.456891658042,5448.4955016916,924.9135305530972,796.5668171020624,371.0438303211533,1165.2197121716492,937.9589994407869,692.3947950557541,343.7151401152557,706.6397145851195,3279.54807877349,4703.190445566816,610.5546345760437,823.2158209603127,765.9285115597737,1633.2661681651523,393.3333333333333,25036,523.7850381642118,23315.71407028573,8507.283276418406,48.591511726379395
3656.8707209419395,1037.6054943534334,696.2285597981778,567.4493485594122,3861.7475765507975,5577.392253475593,721.5512131306413,940.3452349872663,615.3569896068342,1333.3109128219887,692.3821311159305,433.9989272961461,288.9804471623525,446.1155430976146,3112.3044010698086,4895.43104344775,746.3391936755075,936.7644008161216,671.3014434904453,1716.6174319410165,429.0,24841,581.5649143958352,23652.145262136793,9104.785585415877,48.69176411628723
3780.462956289335,1177.7237535875045,553.1022314347888,715.6405974925499,3864.976015084756,5518.146574297199,586.436788368892,867.89048514024,623.4128837037767,1228.4936693338673,831.4688872063437,558.0917184678533,431.1186194692164,503.1372145194746,3293.1262822941876,4781.0236288264505,945.3874079615391,897.6131944071667,528.4896369993621,1751.9349414643416,399.5,24661,618.8510128528148,23472.827164949857,9140.201725793198,48.79209661483765
3893.3408000655845,1300.7113572656308,432.6029544540859,821.8628843081073,3957.6843633413037,5398.160586966664,606.0781312324148,747.3652898865049,506.753859521655,1147.2369300700984,630.5631212063327,649.8520293130433,404.0178085886682,883.3779005839428,2912.067306692082,4819.658861876474,442.045257642572,653.7196013983978,674.4788678144137,1174.2119224676792,397.88461538461536,24543,539.6629784077936,24207.04799042066,8756.883855132044,48.89246702194214
3137.556350653022,603.1390994247587,1153.6259530375992,841.829215003781,3173.4731471165687,6018.148999111617,245.05026018323719,1172.1729713017942,1134.968271232029,791.2115367594963,847.6929421212558,965.8792272856476,743.0016717089358,1227.0802407183157,2885.9247395943594,4760.040669819652,585.0988632922855,633.5632244757546,843.5051349518116,826.2703458757583,397.88461538461536,25345,528.5136968993631,24441.719103909527,9035.611663136802,48.99254870414734
2522.9957635481865,606.956735363553,1677.815443516193,1431.3274791787733,2802.5430358803014,6062.53563914169,634.23875211956,1124.463479607139,1172.8214523181048,175.44538890490375,791.0175561003971,884.5069184572153,640.0300332346773,1109.2056119569074,2869.9531613347335,4825.634523794308,430.79968431615674,729.5002587391823,890.6112702194696,941.9961690699322,387.0641025641026,25943,608.3430370881777,24291.684164566534,9189.303154652633,49.09293484687805
2003.4707056966545,1057.630431632844,2029.463597633827,1923.7563183279024,2969.932678826104,5690.0520867626365,848.3347337720506,712.8798633378356,747.3333121990332,575.6610068288356,323.3957597612319,351.5704184675298,894.1607865383941,1153.3059806054537,2319.3580516770376,5145.148691363711,821.7296129076647,825.199450589088,966.7641477893229,785.9158854250853,387.0641025641026,26484,562.5281137864326,23780.785234098854,8923.899375603312,49.193368673324585
