tribo_f1,tribo_f2,tribo_f3,tribo_f4,tribo_f5,tribo_f6,tribo_f7,tribo_f8,tribo_f9,tribo_f10,diff_tribo_f1,diff_tribo_f2,diff_tribo_f3,diff_tribo_f4,diff_tribo_f5,diff_tribo_f6,diff_tribo_f7,diff_tribo_f8,diff_tribo_f9,diff_tribo_f10,tribo_feature1,tribo_feature2,tribo_feature3,tribo_feature4,tribo_feature5,Temps
998.0237336330845,389.8368280416743,782.8423405969238,337.0914702303381,1916.8156918773363,347.0421557350552,424.72497844322123,1259.373796045567,549.0252264020212,329.5247083943546,288.56657743149356,420.0950592539536,192.74941747200577,430.543923825521,1231.0583553684203,482.0811214554515,663.0163293834026,1417.2679987403112,478.0241503981039,142.36199423529953,145.10909090909092,4869,197.40573315008132,9105.454993535524,3109.5901822284795,4.000000238418579
998.0237336330845,389.8368280416743,782.8423405969238,337.0914702303381,1916.8156918773363,347.0421557350552,424.72497844322123,1259.373796045567,549.0252264020212,329.5247083943546,288.56657743149356,420.0950592539536,192.74941747200577,430.543923825521,1231.0583553684203,482.0811214554515,663.0163293834026,1417.2679987403112,478.0241503981039,142.36199423529953,145.10909090909092,4869,197.40573315008132,9105.454993535524,3109.5901822284795,4.1001646518707275
731.4334227251846,656.275426504768,923.9491150117177,183.89430012975512,1662.378377716495,192.65575310314455,724.0933631514291,1462.8800907676655,279.2705191874012,238.3367460576072,273.15025016600697,401.090156287622,189.5182557567726,413.2822132430673,1249.4025518468836,465.290588500031,638.6634699134075,1418.3265071438125,498.2535524765271,179.71599891165909,141.57272727272726,4568,200.7094004650687,9142.984319019572,3144.1990387827755,4.200199842453003
568.2467120424618,838.2542765851238,967.5362632311652,335.60259537217,1484.987929763361,362.0977017146774,812.4028162414314,1385.3501791856218,210.40995358687655,65.83077831804813,91.5999799501114,262.97433411768304,456.9956438576061,206.86949940794412,1133.5093275272266,329.73368243481787,854.2321936685511,1631.5788659836794,269.13513510837134,92.96749680059159,148.9,4387,198.86068483860274,9464.81082238367,3127.1862286104197,4.300386190414429
589.2615324302429,817.3530535476195,972.7761924577743,314.4911383477081,1493.6879482814654,347.62574889516526,827.6798615224849,1407.463405423278,186.95024614702973,77.1395267683777,89.16058688415858,248.45709267279227,437.5346367985118,185.8190203982153,1160.9195788954678,299.18155808129995,855.8257000738229,1665.5221454246337,234.40043107668438,126.60921755203145,152.37777777777777,4406,210.381557385613,9448.651773224323,3120.5747633918636,4.400635719299316
509.83010994577455,884.6113135937726,926.2857394488431,371.2996985094644,1516.1907385889135,347.2852665935381,746.5120348714335,1392.5120607965205,221.6886556092945,142.35291722211718,92.2696494148284,300.9006485013188,458.1218507168243,259.7350454663378,1132.6724628135182,349.13185301709717,761.6888664390038,1604.490945201536,323.19753669390434,212.03998999041232,147.83333333333334,4330,201.83960410143584,9506.552146037293,3061.2033304638226,4.500750541687012
886.4980130118138,703.0699884810745,1264.1259046160865,458.06198941265,1201.6860701999558,670.2396526216935,969.0245486020378,1083.226739341677,551.8811439352668,331.0851685784064,387.47067506093987,585.2484786676306,742.7529338800196,575.1249716032772,888.6778672317698,683.5426072534261,665.809281060571,1289.6945567509265,673.1752596659582,475.56200226306805,143.6,4699,209.18396154198888,9822.385341328161,3342.233966034619,4.600819826126099
1608.7355055934318,1025.0483263345748,1987.456055169947,1171.2188776963646,487.12497707042263,1341.5705126854343,1035.4717141962049,583.1821421734389,1096.0756395339215,906.3781874698924,718.6521834601888,928.1943740375509,997.6236326440641,903.4887601329875,981.4869030215356,906.8456821920458,383.0772855017882,1383.2899797527757,817.4754983502494,706.5416147640353,143.6,5436,212.5471771226999,10110.703051655317,3660.1278972385767,4.701045036315918
1774.3361361367558,1180.2647494880098,2136.0014391788372,1320.607017365323,427.85089405528885,1410.243210466398,943.8374657767744,720.3515606457346,1058.289547924276,865.1811350747643,284.116665784473,365.60417923687305,1009.668106556496,829.3426169187095,309.1983048375224,1299.1991957296434,995.6456733148984,848.7296570915166,1386.8309689589146,1234.514542696398,196.70000000000002,5597,233.9587355119078,9341.632430233773,4094.9683938339945,4.801286220550537
2443.8929026602036,1880.4975197793224,2607.6997169972938,1762.692017804697,1009.0721988137382,1262.4232934565837,240.44503996764726,1337.213867107852,350.07948468373235,195.81601012318424,699.008657208649,877.6852093793278,745.4862996779932,591.9608152815086,1036.669847320549,568.426010398959,901.688160188765,1042.0317894423974,1072.0604945756463,1000.4688399030034,179.14545454545458,6292,282.302325363594,19047.775362451517,4759.436853500345,4.901476621627808
3145.024033429775,2609.784135060065,2956.8649488829847,2051.5343588956625,1715.1640796679326,815.0854407950949,706.6942824321935,1479.7687276919207,774.57506599495,890.858721728496,743.9425646849237,913.2758238066173,714.2884185179349,557.0143969753684,1055.7943172676062,566.3639933553626,959.2926661986334,978.3292918784302,1133.5707939659048,1045.3882176875602,179.14545454545458,7065,318.12222579941863,13554.951592098816,4566.325796644004,5.001502513885498
3885.3461560048086,3343.6046393110005,3179.359842244156,2182.5659414003812,2254.622984585307,292.0115773986742,1422.291391676051,1101.4802390354434,1439.1361697839661,1344.7728423657056,879.4481434389679,982.6977577905352,558.4535200153401,391.69770692802445,965.0302445642388,711.5811194910677,933.6501893568484,968.3122369250053,1051.4646282749914,945.1565672717107,177.3,7842,297.2817048950267,11207.688539864412,4359.400553801177,5.101656675338745
3795.7388730195125,3261.497887488454,3178.3356147426543,2200.6536512174916,2231.2361493753556,360.8552945690747,1386.5476100230906,1203.1563952180795,1437.4453865330402,1386.69419037085,672.1770801448359,1114.5839045518371,1596.0050559679128,1455.9751160905657,1818.751799861455,354.4447670284567,1553.2833397417535,1354.8382486162886,1924.0049518790472,1959.3559331203062,267.7,7777,296.0415660195249,9309.188452454244,5373.646634115541,5.201672554016113
3880.0956238190806,3323.573681482408,3130.7584759967554,2122.6508287716233,2173.5786319839835,252.73654671976809,1309.0861971519496,1131.796670680246,1320.3531355072537,1273.70802666619,549.3199918965378,956.3135420532084,1398.7367218396716,1285.8231385449967,1625.4372584468554,309.2472988274663,1369.5193526259686,1417.4501127991446,1789.0444318684472,1892.4593068918764,275.45454545454544,7845,358.8953895570702,31028.736968492653,5424.282191048777,5.301883697509766
4370.353921983135,3549.307214418461,2553.762541790422,1425.753619190535,1476.6866908821878,720.0583028959704,818.8374092039096,1763.7238316037613,1572.5734569924475,1888.6968020835825,567.0037861834467,404.6276892818993,1110.8334471271512,1362.7031624906892,1575.8529097363564,995.7454512166773,1658.3042376329129,2049.766089538706,2432.235021294384,2550.4752583715863,275.45454545454544,8577,364.13386700892784,29095.505614822807,5968.378119804405,5.401947498321533
5083.588837430729,3816.892032844153,1573.0274671828179,835.6108144684838,949.4824633317977,1681.6725238429076,1595.147623629802,2564.9697279000775,2553.5626788613104,2549.0579748731843,697.4381626013279,319.9905260106907,1166.9236605413944,1513.3648015160827,1710.5624978856983,1160.0719626382024,1845.7292797007922,2121.2607031391385,2575.6248464831447,2605.574323028438,269.8,9575,422.90077126754875,30800.32557261304,6207.50347687297,5.501960277557373
5326.268885370126,3805.185436080433,1206.663639548945,1146.3058226767155,1298.0702518090527,1691.742928781955,1752.139632663191,2312.4911228328992,2333.9928209188106,2239.8189943450334,655.7420778867395,984.6847333344359,748.7782907105868,723.1545923592834,925.154055394182,1394.1073904591026,1649.8652900553343,2821.74093558336,3146.428149401297,3383.983519933794,344.8,9985,503.7282135786095,29166.08087213517,6860.403247159479,5.602095603942871
5326.268885370126,3805.185436080433,1206.663639548945,1146.3058226767155,1298.0702518090527,1691.742928781955,1752.139632663191,2312.4911228328992,2333.9928209188106,2239.8189943450334,655.7420778867395,984.6847333344359,748.7782907105868,723.1545923592834,925.154055394182,1394.1073904591026,1649.8652900553343,2821.74093558336,3146.428149401297,3383.983519933794,344.8,9985,503.7282135786095,29166.08087213517,6860.403247159479,5.702148199081421
5377.965856074554,3753.2783218979657,1166.5892467135675,1257.7687843690917,1381.0108486489278,1575.5848891215637,1643.6589639184408,2265.2336012637957,2304.473560123592,2325.7080242347115,821.615742753631,1154.1819096641382,568.6353037803526,762.5929635558375,1035.1402671344003,1434.4774717589166,1718.8989009570416,2686.5083899911397,3015.212493969156,3289.653645084568,355.3,10123,492.89859145273994,29037.481760013325,6662.984391309335,5.802195310592651
5357.289738382352,3806.0403965313817,1152.841081800805,1222.0881544519582,1387.0102936325977,1632.6136185555704,1700.8144681175056,2203.435265363663,2232.355510258052,2285.6359825628715,921.5585340751043,1243.6176513336036,461.21863585268534,836.075228459808,1137.550025529149,1410.7591004959131,1703.5958536203768,2580.2779954658768,2921.516837387155,3314.875825185579,355.3,10028,484.12100638151605,29397.618025016556,6629.435137840546,5.902419328689575
5354.187821552973,3816.7551830726575,1148.9646571366627,1217.8727389280107,1391.9022473363673,1642.1594971723798,1710.5383854159031,2185.62050376073,2212.009131540446,2281.190915232466,594.4717003676121,1133.0894875894362,729.9791819595371,538.1276093680983,1005.4381245475578,1717.8725099661267,1990.7197604889252,2350.699180712745,2628.4026579296583,3239.2125155854756,339.3,10032,457.35165493997926,29823.859007192837,6536.555097604336,6.0025107860565186
5353.485285592669,3552.0610959889223,1386.7556708051466,1058.6312368779663,1122.1883426622271,1856.8486835304784,1959.2242324889212,2165.2470198076426,2037.5268173856784,2095.2717876084607,583.1817867977823,1127.3603436921742,742.9675743397007,524.1143109352975,993.9522052142512,1732.3099034673787,2006.7394692910223,2350.6967790700396,2619.7073657673004,3219.4887067511886,339.3,10291,470.7030657135136,29574.820259538392,6592.047075281852,6.102522611618042
5307.330586564579,2597.2826423566958,2348.5910762120266,409.0527090110622,844.7434758801711,2779.171692698908,2736.368809958989,1257.1661734817021,1314.5863677723464,2913.644900510014,133.78286032633014,1431.147996245527,1262.375034395693,730.1156847110366,1532.9788654724507,2029.49231361449,2065.8785016288284,1890.4896117960066,2667.767145773356,3931.0122635826488,339.3,11255,459.1842746150015,29951.42970212769,7274.305852606322,6.20275616645813
5286.254740510953,1749.5903920203493,3272.6887585171376,821.6339641613536,1787.6785760211662,3286.984793252993,2854.910276123305,917.979894166844,2156.271906799644,3466.8536189198103,177.1995161292969,1468.766670206056,1289.30899481831,778.245541686578,1582.0503118450395,2009.4454910184925,2020.2415220677494,1936.5052419403028,2725.7967759023313,3897.8467225943223,339.3,12273,551.3855499333399,30011.953092432945,7211.8230634479105,6.3030030727386475
5305.2475389754845,1498.5261694600006,4046.106929689541,1614.460807546435,2722.236954576496,3194.2863960920954,2267.123263194646,1929.9069511061623,2886.9557725483573,2825.8338923553692,165.07129034432919,1454.6462190982752,1300.1190970071848,774.9212727956385,1593.959406814317,2034.19464384236,2024.6795485371945,1936.3607681019496,2779.214823474,3917.1825786068885,386.25555555555553,13283,568.7895831051155,30241.303383841318,7202.602341771077,6.403167247772217
5302.734489215974,1502.1642307559307,4037.1768281429977,1602.8855044882932,2707.67411079053,3186.3890886086288,2271.3481249431816,1904.1254801986452,2862.6008326644214,2851.477762724409,807.5317039497102,491.2951089357058,1860.8301051414876,966.2513064417577,2047.6328041299025,2888.3373664146093,2386.571132462118,2214.392985999475,3710.0525852415562,4056.893042980703,438.90000000000003,13294,591.5061924480208,29492.195525899842,8260.88529187267,6.5032947063446045
5284.975518236161,1568.8286750837306,4045.754447477402,1601.6731426292238,2686.474547682612,3079.9358456089826,2206.890499659571,1840.4746307219584,2752.4143185881685,2884.4155891217056,749.3430129111315,545.5263668616698,1807.7975280226296,913.5843179852869,1993.2232947852626,2853.542273264633,2388.749475251995,2155.136140070726,3648.5448040539172,4093.0048127391256,436.00000000000006,13369,657.3700012397172,31398.809212319604,8343.174942539456,6.603360891342163
5241.617778555434,1682.787707136749,3984.4031382813755,1513.1913924265853,2567.5432980570677,3057.259452112193,2305.977414846011,1744.9177345894566,2816.119874634406,2967.7741233858583,909.6285609970291,505.8913483463122,1935.2712891166248,991.8518960537774,1977.0210800170355,2683.479414504566,2382.1474808451235,1964.7924594143242,3605.2243014597557,4289.007092788088,466.9111111111111,13534,659.5867185160357,29523.44888953607,8363.815704064764,6.703427076339722
5074.676447789114,2074.852860166393,3688.794810708943,1143.9564712648905,2187.358323638235,3294.4623672766243,2694.9062504092494,1859.9825136714655,3209.077616232726,2795.4395348889393,405.218112885908,829.6608674432049,1532.2802454834361,850.0723127701476,2073.2933255249586,3226.510044315399,2477.488220370047,2486.933565228762,3798.4489981764414,3819.841898980754,466.9111111111111,13895,643.1615301330152,30087.77098201878,8696.269493863569,6.803524971008301
4302.605156220908,3671.5631761152736,2069.999445661068,814.2204006787657,2560.311587011352,4643.084091076595,2744.126661199707,3025.414259741224,2736.0812811043206,2573.2151985324863,338.8934991554853,1013.0859359140028,1412.993715944928,928.1049083173234,2221.6819932615526,3507.096475064923,2448.944330159641,2838.0099321343623,3687.263212807681,3621.4306729803275,498.6222222222222,15567,692.8946466863865,30277.922164502637,9196.864181009,6.9036664962768555
4302.605156220908,3671.5631761152736,2069.999445661068,814.2204006787657,2560.311587011352,4643.084091076595,2744.126661199707,3025.414259741224,2736.0812811043206,2573.2151985324863,338.8934991554853,1013.0859359140028,1412.993715944928,928.1049083173234,2221.6819932615526,3507.096475064923,2448.944330159641,2838.0099321343623,3687.263212807681,3621.4306729803275,498.6222222222222,15567,692.8946466863865,30277.922164502637,9196.864181009,7.003725290298462
3670.7996911563214,4724.230805918556,1508.3305135307394,2073.9319360148274,3724.916454808014,4037.1061071414674,1640.7745327820512,1979.1945342470856,2700.6398105198236,2804.601228653654,368.9292680552997,1280.7295111390786,941.0448804942562,1099.4302166004084,2612.955836721168,3635.2252771446747,1970.217808710504,2538.5184350777845,3476.830167768276,3915.9088794367326,490.0,16967,650.082172786507,29867.180872272227,8857.535593444001,7.103758096694946
3670.7996911563214,4724.230805918556,1508.3305135307394,2073.9319360148274,3724.916454808014,4037.1061071414674,1640.7745327820512,1979.1945342470856,2700.6398105198236,2804.601228653654,368.9292680552997,1280.7295111390786,941.0448804942562,1099.4302166004084,2612.955836721168,3635.2252771446747,1970.217808710504,2538.5184350777845,3476.830167768276,3915.9088794367326,490.0,16967,650.082172786507,29867.180872272227,8857.535593444001,7.203846216201782
3494.5869825019026,4904.704014678373,1755.2340889569193,2245.9526377779807,3747.5990917577587,3690.9880035881592,1866.8492389010294,1985.3589458664017,2970.4176997327068,2481.1310945675536,300.7953320203272,1188.4982483207646,1051.9712303253493,1018.2248408736068,2507.599928343485,3639.701467078178,2063.953611422015,2613.368533496663,3476.610561906329,3887.3805943816196,460.8,17314,585.1927785462697,29964.757396020832,8801.85925807717,7.303854465484619
3347.6607951877368,4962.98246233126,2005.0860387847192,2225.333708010263,3573.4306806065074,3647.294786147238,2101.2362327158085,2241.6836268998445,2799.9292770053175,2669.91760140316,368.5608692777242,1322.3453500296778,959.9960050893161,1154.375721537561,2628.272914298269,3537.1190486223277,2028.4488323831033,2532.794643911555,3572.8591155991203,3805.1715716566755,495.3,17584,637.4262498790881,29766.135026189004,8846.925286966409,7.404125928878784
2919.684579791931,4995.992111629656,2708.5278007274683,1922.4142161374912,2863.432078557091,4147.866966430954,2358.4036567551957,2652.4675770874155,2140.686166132531,3274.794137273842,663.3358393243763,587.1223922354612,1237.509584200496,671.2946214695062,2599.7950308492905,4110.653437579119,1489.3551645561922,2141.931523932895,3715.195499449855,3684.145732104242,464.5454545454545,18286,598.3330477765566,30490.197835115203,9001.702781645181,7.504277467727661
2666.967525388645,4923.861651768455,3044.827052297322,1604.7770069331095,2545.3454365837374,4552.204673035694,2127.6977312716767,2433.2702712210676,2342.219402824678,3046.1663936504574,280.16881587696133,1122.505671971477,1142.30355780366,872.496840784863,2353.472038720038,3871.7412006754794,2023.842162127205,2671.0344172583727,3217.926405341575,4182.430381612124,472.26363636363635,18726,644.6398028352962,29948.07682014862,9557.90479100169,7.6044275760650635
2518.2974756513927,4835.24479309812,3173.100369580033,1379.804681761352,2529.7581257204183,4665.742692376833,1897.207203385921,2201.8076267897645,2567.257057306859,2826.6378421272607,284.009401517229,1346.8634279360926,1296.2328558973113,893.7065489688737,2119.069919189927,4037.314069567929,2090.0266293267937,2727.1109817029464,3163.6156777845267,4187.333136338686,472.26363636363635,18932,650.6326771795073,29775.879960081118,9740.908861720274,7.704455375671387
2365.6756884710385,4698.490429146318,3199.6071694061548,1190.987413858292,2693.987893648413,4562.998469674488,1816.9098063491667,2183.6973132000685,2519.82787412941,2949.41833932593,312.2825017332035,1401.8637542693475,1390.1525434181017,813.6769431552999,2095.660448822558,4079.987896195636,2001.2301037985103,2657.3765437113548,3202.1083462038714,4198.048177319155,530.2181818181818,19170,603.2051625446946,29745.77102353008,9664.251306527914,7.804516077041626
2189.139053516829,4512.005433665352,3144.038469580396,1106.7286172318718,2919.7892146060067,4342.258638006101,1968.3596008266788,2389.047036540647,2296.501164716663,3147.185924946815,303.3429961237385,1301.753403661624,1185.7670072672263,1008.0262792951296,2106.9899509917504,4040.791121211191,2150.691151827182,2745.170601635324,3187.775813877217,4140.60131055782,530.2181818181818,19369,634.8148912220238,29902.413650295948,9646.432465371006,7.904674530029297
1467.6409505879296,3617.151726140937,2638.8638786394486,1689.562034754034,3604.610736707736,3701.6134047122628,2880.94462188597,3077.0268716965224,2292.6365787780583,2807.247336176776,870.0495810574577,1350.86494669858,746.583655101469,1694.499932234659,1935.077326299022,4370.950075357012,2411.36571880589,2657.975863911276,3699.9581796738207,3510.3834954313807,503.7,20293,621.5791595660877,30491.711604284734,10225.662512059687,8.004840850830078
1467.6409505879296,3617.151726140937,2638.8638786394486,1689.562034754034,3604.610736707736,3701.6134047122628,2880.94462188597,3077.0268716965224,2292.6365787780583,2807.247336176776,870.0495810574577,1350.86494669858,746.583655101469,1694.499932234659,1935.077326299022,4370.950075357012,2411.36571880589,2657.975863911276,3699.9581796738207,3510.3834954313807,503.7,20293,621.5791595660877,30491.711604284734,10225.662512059687,8.104992151260376
1310.3786836037614,3393.412308614454,2469.7391329555103,1912.9882035460073,3638.8968025684158,3770.109302962337,2943.5367249148035,3013.7188405200523,2510.5300687222416,2596.9387067179273,160.4490778887573,1100.3168981164886,1067.5843153135597,1141.934919643436,2581.8425057736517,3569.338107819676,2873.5673690128806,3414.767943448952,3123.9850140960784,3849.7711618924527,524.3909090909092,20526,724.2902192315876,29677.831984306253,11033.771949144448,8.20502519607544
1266.5268794818423,3336.381900183573,2413.8798355101494,1963.5070843002259,3608.904471795411,3825.8179535508884,2906.244601080512,2953.807076582985,2528.2713691783347,2598.938798432847,273.3726222859026,1007.3683236719797,1136.1402491153299,1295.360696604509,2820.6572534969846,3494.767844257694,3065.0732775481497,3418.285000699352,3371.4636756785912,3623.3714939608267,524.3909090909092,20548,728.4270942009409,29696.4342232727,11066.337733549684,8.30505657196045
1270.5867459642104,3341.1470341310273,2419.0065360620683,1959.9496053610999,3612.8552783671703,3820.4111041343394,2911.098117975045,2959.9925012762687,2528.373953889387,2595.934023607552,184.87366632360184,1070.3348872628355,1145.368858584879,1174.116676048797,2772.6638320407624,3435.1609063074293,3069.932985311885,3515.7516540184033,3299.0251727580844,3639.4403566650035,612.0363636363636,20604,733.9443514900024,30160.843218938637,11091.849974102326,8.405269861221313
1077.1055733738156,3208.759274641671,2254.1593322961958,1914.2635493002483,3437.5350523328852,3819.0562631636376,2880.627374083268,3125.03820248668,2443.38950949261,2555.577559704904,205.52347236152514,1186.8951874709305,1223.5076784350929,1007.3791386184987,2805.021741898237,3286.566495365613,3194.3502070010413,3683.09634460809,3365.9714189935403,3499.6287917892932,595.5999999999999,20746,754.2007456832868,29769.682825870314,11078.541490183317,8.50554609298706
388.4610461547322,3043.6817537770044,2093.2014546441783,1443.1827279844954,3401.5043032524586,3184.661026458517,3624.534111337532,3863.258304155773,3208.2794474796365,1707.0778619505625,528.8834184842299,1531.4167432523268,1547.202381178795,567.1838122677227,3129.9831306966257,2751.0069806717916,3773.1972340135585,4028.864812323868,4028.2024816140997,2925.037087484476,595.5999999999999,21661,715.5539757461454,29077.003050145555,11682.175725857058,8.605829954147339
512.1938389161279,3259.786821338825,2446.2663190303397,982.8715203674361,3900.567213656175,2575.7706531278727,4123.875182594153,3790.7373689376973,3553.3492055378383,1964.4182852062079,168.59428466182555,1201.7982883980997,1278.947569907008,514.0007262025852,3035.7495727217324,2470.902919584243,4120.0073552259255,4287.0976740969045,4402.476927657704,2837.6092371666036,603.5333333333333,22245,769.8977442687592,29215.1316290624,11546.46959229203,8.705930948257446
670.5730972656436,3400.4729034413836,2635.043434145345,792.8340738398628,4107.057692132469,2471.243767520028,4135.2243681716,3601.3608997032006,3448.1405643591897,2168.5952960719515,702.1933244555697,1627.792554356719,1526.1226814842664,872.1112725758248,2801.9886780412994,3005.987520613109,3708.938711394936,4517.868728043089,4385.543651162288,2342.2017105051814,600.6666666666667,22458,845.6583105134059,31868.00860001764,11101.423502439267,8.80595588684082
932.4134231439128,3699.862465009425,2958.3109896238793,487.84480206261867,4282.68195860003,2677.487780294578,3827.8873687441383,3450.505160860773,3193.1750260439903,1978.1843757205716,477.04459464452765,1121.0986763151454,1546.78068653207,286.3487663758601,3644.5719100348715,2290.7668809053175,3985.236499345331,3677.634876007833,3786.9547955199896,2968.908185226869,614.0333333333333,22792,774.7131125371069,32716.3142700634,10852.912968822617,8.905991315841675
591.0348892154303,3059.73641339786,2449.3768405292976,974.8032193302057,4428.31331513296,2035.0676184399304,4343.180383355448,3039.7684826446502,2947.0894671938277,2572.0098534925755,795.4623711672637,1206.6318451513716,1763.0078491162576,534.566971689321,3970.2871577709934,2275.7655445057603,3928.4236830674895,3361.8248686457696,3445.066194420376,3049.1292332689327,600.6666666666667,22142,809.787922755716,35099.68233386309,11020.260152097133,9.006081581115723
923.0107802221835,2368.016079889279,2267.1387860247464,1468.0409234400074,5042.201792653025,1720.7875308952714,4381.3167177336845,2350.8026900391287,2245.830554077879,2536.078309965235,794.858817133899,1204.0688376469982,1757.2723231210211,533.6767400870921,3962.432645061712,2253.434892068926,3960.45277023909,3345.5102307640404,3437.2786113984466,3122.0210704872434,600.6666666666667,21435,733.7138006432713,38723.09697045975,11130.717975256564,9.106138467788696
1650.0578214741881,1755.8381981252878,2665.1004197638463,1857.8940646909384,5786.797042859001,2315.9752802682574,3723.7452012744957,2479.9343793909356,2330.3315672746153,1743.599775718657,317.6867078112466,375.66958077416496,1105.4970548283725,1377.0389523434612,4587.868982546621,2080.9693060412933,3928.496001222517,2772.5920351310806,2889.3160691355874,2297.7169510487156,564.7083333333334,19179,633.1990790768742,27459.807951110248,10275.586545024315,9.206412553787231
953.1642949463983,2158.2540115966103,2045.5390583119165,1931.056167779223,5498.065411552511,1667.96261130859,4370.636398412378,1769.4411817813582,1626.3299607553047,1846.804301350729,493.9452391475627,385.85977706001694,908.3186583098186,1627.6856626952367,4701.569979467799,1935.3345696335975,4189.658779637527,2396.661666022089,2502.068071564276,2164.0303606791067,573.3333333333334,19858,656.6313817699627,27526.264415644207,10495.10718675323,9.306495428085327
184.17289685329607,2591.3107735255358,1276.3461264364937,2584.4800411074007,5840.584995363989,1717.0566438035225,4535.574006518194,1670.1761163581966,1770.7621695774146,1184.067877926664,177.64953817944686,661.9044616465721,629.8172158606603,1637.8676450799778,4584.341002209991,1695.481895291805,4562.173997403724,2102.4969337050698,2383.586040304818,1707.5642962115921,573.3333333333334,20681,676.5433685202661,26946.695970539527,10291.16958514015,9.406542539596558
65.34200047496293,2690.9359439423015,1055.767696673622,2813.042419065725,6063.210914386081,1936.9527812388233,4373.197311145997,1899.6532102260644,2001.920192289072,1045.7659249739263,16.09051784289094,848.6813648675478,489.16078551010787,1741.6803116200006,4641.606358650422,1760.0627617364537,4571.707401127571,2236.347367209013,2606.0989007400754,1472.1238837996016,556.625,20877,718.4482530987125,30477.01674019817,10209.578981140452,9.506767988204956
88.27436360197099,2671.2263318224154,1143.5170931276784,2725.4220489073027,5958.367478859823,1838.9634721884051,4490.116007975543,1835.175769239184,2001.1298632406929,947.6926140533299,674.4969095193402,156.81127799412008,1159.965165680979,1117.301850385238,4031.445649533526,1077.7997957098191,5223.156511801996,1495.9768044888406,2212.6318771384686,1360.434040061508,564.3333333333334,20772,674.1301264860426,28349.979562263212,9589.606545993505,9.60687780380249
44.861837188607865,2656.1497790762037,1105.1331459179858,2749.018263028885,5991.847334299288,1844.4186731865261,4462.13268264334,1767.9052433378843,1895.0161910215625,1022.6853775789014,14.377210400548865,838.4806745814849,508.1666040991857,1706.7428861476026,4593.709209003593,1681.6375904693432,4655.720101361958,2079.5649396038575,2456.4664750700704,1454.0310657979712,630.5,20881,611.6934437232139,27917.095934055673,10005.611226086368,9.707072973251343
52.110250515026074,2677.4176026521905,1101.7842064935198,2765.7363787167,6010.904063056322,1881.3790870974974,4427.2621345035095,1821.83977120935,1922.958959492086,1052.116863843169,5.902384295779704,832.846314240046,520.0423509160901,1705.0059044842199,4596.934700449688,1707.499808281988,4626.955945550247,2147.060748565529,2503.007507559863,1489.0855812127054,630.5,20808,713.9124180407599,27852.609516860597,10027.564646090308,9.807242155075073
186.7737215764722,2783.860034367786,1022.4838614636026,2896.292581568737,6151.941601100167,2014.0491865317588,4305.203498397639,1792.585561283754,1782.908047842372,1124.8629061164609,32.248249744167175,861.7929840867969,490.1410236051259,1787.6008524552828,4711.032675902496,1840.770814050937,4484.314016526645,2120.338658602192,2310.3709010761927,1607.71622586822,606.9285714285714,20703,743.8816611503449,27317.60315103385,10077.944529759734,9.907473802566528
247.33368026320036,2393.5730497058294,1403.4035401255703,2470.3689271490543,5787.933742384043,1933.6496860605193,4309.423026493265,2219.016096700456,2028.0041485649472,1490.4641127375294,287.3951352678917,707.0849304885471,765.0207437845213,1687.123900524441,4671.252832715382,2026.90923476958,4247.609022013833,2503.220298017568,2345.72980013664,2052.936560642359,628.5,21087,741.269343571968,26888.96986075828,10313.008188575895,10.007833003997803
637.3598637071789,2009.824322273253,1795.306109673813,2219.1469543645853,5714.051833128519,2236.5567694961715,3988.749621027009,2445.8007815765777,1818.396131317039,1732.5609621354702,438.2317832645245,745.4569792863647,836.3925969258888,1798.0633780837188,4802.007176416397,2135.1444722743145,4165.548509543457,2433.714118224995,2251.331388499455,2009.8501776724231,628.5,21536,745.4344463127613,27822.68278897306,10469.802426108745,10.10799527168274
1450.0345858210949,1194.317385736655,2544.581166366563,2380.4135296243185,6248.678799563569,3023.485200128677,3290.555225083485,2082.0670321454895,1094.9665283582347,1222.567591667901,224.62478376121834,395.13793302313525,1157.7053687184184,1515.7792735539174,4806.270594179105,2708.310206567321,3490.793971124999,2412.857207347119,1477.7174892201656,1708.752361525391,628.5,22300,697.0300323503185,29656.955921733585,9985.819803029364,10.208263397216797
1216.1476736064526,1414.7764390005987,2386.619658029631,2177.9626131246655,6004.232640240731,2945.68444140305,3258.9343138034833,2328.5463905187553,994.290384544273,1450.5520041722345,365.0527152031427,377.10351418664925,1342.4895199264913,1289.1040746335495,4688.208274766659,2919.1992170247336,3206.481334886847,2607.7597103565527,1170.4930482764562,1832.1319596320511,628.5,22108,742.740987773507,33401.96605672118,9941.775099700895,10.308499336242676
553.3694423726187,2255.745835994246,2390.0535964485866,1192.9690845273012,5328.207041507075,3618.9214156309395,2387.0943200775864,2821.562104226653,110.94681340625425,1462.3148212293656,1107.8366669500517,868.28858462902,2084.4565791631708,1425.11553456118,5062.944432532977,3667.690862361824,2677.461480774395,2297.893984894218,1140.8058850232114,1217.4609233620727,628.5,21085,754.5846063646865,37444.80133090653,10492.977502242988,10.408828258514404
890.6955491948431,2827.6426568731317,2892.3272946555103,731.3183713421837,5436.785982520098,4318.628032066232,1803.3326488536636,2515.866345809491,821.7832919288909,837.146489688022,232.7664812321617,1089.8363019558694,1251.711315997663,173.40112251037897,3936.4637658126558,4099.368344461572,1618.7591393954553,3126.9957248173882,1263.2746988043334,1183.5136689421831,633.25,21901,726.0149199661572,30137.71322715829,9874.751530710764,10.509064435958862
939.171338709887,2863.221868652846,2946.4133374013263,747.6622728510333,5484.294008514749,4343.148615578003,1818.2945540529902,2457.5022405671725,835.8348078080301,798.5229943891428,196.57857810724337,824.9694097849059,1376.9131079485767,531.7905704116486,4212.022678431403,3859.0765192468466,1957.5819914259998,2940.3461582800473,1010.6782772802754,1212.4777805158867,562.5277777777778,21864,616.5936005650508,25289.02900383363,10032.869230601871,10.609115839004517
904.9451718646097,2848.542976091071,2910.6699666277586,719.1797385800008,5447.83330021062,4357.686236667842,1782.4926000288547,2474.2705177697285,868.3350428441449,772.542175383864,189.00486737681578,800.4232349290289,1317.6278218696787,482.44607702248135,4115.766593776134,3904.97941151364,1831.8083097240985,2997.623767325126,1161.2829140749811,1083.4598057874744,598.2222222222223,21860,648.4980168860147,22365.944728964685,9706.82707189922,10.709117412567139
188.48114048754746,2907.585506063585,2375.8501307359206,77.34586512347572,5076.737603176304,5149.75428234693,1443.8117709175203,1882.6612460051438,1445.6300503294276,711.4168847727555,366.4550447466842,1281.7990774438695,1478.4187910246592,375.4721979119522,4275.901735462503,4551.411731200955,1881.0370890299848,2150.739084715857,1513.2864138053085,1179.9576536020606,598.2222222222223,22709,631.1335788428253,23675.670376432383,10272.974149428737,10.809423685073853
221.56075165010964,2833.4296560525345,2181.0485941125053,340.9631212729675,4876.457853595363,5535.8919644153175,1500.9677846200225,1453.6194585298495,1733.5170081187532,1298.349133712669,102.38318296762625,852.5205934285898,959.7829476599957,278.19704392819756,3734.7354892569997,5081.637634947516,1636.7119705990322,1648.1111443182604,2210.367433925374,1851.5742825536788,654.0277777777778,22738,665.2206408285444,25176.904922477865,10282.391578963015,10.90961241722107
221.56075165010964,2833.4296560525345,2181.0485941125053,340.9631212729675,4876.457853595363,5535.8919644153175,1500.9677846200225,1453.6194585298495,1733.5170081187532,1298.349133712669,102.38318296762625,852.5205934285898,959.7829476599957,278.19704392819756,3734.7354892569997,5081.637634947516,1636.7119705990322,1648.1111443182604,2210.367433925374,1851.5742825536788,654.0277777777778,22738,665.2206408285444,25176.904922477865,10282.391578963015,11.00965166091919
858.3704065330973,2192.8458030225074,1740.7678430863225,959.0010764108102,4227.6165442734855,6185.181757492434,1790.6189765956299,871.659754366956,2058.1622796040606,1956.3808766059308,865.2765705553853,887.6249276590045,620.2552188459536,1000.2994952189722,3915.4535023585845,5586.361337129683,2309.1675547565796,1226.2848455932137,1846.599074870281,2012.8442837631978,659.625,22005,693.7761105707059,23677.26494681192,10972.281409801002,11.109730243682861
1548.0099785745222,1517.760144223201,1206.384555669572,1618.2831500186169,4095.9579203334947,6758.5368854363605,2467.4138305276397,451.8641296096813,1571.373444931146,1743.0578474749361,468.9335576753323,595.8304245219971,461.53762284975085,872.7738050545282,3536.6619394168324,5794.766651874052,2345.0309940852317,921.7692277815665,1961.5992455058677,2208.567731611164,731.625,21327,740.0513912564415,23331.989979120193,10773.311457830965,11.209933519363403
2071.5589975420166,991.973960130482,756.9442508949414,2020.261043071814,4415.504270647124,6860.609114146233,2722.0869087985498,936.4640796463704,1087.2182469268707,1221.7007659981714,639.8428709041002,745.1905650471367,557.7294923600848,826.9068399572033,3679.137789509525,5646.42111780487,2233.7680733891416,1007.1266107704207,2004.2374615132092,2209.778510302076,668.625,20805,696.5918646342309,23349.541755030485,10791.927126309636,11.310133695602417
2655.6066120075657,494.5943963537595,206.50916426437385,2262.0667334424784,5017.564924503396,6447.024055939855,2431.0567734211572,1325.6797312031172,1463.640253387156,1411.231910959344,563.9907210024181,647.1380182007905,462.92856860313753,911.3128955043411,3695.3872704114183,5672.183671933849,2264.543067091236,1081.5681766346186,2002.6647317801094,2206.6540034022714,725.0892857142857,20186,869.1842009029637,23524.06059972214,10964.90317776386,11.410150289535522
3125.760321642292,551.9440963765983,310.4059025650772,2280.9149168316058,5390.9737094547245,5956.210443975431,1944.905902574129,1256.7118970376268,1875.288345420789,1850.4551659481338,875.9535434296914,1061.5000726271335,872.4340392309301,518.0101269206287,3338.144001888602,5941.118289561547,2551.073318793011,867.9507626560134,1611.026839714133,1814.4361760732222,704.0535714285714,19725,722.372952814675,23019.62672263081,10678.314814163306,11.510580778121948
3086.0020763231073,515.38998114962,281.12548433455487,2307.0755426650862,5394.29171608284,5971.167958030476,1960.0759194240416,1300.3216051523184,1904.2806978893223,1882.82567369243,888.0805729639369,470.96661897137153,653.192910961328,1835.9023407243012,4643.204771998338,4888.626504313642,1514.9284142556369,1479.1576658327142,2779.1157369020484,2920.037764300218,704.0535714285714,19725,757.0152584973034,24513.65140208909,11145.731725145552,11.611679077148438
2703.0709135126367,204.5770566058641,487.38508914602716,2751.041245634725,5708.197179883531,5822.850548970974,1810.1173684425783,1659.4408805149906,2384.710376354601,2347.5172783011917,1121.5734956583117,713.4620441056766,878.9037848249766,1905.1960479378781,4739.023943343955,4760.742965461293,1442.3356176623342,1218.560806438255,2555.7138518690654,2653.611793269918,725.5714285714286,20264,812.2427789566264,24899.123604386594,10991.267922858005,11.711735486984253
2830.612022389933,313.1611154105357,297.0655983023096,2564.5032002091825,5516.653152759041,6001.643622755797,1993.151115239971,1724.6567372566906,2377.761820729617,2393.750352992753,283.08660506756,336.4822933255451,316.86869190706483,1755.2849920425722,4328.539379047633,5413.663302669174,2009.8556834628037,2168.393173595264,3289.7732813083244,3502.6133315359034,753.5178571428571,20018,778.8720689071947,24503.898821859657,11972.439394506133,11.811989784240723
3015.347635618202,616.269998513325,89.08949058242652,2382.7569598428336,5290.627136891571,6261.162919871595,2209.76120300448,2038.2095012660504,2693.8787519350312,2693.329716027108,264.6151068461892,432.38901984702557,418.5955673329808,1846.5465477640757,4407.002690541452,5352.648435709197,1940.3640752790718,2150.4280112085617,3284.2876739483113,3466.906680152958,753.5178571428571,19734,994.2971352250347,40184.13993234515,11766.839707116234,11.912142038345337
3222.9796029912522,1001.4939067628998,456.28412802516794,2444.8791021639663,5314.623877770803,6278.464882708804,2119.636116671078,2133.096278844983,2793.362481914659,2578.2981721904553,641.6369749782092,993.7040385657621,1022.4380942739301,2441.858559588612,4995.781183929257,4767.7354221958485,1557.0302674694938,1546.9995283580272,2692.6343219405976,3201.3914572235076,725.5714285714286,19356,976.1762687289586,36687.085653385104,11157.661238938785,12.012463331222534
3766.9598150028532,1946.7503396611949,1423.3695978781468,3250.2725052605706,6095.717881521292,5583.437385552972,1244.1939059769368,1507.6383297248938,2005.1759527256124,1622.997116877582,424.17081288604163,570.8201565711885,626.2383195686054,2067.259027008465,4717.865073053509,4990.90621149882,1304.3915539527873,1679.0411074659532,2601.6125558731333,2504.6476945302634,725.5714285714286,18333,838.3654670253534,35776.317589935614,10610.617184945962,12.112804651260376
3828.794952232447,2050.156913910685,1523.1723292267939,3368.0319141567643,6212.0254323617955,5465.244870110415,1141.8859260437473,1390.1123653813931,1914.9961484553335,1672.517639542217,704.7199889194543,716.5596947875407,795.7184043517788,2131.636696180336,4818.435738847883,4900.300734196422,1092.8448173018614,1553.5392047493172,2373.8341773044463,2322.839479301099,732.1428571428571,18267,839.5223626237786,36397.035972844795,10806.504608449048,12.213047742843628
3546.415642797347,1525.0095532920534,1302.1508944713044,2699.614799533974,5695.772219482081,6042.338669382576,1488.9757361163927,1841.8831968066509,1649.6663486162968,817.5644039567185,1374.2260400487555,1293.6806710953044,1399.1365085856296,2468.3503851786113,5176.5748145040525,4686.724935218042,756.4092051580631,1353.2370895500753,1588.3625290274938,1972.5488816483667,732.1428571428571,19244,856.5314284737321,37426.07975515363,11542.014972408271,12.313214778900146
3643.527516800493,1747.2754154892743,1875.40749282849,2853.145104528498,6000.090618391837,5877.168944631596,1382.020927121776,1592.874840681747,896.7549285303475,1499.2590996426782,1276.262656263876,1197.856312610527,1314.9331955652997,2377.906965749012,5096.07811784224,4766.999102263297,832.4062784887669,1415.668761496355,1569.7691818384865,1936.7708733351742,732.1428571428571,20063,915.6258417449865,37454.811093057564,11464.601976345482,12.413524389266968
3984.4253647581077,2347.945450309742,2615.8815527024276,3487.6236915502377,6708.605902952307,5231.9721319739365,893.3986912251652,881.639347375301,833.871038297326,1911.6621509642373,630.4740632132514,736.9916998179739,1220.3858599250964,2156.5995595743493,5133.887927107967,4750.012670060824,930.0299275556093,1037.8136132865152,1086.1059593097204,2696.9787720124964,732.1428571428571,20781,844.9895865408907,37199.03305985128,10783.125527316935,12.51358675956726
3425.45152005849,1415.8403259508784,1749.5904779400976,2527.833613073433,5864.698295572549,6147.037858596375,1866.4248761408987,1703.8618786687905,235.39540283367307,2704.8612888118155,585.8427078602962,966.5477828327133,1650.326116776456,2190.688684305648,5300.656638730186,4938.538690058638,1669.7700867540907,1277.4623769170325,1027.614564754484,3654.289359392124,732.1428571428571,19830,841.5840088770128,36801.59628049744,11834.688335311335,12.613973140716553
2914.752585818566,412.28776361757747,1542.9462249978421,1994.9763372051295,5751.023635021371,6493.699591997396,2476.972851373314,1869.0746114787796,1196.825363393531,3259.092252503008,648.0335533614054,1032.1656818982055,1720.643988450351,2255.9627888019827,5374.676989110407,4872.7876325967,1638.6070988826175,1197.9312967729495,1093.5956149878382,3585.6288102875246,732.1428571428571,18807,914.9108301236191,37258.80639474673,11970.420202503337,12.714472532272339
2556.892501666593,562.1859616676967,2212.408653711581,2418.9359608162476,6432.031713831292,6113.701468931555,2454.1416570921424,1397.558050034626,1621.1398992613626,2685.8250109248415,178.60712317749986,540.8448018191185,1320.4114333198752,1839.3140062048328,5111.636581004158,5212.800685628811,2095.83402563363,1375.3984454675476,1584.7983245859793,3708.816570241638,740.5535714285714,17856,882.0714131401369,37662.857372525614,11684.193902547733,12.814645051956177
2420.841313220089,1043.501557293807,2696.9679103237704,2893.7938448034874,6918.480172634666,5638.369264151378,2057.546010877591,905.9301384992903,1322.5829108790106,2303.0627509215333,166.5052287192615,347.7592320895586,1255.3367461128275,1786.4818106537089,5197.083643948464,5166.008482736945,2117.4430416204705,1207.4704296487407,1635.9675959755052,3487.800187007966,740.5535714285714,17353,837.339047727552,37720.13748498393,11502.826561659114,12.915052652359009
2331.5099998194596,1364.5089318343692,3023.0742425574276,3215.5866062178757,7155.893253187068,5363.42907098081,1736.876690300617,828.4218144402441,995.8199397236349,2506.46170663526,104.84231870467853,399.03170242084934,1275.3439951171642,1807.3681058085185,5178.266822411086,5165.524261593617,2086.7968976687944,1245.146389213554,1581.5681265914704,3560.1154429060457,652.0,17029,852.4666243469331,37541.601784925006,11675.853074191837,13.015322208404541
2673.31386760774,888.0887803062092,2554.1769587194367,2869.18973096768,7208.211312474227,5376.343254181974,1927.1133736201118,259.95102226624397,1119.3057768780614,2047.0711573255587,1128.7105422214154,1043.972496140825,1936.7512000619179,2545.725428029872,6199.48010403438,4178.020315593951,1247.4133137603044,627.9068975017267,717.7291226328359,3650.6351421738873,682.875,17736,779.2494200650257,38559.87547681544,12681.239085923055,13.115363836288452
3240.2916599825567,1093.8671938136954,2574.964058360246,3137.603840090921,7815.48684749767,4829.846922285917,1583.861800444905,490.0836481503581,689.529186143194,2717.465773565591,754.231034549138,639.3619433358429,1530.0377519086637,2198.898699221703,6062.625242167529,4283.273444595747,1440.1907629626016,456.8173530762846,736.6461177498664,3725.3125611471,682.875,18512,821.1758961623234,37977.38845182308,12451.740325972742,13.215730905532837
2684.791791192776,685.1428435419721,2248.921164288366,2578.394243948242,7183.408157156229,5469.126612710909,2219.132932625119,688.0696126616527,1335.1415806276123,2531.400640710361,886.303352698703,831.9060805126264,658.5912978553284,1653.0456531094978,6123.748845592115,4480.351989128321,2127.5087039795435,1365.5378751638182,1293.1348861129359,4440.3399396224995,717.5555555555555,17832,793.7633077725407,36655.77837210939,13129.97491995592,13.316128253936768
1786.5617391285964,813.8260506141025,1582.248579101899,1535.8816117659703,6671.4975210306375,6040.935606561781,2939.3760768708244,1673.866817869539,1785.5667241413435,3559.6418034028497,897.2204628616792,845.6896492020624,654.0142102571582,1649.1086657007072,6128.820253410066,4483.092603579784,2142.101416585148,1398.68722108528,1296.4346824888105,4473.753067238278,682.875,16822,983.2575018753327,40539.8578139597,12889.135588280447,13.416295766830444
1108.5908701544474,1482.862228894639,1028.9592321509613,1041.4907854122002,7005.136220660528,5867.280760763805,2917.6130262933034,1998.5837555356777,1437.8091650251804,3794.891697770355,682.7131454205022,640.4764567795826,494.4108177490305,1446.3534500990365,5922.924829000042,4690.875083701356,2346.73793010177,1548.2145166491266,1475.817270618142,4649.763863985368,685.9861111111111,15912,991.8528114114155,38331.65763490729,12844.203841772618,13.516470670700073
774.532194541873,2026.3708593610065,678.0563532843443,1453.0420682941442,7671.41273736403,5255.27175648915,2354.545567320498,1628.171117445159,740.8643341914386,3136.442153013375,25.38836940291375,562.0911615517596,206.05329769162003,954.9799740466912,5861.548280220407,4763.5027896410165,2440.4637276860462,1849.2946797812633,1048.1577329536483,4480.611639984656,685.9861111111111,15226,843.8845133014331,37571.31745239069,12483.794454745852,13.616721630096436
754.7899465590357,2266.3692222170284,572.4085165710866,1794.3291281434895,7981.115058383894,4935.110111735517,2031.6336118106976,1285.4477367995307,755.7613935395265,2989.2447739131107,158.2672957368493,519.6818682167602,77.90180626814598,1080.7937618267651,5902.499343358707,4698.102236751637,2354.8536476901395,1695.8719034207193,1146.1533434053883,4475.6544215936265,632.7777777777777,14888,865.7013662145957,37370.767105709805,12761.635450658097,13.716984510421753
1066.6687171869833,2010.009975375044,1156.5574739276483,1203.9087857879363,7769.266670057488,5156.719418910989,2218.5686161172575,1669.314099866287,119.56491341559729,2290.7651360790164,963.0789098647496,1474.8766708844255,1092.1790363151974,1560.479417730723,6782.2503384917445,3842.917712154274,1485.964639970171,1123.3790426734695,958.4266325709046,3621.5238565594827,650.6666666666666,15624,883.7986887635543,38523.03779067891,13758.072728948555,13.817233324050903
1776.913683684175,2270.2399567219627,1955.6038323870243,1396.7468061599193,8221.974271457937,4759.756507579687,1812.6032542774224,1436.7315082573461,918.9727498333236,2092.9517168334655,618.1965010085398,1128.1315694012073,918.7071632868402,1233.962714645259,6551.386727434286,4047.8723373569637,1638.6836634367937,1342.8170751181676,959.1220895794958,3338.126747916812,650.6666666666666,16471,982.5204465430702,38165.46637912567,13453.795325678164,13.9173583984375
2314.521472936107,2694.21207367894,2451.908183628159,1910.0928766892673,8762.793269343618,4224.034905311754,1272.4242564847477,925.9797269807644,1148.9833836607372,2638.3797070858996,506.9655127980636,1029.8354278514234,991.0880057369337,1218.3880851587628,6631.168759816463,3933.367484905085,1479.8622486275788,1190.2941421514654,1166.0681002879437,3522.081415749965,650.6666666666666,16950,964.7737732701783,38401.40011783085,13341.941413499813,14.0177481174469
1931.2455364005968,2331.56818890238,2216.4319670757573,1550.8765112585502,8456.346660898847,4521.19922663312,1542.1946108269708,1230.7815600128565,1434.3515082471101,2629.908122617223,726.9200800712152,871.9102022822055,1647.849429157904,1461.6328946036413,7037.4471716864955,3533.071933280374,1019.4985343946126,879.3186898617834,1909.3484541851572,4156.315984105825,650.6666666666666,16634,981.5120198813668,37910.675783107006,13653.534864709298,14.117866516113281
1026.2511255632146,1404.79204486538,2309.0686333254075,1354.1378625558727,8416.3719589527,4556.127810470324,1573.115842398837,1311.8076226904977,2167.3628220547957,3544.3243727216045,803.2901332926432,888.6818636186727,1746.0183442571617,1531.8245735693868,7120.563155683116,3451.8415078635853,940.6213473576787,829.7924620626715,2154.126511899662,4492.903335152962,650.6666666666666,15657,1004.6442980534853,37844.59660882079,14024.964421448365,14.218196868896484
608.4006577538327,915.5009621500801,2686.2174666706837,1734.2083571606731,8777.787266422112,4220.3296023191715,1298.3762716078338,1038.674911073579,2089.716968604374,3586.879905531058,214.64791767480264,277.2208119139101,1165.9568311433786,1025.7264684912552,6626.8918899012,3950.3408314614217,1529.3697985723252,1386.4743382531883,2919.165129009638,5291.854592738791,645.5555555555555,15166,987.8047826459699,38511.21442117482,13712.506220193489,14.318405866622925
622.177768859282,934.8114392307886,2667.1816717297957,1713.3079121132291,8756.725768744484,4241.686334047469,1317.7754494029843,1060.2438050041078,2106.479652031411,3601.73684506407,379.4023123396727,547.2436168391259,1267.496447320713,1004.0073122244619,6584.568831164922,4010.789818866554,1546.9179400208513,1459.4465380451343,2922.183526339611,5288.214979800783,641.3333333333334,15192,984.1930065668416,37815.977804691895,13588.988691556933,14.418705701828003
730.7452726762372,1053.5659895681829,2474.2070591856186,1559.361007622688,8626.07102720613,4344.5365877234735,1415.505615566923,1107.3489382093207,2145.105262952722,3605.8022634397603,402.8477066927344,276.21506657523213,1467.666990681072,1408.4615577857294,7067.8708098900315,3458.120316496184,989.9551044167856,833.5235152739897,2341.4933676570686,4718.174922880042,638.5555555555555,15370,967.9597171382486,38771.94822397226,13462.841552235015,14.519144773483276
1496.1051411188487,1702.8316569921808,1896.213810639345,1649.4112150868516,8737.845809854789,4116.784461007987,1296.465779712034,729.553145218442,1349.921042328495,2646.298887205048,846.7662053164034,687.18830785955,1813.2185281383818,1833.0762342908192,7495.34529101677,3007.870579475989,536.8239296829365,405.45463196344974,1909.7834058446485,4340.398800645041,638.5555555555555,16392,955.7218929884473,39450.64243966834,13668.224428931373,14.619324684143066
2379.9046538820608,2431.6469543501075,2171.3030767806713,2544.6662682642855,9560.234424739801,3290.553972558734,860.0800173107722,492.2689637714522,780.3425120693291,2640.1817244830017,370.6054292785913,756.1386767178952,1018.803623715496,1572.8885754098806,7318.186434873157,2986.53433679723,892.8867988573778,571.9125196031501,1019.4136230262594,3737.633699277519,592.3611111111111,17331,886.1854274469379,38507.11347825996,12759.249954356128,14.719401359558105
1541.8223659644486,1960.3927429892706,1412.7972357909682,1549.507667057251,8523.854137696404,4324.943321683916,1871.456356079359,1365.9730262107428,400.5006019606122,1606.3797096645296,1226.1978668526483,1634.8550707353093,725.5528540564046,1834.1502077995015,7191.437314780207,3368.7631699278913,1886.470776413816,1624.8097915010396,528.9626997030521,3216.214203959481,638.5555555555555,16308,936.3397669240978,37454.85512090914,13840.610053542128,14.819641590118408
1313.5475389453543,2176.890394279887,849.7843755145278,1391.7846854791237,8157.941160063257,4693.466400547241,2445.9857219361943,1938.7122570463675,696.8790844909206,1987.338348886713,676.7674469102715,1099.6512448126177,325.81434266640304,1308.5922761198653,6714.225285882776,3792.8463984913915,2127.369138616632,1841.6888652404716,482.3032257701654,2890.3587157663164,640.0444444444445,15478,980.7371056250586,38041.77565146805,13604.475297222203,14.91970682144165
1401.1892471537997,2424.838804294912,598.1003544598844,1629.6371216826017,8276.563294455402,4580.776367000297,2417.4597013668167,1873.935732666144,655.5590779824142,2265.2485123019137,196.05471342586318,650.983444716564,582.6022379644056,929.2431438910359,6078.040275527837,4427.083087911191,2841.5355501885097,2485.9814008209405,1175.48556114735,3564.877739495314,638.5555555555555,15183,966.357492039563,39197.21951728088,13099.914766284533,15.020081520080566
1296.6690164547306,2208.4278661648673,817.6892378261314,1394.8922023249888,8061.424518828665,4804.3287680686135,2630.2059150505843,2104.947105627236,883.6955972148681,2400.328685097073,170.18284315502655,681.8949975149444,386.4086928907403,871.0400112139247,6169.235900769988,4355.947367984606,2743.405054310343,2458.0929398823528,1129.8026834475074,3398.6302202184843,661.2222222222222,15381,976.9785053067455,39339.027814398316,13181.038050041556,15.120194911956787
1281.0283002862877,2178.7041104063464,846.6955856772952,1370.8544705809832,8035.154557992968,4825.381333585624,2649.595732845577,2113.4886664923156,887.7327724659565,2417.9576408841667,113.33689858157369,707.4361840554423,365.69181070529635,973.953102940827,6261.887177496859,4238.60419099397,2618.202251301711,2325.69896642119,1002.0954528794714,3260.3610017724727,642.911111111111,15439,950.8846216846098,39418.30448109052,13032.436851992388,15.220332384109497
1015.9924665016839,1232.6768315386562,1741.043908521186,1335.115006526397,7687.924393584996,4923.677594695281,2633.8227660465714,1620.2018280019536,525.9707433296068,1974.1702808610587,817.4261421707621,1214.6992559911116,903.0367378023069,1705.6171780155896,6856.073089712039,3542.6429594293963,1885.4194743206556,1523.0615922263971,361.98930931237715,2460.3966234552026,644.4444444444445,16408,998.0944255028394,39391.37306041687,13875.595664765091,15.320470333099365
1422.0374587709512,776.2617246619574,2535.363782879495,2212.0935553933673,8198.952772161667,4309.748491091209,1926.5548006451525,649.0857212477599,604.0881250928496,1084.7979458626867,772.6795119993735,1170.006835190917,895.5540160998918,1681.8052241496407,6832.163994737917,3549.8673128743308,1877.7699184956357,1495.4614168674207,356.11029936369874,2444.9396976389417,644.4444444444445,17384,1029.4226986583044,39307.33725778824,14032.715283332702,15.420625448226929
2063.3714105639506,1348.8787895114856,3127.939287000546,3070.80738208709,9063.398708162375,3430.1365589112856,1061.8604708183268,881.3257301370393,915.159822367678,1692.498961008162,354.3703185352192,405.7341116479663,1498.4986675726768,1920.9721126285945,6947.072294749809,3096.3035008265897,1075.79648422476,1032.513191623889,1234.2088590634241,2404.059388157335,644.4444444444445,18266,989.36345863775,38387.846349991494,13216.63455043918,15.520957469940186
1572.4459453721527,605.5400712424095,2928.172580087404,2586.1988235127665,8407.998748809743,4001.6321353253447,1458.4119061840331,424.79691072865006,1493.035536519318,1401.7673328378298,1035.0802867385419,738.8994935658217,2164.9306302543705,2389.912256490178,7145.817219423928,2900.0669794889195,756.3933431262512,1218.576747577669,1960.7936543292537,2640.9337491318447,644.4444444444445,17461,977.9018908538478,39256.02953433706,13877.635845430323,15.620990991592407
1525.58201699361,223.2985727830381,3260.7937170373607,2774.2143950145123,8366.710380273065,3978.1156565891615,1372.4865864880467,1140.6446073426675,2010.2840728752622,2119.49526645202,79.51448658256238,347.8681270991222,1340.3553307064626,1505.594210789439,6136.946120411261,3877.8340706885765,1702.7147181637777,1506.5905613214434,2888.0664979429284,3194.0644868522922,620.2222222222222,16727,886.313713398861,38645.69430867596,12782.419713498775,15.721356630325317
1503.916247763167,215.90257912315707,3203.5908045055003,2715.9931827324644,8312.440970893756,4037.7822148066243,1435.540068158561,1151.6006203549941,2070.282006557943,2165.0624766001824,165.53342336907116,145.5289411340434,1474.534609549516,1660.4644274796635,6330.113509660757,3684.8802970190213,1508.3040011074693,1429.0298347454575,2720.947446657267,3119.4462177016885,581.5111111111111,16802,857.3795845266072,38510.587857837796,12928.618872582872,15.821598529815674
1475.6382516009896,237.31924087100595,3125.13385795172,2635.307816110672,8233.27860116995,4122.995034983422,1523.964218181325,1192.4189630070694,2164.440811870824,2247.843211248651,172.97511074172562,134.44791333312608,1472.0212072385661,1654.7002103679274,6325.805241431262,3698.7342880127617,1534.1891697797541,1401.2583854323532,2752.841526419028,3130.8504803372844,581.5111111111111,16873,888.2566170632642,38473.80127611221,12805.83028811567,15.921653509140015
1357.061738197096,460.3054407140468,2902.702465429095,2459.050105852361,8068.673124814134,4196.2941683223025,1509.4481559802186,1376.404910238799,2088.8612705980468,2202.777742658337,113.69874409740557,310.90836055664533,1522.2987986341138,1740.6256418997418,6403.759404391943,3562.4546744507084,1350.3160716902448,1395.3474516641488,2536.6610121061512,2923.862991403532,580.0,17124,907.5777167157294,38451.86873095059,12957.259874256952,16.02215576171875
1197.002522366455,1476.0564299900534,2403.7115208384134,2457.523283243165,8095.083824534671,3843.1848177478983,956.9860359226097,1565.4298951131232,1102.6905949374902,1220.7498369121452,670.412563741241,909.44483186271,1974.8689705364634,2294.7593272372055,6956.355937451383,2910.8000643356645,697.0772413739717,1002.4395414940757,1953.3699486589323,2272.781617095804,580.0,18147,930.7394190528984,38943.13836477728,13576.63745133054,16.122234106063843
1544.5220952125107,2319.3147470199715,2682.6916573971603,3172.1478019492656,8802.183410725862,3036.4222832732426,230.52477979854248,1110.4004472936278,1120.8106308534723,1338.7429949473205,237.08276953536813,723.4600974913469,1257.4672814944568,1961.9632997822696,6738.3312814355195,2757.0722536709523,236.3079004770829,1300.9725982672717,1458.8546898980208,1895.5873286951296,537.1555555555556,19003,891.7760608080763,38193.21179092261,12693.224566513958,16.222297191619873
1330.495417131596,1667.9104224723317,2081.6287108992824,2377.5239649641667,8017.399292808955,3758.433199702096,1027.9354032820634,1911.2621091496324,402.44339247778265,719.0478602667297,991.1840359165519,1234.5460469038271,824.4627346124338,1935.2697293107303,6599.565305263693,2872.693610182096,999.5099659936449,1955.8872433352456,1304.2137433452872,1793.777646205005,580.0,18220,933.4530522166515,37573.203988027555,13390.838121487153,16.322630882263184
1517.9913397069333,1472.1379274884448,1589.3059184164924,2005.5617871194272,7714.782643273205,3942.6723627483066,1401.173809577864,2193.505728315565,828.5967294547107,1187.834189508192,780.5790640377144,1033.5498006054963,804.9210387481542,1792.339196497518,6472.252066886001,3009.2906681366803,940.1626895371356,2005.5526265324918,1044.206478035675,1520.161788295033,563.4,17651,959.4250226354418,38344.872800459176,13372.571284108273,16.42274022102356
2031.708158211841,1706.913785188804,894.3577847281701,2122.166760811848,7920.127740428858,3615.879813848313,1413.4413673712263,1854.7842885587515,1325.3583304275637,1557.0792062586474,303.1938530163497,362.17380889640697,468.4527732527981,1090.166193606546,5845.206691109887,3480.9949667599144,1762.0754203711742,2361.348208759876,2003.5816794659252,2495.9357536904727,546.7272727272727,16987,842.8694524124962,39618.59989500139,12269.482496796632,16.522987365722656
1838.2230414532628,1547.7627845462832,1098.2255918978096,1946.1677125857493,7722.250415535217,3830.593443783525,1584.0762574946286,2075.4179830832786,1431.414240525557,1727.1269207791577,288.60468391830705,388.6617586846148,435.3450355671455,1138.6799002639184,5897.91080206568,3426.3480912532277,1698.9758551375287,2302.760175454298,1950.056129643948,2431.7821301100767,539.3272727272728,17162,855.3833748841391,40379.68256236112,12151.249533868206,16.623361825942993
1883.8647920906863,1590.7160323520452,1063.9822627402775,1995.4390732016154,7769.935525997165,3791.862885663531,1537.125730874334,2058.644513644428,1380.9007085616427,1690.3879947025316,323.5501820645603,526.1370215854462,563.35769227702,1215.870350188769,5898.252182901004,3512.783214387098,1669.8984684972745,2490.4750486342887,1860.7558319546513,2464.8861722647966,539.3272727272728,17162,864.7175583699182,40419.375045438675,12166.672298678259,16.723644733428955
1694.4501334338834,1400.5531818733464,1136.2390471567317,1831.4617792406793,7676.069848619854,3788.323638377866,1566.1745669605732,1906.8890168675773,1365.8804367669986,1551.0551185458319,282.197830345385,454.6350651596726,397.9431041397396,1244.9890122952256,6011.007448003238,3322.2345386960096,1512.5513701128284,2242.01673504843,1682.1501741940583,2201.363834425042,599.7,17319,881.7657978982833,38827.85459106855,12371.986006102385,16.823875427246094
776.1403154728621,502.0075405597977,1429.9890992551882,1792.5408847578663,8043.567910806629,3048.9041193183984,952.6672505679928,1282.1987870759733,449.7765310568273,1169.8132305935858,1027.4078635084973,1111.5051076939212,500.3503360050671,2061.566230440578,6881.760405503898,2683.8227952860225,913.8555328519407,2529.4399556531516,1430.5212485666168,2544.619536061525,592.3000000000001,18251,913.4811097692586,36352.4807454884,13205.597279798596,16.92394518852234
234.9265757027878,691.7472237040731,1905.8361890149067,2622.3132289164964,8997.10607154352,2066.7129747880217,114.28278748548277,2077.2404376497047,967.6244814057699,2167.8987414858325,37.01592395031896,217.05051560510083,888.0389649863351,1621.0023245307696,6885.89607026136,1877.9380841349525,117.39746526047922,2441.6228862140997,1256.2916392933896,3064.519001795343,553.4888888888889,19274,883.1890403122932,35443.84463818727,12235.11250399963,17.02418303489685
268.8237964343564,725.9602608914464,1910.457344344593,2655.7269265813493,9024.506731764677,2064.7536420903934,87.50578486891813,2094.763546017467,977.3447959652634,2151.8422519662913,42.09911364554856,227.12440447071862,891.0226261550074,1640.9029211871625,6906.3254771596075,1875.6992722518698,90.80384778599714,2461.603247600595,1268.5187582959913,3042.4414949243314,553.4888888888889,19274,877.3201240128859,39110.721890453926,12207.857548613494,17.124563694000244
223.12441197202918,680.1466412133763,1922.3836747512619,2625.0959843471633,9015.051067966238,2033.0273967601913,135.16781638832086,2122.7735874993496,1017.3839495832492,2200.2670685659873,1012.9013833976338,973.31917421369,442.7894376895051,843.5955474342724,5882.8176415847,2497.8950061012933,1082.8177174308603,2228.4754339073884,1626.2729754138802,3855.187800123589,544.4444444444445,19274,752.0065451838317,35013.72491117657,11229.949982842667,17.22471261024475
1289.1379699098268,1708.0827056619119,1492.8214174052882,2978.4038435719594,8553.458914143164,3110.9059031519505,1003.5258463011945,1078.2833822635657,688.3663270245366,2389.9505148925814,1015.7157468367484,982.0185025177502,426.6319442847119,862.6375743571421,5855.773333658046,2547.6640358055215,1119.8791483088432,2186.9888177157977,1634.506893586683,3893.7077245860955,544.4444444444445,20297,736.0025564645973,35083.98863259512,11181.31842321682,17.324949979782104
1523.9368147606144,1922.943750621737,1385.8800909396598,2969.439378316569,8338.598231607219,3270.0611185656526,1165.1627946044807,1090.358009301543,926.1812898386461,2621.928825264995,262.1907863452181,519.2854451937079,510.48759326473953,1660.3420270337783,6379.836194824364,2787.330095939149,1035.1215504843876,1410.1075167146291,1061.5844941029675,3538.240997034622,583.2555555555556,20597,719.9584269101238,34051.189742934075,11733.39978185475,17.425323724746704
1523.9368147606144,1922.943750621737,1385.8800909396598,2969.439378316569,8338.598231607219,3270.0611185656526,1165.1627946044807,1090.358009301543,926.1812898386461,2621.928825264995,262.1907863452181,519.2854451937079,510.48759326473953,1660.3420270337783,6379.836194824364,2787.330095939149,1035.1215504843876,1410.1075167146291,1061.5844941029675,3538.240997034622,583.2555555555556,20597,719.9584269101238,34051.189742934075,11733.39978185475,17.52562165260315
2453.0172602410616,2704.431763552863,881.9992028864018,2492.7453020433873,7447.345583164605,3172.7377524275976,1228.9442075134848,2059.721693670985,1301.3665121103336,2433.684656964447,768.1238745022255,713.9509667384837,422.64903971923206,1041.8757304467633,6288.604732710421,2185.667778567744,504.8525207621494,2095.4027391638547,912.8483218892766,2927.721161043564,611.3777777777779,21504,826.1150144367012,34278.27214463017,12731.709826511633,17.626025676727295
3152.193695933701,3250.2553688696175,771.1512967334777,1926.970413821484,7213.399402184364,2647.2425640008696,1004.9909065449813,2413.5742006723426,1061.3160386930842,1716.5418155300233,951.5484386396826,747.8464490225883,648.6601315898577,1138.0852272881482,6521.828647697999,2222.581159242877,536.8091869113488,1830.9610862720974,924.5263451586139,3203.783148215181,600.6666666666667,22295,879.308905713086,34464.42363393833,12531.842443109825,17.72642707824707
4134.5647284954075,3948.6228201823633,1217.773005066004,908.3276769009117,7775.108614911857,1589.5304914342619,525.8209813885443,2023.920353982083,162.1563724953451,1973.0511032302456,646.3370241520571,1230.52051764388,563.6396933374771,560.8808089248373,5954.057652693222,1446.74591931414,543.399799422068,2374.8766836198583,205.5656746376275,2791.7960427925996,563.1388888888889,23303,779.8788245931848,33800.741587298144,11385.205488280852,17.82644748687744
4101.542227765859,3925.0618292723316,1193.6001510310348,946.7294278845087,7742.371940012015,1628.0330432406079,532.4143624094944,2056.2599213188164,195.5460493823464,1914.384214763006,645.119029297605,1230.659304541656,560.0396492743293,583.6571795874507,5926.399224531874,1475.4334995793363,556.878509017888,2415.962284491214,252.192179648891,2710.0539986978747,563.1388888888889,23303,752.3831301275893,34134.21986880414,11475.1426370419,17.926730632781982
4102.2042699064605,3932.309676318511,1205.5237616628308,935.9944778791514,7752.6884794559655,1604.2108844137429,524.0850216590858,2024.4627496257826,153.53298837555448,1959.356136223827,653.2640816824002,1244.5105556056167,576.3807067932025,565.4396058935058,5945.773553331681,1447.799908177751,536.9360183080431,2365.882093874908,187.0088667200356,2774.673552238827,600.6666666666667,23288,759.5283524763263,34413.311226980266,11500.853778375857,18.02675747871399
3774.13173619563,4019.2408284592943,1517.657889718217,1109.5744889902908,7673.252489505106,1130.071175543215,791.8955471661504,1732.2765265534763,361.7259254324379,2415.915693523656,482.9164738546305,1131.095233739791,653.5595322618041,821.6933438277341,5739.978745310929,1012.349241528113,962.5280009858964,2089.3940126654265,589.5412365154449,3547.7096808635124,600.6666666666667,22787,732.0726297324263,34175.948217297424,11448.996418269886,18.127054452896118
3975.211067002339,3834.1592311184377,1159.015654011729,1190.941601511629,7447.7663371137105,1458.0819878890836,954.1998129878468,2102.973195370355,531.3402468168208,2572.101716987718,358.85741283213105,752.7230644972412,853.1751733326358,1370.1748546084427,5371.483170783725,837.7934453007855,1416.5441697239232,1979.4388267186455,989.1327067903146,3855.860697106393,547.7777777777778,23175,760.3088183831228,34483.55669890078,11603.18891909881,18.227236032485962
4480.263679385379,3202.4010569877682,219.616729021348,2099.697438047096,6471.484739660974,1855.5526404901686,1926.7271820666317,2375.3668790494576,1419.1320218535352,3429.2044735616387,401.159482348632,672.7911156236289,827.5810969042384,1487.0390715092087,5179.635271124924,974.169957600026,1677.2347814739076,2057.2022322223406,1318.273581158483,4168.079169971171,603.0,24152,782.8020799443823,34654.76169770915,11726.029671799151,18.327423572540283
4753.158303093028,2809.972153953395,490.89536248081305,2613.2445515183244,6041.446175966209,1814.9749228440246,2195.912134269835,2071.246039419163,1502.5163393765945,3286.0136161199207,386.6944138872425,754.9699440361331,866.7757316361158,1354.797398032084,5338.670692392429,982.0417306195144,1499.2915983816692,2253.533795942418,1267.3943560418709,4300.976251337789,611.5972222222222,24699,785.314652105959,35256.70716010729,11721.839193909786,18.427623510360718
5138.448357707224,2124.2721250664986,1300.8354489644776,3180.5978607209754,6021.380283823949,1271.6734369603394,1931.2858603271682,1301.5166128165374,828.8195197181698,2515.4755585298135,544.4626831702558,581.939217322176,611.2116368296035,1703.3649523792024,4902.762920619134,1009.9473173381073,1778.4182564374278,1811.5200299902408,1078.0136786569435,3850.5379672517515,611.5972222222222,25491,764.3013594353617,35173.75878582388,11230.5253554494,18.527830839157104
5191.613088193252,2006.4706687172272,1415.455910654029,3219.3795260580628,6109.269503637226,1148.4685826057646,1818.1756312815903,1305.1673800241897,719.1668817663241,2543.450995257597,1176.9277699897034,798.5189025699564,947.1173046948953,2368.0649230572653,4561.419807785569,989.1670817712953,1872.5168202337381,1300.319787457627,571.8756431057324,3470.7513715989116,584.375,25637,707.9261265341377,36728.114806827434,10843.68792567716,18.628079175949097
5159.33602795607,2129.0607661972354,1344.8034642661423,3261.7735217009254,5988.077403147711,1235.9559622805248,1909.5194211191956,1188.9867053185305,674.3149712539149,2440.42991553018,949.9150745629587,666.4192411106445,763.3545352362208,2127.513616722313,4645.457411835866,991.160846294389,1862.006596063871,1468.1938605282667,812.2898760754377,3584.0775724168548,534.4444444444445,25497,671.2024577455917,40211.47211558783,11015.870529853633,18.728222370147705
5157.22448069925,3082.3106053692386,1575.4484220617105,4118.069122686958,5377.312546330548,1501.497964132667,1960.056000269165,1145.5996645342063,335.0540493981843,2969.3207355174795,743.2041987770986,988.6020748967225,690.1860539336647,2537.6187782275474,4049.990200261048,1429.8779845929116,2113.3823203129323,1313.237450276379,464.4498953694702,4195.588797921255,515.6666666666666,24541,649.3843673852749,25316.467698796594,10570.406548608302,18.828604698181152
5086.266964707638,2796.733292593308,1305.3513305584327,3794.9084253222877,5329.99603822509,1637.224218307856,2206.2841523102165,815.6259493166048,340.15376863740266,2722.2841368429717,702.171785851884,943.0027740965575,574.4158013597261,2396.5597403279567,3992.6557624349284,1542.9556022050058,2319.29669222491,1028.9162897287106,482.4471195227087,3949.8431258118253,538.6666666666666,24829,677.2927310511402,25422.248157579812,10436.22762296463,18.928736925125122
4879.427840534993,2372.2943233569404,570.8766430126989,3330.2558260335054,4743.803895626996,2405.0968161049577,2920.789607217002,1011.9381316346122,1092.7562078106837,3330.4747454314993,223.563771436566,1380.1207361436332,646.77300575782,2696.2052944103134,3448.239173067031,2021.0285461029182,2587.5106673828295,1516.5038441597437,1045.5803047928232,4641.070539067535,591.625,25659,672.6787829693429,26006.876247791493,10825.374214278167,19.029217958450317
4681.618499555477,2376.5946100655588,142.60768339712382,3447.026245968751,4031.4998640134777,2917.5017340753207,3113.623639687736,1699.4965936892802,1337.4015130209073,3784.8964917479184,239.57908933069172,1546.6752415595502,809.7966510225273,2852.2623724888335,3500.9203871290833,1925.0897415946672,2447.183284261145,1500.290251680152,922.5442627335127,4530.3665321079725,585.0,26316,732.947984108283,26011.944318309757,10615.401698845953,19.12924551963806
4690.219687377386,2365.4027675966995,124.54297098306382,3428.232455234857,4043.6941083123447,2923.346294033116,3131.538998750453,1704.0909784209787,1357.1138060809549,3805.1068719501304,734.6018986292365,741.3058483372873,57.061188694199465,2119.3038956559826,3096.335723538057,2653.0256065277767,3272.002393483764,2001.9539166454072,1762.673140277105,5381.272101662377,605.0416666666666,26336,749.6348395391515,25080.40734563521,11391.059509281746,19.22952675819397
4785.17194351004,2241.0836586189976,159.35772388551212,3242.8050849490537,4052.562803561042,3076.844954414452,3315.169806409704,1870.2685173323096,1519.424159503908,3951.895123641242,1688.500278370818,789.1696908641434,1060.752206012046,2477.9385880969176,2175.898917871525,3031.734757592541,2826.9914551643037,2175.837953347144,1023.9603218003717,4563.274322122405,585.0,26116,729.4145123522737,29289.267213750587,10728.704034608882,19.329901695251465
5290.607436906764,1658.9273233454508,879.2421880032783,2672.5998296956154,3584.0038216711787,3745.200168831963,3533.536851460473,2380.3852374512044,1356.5926131422789,3459.483002345719,1370.4896269390447,582.4797204814039,734.2648048921931,2274.8229453913614,2445.59372604636,2943.1965973178385,3008.3950598332945,2148.241477136326,1280.3802515973164,4839.154164733793,613.625,25425,764.6424991317065,30173.547148148413,10948.09749056495,19.43019199371338
6075.5481642788,921.8296671766333,1761.4922261858624,2627.156966529112,2683.4209165544103,4121.865291259554,3064.0763915656016,2277.6805723934053,514.1051314845053,2752.7878579371372,1557.5947347805952,734.6912197268431,919.3503292190478,2463.0957148518173,2369.1532749019675,2845.961607857468,2801.460428188692,1977.1003596102041,1140.4161279183968,4789.871501595633,556.8888888888889,24477,763.7352022625513,31512.66343182255,10986.072247801534,19.530351400375366
6342.504404983133,700.4568473941283,1985.8439237971327,2835.1990153535585,2453.313835148943,4000.367751531051,2781.5607166984587,2011.11525241476,383.63141065675836,2982.5932599541734,990.3806688154507,641.6393874009423,1325.4533002059181,1614.9479487905492,1489.110254576053,3972.7677934708163,2703.9773638305064,2314.8617022003605,222.3328410525879,4294.048621003259,572.7777777777778,24206,715.662146316646,34938.33167519364,10631.377250257912,19.630499601364136
5559.29971063833,1454.482375762698,1748.3880734473435,2043.2870194265422,2692.8304636341627,4778.150314642466,3234.173285158871,2601.8659972659602,461.7566081231697,2583.710903061379,1066.6476751655587,889.775232653255,1544.4992635759982,1561.7103951949925,1332.1634040351178,4216.249443976104,2663.3217411743344,2382.4897041251206,405.5483694467714,4348.695066113628,634.8888888888889,25011,749.3640791951502,35453.2960561613,10649.916473836729,19.730610132217407
4805.712840142367,2207.51792304739,2136.32524290893,1412.8049518581038,2569.336842034691,5374.601360212517,3063.5995655539587,2518.9234474677523,846.7859430199624,3266.106471537439,1226.281631303858,1048.1460460807468,1733.1870054351982,1758.1040138411115,1172.5635431345902,4055.8034333518326,2538.0341295631915,2257.5437241251143,300.39627028781933,4287.473094126825,634.8888888888889,25745,727.8604248453157,34765.602309631766,10488.564768025852,19.830884218215942
4059.977348807949,2919.3442927483975,2846.123485145958,1454.899016169883,2077.5190501051165,5417.387199988826,2361.389275562398,1813.4148773670004,843.9231216796915,3573.1015339286805,1102.9394151366635,919.2628153563484,1578.8180348646767,1599.6294703301774,1315.160993249031,4188.389347197317,2669.415499551201,2397.8168589196725,378.7268955587141,4299.948524447434,636.5694444444445,26522,764.1458604907746,34287.37889407025,10771.30717938999,19.9309401512146
4035.084646882341,2940.109008194401,2870.7804660984298,1476.6079294045353,2053.405498298598,5397.964301689546,2348.113921715072,1805.1865689106512,826.5554595690008,3558.4446189637833,593.9831258874236,1051.6922778231778,1423.343962385823,874.9710931040232,1549.0798099528965,4957.286806407893,2283.7440830252804,1941.5125822433397,1076.6282107420586,4990.173636585926,636.5694444444445,26519,768.0357840101844,33737.436333143276,11388.132741359846,20.03129768371582
4245.005851524197,2805.4868258986094,2694.3239210452084,1246.1800910112636,2244.5792052491997,5621.333474401901,2298.3709259522766,1689.5039939806863,985.2966580743611,3651.592187640857,888.4876246341748,1814.2743672344857,2131.461610286858,1431.4702547484906,1120.9020326110558,4587.156259249461,1725.0920107698505,1692.8787464029033,420.22616715550225,4204.29737534162,617.125,26311,768.6845853571456,33605.15975563794,10514.796643036698,20.131428003311157
4972.656463292265,2682.762179321127,2485.7077082690585,754.3166103970177,2608.8094485013357,6055.357530314293,1557.773309868515,852.850258760478,1010.1519240142416,3016.3776980752814,788.1501914710926,1676.2742497071958,1997.7297942993307,1307.5651239650626,1180.119815418121,4661.570371232362,1810.715031680581,1694.624195502341,553.9269179741916,4373.635622877037,638.0,25463,765.0632573157515,33764.34842995209,10728.503482373078,20.231725931167603
4987.522735030539,2692.8694857418013,2498.7632955130334,769.85331381696,2594.8220154930896,6036.426285138176,1548.3256275504177,867.8494197847446,980.8591267464475,3022.652085532888,1395.7513436815755,396.98374211611826,714.7811452012339,518.3941121249621,2644.859768107205,6015.6356018070455,1015.8795776170841,485.19641644493424,1391.5111717559705,3523.7414723724405,641.75,25431,726.5435612857418,35235.68117718132,10947.039949642332,20.33174991607666
4493.920185839546,2314.3403856531954,1980.6940550939792,371.4531330194244,3250.46701594933,6765.570351569468,1660.15029796679,377.1366419005348,1570.7253441531761,2497.8047503542693,1216.4603299100563,378.96723454105,700.9564070319954,336.1652436926215,2590.309326708396,6041.688857870634,1180.1772595445136,356.90135852234675,1536.7270455243502,3491.415155503364,698.0357142857143,26214,764.5595791420109,34782.44141425563,10858.752972350325,20.43195104598999
4233.7536318871735,1983.9819873864722,1475.2988385744297,573.4677785772996,3832.86975520761,7250.261514250221,1376.0359252523576,268.14281443260654,1535.2524373083709,2016.1925643038085,1312.503742210328,394.3562238634862,726.7624912792312,420.1948283595902,2576.6287734428083,5994.39060166979,1144.5193039596857,406.41123777946194,1506.8723311096567,3514.139679157213,698.0357142857143,26783,761.9256310441652,34746.940944231195,10912.328500667762,20.532032012939453
4258.7798891912935,2054.0351314938375,1573.7554064035805,546.2506923806153,3776.0671818741866,7240.77031589179,1473.2844314416097,285.38899817346703,1625.8215533067157,1966.7062613274866,717.1627392162825,616.095100097972,738.9774347024545,289.31808088309646,2840.8094911474186,6531.146363113286,1561.2614371890259,318.5470451024455,2135.669839725085,2783.5008532429374,712.875,26712,761.0207757665605,34101.79377419514,11647.25457947966,20.63232445716858
4254.505554447508,2013.0521161196511,1529.1735333266984,527.2005636555848,3765.9685907073463,7205.177111756839,1444.6842062375467,239.74799556239697,1603.6871148235568,2005.2295296511295,923.68562525771,606.9906242585779,871.9004664188988,224.2537674871523,2687.5769020942685,6513.983587671959,1765.7622595345345,503.74636219821815,2324.3303254293924,2580.0580494272085,683.4107142857142,26723,794.2126235454335,34258.09822036862,11498.70089732341,20.73248291015625
4258.944339071508,1971.7498720188455,1501.341175619819,489.4694413210415,3727.5165721183616,7167.982072250244,1472.12111514508,247.6460609016291,1644.5632227842857,1969.055189528188,520.8067180713344,632.4597746623095,578.0900965303064,366.15246861697705,2873.6729805337627,6399.79562161561,1478.1903723627454,202.310809450652,2172.59962242289,2797.4977216484667,683.4107142857142,26805,790.338261621642,33878.559333301324,11373.588417444429,20.83267331123352
4267.3636397858945,1937.61753246539,1490.2923599921075,455.1943473811352,3694.3349791823866,7156.8157802367,1505.6711773404704,279.3019820129531,1667.126710533611,1942.72445425557,275.29408277693966,828.1810836716853,109.39083107852728,731.3625688652959,2411.097799513032,5717.894540920628,2147.6223854009686,980.8492673131287,2961.905682611049,1951.8576735372158,687.7857142857143,26798,712.6134751936327,33270.25750571156,10559.620591978317,20.93307900428772
4030.3312691756014,2596.774474482095,1533.2591878707556,1103.8330773104442,4087.989878736256,6732.694668948241,1414.5983627971987,634.6261112416457,2223.065867986966,1545.7636045029012,219.43695534555945,759.9396779854584,58.43127604946475,642.7964829888441,2478.902174319084,5804.710529261208,2056.815717088494,892.6479143038115,2886.7830127256893,2024.2541813804949,687.7857142857143,26122,731.4128785888277,33383.07336250336,10484.210250282194,21.03309941291809
4051.400548195696,2560.1210446209852,1546.499505634463,1078.738082765628,4101.829452033196,6781.821074939427,1365.346620382504,614.8020095381198,2203.4901297615374,1581.4572361805176,634.2883158458519,799.751521181675,720.5512768758321,665.1287768044377,3137.982044570403,6158.438431166148,1426.4736351759034,721.0939761469365,2860.45550932209,2238.0262248796625,687.7857142857143,26122,763.057488603805,34058.393529911904,10985.16882946321,21.133384943008423
3705.5156244370132,3012.9546908110965,1228.4975884540402,1295.9454447322087,3542.1360494700466,6358.721639435637,1960.9570070380435,618.7523564300795,1808.533647407825,1987.6545545796325,316.38677836049516,554.670601745449,282.626076039817,242.87246005782035,2541.569690936298,6443.479777715037,1511.5808681825185,58.143576644211336,2120.3069498831564,2935.498423111451,702.625,25448,767.012884662253,33480.17730737889,11701.314153877298,21.233392477035522
3291.5126304115115,3545.789114199356,988.5144621661127,1587.4042494973169,2584.7660151386594,6750.210426763358,2173.0178616794265,793.3223031654258,906.2516062955848,2771.550552947923,573.1552467783197,582.9670244683916,552.5405957419981,302.0508725703638,2560.6550548293376,6762.741304924981,1266.977737737789,247.1110376095067,2145.3065608489687,2964.3867050900535,702.625,24434,790.179868424652,33232.84800214378,11993.7446866385,21.333651304244995
2966.918874098124,4053.7866776355904,1228.519573558483,1885.871961364225,2008.8284892798786,7769.326491637529,1760.082226824791,1045.1246983002852,1550.9198066124345,2478.907345774409,224.37344761842309,1045.7819878125192,358.2698175884143,918.7035914404004,1794.5710722809788,6970.442705071488,1654.0648536365902,974.9620589562452,1998.468717172068,3351.01853823786,739.0,23450,750.8857204876236,33987.6094595348,11196.958293469157,21.433896780014038
2894.614994294773,4142.0538292120955,1306.7316900220303,1885.6481634943862,2127.552870155237,7949.7489295101805,1507.996019574229,946.8947120709679,1737.6667823251928,2214.065711576426,603.5191442475009,372.44839539901653,430.71906955049985,296.4545940907661,2396.3096220863886,6252.31468399335,2036.2032684830613,895.532871830716,1257.101098937482,3986.59738495801,641.2083333333334,23150,664.2507300627806,33230.03843789901,10503.831383210369,21.53397297859192
2678.5074073046026,4330.383434388169,1612.8733029813598,1606.0332623396484,3138.460371888998,7841.859994199924,1026.3332610906557,116.63243903422895,1473.661163177537,2560.0424289647667,590.164278870554,387.0963443071265,425.14362482867796,283.01375443984483,2404.4949217965905,6260.293240883035,2020.2076068142937,874.8983525134894,1252.5686043574767,3989.1716831222643,636.0138888888889,22146,657.6958861932444,33304.10851406905,10447.210134703852,21.63406538963318
2686.9946692320486,4434.24559895872,2029.5643492328381,1334.1561439241248,4005.669721808833,7035.809958474746,1951.9330697177227,967.1340975338468,553.9864914470228,3466.4938072721493,610.1269069092299,367.1003768437146,429.36540817361316,300.40197478743335,2389.597789771389,6266.355720546317,2016.1382718807165,869.85516683129,1270.1968673502645,3973.753957815601,549.3333333333334,21123,654.1179550935153,33256.274022045865,10275.714625253346,21.734442949295044
2685.939047185578,4430.860102352643,2026.9074581825284,1325.7021492435988,4000.9749021605994,7031.854252966597,1948.0677372836594,954.9391671982535,561.2753639928029,3445.5468405360516,420.2231794880336,1385.0682366220624,945.094706214561,818.5212693216108,3060.9658828608763,6385.637492797645,2034.4995572750825,1121.4598809664103,730.2824889950075,4872.260230048432,565.3444444444444,21123,707.6546003982714,34105.902235867776,11217.488450745219,21.834617137908936
2684.936465930153,4425.744275126232,2025.1658160546285,1311.1584820374344,3997.9649126597806,7019.584276709697,1949.6935061063427,944.395668074685,561.9617545391419,3422.365001258874,436.7795579299014,1397.9951298156905,959.3757695006865,811.7873081464927,3070.358272179356,6358.026360040761,2047.360740348436,1108.846409496965,726.6834727555206,4825.4385393894445,565.3444444444444,21123,782.6363440843601,33988.0685139023,11426.856179570379,21.934834718704224
2590.140283487484,3943.367783131451,1601.015544407161,568.5009153819755,3252.241787566693,7498.249532067988,1160.890074806255,641.556841314354,1320.6892813982615,3814.9707210004117,58.919265816253876,999.6580344878357,497.4907574830608,660.1444201146661,2507.6914353517013,6958.953416451821,1369.2784311485275,1034.615409075866,1458.3099401070265,5475.853805376262,638.6888888888889,20285,769.0198476786727,33777.604534808845,11886.472856994667,22.035064220428467
2571.6377754121636,3670.786513987361,1357.6574853746026,548.0884190590216,2917.3985951112836,7858.384399505302,969.0455806395742,994.1340100796272,1364.521867076247,4116.872545097501,165.96943523793644,955.404581740088,516.1016100319316,867.9232387149013,2673.0307332619777,6871.809491521844,1575.3375085540524,1011.7155242239492,1295.4184704283077,5274.0668184878405,631.9,19964,819.7342039779369,36736.391620530085,11669.601291152656,22.13518452644348
2572.249918001263,3042.518694952338,785.8062265540177,1192.171787371017,2737.6650654098153,8278.325915112366,1526.7721301656568,1450.7254374985425,758.8254422698795,3813.1377072916907,591.5034436816209,1093.25022431257,832.3817658094055,1216.9203721814604,3064.443137148956,6541.312465439685,1835.5299243053528,784.5060949024572,1353.7842129861826,5076.953327675627,549.7,19225,791.459717830875,33350.881458712654,11447.0324927086,22.23546314239502
2752.666450542809,2039.5286759256633,428.7673370975001,2194.6632146463326,3484.9300702445844,8023.510097010464,2443.2840151967057,1414.1835294806303,648.2086342644413,2900.3994549801387,429.296161165752,952.228416751652,667.430299576899,1207.3808479475017,3002.003030709551,6640.4585749856,1974.1635662416866,891.9742485687572,1263.983937029235,4902.425926638152,549.7,18202,734.7958729498791,33130.66913565167,11124.242360708686,22.33571696281433
3035.4252011761337,1220.337645037,1051.5298667559055,2833.0744164149864,4302.577884172035,7311.797294505677,2698.934413596037,969.113959787112,1425.2578383743933,3339.8059169655685,423.36699674667346,945.9074708558117,656.5753901063068,1208.365916274118,2996.6912362104595,6653.813084690434,2009.5830314467469,916.9963272002338,1253.6125776696506,4829.4210320822,549.7,17374,759.5370726965084,32289.246937066055,11452.762908872706,22.435996770858765
2974.1561956340165,1417.6673687619357,925.1140841889496,2756.6811178447583,4160.812505206662,7505.852852204376,2805.487578439445,1169.173635005268,1419.2085940323727,3158.807508161264,839.3429558011512,455.1517005625805,798.9953328221162,2079.3895864598153,3548.9677854815914,6527.131481879917,3058.3804037000646,1187.7173700295332,2078.975600825021,4843.118479602849,614.0,17579,820.6839139149306,32930.61637186523,12854.432218378508,22.536319255828857
2999.0132762536423,1270.9113554417543,959.8628303937344,2712.3632403005554,4156.561922475863,7453.9228550293665,2632.9471188325424,1103.9879098321378,1244.414965599414,3070.085150469344,81.38475914938375,733.8335547486641,51.70801239114596,1369.7361387142844,2835.8056683662785,7149.440314525699,3054.5055769748433,1660.8148144506629,1921.4481394412492,4334.692319980917,628.0,17419,905.548787748876,33154.46127839618,13442.655096316437,22.636622428894043
3010.417156951181,1129.0093934526856,929.1666250731588,2476.604546937863,3925.391578570457,7671.7189227960735,2614.6411786847452,1381.8463399392974,1293.3935128771013,2886.0437620946113,959.5554185156489,170.45756339720802,918.3230208725674,1778.8455225843459,3203.8531286411844,6829.408261879502,2307.321883410262,1801.8018163978406,1417.89761929652,3594.325354272739,586.4,17088,845.8743098817556,35145.00337368196,12547.965301865042,22.7367045879364
3065.3538910953075,1230.2061466015632,1155.5768234436534,2883.490982279977,4331.430956865659,7273.536659761346,2261.056190669266,1191.6864672620643,887.4577359408133,2570.1474241900883,706.7559144809898,174.1088155263408,699.5559632632497,1743.2335420414176,3225.985191476494,6744.46305545973,2353.3680313857003,1628.2208734469523,1324.4338853234353,3622.9092545060357,575.4363636363636,17541,828.3764871499027,34480.300270938096,12337.733251447034,22.837109088897705
3149.68430952865,1283.3242871046975,1369.766135797284,3087.3914816985125,4500.463420891617,7159.378987910752,2050.1517003022163,1352.970528340691,866.0379913269634,2382.535954627385,261.76175400992446,947.1201127265417,808.8189964520709,2340.4816795610686,3956.2589816816585,5953.039620071201,1689.1999533588635,1690.8258900039186,877.9036988242591,2821.8727909158947,539.3,17728,742.6804164859022,34520.004169601336,11762.065707839425,22.937293529510498
2822.1368324792857,1481.964816150384,665.728458032232,2860.6691286405835,4556.028834552311,6840.707251138276,2154.481554446939,889.4869491245356,154.3236249143674,1972.1237988431064,335.4165552090109,1079.2754699392615,884.5370220953785,2443.7837517490993,4080.9278719123536,5805.866758702079,1599.962002529448,1716.0757964728637,825.2081511277728,2667.8528832173606,539.3,17050,731.8607921238179,33718.551553983896,11732.346868692257,23.037333250045776
2489.6989250605616,2305.7228005881925,699.7440190697118,3384.265858515304,5379.148053806217,5885.9173970271295,1621.7142351525354,1744.36643984114,974.5734021861867,1175.8825357577882,189.94729947553353,808.4341398160424,469.70813096824224,2213.0909064857915,4149.382710372927,5395.456164638677,1569.1624662882955,2000.9193231444233,1165.3309478248839,1876.6343331525145,539.3,16027,632.2813625383719,32857.517923895415,11363.913722410052,23.13775873184204
2472.811333579907,2355.8748863420496,749.3658074160849,3434.4538832843978,5425.56556117342,5853.6645214345035,1570.3002128881296,1764.1043236366759,973.6495159194303,1228.965473515092,566.9704540545501,766.165265058901,393.4927792790978,2143.887812401937,4269.912291471531,5142.194333094669,1572.6629869272244,2261.757475355958,1442.7693204377788,1766.7119548348628,539.3,16005,733.5570037894325,33375.09672956659,11564.285722760433,23.23776340484619
3072.1087542092246,1360.223330049901,336.2699174143836,2512.531744915547,4996.9134831205965,5865.246536119878,2306.821046196129,2483.257408884162,1942.8514140655607,998.2152600513848,1073.3068233066936,965.9224188396287,747.1471607538907,2122.2466276715013,4514.5085354764005,4687.20771801385,1804.3488600850358,3010.876809432458,2306.268235488923,1857.566808122306,571.911111111111,17028,760.1674798179115,33963.110874541424,12188.3877108792,23.338071823120117
3658.9109042746695,901.1585890954527,1040.627478937683,2326.6999135947267,5335.116443891343,5365.182694442773,2328.813034116663,3082.9615755755085,2313.601116134854,1678.0158056389673,1310.2397284703497,1226.3034639623554,967.2319717042922,2380.450544363461,4698.651658462206,4632.388085407448,1583.0790243219712,2802.660006582657,2052.3155332364513,1698.3420028873043,570.6666666666666,17719,833.1480821710768,34090.01814903203,12090.583788619128,23.438079595565796
3571.8274213782524,916.1816859938631,959.1853024637356,2280.578148999689,5244.105032514667,5456.004658594307,2405.259501771832,3105.5939146190776,2379.0583563916307,1702.3992751210014,756.6834835989856,418.4683825779316,1059.7482627478307,1038.6176299384142,4188.168125879113,4599.650478248299,2663.7814427439944,4160.970838240738,3246.3957244239,2854.684678236182,607.1555555555556,17644,795.901623345673,32422.5256288856,12512.633042299578,23.538333892822266
2913.040182470138,1095.2101228246224,805.149381689441,1706.4236954961375,4676.582153466282,5826.17973787038,3031.466000251838,3779.933566396152,2974.1939943196803,2373.5655292011515,1034.8828928158355,725.6813079282878,1376.3115307097864,1198.1014080722314,4487.44634719932,4278.13604696927,2432.2754582051784,4018.891532044426,2943.864939503769,2600.095491226337,570.6666666666666,16940,831.3153642879738,37856.20316787914,12189.419397136948,23.63864302635193
1906.5501749515495,1678.6437949824815,1638.9683159524693,688.9437821611068,4641.007435584463,5570.379544832059,3283.8056377866874,4277.535597076497,2818.213494425505,2418.466785299893,996.627605921437,690.540084320205,1343.2245918754297,1164.866734501649,4454.607584341105,4301.909669953104,2460.5864292167653,4044.8538136769444,2953.177431525442,2607.6648634345834,579.411111111111,15954,786.0329082201923,35748.461712076256,12243.052297011243,23.738945245742798
1456.2950855522035,1962.6062800566972,2088.547962330038,388.2140782212591,4985.6520599016985,5176.9596211796825,3025.9422796699027,4038.436741037372,2384.624555960554,1998.540518101378,398.0108905249992,398.95436134048066,935.0773105820376,557.0840706842928,3910.742556975182,4698.917795059797,3037.108028789164,4631.457771409268,3254.0175539858074,2977.1143698391807,579.411111111111,15465,797.7152922312438,34365.84913483431,12626.388985212167,23.83912968635559
570.103511584502,2494.753884681109,2904.2445786911976,1078.545887811007,5882.871342380529,4373.80275620009,2126.9968656630535,3161.37899704392,2210.2547237144586,1907.8993062113584,136.6120740898449,721.1909034083898,1314.7206329720168,673.874086487681,4466.958074036924,4034.4035693335018,2271.3803516407784,3776.3025090504116,2928.450055839322,2744.6093407497747,567.0,14613,739.8950958549271,32970.37431182895,12354.546748998291,23.939162254333496
1552.5594299001164,2222.449052714354,2347.440815065065,288.8832124301129,5299.714558373749,4602.160889252674,2646.1577372110264,3354.8111935759566,1206.8284185660373,892.3767799965703,954.5043894876899,1676.4313043118668,2072.2212001228386,1156.9179813089822,5032.469710144988,3207.8655843020065,1799.8815467264528,3015.050514627774,2157.077512695818,2172.8385628105825,571.3000000000001,15568,769.1684250142007,33950.27271791706,13024.212046497047,24.039321899414062
2427.4531591385703,2610.797215324462,2579.4808508627875,1089.071698147838,5609.12150345486,4138.8012678990735,2428.203813647802,2681.2620445171883,1167.3267826337835,1438.2983090847113,828.9050876557753,1547.503615622902,1945.5236084860333,1040.1914271418964,4918.857158019811,3301.4254866769543,1897.445977384601,3078.8216028189463,2086.948649165485,2108.609683021413,571.3000000000001,16548,797.034337016324,33761.229682820995,12462.50411782954,24.13955545425415
3308.031488537955,3387.245600160021,3346.692298321991,1976.1786149637942,6473.3629985158595,3242.419538919644,1644.638760961322,1851.2496271032885,2089.81689789681,2161.5264284280156,510.0537172009129,1069.5775889874928,1570.3793959388875,1206.6929492976253,4952.3639670995335,2950.4453864181146,1715.4308184392191,2203.779574660799,2693.242125720422,3028.241884518272,571.3000000000001,17396,721.9434107657567,34014.66793971279,11582.04158313858,24.239787340164185
2376.1198904981234,2349.2305566958757,2285.589319220214,1491.999905470351,5539.216197884021,4127.909583573534,2652.2027819657983,1890.3131284024846,2268.5939330498686,2856.128570808604,1287.593289977365,1199.8796001934697,1611.7164121731873,1936.8179834726438,5101.801256850664,2943.6711384928053,2141.529254622404,1299.5973779021908,3495.7900313916234,4052.8515912743214,571.3000000000001,16405,740.4988908035111,33616.09502260006,12569.299197667615,24.339824199676514
1852.525887143703,1496.0647367870934,1552.4339923825414,2031.3120079263285,5417.924797692209,4287.091873024035,2929.812194600558,1270.7621167579853,3095.7152445633897,3435.9718123827297,1200.8322880634146,1141.8084716848946,1562.692773417751,1834.1596867870858,5037.78729419601,2981.2472263395257,2135.256896883396,1447.4076841240528,3342.610031236124,3935.0824421326647,578.0636363636364,15479,766.6667610774725,34046.60488703537,12462.661936775366,24.43985652923584
1758.2803351425669,848.9994521076425,1407.5089201926346,2796.9009845884075,5940.280907328688,3887.130044137143,2582.170418668626,557.7257231488155,3177.6362932342245,3022.2713157889348,240.27714212219766,237.22500220496582,622.804249032906,1737.8402658942198,4533.477981443701,3550.6395897986745,2720.8211437870496,621.6999201942791,4159.243132363162,4284.557770283818,578.0636363636364,14776,706.3317865875915,34749.285423382746,12081.78868698566,24.539879083633423
1752.388984567968,859.7696845272698,1395.1159291645167,2777.8409552968733,5918.067781412959,3908.3927469766927,2602.3744203535275,551.3658844286733,3193.7399494907622,3032.538726719794,279.5056494733392,273.4890542569093,654.7776733398431,1713.132664116068,4527.578235559129,3550.2580487241653,2721.491457082911,651.2260910779945,4149.951678192002,4293.216240979928,548.4545454545455,14739,771.8438270428644,34482.324837588465,12197.921086698421,24.63992929458618
1618.584740911379,1215.8508970853557,879.386568111633,2596.017133063393,5440.7949928519365,4447.480502971684,3066.547123666181,177.95712421054924,3619.867267364726,2783.131049858557,682.8959490371377,671.2804171305484,710.8559662756803,2529.2780625764567,5071.512947032092,3205.8466881703093,2302.4288549039798,780.757583557864,3765.618490479893,3559.54522749903,533.0909090909091,15507,773.6554742714358,35483.60201294058,12683.764774449151,24.74002742767334
1770.6113348193778,1870.078444536954,496.88555228795616,3187.566546652007,5644.418032806367,4489.818978811753,2895.00868835778,979.9825054317764,3049.278626598879,1884.073382812357,549.0769911668838,576.4362985092127,575.199786483486,2444.206696831095,4968.023728478902,3322.619058079594,2380.6008791646386,809.6938751679456,3743.564211171921,3420.5633195443647,533.0909090909091,16448,784.8914549446827,35671.34874878256,12309.320056994773,24.840317010879517
2145.854493114713,2449.8210351330954,944.3569164969208,3990.127777349455,6364.49610785098,3974.9514654531536,2213.63669878078,1380.1562330830154,2285.661297438044,2299.692159290991,438.06532612384075,539.754001779224,477.0268647190673,2434.336382298661,4947.331938262222,3356.071069249361,2348.356480699379,953.4607436448642,3599.3255949546624,3351.5754030869502,533.0909090909091,17249,778.351677340117,35714.280046453234,12295.794621935984,24.940788507461548
1988.867948077632,2250.993868473111,810.5099015294664,3651.6217431226773,5999.896870190765,4359.446918538113,2571.0329333405352,1579.0649066972967,2237.441240472623,2011.181982032187,1325.2091626446102,1705.898474049756,1397.0141630475844,3103.347759755543,5348.10906646221,3607.127769332177,1953.1791380382235,2314.303570481478,2332.0639149458325,3862.719278733429,533.0909090909091,16902,759.7068088838449,34016.53456555182,12945.432253652007,25.04080820083618
2051.345252207268,2313.3153304094076,1433.3995875342405,3410.696602746254,5696.538966571075,4954.3945977530975,2787.913785232949,2461.5761789081494,1305.076428795732,2795.6244734998754,627.4735616070745,1020.7871148434823,827.6276076258281,2420.4320153636854,4674.258344099585,4197.716824554635,2599.7861086297735,2659.088027579664,1902.6884806912824,3876.3505697597807,540.0075757575758,15914,760.5552807253844,34678.50066066419,12480.176562107787,25.14103937149048
2253.947389125981,2552.461713983947,1831.7162196022016,3610.4519624663326,5898.508291279027,4915.787149347842,2565.3761879110225,2536.58609009852,1261.0892060565022,3025.4230759731113,351.23350878975845,796.5323550700159,855.7437231058531,2229.4055996813117,4512.72716327845,4466.155983129228,2682.235425321049,2984.8757352756134,1635.8010171244628,4281.73891429312,485.48484848484844,15578,730.2409315067523,34919.282852293385,12257.473767317064,25.241166830062866
2218.4265089908718,2508.8218760052705,1781.856900378785,3563.1464936121815,5848.772581010859,4956.018043912605,2617.4701844386514,2574.3551169893008,1212.3241365900612,3056.2305259415716,374.02097677302686,799.988735790793,810.1947374912311,2204.1695237762856,4469.811451739587,4497.636528743126,2757.4760656646376,3030.261573569413,1553.2182480540391,4329.166016003747,533.5454545454545,15569,735.3576413481425,34865.13933258763,12278.584454363692,25.34132671356201
1584.2047883797168,1611.053318477871,1391.6528609409816,2669.0491445925604,5089.158065704498,5831.719109966676,3089.638165706703,3334.2388748887515,1359.4325381720796,3668.68202253726,829.5647815373054,1033.1297401013796,1667.7001794755784,2422.3210211944856,4815.398871577452,4609.666091510464,2219.4526711936487,3009.273219644464,2325.712759843524,4169.0497529949835,533.5454545454545,16553,732.9622036672699,35975.17729877487,12994.41188293936,25.441555976867676
1217.0276521402636,587.7093216680917,1982.0825380485778,2272.8253468934317,5082.368177238138,6204.743454497506,2822.4254524552966,3266.2509915138985,2346.8667777603064,3061.4794373900927,813.7709087461124,1016.5673909894361,1654.8229631656957,2404.5537570879337,4799.611179077404,4629.8918118880165,2228.48776662305,3023.0733640797753,2339.1458934404795,4170.184981084528,593.5181818181818,17576,834.1829672872509,35983.06416379961,12663.188392410946,25.541571378707886
1339.0515167295816,192.67875580356335,2723.403622189378,2680.813442636568,5686.490202139869,5887.713269272051,2138.8525812068538,2589.3030662489937,2444.627204955023,2419.392900853486,554.7976237179839,762.3841640408815,1439.4457504267177,2147.715729071733,4566.625593486112,4887.217168804898,2382.1055144175784,3210.981694055499,2519.6775701190513,4161.8173497238995,616.8727272727273,18304,861.9069159557079,35660.141400064254,13321.196274353853,25.64198589324951
1324.6099114451595,143.7369337067737,2675.200945579329,2634.028685595816,5637.182933002053,5933.565015552372,2184.0021300253675,2631.9162870712685,2482.973834931071,2403.554481019824,1223.494172813861,1020.2321589262689,1969.6720238261048,1972.994112866984,4943.082670714246,5253.64500426438,1430.664497034945,2110.38968544157,3090.2141055632737,3403.3771972048444,585.3000000000001,18304,801.6292208109862,33901.33071173045,13181.103487439428,25.742156744003296
1452.6674414689537,602.9962906628798,2200.6600651894896,1962.747063199353,5254.516361735809,6518.097736299658,2225.834613300194,2424.825311185904,2945.230369925354,1870.4049828750433,1006.9354668083737,802.8128071840159,1804.2992208817943,1884.6686924592589,4820.741430282336,5218.342372875352,1584.2926574327043,2334.3088667787947,3026.8013325865686,3444.282222491311,593.5181818181818,17502,814.1000045362223,34092.16537480268,13224.47692187094,25.84231996536255
2247.4452245940806,1676.5787442814708,2354.7114270377638,1806.7229930828134,5668.8764237609585,6616.951975372065,1567.51843484834,1372.7533464259884,2476.916697825765,2791.6570693448,459.2764033072574,509.3078465718488,1244.0529644450564,1272.6055629079076,4450.820510864682,5843.9117361861245,1544.3379479664322,1671.8107844791164,3122.9717388346885,3892.503879882325,560.9636363636364,16479,708.4379118950442,34714.80840021923,12227.205553742013,25.942455530166626
2035.196627173574,1465.858190507398,2184.212597124815,1649.6409476642173,5446.476520111172,6782.715962471659,1798.9556957508837,1521.1687979008445,2705.284367035596,2707.2263529942265,297.5500251316824,549.6948622964561,955.2584331564344,952.7742665958956,4181.462235683158,6200.2860265375175,1820.4513189605475,1654.2120257663764,3417.8464413003617,3952.392447423549,610.9727272727273,16643,811.8378372318671,35057.02895740359,12377.209846042893,26.04258704185486
463.52045933479985,1537.8173691069226,447.1888020976332,188.96286850827846,4652.371696857374,8051.267956189301,2223.2741996246345,506.59750146552545,1995.9897218369297,3822.327319225621,963.7510760650193,1359.8311502219049,1085.8127725914394,1096.1890296289785,4529.980595608388,6295.796433901223,1414.3708041273383,927.08298846372,2770.3509669540617,4419.214398053297,604.3000000000001,18456,815.0229141192691,35387.42400399796,12840.712898888316,26.14315438270569
764.2646312528171,2468.5238044660746,629.8326900539872,1131.8894383064526,5429.83625325028,7603.671986458096,1468.6268195593914,432.8532302908728,1693.121082910752,3096.3737908669727,850.5797652292823,1173.7717886824937,878.7793846632244,1352.0220853949666,4556.006166728569,6874.000442343034,1152.4398737731428,1243.1973009090054,2380.429665514115,3624.636950325647,604.3000000000001,19462,854.7647969087789,34085.93589731416,12640.115235143721,26.24424433708191
863.7684945964209,1407.9093594638068,728.9348744461627,1297.6556816034838,4890.766657422475,8502.093283180417,1929.608594783382,1310.8170602305988,1421.7493071880901,2156.531243370654,359.9586969683752,700.2970170766055,399.5359786977809,876.5841158663508,3964.967530509013,7456.025770507263,1825.1577148917252,1269.3517363391095,1746.6818282975971,3328.0700238892646,665.3666666666667,18242,888.2175371656381,34694.28270096477,12610.30516544936,26.344357013702393
1425.2948973258838,1419.247487119857,1239.0124960293494,1814.0276612757552,5423.4099702329195,8023.636617554796,1431.8784533360351,975.8454599030573,1448.9118946954914,2586.0528979739925,299.22956973674303,616.5297779996577,449.53695656855314,961.5951545512863,4029.866359340534,7397.861863767197,1689.3051228973825,1241.0961438226682,1853.618687172129,3463.116798602653,608.3545454545455,17651,830.7711468722866,35074.252859228436,12528.972469168357,26.444549798965454
1425.2948973258838,1419.247487119857,1239.0124960293494,1814.0276612757552,5423.4099702329195,8023.636617554796,1431.8784533360351,975.8454599030573,1448.9118946954914,2586.0528979739925,299.22956973674303,616.5297779996577,449.53695656855314,961.5951545512863,4029.866359340534,7397.861863767197,1689.3051228973825,1241.0961438226682,1853.618687172129,3463.116798602653,608.3545454545455,17651,830.7711468722866,35074.252859228436,12528.972469168357,26.54472255706787
1833.1292881715763,1718.6479389171384,1471.2545089264854,1952.1073790092244,5625.901177364575,7839.192001104016,1646.5925306750864,855.8802608449889,1107.3533404425034,2293.977041439868,362.96125017166906,701.6175100644635,473.77852997999804,949.7028617486571,4049.6843618214607,7377.43861596281,1829.6908999729405,1234.6720353463224,1694.86272106035,3234.1300337064677,575.3636363636364,17262,860.7580671432725,35545.92649034213,12411.746059308021,26.644943952560425
1148.141574994216,1082.9316306350024,1459.2550915298789,2188.380961559688,5823.967331999773,7535.538640075078,950.8602324201453,347.46225883537505,979.601185418281,2892.1174968158216,1107.4705809766122,937.7728906769798,1660.632503555328,2183.497729451068,5256.0953562257655,6242.821840914492,1891.5558170837821,814.7283735306178,669.3992846005299,3103.6232196427936,567.5454545454545,17940,826.7054938130862,36389.46504660463,13006.913566782225,26.745337963104248
536.8283756440563,279.64793961486026,2244.806942478527,3125.1818989980748,6748.510077441602,6561.640076400444,1282.8574694041192,643.2830278072204,260.9336400413592,2470.2625894171024,916.0442944849015,749.534778709195,1512.153872637359,2096.7784355336034,5215.889015272308,6198.152266248675,1779.354867991115,731.1322087350545,558.802234827555,3124.2779867541917,567.5454545454545,18963,867.8471966517886,33797.916534085896,12986.391710012631,26.845818519592285
1046.9742491710435,755.1327981566574,3083.1494896510435,3937.000421992595,7537.126567393522,5915.947543117907,2117.6423361473594,1240.5143219528206,621.8678945567734,1628.8982609346212,163.17407590370425,237.53339576286535,1440.0206070044685,2434.6169999144545,5770.469328247423,5369.089548939002,2214.6417759154665,1460.7331863281242,809.8754605293263,2301.325882380951,526.9363636363636,19790,813.7717618646825,33430.46205317868,12248.6616792204,26.946334838867188
527.4625814993896,453.66126814111135,2529.669913055463,3559.542961246821,7280.831603346554,5890.63270267619,1972.7392199434244,1470.8071897687846,872.4794825208361,1651.0434527281766,558.9611271844183,751.0256591209035,1665.8511515183582,2797.8704149032515,6183.172666680323,4828.636762885483,2605.046725825089,1979.2252475167763,1276.1856132483038,1902.125607519728,567.5454545454545,19177,814.0728399786268,37463.01116736363,12895.863218628965,27.046471118927002
506.8966104824432,1064.7300559651526,2224.0157419511474,3735.7537510111542,7694.745340533341,5204.390019719517,2734.007314987938,2232.6865379588075,1546.403310068881,838.5681604858702,281.85692593353616,348.0455309865115,817.1206536068559,2130.9490474890627,5760.192335950508,4770.751552711269,2906.867689149527,2792.930675640291,2202.5458377923296,1058.4587876616708,562.6090909090909,18375,720.8745761818525,29240.641311715648,12003.970062585962,27.14675521850586
400.1066351550016,609.7783161250961,2147.309512467973,3363.7072281847313,7242.798722391643,5632.522009316952,2457.879842893076,2296.1948759183233,1758.5317274515455,915.4940401959774,484.4118795862199,464.3062142886858,600.2789912044615,1948.7731799722633,5617.155435327496,4841.375847912489,2990.383109983387,3030.9256865832567,2493.435994182596,877.5036822436161,547.4545454545454,18806,734.9573474011461,29297.747034488802,12140.10034050567,27.24679446220398
1205.8294227746653,381.6683010808845,1916.0844041663765,2396.9628443161705,6398.853034732589,6092.839737555578,2944.271884605719,3244.937018721947,2721.8540923231344,663.4038016414148,1044.721067222944,999.3152092683217,253.9001097288467,1912.5714909227102,5750.391946155069,4546.263857427244,3493.5856689318325,3456.902884783973,2822.3517355622694,419.12361826729307,547.4545454545454,19829,773.5255936281907,29549.590872875677,13053.575989034276,27.346975088119507
1856.0638435951169,1033.7049056487956,1694.4038130447493,1855.1165901536415,6339.407499170609,5821.354414398318,3575.110830920574,3539.168323263943,2714.242454129367,162.33101952197777,311.3524054257704,320.75647484949195,693.9838784874102,1235.2742094518221,4952.762387432006,5212.162737220193,3664.899324470342,4054.7705089454344,3433.4981708282353,150.10210044061853,591.9090909090909,20432,840.3674842621838,28213.108917503585,13352.572560504223,27.447574853897095
1634.049310367453,831.1567577997774,1842.2264247325827,1913.7938224857223,6179.109610012924,6044.184425632281,3554.0975789575828,3709.5983839491987,2945.0249605148583,399.4016618135744,404.14054372912113,297.04207900726647,713.4676445295651,1535.753577211093,4908.589027376241,5560.059150522643,3382.3527502166485,4281.736014153749,3964.683896716312,806.9301098336895,584.9636363636364,20248,861.0846718992376,29589.728732052095,13139.476252650187,27.547879457473755
1659.2621231134258,845.5775856222741,1812.4531231809203,1936.0533976996833,6209.501117324792,6036.602223150656,3510.8242275908497,3693.801799049966,2969.1938809177345,446.42163252598755,1128.9064629811821,1240.0521127856384,1423.6591651624833,629.3763489207602,5133.490913358382,4580.639443146458,3934.283651217925,3522.244691627516,2867.679556889535,646.6480053203966,548.8000000000001,20248,785.2885242928214,32152.026011010363,12233.674994226076,27.64791202545166
1001.3227359427378,808.5102284689345,2565.340487075159,1435.997642389446,5648.296155524275,6051.008252561268,4207.882671196592,3701.889319104754,2381.5746935439397,322.763265133527,856.7231947807899,963.5201045899117,1214.4218412217724,678.1357833611966,5010.563903719277,4809.535163325148,3848.020011196252,3711.176760754028,3095.755066902298,494.12889906130096,555.7454545454545,19506,843.7501646356295,37441.193768782876,12264.217083328564,27.74807620048523
993.5960637004838,814.901527186586,2574.8313169244025,1428.4482498123107,5645.240787954642,6048.528175140927,4212.977893312051,3702.793034394194,2379.251923751321,332.5870741681383,156.67157463600464,255.54899505091961,1201.505700439439,882.7291735076101,4321.571510379347,5491.702163500676,4401.676769023857,4353.054444306543,3091.3206790514373,469.74265848048213,555.7454545454545,19506,842.128185022166,41740.210271943295,13060.328305286319,27.848437309265137
1008.6082484911543,788.5156577779554,2563.290943280696,1453.9829946966772,5621.850319266029,6070.560241093957,4237.584627011936,3707.0182282988844,2358.9357392033207,340.7018679613334,889.4751218596875,962.5603579924157,2190.02075332819,974.0362945695927,3998.943447897986,4933.895379911326,4594.946700889223,3350.344817933033,2789.2336714691946,743.5012265571379,548.8000000000001,19506,795.2233250279287,30930.778406923855,12103.771004287028,27.948570489883423
1170.852622439897,502.82397272563026,2543.6440257418253,1678.487219201716,5323.307838224732,6216.8509319813875,4514.792151798147,3605.6548109325104,2057.8566041137615,480.30329547554703,135.5464488333189,260.8553443960673,1420.362312146222,843.2084413398,4165.442279978771,5405.345312591013,4515.404674639526,4119.773378138222,2877.2619316331557,443.1080637980096,584.9636363636364,19840,883.8070041076211,29261.939171528593,12728.65390755477,28.048874139785767
1279.7886622368128,301.45311766807265,2654.7155183560253,1723.069911935456,5192.4555044466415,6104.716679097415,4489.756047240274,3407.9446897181338,2135.7910951925196,300.3331441696848,258.346577044774,107.68728433889339,1194.3784444710225,1130.5914876843879,3913.4832827319133,5582.859658204325,4749.390439310258,3962.875381769535,2735.567800359478,439.02724425410423,619.1,20002,933.3143283282458,28255.221114780878,12582.129784867086,28.14899969100952
1167.587856804549,600.8795577628109,2390.2940221756758,1843.5258292817277,5182.33227959509,6412.859778349729,4775.154402342671,3454.5061185457403,1827.6755592987954,571.0737800018843,374.7933339630826,228.1592761109002,1062.257845003964,1288.0053275716325,3784.3144969977247,5768.64368285907,4981.941411581648,3878.2555230337884,2517.559349846654,651.4471819963588,638.5,19741,887.723875612417,29282.54204035035,12797.256847095021,28.249322175979614
1174.7957915716195,542.3362540920685,2459.0782366395224,1778.9936976020074,5237.681767194063,6372.347884212933,4726.281429322256,3527.5167037002807,1807.9792696717655,623.4492095548387,936.509368405957,661.8907468661776,1437.953514004471,1456.8967909106725,3747.956502719748,5076.730696234724,4255.120441040514,4226.626673961682,2996.3930834200046,882.0235907737965,601.911111111111,19759,784.6035294453416,31962.938019049478,12046.727764217,28.34948706626892
1175.4565295805974,569.6502691727953,2421.7273359840747,1819.2367125593269,5196.315252379594,6363.2841404891515,4716.406594837783,3494.3146651772986,1855.0600431119647,579.2599042975089,184.36220926519178,178.29679517097912,1130.6331515317947,1124.385819984906,3977.05774799814,5777.813500059627,4928.699678404086,4107.728174581172,2409.569407071997,819.1154428203525,601.911111111111,19759,952.5756185106566,37515.13886547247,12532.240722275874,28.449727535247803
1173.8625064065754,560.7342826792021,2434.7733074779744,1804.3375370764027,5212.457677156114,6375.853461109949,4731.701750857405,3496.4707559496333,1836.151402115861,581.8753966364974,180.00132346209412,179.56910651221904,1133.0152213657257,1118.8944462247619,3985.5316835792255,5789.195512311348,4943.654005170987,4107.8682852697075,2389.0981743820544,821.0269246565298,601.911111111111,19759,822.3320376177921,41315.67606868353,12773.791860821719,28.550227880477905
1166.8915400997757,562.9289660687915,2432.797302587649,1810.0203491041307,5201.826863332169,6382.463848470713,4729.738035038794,3483.9964954752672,1858.6473809749193,582.1878430546328,854.195074102227,1196.6538969653407,129.89068720625758,2135.8601251814775,3037.179460654181,5014.0972829106395,3962.300567495246,4784.773627548915,2482.320650148881,1807.9977440704968,595.5555555555555,19759,759.365396681001,26527.60445990414,11970.800456196452,28.650245904922485
1097.2993112711483,621.711535694966,2413.4356360371,1886.4988355791816,5088.996572596852,6431.012055391024,4696.261187292067,3415.1524013581507,2001.7877249797189,648.5852839589794,75.52182975674206,369.39925738472385,944.9330506029512,1305.1894856223892,3809.3445662102454,5651.544661785607,4774.926151136857,4196.075921248761,2405.4658578908397,960.0488471974567,705.3333333333334,19992,781.1617479417255,25009.04658572562,12735.741077504495,28.750362873077393
1010.0524402557622,811.8832289697482,2289.3755979803327,2108.5001770510544,4849.756154660125,6264.831389797,4458.576603208379,3629.1509359720335,1856.6374501364244,849.7183821589105,69.31044423259806,375.52934538830993,932.3541972962033,1329.803969964038,3774.8119138678367,5618.94342062323,4725.335404211359,4249.988771183583,2355.3532705968096,1018.8353527911606,705.3333333333334,20163,832.9254853619997,25430.539887100946,12702.71932503548,28.85071611404419
1064.7976423639927,1742.102482190563,1610.441259178282,3031.461400741179,4172.578592296362,5326.504836818914,3925.5576472972607,4372.738930309905,1040.3227719342015,935.4861248344911,877.2618490673724,1140.559565230564,775.1736815784242,1662.7523354554826,4175.738874676301,5463.335737848933,5126.569541571798,4193.3346648160295,2369.803608158076,346.04610989285516,682.4444444444445,21173,836.8947601690068,25122.69880312717,13466.411327587171,28.951111316680908
1761.5126772040287,2801.795681797148,826.7170201217285,3855.007443422,4370.950752422734,4882.561287155039,4612.478645627374,4205.852458725795,1845.8168086684202,632.1368086207076,275.9414405654159,876.3867438579827,385.3995280686047,2381.9291928927987,3345.9574592591025,4434.018923010854,4820.202128673675,4943.679523677878,2397.370846327098,893.2496512081757,650.6805555555555,22196,806.8249603190156,26252.25455619525,12280.587506142834,29.05131721496582
1398.5496438725104,2290.6412448003152,1335.48623478288,3706.0580749095284,3861.6969123768345,4566.635543203669,4070.059687914806,4766.899127324955,1576.7004813966346,1173.2941714445205,749.7002697902844,1147.6558770620761,890.177160672803,2833.0334342743145,2922.338862414824,3868.8391463321404,4696.527815215827,5428.192555101089,2567.6192693873895,1479.4862847102152,682.4444444444445,21648,863.1887308651694,26798.127745515816,12695.531516590458,29.15162205696106
1355.420315268336,1842.038349773403,2205.9888597155436,4144.668304367032,3020.184439835293,3704.450143002383,4058.5565273800266,5295.226367429447,2366.8304599580606,1658.7834195644543,813.9490522913942,1182.2533206762077,1039.2298631687938,2963.189999583015,2744.6516951939147,3603.32554730062,4740.457350853759,5615.807904160653,2904.1663674089123,1734.9866983221389,682.4444444444445,20765,909.9683621528927,28224.293172510723,13059.260639979182,29.25164246559143
1701.303400129156,1922.9662125460532,2746.8984007425765,4725.356032898941,2796.7081334307695,3310.712732223361,4633.885327108654,4995.688473971863,2698.6333052379023,1301.3001435146934,204.51740468607946,487.3207165057472,1364.9475914245177,2928.1763412144082,2010.921330150425,2877.768236331839,4873.708252923954,5935.844487458553,3635.606381729704,1891.0210652007395,671.6388888888889,20151,890.8942725996508,26745.851773530354,12586.977881099227,29.351922273635864
1086.9923843738989,1584.6979885864835,2243.9498464772732,3791.3414203711973,2475.709384724803,3166.3846620870872,3976.9768601260675,6004.943498457915,3460.6576956612794,2273.9964657417636,652.2600787659368,336.9583177047533,1851.6034764577503,2955.732576764024,1263.8911470226262,2180.376187968447,4960.791473660523,6543.561520174368,4500.340948125408,2564.336038198293,736.4861111111111,21174,915.7831367013164,27461.357755468787,13269.464478491474,29.45208215713501
1012.3551006336186,1496.8554477282835,2489.7179131483285,3484.085983982269,1894.3581530926629,2562.180156353166,4419.896088569227,6203.599836355926,4052.272870497288,2208.3382870242235,867.9142779553661,553.5047500131577,2052.743361608185,3174.9566942391457,1296.2092163674552,2188.0144077375207,5080.779076556341,6322.930313081315,4271.348638499508,2402.2653020586513,723.875,21976,970.390373936775,28533.531353700757,13060.99443756387,29.552437782287598
1140.8954433048266,1492.495907071418,2810.5967259250087,3623.5471722466536,1508.8326700838218,2172.156805103205,4808.239902709469,5908.468218079551,3906.17753129181,1825.0016778474399,131.56381355804706,413.0583493162662,1329.999538751459,2279.2018281256182,1168.2041442896657,2003.1457137525122,4989.343026736649,6942.834353616783,5049.712356977703,2612.7392167714142,744.5,22361,972.8128452299077,27763.64617861492,13354.639446142332,29.65284013748169
1119.8981788283843,1502.41555520193,2749.8264224741597,3574.2208432236353,1564.4699609405334,2212.932736404241,4775.561448011699,5967.493318715142,3966.046530418874,1862.2135847555655,912.5842141763263,1186.848625857214,1575.5301894607476,2184.928693896994,702.4588013462695,1270.8708558704886,5709.470585206519,6332.723743974507,4569.74617469798,2063.3346898803206,723.875,22311,935.7006948989348,27544.37990901911,12669.792747918927,29.753020763397217
1381.7294373768414,2178.125583383863,1890.368978678269,2614.3102859615105,1979.5172530153266,2014.9463775096629,5522.837511539204,5791.1279619054785,3989.561018582651,913.191693220013,1151.3054567463791,1422.9306479295774,1731.6634164879447,2236.6675882558343,642.889941649591,1029.7972784795236,5944.221664763804,6104.5432487651815,4375.917504049382,1905.4384672074937,723.875,21337,929.2092325992055,26179.70985058046,12834.832238736619,29.85338306427002
1381.5354612656727,2177.1929586412357,1894.5529693082553,2619.88123114993,1973.881803566995,2014.9187245130297,5511.726120908584,5799.159885054088,3999.398133683985,935.0739619656905,206.8842165185381,691.2192626341723,635.6591841684597,1389.6394403401018,1746.969218105424,1896.110242679245,5983.658528747249,6717.710325658225,5099.390628374577,1083.9994444865217,731.0416666666666,21337,991.1784505730159,27586.503198718943,13453.344069812107,29.953614234924316
1182.7670273923359,1924.4084576301605,1912.8876721210995,2657.8728430643782,2183.5907628801237,2249.2972789465457,5538.7614929820475,5901.406161135344,4081.3453605887353,703.6676335267409,676.371622762348,1055.418822114396,127.49625529251409,870.4487600764052,1991.993719444927,1641.3704459082917,6451.2943499328285,6163.691398154582,4540.951772558447,1444.2836718589706,731.0416666666666,21599,972.9237436973385,28498.4278616678,12859.935918252817,30.053832530975342
687.2003191870734,1190.436959298927,1862.7758986344509,2499.746004353212,2975.42454966511,2680.0423464427085,6253.779770462698,5475.064459075292,3540.2732351337404,745.7935776893939,916.6185753155847,1283.8719634346294,177.3314151310968,714.9590683361617,1973.5315727917714,1446.727549834353,6444.601036001595,6132.07253129303,4576.006841865039,1510.2118083938387,719.25,22377,986.2622401639893,28917.991832970773,12850.803972597161,30.15425395965576
647.7602137092582,1142.0090450589066,1815.231656537885,2421.102375432377,3003.781309593657,2614.3453781885146,6287.515656222083,5404.93534246752,3508.6330290785713,762.3609070777834,251.9254395498092,234.6836953476814,984.1394328842435,1586.170647590006,2447.8928134442785,2491.6938254550614,6717.7354926170065,6234.041830649836,4407.69224179288,1229.6361612080002,812.875,22482,1012.0349898425007,27723.174372886635,13577.954213513829,30.254594326019287
810.8547200247184,1249.5476186955457,2024.6000717290008,2688.3562096900864,3077.1683381550433,2881.434542419421,6404.444646668341,5363.483151644734,3331.5128952628256,997.4977475871102,301.27851776683065,220.4141387833489,1053.1556578464454,1660.0641395791647,2525.9598750331706,2600.089227266473,6831.799281256954,6131.857180552827,4238.213542287116,1433.4637987351327,823.7142857142857,22208,972.2735720079265,27580.849377532268,13717.077438331988,30.354669332504272
810.8547200247184,1249.5476186955457,2024.6000717290008,2688.3562096900864,3077.1683381550433,2881.434542419421,6404.444646668341,5363.483151644734,3331.5128952628256,997.4977475871102,301.27851776683065,220.4141387833489,1053.1556578464454,1660.0641395791647,2525.9598750331706,2600.089227266473,6831.799281256954,6131.857180552827,4238.213542287116,1433.4637987351327,823.7142857142857,22208,972.2735720079265,27580.849377532268,13717.077438331988,30.454707622528076
517.0151065852857,1331.1286870240904,1226.806321454249,1952.7438731860059,2413.0410888513516,2262.776414747351,5578.157531667214,6158.072141992999,4144.496726832997,756.094472669133,661.0075301337542,1113.009437893079,861.3354347167158,1833.1058932682774,1708.856719462691,2770.369771274551,6105.30101407293,7085.5643556624,4840.04546775247,1621.782951106193,929.125,23037,1067.6175312614687,28436.854209828383,14870.647233760254,30.55489420890808
560.9682081406031,1414.2657163595143,1098.82610369958,1894.9564006544445,2288.2675666958994,2266.632400377382,5481.488823988659,6256.043678334759,4182.243126399184,864.3185002786684,263.88829172618915,701.6328131673276,701.1297870675721,1515.8115635090205,1908.6719478579857,2330.6694791880263,6069.994305225432,7010.49298126494,5171.284256364485,959.2278437926898,928.0,23181,1184.3137376383056,32329.15996168101,15024.589599818859,30.655096769332886
607.5201292666521,1530.60566744334,992.7634041711487,1940.0159139530176,2200.1027784046355,2391.835910054114,5542.958905731206,6177.609627920941,4040.2076754062186,842.8645177795145,932.9341425256775,851.9673840473414,580.1444250106741,754.6950818455553,938.6358708929355,2406.827074013519,5374.85444420074,7629.339949697354,4876.180329885064,1883.6637447878138,928.0,23270,1071.8590690442384,34440.64855234607,13941.839461571075,30.75532579421997
766.619885279909,839.7606912148209,1457.4601079513186,1413.3095884908807,2290.827429653931,1833.9133631296993,4841.976567504663,6866.833926249932,4339.3040899751195,1548.3625821017454,731.8344927989001,681.0639616206588,444.0515445987732,769.3511869594827,1117.6369006688724,2283.65583775109,5403.282950804284,7606.914752930562,5010.707041187605,1783.4427071307605,918.0,22625,1130.9403039052404,33482.23755191252,14152.387729090384,30.85564923286438
729.2766511379347,891.1827427662514,1430.146303786214,1461.3985593689247,2306.829532863148,1841.0386950869154,4882.187319358664,6841.252948090412,4366.407714410609,1520.8351501540549,118.9499234007466,280.73112334540394,660.688628326024,903.9003467250623,1761.2931575823388,1677.5834861577716,5109.018824425818,8036.207975017986,5672.046184710144,2146.010648719384,918.0,22625,1150.4224112209522,32894.37343127054,14874.588863706089,30.955665826797485
768.324109306753,847.4228816757415,1432.017386921608,1416.4690511275307,2263.106942164426,1878.1892360440468,4900.06654463319,6803.222196619158,4324.140313740873,1474.2055022070367,570.6736569773518,516.1381170319526,1272.6734833023866,651.0832395130517,1758.4801021905514,1798.439664553702,4896.025833612618,7891.219064045154,5003.948568144425,1683.5282399820876,918.0,22625,1103.534291093942,33011.48166024334,14288.745169607966,31.05596160888672
296.7649372701948,1403.8366117830046,1835.6875233069775,1838.5742692852011,2852.769479062764,1312.4716967785796,4247.283145378772,7263.722165208476,3981.90699583216,1597.0189998056321,757.6143434444601,670.4527220393946,1435.8666705982143,596.2120349121677,1698.429588840929,1948.2307633318517,4985.538081355655,7749.036193903854,4939.3435262678395,1554.20649228858,934.5714285714286,23238,1146.6514704369733,33176.93903146,14152.185539499022,31.1562020778656
296.7649372701948,1403.8366117830046,1835.6875233069775,1838.5742692852011,2852.769479062764,1312.4716967785796,4247.283145378772,7263.722165208476,3981.90699583216,1597.0189998056321,757.6143434444601,670.4527220393946,1435.8666705982143,596.2120349121677,1698.429588840929,1948.2307633318517,4985.538081355655,7749.036193903854,4939.3435262678395,1554.20649228858,934.5714285714286,23238,1146.6514704369733,33176.93903146,14152.185539499022,31.256340265274048
449.75868624336607,1225.5570631792486,1593.520279544268,1798.0207597094397,2763.8584608114984,1336.7048529424394,4346.964903342833,7371.954212463096,4230.566373490109,1836.4921571459909,471.6973133900559,783.3302904390091,822.5369460411522,1530.800959077714,2542.1349541744457,816.0515896976294,4119.833119080449,8861.521184703077,5132.991724849124,2434.715216470046,934.5714285714286,23017,1145.8280132938198,31771.023649916177,15171.817262425902,31.356632709503174
319.58375302835054,1568.1837640154051,2212.5205139091636,1565.311704897163,2532.262046852799,1827.9477846044392,4772.5332970913505,6750.945238181122,4364.690450792726,1728.443527654117,48.34009820824251,488.6097743060071,1032.193448272794,965.2929048699028,1936.1872327760568,1659.9133352894128,4987.796954192539,7938.007910678883,5670.577470697179,2446.0623859528173,945.625,23609,966.8439005989355,33947.958699618015,15765.484376856439,31.456839084625244
253.3967049529947,1497.7890745919135,2063.991273121371,1694.3254734079512,2682.250070194461,1660.2466884198307,4598.581546426165,6796.220380417067,4180.047772772927,1541.120438535111,209.8339683874239,227.49559307429612,792.8950426074786,991.2784421583424,2048.4360259654636,1319.8564726620184,4612.850540253938,8211.603269256759,5243.282117349336,2007.0104386547569,945.625,23482,1074.5509803228783,31877.316390427848,15253.437684111203,31.55722427368164
263.23393660313286,1504.7777119764032,2056.1168512967247,1733.9444683725433,2713.472541330748,1677.156156342214,4623.295188868482,6746.1671077622605,4222.44478333047,1593.3825697479572,153.63017535624584,282.49908008073066,773.7190087151624,1139.2952744936283,2205.043378141799,1340.4653485018116,4657.628253529179,7900.639298128245,5339.956954759943,2127.9484488681724,945.625,23383,1041.7765802249578,32282.723762314796,15287.86229164512,31.657387256622314
562.9024934878554,1672.483752609686,2089.985147178201,2092.2301708084115,2939.7787662286873,1971.7740942497817,4955.357210429039,6444.852169222363,4619.550540113117,2000.4419913593429,89.45044415269348,525.5722603038183,978.5392492761533,1290.892613996376,2247.0428023604695,1790.8432539547646,5178.289930369125,7579.395387431418,5998.670372169265,2826.791055830302,934.5714285714286,23033,1055.7851964097877,32274.700129427358,15567.085379611586,31.75774121284485
364.0084501536067,1519.0972925409494,1968.7535040668952,2000.0197354451866,2975.3317302139394,1766.407619384778,4769.608460175124,6358.534812674618,4542.914089787337,1997.164876752157,153.21392523195382,557.3000835818713,1006.4814802937835,1113.4861310902838,2180.424856796619,1517.9263728901444,4873.209817099627,7528.917912006077,5790.9994940193355,2754.393692329032,945.625,23186,1168.595726642313,32170.85154700586,15316.047932110701,31.858036041259766
363.242674864401,955.2994099455708,1398.2008220166565,2292.0575220749633,3598.1659909614714,1712.7925135914063,4914.552853543321,5674.96821839217,5203.287945847222,2692.2828844055275,55.38881017693216,295.8249899505044,650.3612764527163,1419.766606416339,2754.141055789477,1559.3683083416518,5139.154265009945,6675.023683345315,6756.8133407574505,3803.569735652998,945.625,23928,1045.5331747858695,32122.327753652018,15340.125704964723,31.958106517791748
368.22944547721113,953.0552475115142,1395.4616514344928,2293.2521698127543,3604.9263399343095,1710.1557008151588,4914.4162569348855,5659.332583767442,5219.144481723887,2712.0795663488634,63.86817920423355,302.113838073108,652.1389137140264,1416.6864440702736,2766.386926289145,1552.3543533959876,5139.119423746278,6643.605129376591,6789.683376283739,3842.209080257659,945.625,23928,1093.7816206952293,32039.501872692814,15469.778022515009,32.058472871780396
347.55639996758566,1526.4240581971187,1969.1468414663616,1736.5360545516564,3399.582622704759,1204.604219490053,4567.553008486728,5136.254489199149,5685.382704222048,3291.105077186652,70.8614089896361,487.45816392485136,952.484329331807,1025.089218524799,2519.3331300380314,1020.431669459829,4689.987990007994,6025.453778496205,7393.6879968086105,4718.467558718964,945.625,23317,1128.5782830178944,32209.342577330033,15527.188663899167,32.158504486083984
698.5591910093607,1893.2315843468355,2285.165050897376,1554.795460530964,3594.739563471039,1260.2708687213149,4761.13032335957,4881.66020562694,5946.697083845198,3279.1353983463796,294.49877867944,569.1934354001476,912.1492619834589,1216.7469445144109,2900.2529903432596,1340.732874867198,5089.84475554212,5994.210676198843,7468.713144569253,4455.416534215046,945.625,22983,1146.5777900150852,31876.428447512048,15883.570191533783,32.25865435600281
217.6037270822413,1476.5825888955953,2057.485945511336,1522.247556006975,3117.817267349475,813.4999137389959,4278.254921998091,4650.2937674951545,6243.765943608586,3767.7857059968055,639.9398152624398,1022.594574251966,1600.9461520839106,340.5105304760303,2578.4444636666926,956.1582105679139,4899.2969752878025,5184.990976164735,8258.10536158147,4904.582907734975,953.0,23431,1182.6233291865256,32795.93631490692,16275.058939460348,32.3589346408844
711.3988869535677,1185.6924848114325,2325.1177883868036,1320.8588742639242,2390.818143555411,381.3440735979746,4060.073404610115,3736.5463330576285,7059.036797502531,3894.8111475862543,751.1346759859152,1121.0114530357127,1724.5625522216371,165.2914736219924,2542.3127000796203,992.0899905383728,4941.882365240098,4953.246959966548,8483.582372595645,4870.058526644067,953.0,24395,1192.464669108085,32983.86009219075,16270.825761755452,32.459272146224976
1073.9672014841979,1353.7970759517848,2631.4591146755724,1192.8039599918075,2407.483058172736,746.397852770894,4360.816065892097,3679.3867915232163,6980.205935313068,3545.332400720901,475.68192553572993,313.12676281997716,1177.8838617774275,1109.827557789071,1503.8800612232246,926.1119205105384,4574.76466415943,3983.459309440041,9313.138910204812,4832.385763810349,953.0,24741,1121.7429672908122,31849.03400763112,15864.618669410482,32.55966138839722
298.1668710462308,821.2757478166757,1631.6414402153712,2058.8422335597616,1715.7358084935668,783.6998139442229,3537.400351308607,2777.41663923584,7980.689355979625,3965.920062121623,1046.3512546544857,753.4932082890887,1339.597955118617,1671.5577253066724,1109.0702099724404,1411.518433427961,4654.116253379428,3521.862304714128,9687.88492565225,4646.678125546765,953.0,23740,1123.2297139803889,31853.212761741404,16449.544359278156,32.65970492362976
1083.770125897784,1025.2942388921037,779.203953492355,3061.716844578427,744.8835902367483,1803.6561288297835,3898.6260342847045,2145.4866656438844,8119.6875124368835,3124.3927066752453,1064.5623863077105,772.082615124386,1354.5337326675058,1687.70773105064,1111.448395308442,1434.536756214474,4679.577214549722,3533.5325679482844,9665.287778827518,4617.932864778741,953.0,22717,1190.5615187805251,31476.545626523635,16432.25194127841,32.75996804237366
1084.1374622573614,1026.771875757244,776.9789321243308,3063.6093569255713,744.7986235917891,1806.8226376158236,3895.671604525776,2136.922477158596,8129.076547477501,3121.7476698097025,796.3971170693233,1097.872900732869,422.6847273938921,2619.1696241965865,620.0468520402175,2422.9454490941757,4537.65507075578,2492.434973158945,10322.820420270082,3632.6282159688635,960.7777777777778,22717,1121.0393690675237,32976.01534626633,16618.027146078843,32.86038517951965
298.7797571940831,1219.2689806664948,951.8463210052782,3051.2711541653744,1314.425365526947,2217.1223367119937,3626.5326194817226,1482.0502541850678,8529.846982518702,2574.4156464191897,827.4188619050994,1128.7628371456256,452.4504507135586,2651.780251653888,621.3744456986917,2448.405061301806,4578.843104444334,2539.522424291239,10267.973292949637,3643.988275345603,978.75,23507,1208.7513695945581,33266.15804175385,16789.705446686952,32.96039605140686
499.59620026034753,1061.3375187759123,945.0425680733334,2905.412605726807,1293.8714958438918,2014.9630746737434,3457.7272903720655,1387.8493424347912,8705.34964793713,2702.9540113462335,1004.66993289735,864.55100710379,1451.732233929111,1512.1751849920047,1991.6413049160687,2526.3926777967945,3533.8848924643526,1244.872840836977,11393.969970918319,2821.602067787432,978.75,23301,1184.1752450527783,31453.929543832004,17056.61935512354,33.06068420410156
1489.725562900665,504.6799333038764,1669.820671827203,1955.0537963760873,2064.147762612057,1707.0599397452422,2516.5088341527126,407.7153372986744,9534.919256662692,2327.806522504922,1004.4303354567388,863.5786181940242,1445.1438727954321,1517.9093879456032,1972.7623158897436,2507.650300405098,3531.5962604674437,1241.257035990012,11400.3409256336,2903.009546297819,978.75,22278,1240.4097066235254,40848.79411050156,16954.692490436722,33.16097545623779
1511.774448088633,497.82136224043035,1693.739707731055,1933.108318065898,2085.6105929183127,1733.8510662122703,2528.863257600582,403.8295091120348,9505.192502865479,2302.0891538276956,668.2692659083523,701.2408391873234,1045.8488513686932,1019.1506145980145,1985.2612724623004,1578.4497829227098,2187.6624964947923,78.82135660191841,12579.598604031857,2793.21839293891,983.6666666666666,22278,1234.7088237779349,41922.46014082679,17309.593611030115,33.261006355285645
1029.7795254367581,892.2484639949105,1210.313574591435,2331.016314966758,1878.234102306786,1214.251237507348,2052.180376041791,441.1481297794962,10042.314838512015,2223.8900539075976,989.8041211918566,1010.8773356214041,1353.7002132460602,848.4479929512221,2307.9255904505094,1873.479470905314,2266.6289066737695,370.18875853764234,12325.852569500343,2610.1832673848203,983.6666666666666,22826,1240.523339787062,44570.42125301181,17079.917663505577,33.3613007068634
776.3616241157989,1360.7337806330904,1078.6742572411106,2490.5439394191835,2162.791153850224,1223.7896018753431,1656.1916709251384,462.8739739824023,9989.08591073753,1763.6839763530747,588.6853717597015,628.4725536970092,970.4027509876742,1075.1162729609894,1908.2190156529323,1507.2473266781349,2171.8580522600555,75.62476087453895,12644.202437872462,2852.325078296416,995.0,23285,1286.0840712059007,44400.8401560856,17639.18052165741,33.46166729927063
816.99113943613,1200.3380504116783,1019.616206491922,2536.446633192963,1999.2420237409492,1070.2134370790413,1618.1888010362588,590.4814270051917,10148.762239298077,1732.3005918144015,899.3530611806794,1206.1024181513894,638.4572816830887,2492.198449613211,2100.340448033169,1407.3203247177396,1033.586011896359,1289.9315388353702,12617.339421868794,1810.8254568383077,995.0,23155,1257.080295076567,42881.99719264686,17308.033171041432,33.561866998672485
1022.480748126093,823.8045868957278,806.2526718689377,2900.443731821,1666.9537408439792,673.5269947754088,1223.5268523211646,1025.86870650821,10307.275159067483,1280.0087546318828,392.35172404007307,740.3017644203627,255.7387997695677,1994.711526215818,1777.6460894222932,1110.1331192416014,1361.5245933142949,838.8399896527843,12918.888056165857,2164.7787025639745,998.1111111111111,22635,1262.6780395977287,43463.395886634404,17795.53721724987,33.6620454788208
1056.7564060537638,798.8736803842669,755.5980830148943,2971.116890058998,1688.8060442772933,700.5858202701448,1169.900457907143,1005.9999192670997,10228.019643446414,1303.0880622675668,784.1344060063617,394.4862019981381,897.01953066953,2138.4404165365104,823.6361140856416,432.12095765600344,713.6662679109629,1750.2771175845057,13135.834024845863,1429.6069656793884,998.1111111111111,22635,1240.105999856968,43919.984194854376,17501.038105484913,33.76220989227295
1007.4312930634195,1097.0248348968807,1422.0813076960876,2460.566974824781,1189.1613059077565,276.54088388653616,1304.5937219423215,1681.6929067669603,10634.407415073525,600.0669522186198,886.4614105351684,493.81403604471063,987.8940059975639,2214.871411532619,797.2507918729939,498.33687916109284,630.8434621906578,1818.710075994091,13077.335093211512,1427.3729120707976,998.1111111111111,23273,1244.1856576911764,44040.44667299914,17617.594105616732,33.862364053726196
918.969374671429,1001.1058609428945,1108.9606324962485,2513.6426316160723,1511.9340375290992,553.4969117862092,1521.7362021424287,1539.8857573923026,10869.025195720993,719.4493094538658,98.1105672835351,360.52326440067543,543.9915660255041,1506.3796914581744,1146.6400130071709,500.60184529976635,1601.3268538374464,1855.8072489473147,14121.876608181039,970.9494731006772,1001.125,22989,1306.7685912529957,43095.725919845754,18403.22743129362,33.96250295639038
912.92353825468,1006.6163588258664,1097.8077590120472,2502.5738442471797,1522.6718580640031,563.5930338045961,1532.472024792171,1554.7294570076428,10869.056214723756,709.9129530359946,886.1800627448183,1321.7779012579783,1484.944725840911,1016.0249798914208,610.0971999416869,649.2250580852129,1053.5591028237195,2127.3176022687044,13129.563118331092,1562.905107165141,1001.125,22940,1197.1406140222857,41823.387686022645,17309.170566822922,34.06274127960205
910.7991030738682,1007.4394688092182,1084.6128666089132,2497.965646974658,1541.530895246482,585.7633294832622,1559.5831349869504,1584.240500144514,10893.6464577242,665.4045414331204,145.95850955533817,312.54773204813984,503.0103803807204,1544.6480981039826,1183.139661339612,535.0401632481406,1632.8952358189204,1865.5806829660419,14151.048571412215,937.6881865631811,1003.5555555555555,22940,1387.4377101994846,43111.637710765455,18361.16467087893,34.16292905807495
910.7991030738682,1007.4394688092182,1084.6128666089132,2497.965646974658,1541.530895246482,585.7633294832622,1559.5831349869504,1584.240500144514,10893.6464577242,665.4045414331204,145.95850955533817,312.54773204813984,503.0103803807204,1544.6480981039826,1183.139661339612,535.0401632481406,1632.8952358189204,1865.5806829660419,14151.048571412215,937.6881865631811,1003.5555555555555,22940,1387.4377101994846,43111.637710765455,18361.16467087893,34.26303291320801
898.376324629194,1025.8712825999041,1098.4681406065247,2480.0217087516926,1515.4149730285617,555.8925026392511,1526.9923236811505,1547.0611797022286,10883.751410528028,711.5802145004311,135.74592067080732,324.519593319553,518.704671603245,1535.1982685112007,1156.4449340109832,503.0907793368964,1595.2408674506062,1814.7308624035002,14142.313096230664,1005.4137976937049,1003.5555555555555,22940,1505.488899770074,43073.04589722035,18179.102938652475,34.36314916610718
814.64323061413,1971.76216409451,1878.6594119238919,1837.3323886941134,566.8239508898542,457.9740861778414,782.5327547586103,561.5567723817453,11061.80029993194,1527.3640880856008,57.74205304508122,634.9235782963241,912.8792857742524,1252.9378220464212,440.28620612218793,404.6978651634873,937.0381771860327,726.1895717154844,14438.440465119584,2050.103332105438,1003.5555555555555,21917,1274.4947332406841,42880.96095876851,18425.03602807781,34.463377237319946
957.5502341506282,1081.6751720532109,980.140691570551,1948.142844738517,1449.1325912735704,627.0087530777683,784.4953408907425,1243.861184915748,10164.29529819148,2050.31202406335,1145.4916493437859,1187.275943004543,1218.2492062085314,180.44716022148017,1082.4487969309657,1189.1570273767418,218.41607129116267,764.6248166191452,13956.58056966925,3051.5490304271534,1003.5555555555555,22823,1518.001238027193,44322.6120401042,19629.46816590293,34.56375813484192
1098.4842723022732,929.0630439474186,826.0504670628828,1899.6814818262283,1557.8840064823473,785.8726793283149,704.1058440580956,1218.0861445908724,10176.554121563315,2147.8645631994923,741.851586962899,655.3444425571513,603.6494022864593,1934.2768881000886,1978.472533242194,1422.0789452721472,1424.4790008007608,2158.673202340186,12578.634458421731,3855.942016173102,1003.5555555555555,23027,1490.745214722659,42753.578871328304,19264.578987056884,34.663939237594604
647.375925379291,1346.2614936720029,1204.5329286114531,2352.7475907814414,1696.1696036433414,854.7385852661258,1260.391807209148,1761.1334094584138,9628.664898322602,2591.4785882191427,92.9021940354275,413.0160615675616,553.0254304798418,1457.6948750362658,1307.344211421216,784.2215032572802,1312.2022895279679,2065.933285025838,12512.557617429988,3663.718744373896,985.1,22427,1396.89645669267,43548.95014637755,18198.834560422765,34.76420474052429
1133.2369422202555,1095.3788777144168,1091.6530044713033,1793.5240791424044,1182.9353915410015,307.600769901201,1109.120601455682,1605.6041230309438,9756.120951784791,2383.0139816773503,918.2345212555422,1187.4954882329396,1347.1764505376218,1617.9528131828206,1115.38771349237,891.0529592099626,1967.26289134594,2694.3250751277515,11860.767155276051,4185.229625056081,1000.3333333333334,23019,1398.0995742969524,44209.54805609293,18246.579137891847,34.86460900306702
1963.3692576429269,1396.2994533463407,1640.0685349053658,1218.5452476739922,363.825706112901,575.8865085034926,1835.360686785636,2327.0406540089066,9130.89000494997,3110.889426843777,721.0981656304189,980.0462335219203,1160.6008444062154,1384.1290949789345,873.4639122084793,674.5260880522943,1875.871792699217,2627.2285851213314,11915.411937312669,4151.732435864877,1000.3333333333334,23855,1438.150891334034,43912.030483804134,18368.45971438678,34.96472215652466
2070.1863970932914,1497.28912316818,1750.5724735070835,1277.1323728801588,400.6739690767759,620.3436722908593,1868.1030957158625,2332.2807248676613,9119.61255242364,3036.800807769828,671.2339750290577,580.2241249783249,1028.7575783827924,431.09330808955485,307.78435620075476,1087.765068155353,2488.8930615697677,3297.120226258959,11290.12861798372,4809.12594980975,1000.3333333333334,23939,1420.2151326973833,42757.44147897528,18275.35905370158,35.06477212905884
1143.9111405455399,596.308481327539,909.8704655491397,797.6347073841861,703.2379872728236,1159.689474069751,2337.9746919170307,2988.9475187520866,8524.336809972378,3985.089763802994,994.7382848662853,854.7225868748593,1274.9589697664871,474.2794225850953,679.1841121557826,1483.340735023726,2902.224892655711,3744.7224297809034,10817.19822712487,5272.722910080446,1000.3333333333334,23031,1492.4702381061757,42510.649593196125,18432.155462157425,35.165292263031006
594.0294284732041,221.15906234187182,903.7741016151423,695.6155213922887,1225.6320909135518,1872.9546762974906,3063.817207037446,3657.1439789087863,7844.730575777456,4290.4294160676,875.2978733133975,735.1854614662221,1151.2680649904958,360.4199011631622,542.856046458514,1346.2295930616062,2765.766486379268,3642.6504436636783,10904.850449449943,5327.238313958602,991.1,22244,1529.374499181557,42797.9369293169,18517.175760930615,35.265501976013184
579.3938129090736,467.3245041994035,1172.002400357844,686.0326516881097,1331.6223048068834,2021.1598157738704,3179.6812088900547,3635.145129034784,7942.375996215475,3984.7043740978734,650.9387269272073,826.4432588717822,792.8868446162193,1159.6469033574963,1755.1449640118083,2570.086830417079,4055.196190590802,4887.389101637168,9939.748248771719,5468.079096494002,987.5555555555555,21960,1507.7144574034223,44362.370283721895,18101.99046568591,35.36579513549805
987.759451580853,768.1064828938871,130.8714752592931,1463.6364953728425,1935.212533820054,2596.6913454046935,3916.28536487343,4644.881749968822,6900.020458651218,4588.123075710144,153.09053016521202,241.15838040621603,60.91704020953633,904.9821124869767,1482.1322371492113,2358.782659275674,4092.936874230947,5459.185494650392,8964.823398856743,6485.430851376784,987.5555555555555,22983,1464.258684485248,43581.208873701464,17513.893834743663,35.465922355651855
981.4047980722332,761.6285351984444,138.6285107478308,1455.4272546982863,1927.56347663409,2588.187199014146,3904.1681426251125,4626.737523373944,6920.105004947851,4578.23052468372,107.98491625152664,268.0798301474649,171.091282631922,843.7175345075726,1420.1036251262558,2276.2864918580954,3970.548280406315,5305.21586925661,9090.86851633818,6488.731416532688,987.5555555555555,22983,1465.236473390311,43686.08005913338,17443.27499724242,35.566343784332275
823.3289526853007,231.89442185967678,1029.8175435357755,1066.635389958681,1507.4780040340079,2311.1448552053403,3970.553972488971,5278.812899433878,6008.719124611499,5199.283973396146,671.6365414373408,596.334033165044,611.2466895608712,1204.0216590741343,1701.87129472583,2626.800603117238,4578.5164661699055,6289.704941172357,8098.5560251243,6800.410990418938,987.5555555555555,22087,1454.1534039065696,42928.924402739234,18203.034146530517,35.66654372215271
1159.3603289274436,716.6256447619977,1478.8425660090832,1393.1165600371269,1819.9381764870043,2692.4238630536533,4446.99796850385,5713.421191430082,5865.918333710788,4881.963856701389,180.47173513032118,224.28475540657948,691.9877764190143,859.9615066474377,1391.9117883505926,2444.2363754860435,4647.852536567596,6718.92027319749,7616.812235505145,6904.457366895881,983.125,21546,1486.3362247394516,43533.98582768367,17678.05457264239,35.766599893569946
1035.3570110875273,577.3539767681023,1392.090434902695,1250.732674020347,1678.1811974031339,2561.7979933944775,4364.2495761299115,5753.6571870525,5731.895843894395,4975.06796471892,148.60650491520605,197.8490057859615,684.4931976302088,782.3024270662429,1299.6323641405713,2353.1396190696382,4597.685829585185,6789.650440391093,7455.927839826459,6998.638753154509,987.5555555555555,21730,1480.0678569593656,43669.48498677116,17798.047073120957,35.866867780685425
416.49283762647804,505.3679881997787,1515.4499919413329,658.9127045305943,1220.6400371524985,2441.272951492673,4770.523943768388,6651.582613318175,5276.444458086794,4508.141354120106,73.73816557045548,154.4743839611843,700.9768382484795,398.7305129171189,925.8484238878314,2209.298520510502,4981.454489487183,7823.6378311962335,6845.358559231891,6378.029031622989,987.5555555555555,22600,1381.9894160207673,43653.53829835824,17810.61358115016,35.96690392494202
436.6944895704687,445.0736619886988,1467.006031385907,643.6779716782364,1193.4644939654822,2391.394882065632,4704.265579868487,6613.150725942167,5229.948053129234,4575.484842780266,87.90951561095454,136.57414291864728,676.0621593966523,380.279917965667,900.4694030825725,2169.0302556699776,4928.773542630026,7795.046128844321,6795.495352357585,6450.408630918658,987.5555555555555,22573,1445.0487398406135,43850.7761871947,17842.273324939168,36.0670120716095
1277.5498596322939,543.7146290664399,536.7718027915726,620.7535484505464,348.7012094111482,1513.5407881021465,4452.72919653792,7390.87470105193,4627.341836406866,4188.30844280941,494.10191568429076,414.40675300308357,401.16290297033845,227.3735845825775,315.43269902026896,1745.419783478095,5036.5125222755705,8703.501641081593,6418.843445856496,5731.849809171207,987.5555555555555,21550,1429.6388512415117,43122.72020409582,18279.944842844343,36.16715979576111
1637.5613214137306,894.5544045325826,183.5366860613755,802.3547943529563,118.52764105952825,1531.695658460625,4738.349848460535,7698.615262432875,4880.597044009368,3837.139686203971,261.7526037761469,305.19058593693586,109.56660864049559,549.134698873599,147.6048087216545,1346.620492922686,4949.565297819883,9104.025826086696,6340.063264629939,5376.290275722202,987.5555555555555,21201,1513.5541798110062,43080.44932741283,17779.48598724591,36.26730966567993
1650.7356593155314,905.415911572559,170.02909576378377,800.3616583098903,107.68536823711125,1548.6573841469472,4750.857398003055,7686.406584021454,4892.098379904251,3853.392661873858,720.1730406043081,573.9936202252843,737.3112892636185,246.1640093798641,653.2419376728755,1541.3954270418026,4363.868878236912,8616.112062298207,5657.546879049921,5816.280214970151,891.5555555555555,21201,1382.9602898345752,42519.66019860256,17078.313294305786,36.367494106292725
1896.7037446925044,1089.0026976731822,145.98074390982228,704.0246769784345,150.95669466226244,1764.6569342490432,4739.878621686523,7441.849878716974,4758.17769945691,4077.435492492416,597.1533768776466,421.8667037786245,634.5663036990417,315.42736547420077,542.3863354902765,1182.8793182905993,4447.345351613356,9094.719789137667,5999.639420064046,5252.208563351397,884.4333333333334,20917,1499.9376181681992,42623.88106596428,17303.87447803123,36.467785596847534
1933.8570543099047,1115.0262365115466,182.2161017408673,682.3188956041043,184.4692368526116,1787.3688127345479,4714.387314862048,7406.848635123768,4711.6498132618235,4098.639918542359,602.9493223820378,742.165012916498,428.23537126977305,709.3696363551787,549.5919713803944,2024.699908541764,4921.5071721479935,8310.061593867034,5762.813975181961,6014.0625823063465,884.4333333333334,20917,1495.7339647287,43961.21862327916,17526.47894504005,36.568108320236206
2387.496656284737,1351.6050589205715,677.5004733532296,193.90359428230303,519.362655759867,1480.314901044462,4320.006921106298,7824.34974252815,4860.472564089556,3616.967209008133,405.9533094211859,477.1287099928113,339.8244118073897,142.74715884317158,440.715766768109,1379.7819406812437,4456.8365134063215,9198.377663997291,6280.50734839406,5060.875172595822,895.1,20390,1429.101006857305,43118.49478602804,17795.384901365804,36.668543100357056
2227.686598583364,1299.4726157740397,525.6582492137223,383.9800733249776,475.68627645022474,1673.5068276548016,4275.354829708397,7672.699801873444,4664.208704256761,3545.208000189554,507.9328673815769,616.9746647290095,435.92718128876186,252.02446652185438,567.7693994970147,1460.8260208015215,4309.869903471308,9221.51757637108,6218.784227532879,4910.056041008622,886.3,20577,1511.6153589909627,41093.471924039855,17592.893551602,36.768672704696655
2157.1863262905586,1315.1606521177962,503.49621768178906,459.61885243335865,548.3215610468313,1732.4251422418674,4184.726432373978,7714.854320375212,4680.625362003731,3474.3916616678057,678.074223447655,524.0416881935867,662.5528997375403,1128.285784559065,854.9917857741398,2440.5476718598957,4256.672137792952,8594.728337913031,5434.560173130875,4159.700108661027,804.9,20707,1377.928077440762,40950.815374269325,16411.48500361084,36.869049072265625
2131.6113488876717,1323.879689488743,501.2873522595863,494.54184361128335,590.2783074384906,1759.7160669733219,4124.750394042855,7764.0827665881725,4724.188768027423,3423.2722876270714,333.8581550689273,413.6228221161071,233.44315429493358,306.3736485066287,452.12585603578094,1598.3992377237537,4309.636461616535,9127.67989556169,6136.629307136969,4840.885279276276,796.7818181818182,20707,1437.5602414189577,42613.26305194062,17459.234193062533,36.969362020492554
2150.0392655726578,1313.2650616204803,495.45362175878705,472.93848358435565,544.1901752647492,1764.4878331777636,4167.39050972187,7692.860348814535,4640.273405651503,3364.1667932402997,1346.8318443923652,1308.81051412294,1168.3016800151288,797.4747065252636,642.8766707833892,1900.7273585530315,5092.771949453912,8084.393296287706,5103.342519830731,3900.0801116958582,791.9,20707,1374.3515545331866,40237.28424773265,16487.80815471937,37.069500207901
2118.8403721648137,1386.5078761445393,572.9862795567976,429.52836204838474,574.6072436464246,1672.0716692097044,4240.715372125103,7658.830319418129,4600.8548632276115,3424.8948920540606,395.54215267372336,454.5965209060611,275.6397494034232,238.16594650858826,379.78859920476486,1570.4575252988807,4407.319549027037,9005.25503346823,5991.571195091119,4810.319209557036,808.0272727272727,20772,1378.3743324388834,38489.53516830743,17566.203102621814,37.16978144645691
2133.420920890948,1975.1200386578384,1154.9264908955638,193.0378885923262,456.9614855034244,1712.5809425213267,4590.642272495812,7217.459215529963,4318.82354891389,2848.5582113907612,126.85782397597166,777.8129267862392,789.4798124642869,515.0069003746453,774.8403860375396,1247.853479622733,5216.177736478743,8071.08873930358,5193.371710755461,3655.8373105584715,790.8727272727273,21367,1327.4150943594018,40508.28559621045,16902.44162816391,37.269909620285034
2052.716149918194,1054.13201582792,629.666712659238,901.538963987769,1201.075389757707,911.8373926590266,5035.752410959773,6883.850771608891,3572.468241459175,2698.4882647890386,629.1431658162671,1171.591764225884,1237.2515992617757,1043.5707500903304,1313.2490738543554,972.2460634907696,5759.931773414813,7530.6257356946935,4623.072481571683,3174.2829200146966,768.0909090909091,20424,1365.416655383984,36328.268083680094,16995.13000190156,37.370121002197266
2127.121739240726,763.5289068420084,1029.0463240514214,1434.7764283482431,1732.5289977646798,351.84845042451616,5594.722943753837,6325.4207796175115,3146.464115017202,2151.668234333086,137.76233354973806,443.87850670304476,583.3801131164836,794.5005048151269,1210.7136205915965,473.1112534298418,5730.876912364301,7549.634033261416,4289.448333601012,3184.542442489525,765.9848484848485,19796,1277.8189610656198,37654.32218802026,16308.628336527949,37.47021746635437
2122.935170441149,814.7469829601183,661.113344020752,1255.2419077126772,1610.5799680930857,590.9817258982317,5499.995346736318,6418.2210737704345,2921.9702563367496,2126.004291656715,1362.2953445883618,786.4647639439561,1101.6973476729247,1803.7107563619466,2262.285387316223,663.2911137851866,6760.731158269699,6538.365224547713,3498.1060259686124,2205.5694016853695,760.8181818181819,20220,1247.1707973582206,40865.02931734341,15955.131573916955,37.57022571563721
2569.089201509193,1399.3368385678452,477.88869777754815,1774.7128143965706,2286.2206071761384,1295.8416740518803,6250.667408389787,5713.859010066251,1906.6223026032262,1150.1553179124348,861.1545318461996,371.96265764646654,597.2496788259117,1395.9812227386312,1950.9685383059852,807.19824561039,6622.39512222009,6613.40032399607,2947.678729788569,1848.290710656462,760.8181818181819,21243,1285.7406494441998,40101.92641399674,15755.624347526073,37.67026972770691
2230.557943534999,1165.6819905814368,46.32020516475217,1262.8422031720202,1770.2569600149081,1312.9236015411989,5772.0141499140045,6201.770535735317,1878.9460305594243,1481.645799935554,770.6114235678704,1366.1644467671667,1006.1408094148693,1347.4798499612043,2061.164284995849,2048.1479328175396,6894.119323706819,6476.206567557925,1782.7033930331886,1092.515025342468,760.8181818181819,20754,1313.510924197475,37904.69785916369,16345.924458864649,37.770503282547
2038.5511046294723,1215.6919858999725,331.84419711567597,1013.4174511870364,1620.5094175056408,1586.2230065384317,5777.273959628335,6187.985026007051,1592.3486295912662,1281.154174737383,239.2185707951172,685.4762538804092,322.3497331548422,898.657792061233,1561.4167535514603,1421.1843115327276,6310.582628114637,7016.169254408992,2241.6491962095483,1794.2268547118558,764.8181818181819,20437,1344.397091233913,39460.213310400504,17053.586445526926,37.87060213088989
1513.618474671822,1836.444099523727,1152.4500826144704,1061.668919591101,2042.1045790211251,2316.5154529042684,6554.926826098728,5385.103304983769,1532.8413036969318,807.0255240785001,447.16711960655095,524.249692502725,653.8965053555229,520.0004427151686,1473.1868863340605,2283.631325416832,6888.608983226385,6274.436879597155,1857.3371418479928,956.573185530664,749.8106060606061,19644,1226.727243290959,33535.03116337461,16405.54943285355,37.97069549560547
1572.9147888005477,1743.2799775120677,1080.979528354072,972.770797171772,1947.2374176283872,2317.79690156805,6500.201851546191,5420.959374883879,1445.1967736244267,714.4184017520491,251.37384221776657,544.7241791556737,509.4957960894775,600.0335887476582,1492.2602261047512,2110.381297887449,6798.55495095416,6366.588510003445,1881.3973954277328,1013.7293450026502,749.8106060606061,19644,1230.9012699894597,33292.30663315035,16062.274222530908,38.070762395858765
2326.6182410831348,829.6450019434312,1068.3663867315024,114.67829991039841,1372.184030651364,3019.3623607615223,6761.724400116455,5013.811121954572,1601.9339392966135,1019.2641208153229,364.04976281911667,258.9647839069338,496.6984749885054,68.20441178688647,1047.5239840662284,2741.2467125836047,7064.364503168276,5895.465030161613,2079.784942876664,1441.6720623895671,736.0,20667,1176.4192637678377,33278.02462078542,16059.991435425614,38.171013593673706
2401.7637717268963,759.3320835768292,1135.0374605612487,156.1339164854359,1412.2566536745721,3088.9986303835644,6843.223521855288,4935.14743755343,1671.520426511828,1053.0355810839737,378.0200105978339,240.29331747351716,531.7940353693979,99.22848924671585,1084.2593262628802,2801.1988300848684,7149.021238180313,5804.832417222756,2167.014850352832,1484.3810093865031,736.0,20667,1294.528312555091,36958.329163781214,16662.211512274258,38.27140665054321
1364.574090807868,1695.7056231705753,180.3340326513109,910.0726598424222,568.5170529837279,2993.162420137304,6349.286130024323,5251.715962883577,2133.781664336746,1973.777377562016,212.85089804257856,527.2979854447365,78.21050594005995,559.9741757218844,430.35095990834947,2723.9875883297545,6642.245327725409,6166.609560846238,2772.971901384502,2788.601867131796,749.8106060606061,19644,1295.7658434763953,33522.52267730936,17093.85983454607,38.37159204483032
1979.5236520203425,1246.2946933173137,760.7009638965186,570.872852556751,1173.2910154719418,2485.0782554951475,5977.524959624417,5734.661904223183,1616.3537201863385,1825.186710352,517.6904655372406,200.15330346458558,564.9493804768707,82.47596811346803,1073.6511693040075,2378.4331420385474,6428.2292368980125,6742.5906149987695,1691.6981752664342,2283.8122559502344,736.0,20255,1309.199916351752,39843.259940412536,16830.967555822157,38.47163438796997
1276.8909645380545,1627.515324712257,228.51068760614575,687.9915606570186,725.8956806208657,3177.2201685956384,6684.096932117903,5155.351194887534,1396.8155988188696,1110.9620297532108,212.0891280735573,611.6260567785788,22.08009974498121,537.4659645939132,435.8557646144092,2961.314951293125,7059.31481408293,5944.820862126035,1899.8015766699739,1501.5795469357179,734.0227272727273,19547,1277.3600903356464,35828.88765079595,16282.84465749274,38.571648359298706
1457.7782312651893,1552.3214836470625,238.327238762803,689.1392996853539,675.2705768615416,3093.8681315894714,6607.146945641309,5106.725404499257,1587.2049228188844,1176.388175686052,249.36138302600108,436.24891064822845,160.97597787718678,382.32425771953535,559.6045852337621,2759.0614352996113,6855.274563626359,6032.562229190274,2093.020071120954,1708.3004615640386,711.5,19722,1207.5202657604464,33307.41828213588,15802.656326067237,38.671838998794556
1995.8085521785172,1644.5168876006965,607.7855517288556,1175.5855427721929,366.0218927183786,3449.97315731151,7030.179255626153,4535.245057343429,1765.2772500372093,632.6781250811538,311.8516915179699,517.8434338463812,281.590372354636,726.98235759042,276.6253565731719,3133.9408035820156,7347.253014629513,5333.766663109717,2289.216940061345,895.7772329989904,689.2954545454545,20322,1204.5262074012508,33424.47198079509,15873.636015126536,38.772003173828125
2023.582324441918,1658.6550430767313,632.5451103988692,1205.9359434417352,356.8892719459756,3479.1199639958013,7062.190701271179,4505.942710150455,1763.875143374826,592.9049769775155,310.9641257975803,528.4459176364007,283.3833916309611,738.5985836159289,266.7103212986377,3151.7542852884894,7369.192916458495,5310.003425667325,2291.158250904539,851.6780201448826,689.2954545454545,20322,1219.7042129895917,33574.838399476655,15983.504003630145,38.87218880653381
1326.4160650611939,1009.5335987722377,1023.9511405096736,908.4375041082768,1344.4339983604239,3083.0914526310007,7011.7862948230695,3740.264950606832,2594.100343216608,546.710056283294,610.5453864624824,219.3213592328496,747.1533360464311,947.3316151310263,963.2410212759567,3208.904165640838,7681.179484803951,4363.258089128503,2990.2255503991337,377.43126614137026,711.5,19363,1208.2373974598622,33320.27222037998,16496.414181300308,38.97253131866455
1294.4586152766824,954.613529992346,1113.7465265529777,975.905383990215,1415.2734074772975,3138.270229957261,7093.58753330011,3654.4127424545254,2574.8067315945036,510.0058300620177,51.10136299021484,475.08959027742463,579.0397908541617,563.6026826696727,1278.186176915222,2773.2922676005255,7438.898835545441,4102.542442684812,3469.1985530870256,827.3684210615278,716.75,19230,1268.9083159045904,35397.69006538048,16461.157576488447,39.072917222976685
1347.5887762873413,1136.104514922387,908.859431546846,759.2049125505487,1410.2987550599946,2920.6109966469385,6916.69209538151,3628.930959508189,2793.7497213877955,722.2350178340547,74.78439423386232,431.90081258169226,527.0052504157426,526.1400085616008,1215.0784427545407,2732.9662149443398,7369.599333884109,4158.9397448943955,3521.066323412059,891.5265752923796,716.75,19494,1213.675479798409,34604.07843689672,16368.7289832565,39.17295002937317
1697.6826217316354,1964.7974060610416,739.8244808606557,453.14215418821345,2124.574005833951,2591.6846691679434,7148.590988466055,2802.1140193278206,2938.2010778027125,917.3242421337322,160.3806434140758,665.3998359345633,599.4813853919201,520.0931240423155,1665.3345802845406,2627.944659667691,7653.734412383943,3413.8605962027154,3556.658983672649,1017.7244519823325,716.75,20281,1244.1637246550267,35135.25795862715,16382.043989455284,39.273252725601196
1820.621016705829,2186.8967307733938,914.5669946272966,657.569248822188,2339.115852885208,2729.743762343592,7366.366397484467,2685.100727821192,2756.5178697670663,790.6948217573373,286.4230860665781,684.4939890656996,426.7103422122071,406.3891352852617,1790.8351839133513,2478.2506130411334,7698.169260809617,3155.677458937511,3580.2881641849735,1118.3640085788845,694.5454545454545,20565,1265.4646474363553,35047.21361543379,15838.228312299721,39.37350344657898
1846.9227728121598,2236.9653405862127,970.2772503656937,713.2618677895797,2370.1820164256974,2789.776523310253,7407.332047786208,2726.289362306025,2706.6484350260835,725.6913951352864,282.54281668005046,695.1681559363932,452.03649374916967,436.4038844592451,1806.1382467500732,2528.7154407490843,7732.696801639183,3206.043740500819,3523.617735513334,1034.1802521868551,694.5454545454545,20565,1282.115895803956,39975.91544677444,15818.808758340992,39.47357416152954
1743.2167255817558,1809.8967723108876,395.20883505447375,611.1645401750313,2643.3463698477353,2495.411689424874,7737.567049908803,2109.2600772538212,2319.7652627766583,674.7745418223237,88.09053666416185,262.85955445216956,183.84974705325752,272.8201475118017,1837.7544073402444,1922.0715953556407,7935.285646176793,2146.6753508490956,3157.6093410177514,1289.1472598744444,711.1136363636364,19904,1241.3737367562705,34983.63026219442,15600.326171301256,39.57387042045593
1714.25697691126,1968.8947444151945,659.2227308146462,313.6448018830292,2177.094167206889,2254.4269660360937,7243.105255633448,2054.0441100558696,2809.0613042070895,1133.9912349495194,202.26314850590612,206.20050779043828,297.4717424453231,310.76486665958237,1771.5500917437278,1816.195573079661,7858.855357946385,2082.061588315954,3261.1238120356275,1393.9010257892091,686.5833333333334,20375,1228.2189338047724,34916.680803422336,15682.30325930877,39.673901319503784
1713.1077847330828,2023.985488192505,842.7000964117783,228.8871601020897,1903.1761916286055,1917.1234622743277,7168.969951601993,1715.5628142678752,2715.4677602106135,1168.7547106166712,118.61532746352368,484.3934925173188,279.3239187015979,31.87546906699699,1583.0465706944888,1793.991231196654,7638.627116042734,2078.51417557845,3416.2721690968046,1509.9001525198462,662.9102564102565,20702,1144.2546890204285,34556.64268124873,15517.31538477862,39.77412009239197
1719.9289410466274,2036.2872221267978,937.0210663333177,299.05190084822027,1848.9197897167437,1765.089656132117,7275.775470192756,1584.7897325611773,2538.4761385224733,1044.5881065101978,897.8302198496178,1263.6651887879184,1054.366301443751,806.9144761603181,831.3763782584293,1004.0972602218013,7481.184586557847,1247.4393729188985,3022.743673136881,1507.4798624664284,622.5192307692307,20917,1190.956407504641,33812.850265861816,14537.756503563707,39.8741819858551
1717.5805312976383,2030.9348675883366,932.5861815589949,292.0794599850955,1863.54601066909,1779.1861207771567,7288.279131352572,1611.5933417525198,2549.0130856783107,1045.3163490621603,243.224807896909,610.9661798321018,409.1268432311661,155.27081791398518,1439.24468605668,1635.830420313462,7596.011479811728,1898.7100689833258,3335.5462324578384,1504.437402523408,622.5192307692307,20917,1125.824574259847,39951.10671948722,15344.847714090545,39.974541902542114
1706.3762775502098,2006.2563412642653,912.5094913239737,264.88586644986077,1902.0010434807439,1816.2186706431853,7280.207552025932,1629.5729464888698,2577.7609181862613,1069.800460209611,774.6356409445351,680.8335716915777,716.7194059653536,923.9655481704556,1528.0506074134714,1870.3104585478316,6667.323810638346,1111.8020725118415,3264.791433099031,1655.2439441805775,613.3333333333334,20944,1012.8277376783124,35541.538206033714,14534.326638186018,40.074763774871826
1611.8633972715893,1746.7612267080788,694.5487408744949,186.02861739394558,2220.72508081857,2159.6670508647203,7000.8698307640825,1659.9765786409653,2857.581814871475,1365.8204531649214,112.98653877184323,418.181168252235,224.64842613780525,247.43007932622996,1429.9408643568224,1695.5833393802902,7281.980180672243,1667.6159408346787,3369.272092078544,1589.1226013501227,693.3333333333334,21356,1032.095054358349,34783.13364738767,14951.269080358015,40.17496418952942
1528.543745948604,1327.7535805383986,406.87230504316705,569.145344360238,2354.5034783058186,2264.6090497640066,6556.447114263289,1179.5128658149188,2513.65949491355,1012.1339985199852,282.5401239214754,455.1908740683034,347.7009126075022,433.1761771457644,1281.0398359297872,1537.5328410005238,7299.564068047102,1528.3249787234497,3140.2150621284786,1350.880493345305,659.0,21814,1058.5183920700015,34949.5692822243,14821.808556268474,40.2751841545105
1531.243870171661,1323.6750729536725,413.101765186763,586.4221570054416,2372.1053682547663,2284.3149116732875,6524.631584166669,1153.8141158606093,2498.7574119805217,995.4116884347064,590.6957308866487,613.0496278080398,509.7652157417351,706.4322171376223,2088.6025254422198,2278.725036047974,6518.070828258675,1016.2290318192615,2938.950722935937,1089.0481012004554,636.5576923076923,21879,1035.0129532633227,34196.3027833051,14945.812053355205,40.375426292419434
1465.6999665370465,979.88844924584,213.9904063521132,681.4991734814425,2054.2464676792088,1931.7328714717862,6849.066481570004,1346.0815164601445,2619.8488815421356,1209.7510597825417,533.8880280075274,431.9714372084793,402.9390219765749,721.4152960192481,1632.2142673888513,1663.3301422995894,7192.675696394954,1517.657222099638,3263.071776304741,1704.732170495584,623.9935897435897,22172,1042.3489085487165,34967.90186401541,14899.700001316043,40.475645303726196
1475.6853519741692,1027.7684839539702,236.90286839714452,680.6392788683207,2105.8043685245325,1974.58859800633,6796.930947551783,1284.7174338054258,2552.9059606311475,1141.4679251596135,717.5629621387394,1075.3558339325934,868.6568480364394,585.8894257688819,2313.529802641504,2704.139581621294,6244.045578446368,925.9102240330425,2653.0011336140456,690.0851376972616,619.0833333333333,22172,923.5103887054759,35698.55508098085,14465.318926402875,40.57586908340454
1402.8610470789818,459.5337672577394,757.7865964296532,702.9097111732583,1826.4706769758047,2351.917576750069,6728.550813516016,1636.8636740447955,2749.1155437061457,960.2583357413653,598.1293006723986,952.5615188733892,756.2293865554204,464.6353266428897,2175.8134991074885,2607.0898644269805,6368.666794251953,1111.2160186626738,2830.372758152838,775.1363740932134,670.1666666666666,23107,958.4117746379961,35489.79136866094,14486.60977902149,40.67596244812012
1393.1307306585588,453.6004354509691,710.7249502017766,674.7032665753059,1816.2399045934903,2304.1793571395424,6754.770839771168,1625.785712072087,2768.242929691984,1000.6831329163365,178.86874493818752,178.16139626685302,302.5276353944567,378.44749710399236,1407.6528339929534,2074.971748808774,7063.642003755513,1901.081067086692,3605.6258428636384,1438.5602947397424,684.9318181818182,23069,975.4616122821191,34489.353663375034,15147.22372150637,40.776267290115356
1426.4571941099616,765.6435167247503,979.9669719823261,604.6193742222523,2225.966200215878,2601.988309681986,6404.902908942198,1221.9220048531033,2489.4707121457627,936.0024498133137,699.2203889303879,460.82854950450553,892.0131717961682,845.5227923252695,1926.0033125732987,2822.6560818099942,6241.717710777927,1046.1942723905197,2769.173010904498,1164.154566663244,666.75,23486,967.9854711751873,33972.95186253798,14498.157964013782,40.87665772438049
1516.3025572512736,198.4764592074049,933.5823188731672,1043.4208716461812,1806.1090249937706,2743.464997222694,6335.9545100431205,1348.4057495431096,2089.0063291650845,344.45288395720814,836.4685639395749,581.8864206244577,1017.0434234705076,968.9872375981898,1988.9492650804884,2923.3889232075403,6158.558161508558,1008.1150106979048,2692.019485835122,1092.8056229981808,643.8333333333334,22867,971.0406622948562,35108.759553463955,14659.939187884233,40.97670817375183
1519.2465072931197,196.51382179978492,942.5388100077483,1039.4330061457197,1829.5360932029325,2749.14615021989,6324.9292473346,1322.4053807563814,2115.7833606821546,398.8386145871817,772.1486042526124,974.8733593752985,799.5458249352491,1356.5990626838895,799.8679196313991,2875.679629608086,6465.8660085615875,1834.400952930375,1848.3909914260698,939.4983215940575,615.5833333333334,22867,900.0294880390958,35970.62674084019,14448.42230172839,41.07701754570007
1184.076903775533,1144.5130855751495,323.6132895083728,743.5893076363853,1149.449699773083,2146.2478097273643,7011.8456779028575,2150.3624410902585,1879.3885419549588,634.293499194908,241.54836929011014,518.9391080323945,275.4069320645162,851.4224724414767,703.3922191505553,2373.7533353950494,6927.886730964117,2189.280673910287,2121.5636501910535,828.5016032636613,634.1363636363636,23825,978.4988146120636,35485.759675374284,14029.819114630423,41.177018880844116
1238.4158036445183,950.4383657412378,440.110374174123,581.8288229582662,1358.1426992817126,2045.124085097897,7096.664974891567,2214.8104455943926,2096.4360163827646,657.8252308166868,148.40143114659494,302.7127794676338,254.09006927434112,587.4574197012213,1125.4984922734957,2089.056737165655,7201.281465449147,2388.5686125303723,2882.5125012447475,734.9473494726562,641.8409090909091,23613,971.8571615981882,35523.46114593954,14315.699745582955,41.277125120162964
1207.008373500096,992.7429992282672,377.5346434916584,646.6740351436504,1319.766566856305,2114.8425659390673,7026.057306567654,2143.3799874731867,2127.8522700901817,592.3758716741172,448.4939645740142,540.4851074179139,347.7269338078782,492.9495675443876,799.0257705104616,1974.824030373208,7262.720519458887,2412.5741942747495,2511.6872302715356,656.2710278429796,641.8409090909091,23661,993.3440402859745,35170.64008473046,14198.025586647975,41.377156496047974
1268.8532568616474,943.9317223322889,477.8004175131456,558.8094990324734,1325.2925359076053,2044.9837753565507,7072.431437193141,2165.0200509599804,2010.7404162253138,544.8627446905813,856.5429857017812,979.0818103235566,672.9119752714821,968.3790931298213,328.64272482369455,2502.271888671122,6703.765874773084,1850.375377639745,2844.828589916108,475.33456766422364,630.1363636363636,23589,991.4170875552197,33902.85246589063,13742.057008858486,41.47730469703674
1589.0053135280552,940.960526436935,856.4676648469132,504.44591477102193,1191.4369986267902,2082.313277572938,6943.279816575353,1936.7413576181996,1790.7016844184311,175.95780229757062,594.865986919992,715.6644322293467,420.3915412571818,713.9901838923682,601.5122269775674,2244.6342148232684,6985.006808979354,2151.3441397436945,2749.6077191478316,554.5206817175886,630.1363636363636,23153,1001.6605154018653,39138.01662473804,14210.678837848523,41.577438831329346
1601.8753317665535,946.7911224466457,869.5259451867049,514.1821845411132,1181.1267586788972,2095.052080390701,6926.667247247358,1915.328387201859,1801.0618167046616,151.2407010590019,954.6550914727633,805.3090079085982,1364.2337483885879,954.5841320888105,1487.1632507081415,2202.8719338692813,6908.4671920706,1619.2152355740502,2626.681464420166,812.2539479046619,614.3636363636364,23153,965.5937837363165,35279.15424363967,13625.079013726463,41.67746162414551
675.9653440731586,687.3019666009133,1078.5701647491583,498.92059633161006,2184.8298380580327,1319.2230139078854,7564.380670637067,2237.2132566606374,1300.432380458821,872.9994152849049,275.1778946190152,128.26301346690062,735.6047151204687,363.49214700357913,1546.8661389854392,1512.5890003136685,7591.360593533945,2312.607930181697,1973.3530497303611,1012.3686548997351,625.5272727272727,24162,943.026597891032,35419.627432793364,12921.947239668963,41.7777361869812
1137.6994800001023,795.326874900784,642.608780869532,321.50011129302584,1915.3542729715894,1261.1879134520427,7764.1623177596875,2593.1582598163363,851.6261753738105,1045.7074537696703,181.05390330269123,257.05022652808793,295.7382965651634,207.35288448534072,1476.4807664805112,1135.3260605527507,8119.433591503209,3049.3694534169776,1107.974990075178,1481.2054935798542,643.1818181818182,23676,918.1178664628159,33034.314807731265,13306.041048861547,41.87797236442566
1129.3222505243214,786.0162733255595,651.7792030932751,309.3880323833488,1900.6173450902645,1276.8909556412486,7757.641704007487,2601.614534158488,832.019338956024,1063.591471380362,262.8719522445768,220.00638393378864,361.5780063237881,234.36374052760874,1304.6407294765443,1226.642059567626,8208.241343150306,3247.919768744786,876.6820269249021,1704.849948307502,622.8545454545455,23655,873.5856015798581,31636.932792306194,12981.3430319629,41.97800016403198
745.7552726466971,463.15118311419195,1028.0562459891023,74.08146448024088,1578.949876335546,1655.0911096999432,7560.491125823618,2694.035845100287,686.3690709488862,1289.9516582808567,594.0503778754677,687.423990386805,901.4410904975438,615.1054009261129,1454.1762439525323,1922.0397936120187,7307.234069634982,2891.7735356742332,1336.4097826128316,1957.1176605727649,606.5272727272727,24081,824.5924943182814,32808.98942593504,12222.479877967551,42.07800245285034
1723.8388094908444,1418.3067908814487,636.924993290292,930.0117685537276,2553.0869200045054,1507.35929510768,7031.386242340212,1716.7260994439062,1662.8873358187557,969.6372192085383,1011.846916880969,1103.9139372691347,1288.726170331872,1030.7587306848225,1709.5477227664219,2267.388962387207,6914.086666727825,2798.5079860585874,1655.2399879652987,2150.2559825832323,569.9090909090909,23058,832.6483467197689,38579.18362618293,12869.387412000575,42.17807149887085
1734.5131366369908,1429.1440072325056,643.1124127433931,940.05031799512,2561.658969316263,1515.3642708513005,7020.990365427675,1710.0079753352152,1669.68531376315,979.5957834384582,1136.8539068247699,1242.3499326302876,890.7638710475653,1518.1456222930906,2956.4384993486087,1732.0908043375275,6815.952091083408,1149.757733789569,3076.8004143874605,2284.5243523414256,569.9090909090909,23058,788.6358985573798,33497.303478287984,12732.070953816135,42.27830934524536
895.708600967243,721.3589387901585,457.71750290545447,1104.5867717209153,2858.1263966118577,797.3482137896772,7481.90793350427,978.617424117969,2640.3304051845575,1492.862220970935,530.623543785282,634.3983566496614,311.27988985430676,978.6059126046365,2475.831492655647,1135.5755369297092,7406.765303020806,1047.3142150109225,3243.9123547787863,2124.523077619944,588.0272727272727,24081,803.8162120806196,34324.048708102884,11934.117604548856,42.37866997718811
1052.2027940632106,769.3987797388124,389.9693755329342,859.9902505032513,2612.9254457154766,684.7973086368268,7641.036794897527,1217.589252344983,2610.0084155281847,1388.4889134114499,178.22544903224508,257.0202245701436,165.8315272868232,532.5975386036142,1999.0452976013457,634.9064300796701,7977.70913868118,1442.8776464212267,3375.1614116973974,1947.3238725043873,616.6363636363636,23803,799.2530575993758,32672.12250300555,12383.017900831193,42.47888445854187
1131.1785800096134,797.6866969335762,445.4461051304537,736.5301236593643,2490.6317674547304,592.3213301790767,7768.437211625064,1294.0611417728594,2704.391797180536,1464.1721537341614,110.71060242396645,69.50544079407135,345.6366853326128,576.7049613980209,2045.9864920838781,551.7560560711669,8008.020963237857,1352.5010492389665,3456.3852284337604,2023.0341636923781,616.6363636363636,23689,836.1916999407617,33054.00824313956,12600.14157360356,42.579291105270386
1366.3940829511118,843.2769992929158,817.1802504964919,605.874037235472,2421.112344566985,303.0995686819456,7875.064296972205,962.1847371645132,2870.571415149555,1625.4522120286629,857.0856421833086,752.4627671767981,1072.115137277259,1376.8515308161172,2845.366650635235,1281.663367335559,7233.07000223738,1405.546298484388,2723.0119764441606,1295.957595848259,597.3,23320,715.8726727892099,31470.558741431832,12072.61246581666,42.679492235183716
1913.579878971973,1170.69726978099,1558.5504504633736,1166.5008925103955,2902.468042376791,894.1725950699457,7446.810201749605,427.45297589703364,2455.991122252915,1217.5077569935174,637.1669622050049,526.507371222284,854.0576204406038,1138.2840679910112,2598.221260721992,1024.678791223206,7503.144278449443,1266.5321847164382,3025.631989471682,1616.8634410924615,615.7545454545455,22533,748.3548663616817,35499.24069873463,12285.820868142138,42.779571533203125
1946.059659549412,1188.2144460419545,1594.2567341841198,1212.2069200595768,2950.3089087275725,926.5642595437474,7399.271247920929,480.5877974019647,2414.1082149773665,1177.019678207238,1213.7927995359958,1327.8915051353483,1598.9175923028024,1472.2088397502412,2805.4951974351957,1757.2178787017053,7152.037377984972,1166.0894069701062,2315.2779668148837,808.7711129405632,601.5,22533,703.5142793413024,34023.95849194992,12126.04783396051,42.87998843193054
1550.0406265593842,1430.9915882263886,1415.5028223366792,880.8175228983798,2386.082002912548,1366.334579765516,7777.4002097710745,731.9183336547037,2379.0249133440525,1150.3566884518427,936.0567984705904,1062.080434939654,1326.264447489346,1199.5427927353746,2518.8632785801083,1580.6488421617462,7437.959690324961,1013.8425208025736,2509.4752167649503,1001.0292756792718,601.5,23504,753.9682549531983,33470.59734109431,11894.401077397451,42.98010230064392
1575.94568413709,1156.2346145862623,1226.7674137466984,656.9633677076221,2274.6096958513144,1007.9664616331875,8016.126706443781,554.4336035673732,2737.6451086828984,1504.4864116815224,137.6396238046649,319.29104672078125,348.9664856037465,285.00306596701034,1442.8124932367605,1204.8164795185355,8510.781473415687,1016.1150493119295,3427.066991198735,1997.4231756560775,620.8363636363636,23175,840.3356448210741,32382.439930747987,12795.901262224403,43.08031415939331
1587.511625377772,1039.7833416814485,1126.3915552272201,543.591266362664,2163.580346633783,963.9284042815696,8149.00995701228,666.8608275079756,2806.4532850521646,1562.4808472719842,572.9008670158063,744.964505692647,709.3738344464742,779.2290980887152,1678.6504666195103,1684.5514561183525,7973.077025454326,1035.0108578581044,2844.4749248532485,1469.5873169807937,620.4818181818182,23001,777.5458170265258,36823.09974551926,12242.280924370094,43.18067240715027
1874.3464869956063,292.65423659232874,345.7467202706309,510.1961071594126,1137.9848054619792,1835.1713796357285,8488.618668238765,1597.7462519123774,2082.111275575871,743.3160525026043,766.8763060890474,923.6575268252117,861.8742762556906,957.6521641412418,1718.6718999834902,1894.4839707133212,7871.248868047412,1220.7199305384213,2613.0931597887684,1243.4083292886137,565.4545454545455,21978,790.8996393208679,33209.586217801254,12353.31399957474,43.28107953071594
2444.2982725968877,1001.6387884238252,874.1819481506024,1434.6401525004892,1140.1802073642086,2734.886518443219,7861.454558351144,1873.9932777410172,1263.366070913027,507.8694915711682,775.142735660203,932.5727114168511,871.1312753628382,959.9387813901587,1733.747322031774,1872.7654761489373,7873.937540243986,1182.4204440324906,2662.6554650509684,1288.6079572657266,565.4545454545455,20955,766.1669198127122,31352.808137626984,12443.744180190328,43.381306886672974
2456.5310737516456,1018.6867699028518,891.6363548942832,1453.9311266375369,1151.8596431808382,2755.807703193824,7841.762882491993,1882.5339166450894,1249.1552069312002,543.6514391197529,1006.5121859937263,907.49708722051,1039.4874809089556,1523.9976803761547,1136.4792914993989,3152.052786380746,7787.547915158609,2469.5582550614868,1608.9619313693474,1427.2843572188585,598.3636363636364,20955,751.2844810502861,34154.86134512311,12896.38553972752,43.48165965080261
2227.3651191033136,804.6345206542863,941.5815805248889,1528.2799273127641,625.3171535596667,3196.3014265376664,8086.328501069651,2512.8561213326893,720.8456199514571,1089.2137903430223,904.8547047321363,805.1614368737283,940.1996321059331,1427.2279889317272,1028.7054529113939,3101.3598160667334,7899.62383505896,2540.1970145092373,1493.4042971403114,1402.0289192174491,626.7909090909092,21616,837.6600478835992,35861.11197543812,12798.725893757288,43.58197808265686
2301.3551940275283,771.2718144826957,632.7064125209424,1167.6392298996607,717.7536726454603,2738.0409509977767,8400.552323561129,2545.257654090473,525.129759564032,1036.081753045802,69.04632271137068,95.38515612430203,215.0395383827264,628.5906480035436,225.38567120820832,2713.2096712795933,8876.324094504895,3239.4606636860135,491.5571345491129,1700.5082646334165,665.5545454545455,21145,857.6051759259941,34469.26992778086,13736.223468305194,43.6822190284729
2305.647017644127,774.2175710460215,620.3115554365719,1148.9245513501826,723.8895870906348,2716.981695851579,8426.47501079887,2564.7046836821264,504.7882440371018,1064.0387906781407,256.41570880940895,140.603115953894,262.57850438312795,728.4949281154832,470.73931982187355,2572.1361060402455,8728.708819291562,2968.9115771640218,715.1681804534152,1424.298247812085,678.2727272727273,21113,897.3901668865165,40870.24880668748,13922.25453042118,43.782633781433105
2315.959479358626,724.9582303219767,270.92674538007947,834.7364544553748,453.20414682924246,2936.0087450617675,8488.192746968745,2732.598961372192,543.522188052401,1057.9846538272143,591.5651427410108,727.966260383494,935.2754152092043,1400.3128318932797,805.7461144796762,3196.9697249405053,7965.613443120863,2258.3798935655177,1425.9177337241747,837.8372690570585,612.090909090909,20777,939.5391143369045,36624.724622800895,13410.92597310695,43.88274598121643
2315.4427532028017,715.0867448307413,144.60633648412792,795.786733154001,335.27806732509976,3059.6133677845096,8404.451117432787,2672.6661611641007,660.4908675665766,955.4255930002835,188.77359418295111,59.07477088295656,201.93496798395077,666.1562109056257,319.9065418871881,2698.8455791359174,8753.97043649756,3090.900091007811,726.5027814855396,1442.5450790066054,617.4393939393939,20602,836.9630094282836,36248.99897289224,13938.86249824136,43.983150482177734
2306.9224650400397,696.8566607120342,90.05306280822069,825.896714960649,275.5513378881264,3100.105930881895,8338.674660633564,2603.5538042031594,663.7036142139615,931.8575469697657,969.309664239858,817.2200468004247,575.7956188458268,459.9637117906778,456.07424350247294,3420.9302072072196,8232.298327487557,2591.0132197834437,1399.2331556025365,869.1934485232591,643.8181818181818,20602,909.4049137596675,37217.78789297376,13460.531646492129,44.083444356918335
2237.8869782501474,592.0857476752401,326.73857900691155,1145.4635146140126,391.2320305481024,3003.9079608023476,8321.23765335528,2634.5225089001146,332.87180695722975,1271.6565208658574,190.5044543699218,340.54273563007405,547.8060158795095,876.2225573116593,689.9271064985015,2348.260938738194,9155.972520447709,3493.1222510187563,769.0227650161455,1555.406137774605,689.4545454545454,20190,946.8522005930611,35596.55085682813,14626.22479427427,44.18350005149841
2159.2197467654187,589.2433638008271,728.3038982385735,1534.659973597054,794.881460100356,2640.024764815618,8671.267407663852,3027.7277685561567,357.23527481093697,1390.7797352242228,444.9196621196925,290.6175658710353,387.7492394502146,1008.8521155825221,657.5231488796578,2399.8674597027016,9067.44631606574,3609.0415469933114,454.52835531215914,2068.560933642356,695.3636363636364,19846,946.4452232355382,43451.31689635273,14516.525917199764,44.283583641052246
2154.599267130871,594.8526916864216,754.9320591515201,1559.6911285990636,823.6802770085378,2605.932183745916,8708.474602575527,3062.8283327444983,404.9864214106423,1362.5133664305283,413.5921098910031,533.9954841126436,533.1481244727564,412.8287214237852,283.9551871954552,2977.2379827849327,8449.270211896841,2890.887064651491,291.28398778144583,2248.414292615864,644.7045454545455,19781,907.0809353044303,37711.78922879244,13805.771441112047,44.383800745010376
1979.112483316677,816.7551667242451,1287.3070457940555,1760.8805505760595,1085.3742642465759,2621.0969752063056,8609.391086856785,2572.956648834431,664.976924103292,1274.0547502101965,707.912188266394,824.0023983004594,750.0178560549049,220.63814792903005,368.57045051258416,3271.7325533289472,8176.678930568792,2834.0024874273913,358.93792072099285,2586.1643843003667,618.4545454545455,19065,894.3101088004939,35665.320817878746,13074.186180764593,44.48387956619263
2028.0349757777728,1590.3513656794455,2055.9899016470504,1955.1571478800852,1485.80263261803,3541.0519540310174,7706.303965058032,1584.3409146010063,1050.9294733592258,2301.433773496939,718.521797500917,832.3754948821158,755.4290456224576,227.38694898050687,371.84032877243556,3262.9762641107777,8181.989670360842,2795.6297897403465,382.58982084433234,2570.301253043517,618.4545454545455,18042,832.0475419945822,35571.6943369895,13468.10857111857,44.58430743217468
2150.1935229251667,1963.2060880720387,2338.7513727137984,1902.987082102531,1511.9343830502535,3949.1325008007293,7328.284299837454,1749.362260082902,838.6047180753687,2256.283500026024,672.2452535275804,886.5474469531573,1402.8660761504689,1509.980628197084,1497.354108751042,3874.4734618045964,7339.39358786823,1897.1234286141735,1355.5322145505886,3472.7468834163633,634.0,17533,834.0146228795344,36812.79686266066,13450.808246476568,44.68436622619629
2150.1935229251667,1963.2060880720387,2338.7513727137984,1902.987082102531,1511.9343830502535,3949.1325008007293,7328.284299837454,1749.362260082902,838.6047180753687,2256.283500026024,672.2452535275804,886.5474469531573,1402.8660761504689,1509.980628197084,1497.354108751042,3874.4734618045964,7339.39358786823,1897.1234286141735,1355.5322145505886,3472.7468834163633,634.0,17533,834.0146228795344,36812.79686266066,13450.808246476568,44.78453779220581
2156.287770018918,1779.1144108849214,2415.5931338715855,2378.4825556747255,1992.5945097585711,4198.321442247991,6955.581250484897,1434.7250624293565,1253.4217815468542,2628.2464499845782,776.5041497081293,1001.1898144929537,1499.1870726407403,1501.730940372319,1464.9270974140159,3907.7775161151703,7375.180836887878,2062.6781692373993,1193.8393947560728,3334.8850571440717,627.1818181818182,18122,828.2294798850895,36855.223760923196,13426.696274786846,44.88505434989929
2070.6876048650684,1724.7922180948628,2195.087173401626,2115.1088742502398,1774.5688863671626,3924.468067777595,7170.556218248412,1167.025941146514,1485.5817208891467,2904.035200335515,586.0828402299353,393.7750068112534,990.9375220518542,2021.451553152774,2200.206364552755,4245.872870862694,6648.4529594453825,1802.2527609406097,1985.0619457290732,3728.121008037665,612.4545454545455,17854,799.3467982671336,35974.22265780681,13504.452863512422,44.98579978942871
1903.937253854267,1556.7415327402655,1127.71530254035,1975.0076630959707,2179.6754906580327,3916.564370084766,6797.849849177247,1111.6523176427504,2134.2515349836203,3077.8054573515487,775.3642956434015,958.3346978234418,602.8972109629492,1033.1970968808396,1783.0988070096107,3501.0208438043965,7022.907337083517,1602.2933164998199,3055.341907277041,4271.834823739475,612.9393939393939,16743,769.0945945330163,37637.60836329987,13597.207872745814,45.08694791793823
2610.595572552391,2568.6484881740926,2269.730657738328,686.3385257853055,1837.7224490386623,3285.5798883509697,7023.920943089263,1878.086546151352,2808.5870500671476,2747.6719848039347,997.1753783865843,1190.2208604136442,755.1501262679368,1060.238083836757,1978.0506096243969,3626.4321777862006,6805.585058180176,1978.204915609259,3003.8081228583665,3875.8598896741537,566.75,18110,850.3232346363059,37681.092031575114,13343.262045963807,45.186968088150024
2834.5520444230706,2839.6086920653547,2467.6849058786775,584.3634176309453,2088.4517433674696,3491.362041361017,6749.075389327074,2131.675117339383,2553.188516991648,2398.549893854243,617.5804473184154,1222.08057072513,1718.794398847516,491.10448321774953,2052.4511596592524,3605.3564274057185,6514.5963792197645,2710.7238492393913,2750.602558832396,3420.3680927999735,566.75,18351,848.2576323794511,36805.00435603896,13023.440666534816,45.28737783432007
1641.8174482608551,2131.5669558585128,3287.07027468976,589.87161551929,2536.7886899483824,3999.9571267127103,5903.074602117204,2649.3226739230827,1598.2447381265933,2793.4767473059633,259.9276018161932,710.6283752252934,1546.950615892123,352.36359517485823,1954.748846372698,3640.038083311594,6178.510487523961,3072.3704199502386,2117.4655799423563,3938.479246427436,540.3076923076924,17151,882.5632204757118,37096.72254342548,12836.43535614093,45.38739585876465
1398.952289507286,2148.2353971232915,3530.162196293542,793.0219576285251,2777.22782633381,4228.89502244091,5743.45328783906,2446.7175648275606,1715.9713928162196,2891.661714345426,321.2995120746835,873.920832656865,1618.7279317911457,376.18722435281745,2037.8487582196944,3702.462911219441,6204.475973816825,2872.6572514753984,2315.3864998674826,3886.5886326485984,544.2435897435897,16931,831.0683811545871,36995.2361081952,13110.702656328243,45.487675189971924
1477.0972269306328,2112.330631238354,3460.4784609001867,767.3177275818323,2735.255165895973,4215.261811043528,5699.951541019208,2505.2940085237433,1644.9903217090312,2982.112373491595,298.93711034501166,780.096261559028,1533.0066190383218,338.91557965949517,1963.2448757637976,3692.8469998789487,6045.201042624209,3071.0343635475065,2019.5009886533242,4247.953448937677,579.3910256410256,17014,853.8162912312854,37107.843165810336,13327.223916510804,45.58786225318909
2067.8027793471997,1778.7590861334304,3123.5822033354075,1089.760071388959,2864.59419887942,4586.9926943319215,5095.264254429,2450.3150185068735,1847.365199089884,3366.906578069122,966.6287512140785,640.3380068254544,2460.866505746581,1439.8325940395432,3035.0010581305373,4643.409463267447,5777.65321220093,2130.042346359449,2903.221591984928,3742.230261407637,567.25,17611,924.9257391474814,38308.14593579019,13673.658480815215,45.6878821849823
2587.5738908622557,1456.2795948726503,3165.568172266604,1643.7654885425407,3374.7787728104927,5140.36180958634,4787.906428465184,1928.9639367929233,2370.2365294025167,2964.4004588253883,700.2686527223697,846.3301503382876,1090.433003763088,1193.500798594869,2622.752722868532,4907.8471599553795,4569.82138281307,2216.425713201375,3448.6735067199825,4239.649827338981,567.25,18200,886.2494132866119,36903.56063815433,12985.673243545585,45.78789472579956
1768.4320640150518,2269.6882503323322,2696.8255453544275,957.455339189768,2496.9192063275295,4711.194628992126,4339.426578510508,2682.588721868508,2699.371249917085,3747.805021137841,1244.2668405079628,1419.3194649923664,674.5425703654778,1615.248355753266,2811.898375845934,5299.805478696544,3981.0647514834873,2235.4769512090465,3993.0830154637097,4310.067343760602,567.25,17177,884.7592841616186,36201.25554784422,13574.16848472458,45.88794493675232
1392.5319299605428,3207.8719119892553,2126.690583604516,1461.7273377367621,2457.8782190204706,5277.853844003667,3405.161986107282,2634.384797512475,3605.6223901102285,3377.655329650657,456.05515818353246,1021.1218064782199,828.9758819704724,1015.7039807109246,2087.1424149349136,4883.715231795503,3656.420611303168,2892.5751550193922,4490.419732088787,4670.971721483271,579.3910256410256,16245,860.1684922075995,37019.92027569526,13056.750372057006,45.98823356628418
1427.7184457915444,3459.929092897214,1923.4795319239802,1718.6530708909268,2670.3142622321484,5535.861247090218,3256.992697473665,2400.3577654836113,3593.872870295567,3122.180275238923,352.51756810486216,1045.3461029512719,847.7692226220948,1036.1570892204786,2071.0063842878635,4956.754032036918,3535.9403433248876,2845.224626684271,4570.44806492991,4534.448110857451,530.6153846153845,15979,829.5428865912647,37106.98489769475,12913.935820659131,46.0883002281189
1324.391102260751,2982.3986702111715,2468.4150324264333,1282.411619515663,2127.1602837956925,5264.785728850164,3020.118251990008,2834.4835849387223,4150.830671354825,3010.606069449473,541.8954422161578,1543.1648301242785,1333.6872323865634,1502.9784920689879,2170.8057197188864,5529.195724885315,2771.0920310351075,2624.627970911626,5008.818883441857,3856.408950895684,526.2307692307692,16543,872.535413164941,38052.55585285694,13323.528927709764,46.18872022628784
1546.327637204957,2491.3496517263825,3447.031133870226,1531.5380940282548,1864.6260470723437,5829.835577114245,2014.6565879166906,2655.7674644419317,4495.230218038578,2030.9552895071122,585.5836512951901,1562.2925076187012,1454.760760426833,1566.8791356201095,2181.3678694113255,5680.80704186916,2530.2012973806522,2508.84195927571,5071.469342264685,3568.192427457444,526.2307692307692,17556,872.5229111678466,38154.085094246366,13368.187736360267,46.28897547721863
1473.584191879498,2502.0517337197707,3276.646487260206,1311.8416290140099,1698.7672195892567,5596.911057938365,2137.5090953453914,2888.4028391664833,4708.57341712029,1946.2270062234102,1254.9856230363475,246.3717703118861,2444.695221318639,1241.7522421801827,1205.5824689283984,5644.876631730348,1228.3628677499214,3242.954788139645,6112.203222550557,2264.248481245352,526.2307692307692,17320,851.7387787448586,37381.87513456785,13651.292839193717,46.38939547538757
1585.9650404705194,2471.479492140217,3081.661923568235,592.9859749880906,953.7901678633292,5203.351190924406,1978.1632321647376,3393.124592821848,5259.910929927256,1219.1680924095435,981.4895470565855,40.66950589924293,2189.7955658930623,1046.2247999990047,1142.4087237798929,5477.754884957535,1501.0565108622527,3252.0689503301383,6090.844724128202,2381.974006162963,536.9505494505494,16563,855.7753502969913,40417.57429507752,13906.995261613527,46.48942518234253
2268.640275874435,2473.7969719643615,3528.3937051999364,897.6421511863695,550.7281438727675,5707.164319514291,1158.6322375260286,3119.1382520754596,4842.160123347101,1697.9350563049443,338.0858657154723,810.3679833450695,1623.2079491261768,544.8394396704361,395.93905049364446,5165.223535718151,1220.6860622490356,3692.9950201573197,6307.242738485662,2402.321023283122,496.9230769230769,15576,782.470642565263,37461.03009127898,12720.329034979388,46.589452266693115
1850.4468732195742,2570.7436859327427,3111.5102608258644,408.77940697450555,235.3549684014443,5218.110006933052,1637.7781090514795,3599.6292845378957,5329.011734482841,1373.8878469186134,274.32853123361696,1039.7468388911395,1388.664635819588,409.99668844552275,122.84604227937034,4856.2572333850985,1545.579030799259,4118.394705080861,6724.438855741137,2190.851796164482,539.0714285714286,16038,884.1219903181417,37644.63972824633,12358.9877118948,46.68976330757141
1205.650455121124,3079.6993683908763,2350.8426288689197,497.0571221127586,608.2351421099297,4807.193915288146,1967.5055603232113,3986.342961608082,5342.320415229619,2091.9070618994992,924.0222070007094,1756.1039698986247,1575.050859421672,1126.9489819188457,836.7380376412773,5389.370933507527,1040.282223266143,3660.9858625715033,6114.594335882155,2686.474950999797,528.1538461538462,16856,861.9054764314308,37645.11106747222,12858.089558820997,46.789807081222534
1148.056002500775,3142.0650544746563,2287.5644172811467,563.0792352848337,642.4380576222545,4836.337591172468,1938.7350780286772,3950.117154824263,5291.089266681463,2102.301019493067,179.95922903265082,983.1577685465128,1068.255134520734,347.84716303721365,491.32489813813226,4391.539299743446,2025.7557608728825,4643.51596102558,6872.737220061409,2972.749420625485,552.5824175824176,16856,912.4461545470871,36058.43386138033,13960.677456859154,46.89020228385925
1057.5554828789386,3243.471867588241,2213.179702287702,649.8929975913433,646.7037636955673,4938.514746261344,1830.9415585784318,3836.6249183353725,5218.616839437333,2001.6091666001578,941.1945671261295,1364.1925479898368,485.3378909810132,1211.953595584148,1335.1685431260235,4803.513892918617,1687.2275379213804,3853.0317028655363,5957.204148232979,2633.588195081893,539.0714285714286,17014,841.7746986237889,38334.566481471906,13094.769046566938,46.99023747444153
2041.0095067124391,2260.9162128330813,2659.5699964093606,1013.5987645944608,1531.3930954540554,4246.842000200612,2517.111571298069,4011.4291771898397,4423.901942116762,2610.5578764754277,1105.101673244429,1482.7306482413492,488.00456435255086,1366.4219352728353,1482.5337060859251,4873.735533806472,1688.5042138758045,3769.1781084156837,5842.26518966967,2662.0907842892984,501.71428571428567,15991,759.0467043850053,37734.069634242376,12940.346487370742,47.0902578830719
2485.561289295852,1918.809473515102,2751.942267394102,1458.5456534726648,1927.149182018118,4422.065435943137,2425.375435392814,3623.3477612727766,4130.298431633232,2261.693104131003,693.5605425938628,379.45152881331745,1830.4898453464025,1182.2747269956221,1895.1580395272358,3682.454768979409,3003.4797879799376,4301.202144382565,4819.5633077858065,3295.311805655413,501.71428571428567,15512,742.9331506854071,37310.651545856366,12499.497940862086,47.190473794937134
1537.5557319593252,2530.44396019774,3064.501323843659,880.3977423418739,1795.995767753834,3480.6063781351086,3341.870959992582,4434.235782461055,3597.807156774851,3053.1244901156547,841.1298133472523,522.1706771780771,2044.4070236965392,1276.63486568228,2047.9799178587598,3366.072529241623,3397.691657305546,4567.815441049881,4409.376052150788,3627.7472908727163,528.532967032967,16535,744.7798799367395,34902.95133488269,12725.73101086286,47.290568590164185
1235.5569141534586,2720.1653519285946,3336.6844543941647,1039.5876371611812,2058.9213629022297,3214.486563543563,3592.2603877455376,4411.158973738875,3282.727961324345,2949.4367892412415,631.1052639262759,469.1847215105945,1786.63282691753,1011.4943294807551,1737.6153003290597,3388.599471799631,3276.3145357400667,4819.785670816161,4692.6481507142325,3995.6466867673334,547.6428571428571,16811,794.2934900736012,32630.986788594993,13139.915974791515,47.39089107513428
1260.479093432401,2709.8221208656187,3306.357966486426,1011.0858206443697,2030.2807699880393,3213.9917376521503,3597.252122478723,4434.246012218573,3281.83377243557,2965.5660085446966,652.2496704829005,1609.188174875169,1815.169743965289,1005.3594194854991,2089.008577112854,2294.222698767945,4324.157099474678,4957.210284788103,3785.6055740303223,3506.1268254910865,547.6428571428571,16823,752.7622232842775,33939.938864472024,12896.83012999416,47.49120044708252
1679.6515030820424,2758.6085444263954,2810.4054570727044,534.3120100413154,1792.2363370617154,2776.824259863916,4124.64415311162,4740.337087676647,2742.114376613733,2831.895548550034,616.6534346537551,1578.3277394766285,1866.8288130718886,1033.5599435045056,2109.818205787049,2486.015990128263,4103.3055267958,4833.07185941479,4055.8496488126134,3641.2014318617926,527.6758241758241,16266,759.5152101706062,38635.010438357094,12864.121149612456,47.59156274795532
2423.7128671360542,3293.947210449589,2377.900557047013,930.3459774969517,2350.244604063433,1934.916718836995,4710.468242298946,4252.3070309345685,2734.9634076707853,1966.719875993564,465.2734526084286,953.5355012305047,977.2838014279474,551.7960901524557,1755.6645630410778,1655.5522913656714,5052.039379331543,5062.5698510815855,3463.3992404292394,2664.051573776882,489.5879120879121,15379,765.7586592973246,31447.58929488108,12159.275834823908,47.691673040390015
1794.1079297857004,2555.20665200105,2426.1956477552526,58.83782983865151,1467.9171434161342,2275.673157335631,5059.671325765659,5126.015869557818,1848.401585076033,1865.7358933217756,933.841970301418,750.3629557803346,449.87838510893664,713.4899033314093,1548.872960077261,1392.7010104516307,5681.586326558023,5587.1393327342275,2878.2037470671676,2117.0701251316864,526.7307692307693,16231,699.9301974188095,32209.035185067933,12684.877840144269,47.791791677474976
1589.5250691159654,1840.5555906454754,2388.7780807769013,774.7262024815141,1099.8378755955437,2166.628178910428,5847.129965308086,5361.17565870106,1841.1260959066697,1112.3317087087157,1266.8425933666547,976.1459537415803,167.23533771736817,1009.6619152870494,1848.0423189683474,1141.8475671674864,5653.4456127073445,5333.267260861761,3097.1006569700744,2222.9926929091816,515.0,17077,761.6200473941027,32682.793265111584,12293.206224566024,47.892146587371826
1600.6778409966423,1777.6745466087675,2362.6038252484796,826.2185607453935,1144.3276249092498,2109.5632238707603,5866.954950273491,5300.934770399104,1905.5458844894492,1112.289524495631,256.63261693972765,555.9098160456957,1098.3552004171656,506.4714510968628,878.6437291547471,1914.3823023571827,6125.3310713112805,6231.427209107317,2471.150912681546,1577.8865798981865,539.5549450549452,17077,793.8841963206651,31599.85102885081,13261.48608170788,47.992496490478516
1607.0517897415023,1756.3898093434232,2348.723917304728,837.6909972607269,1164.8587913042536,2088.0028815376877,5859.568122376193,5279.594043506344,1915.893049107786,1130.428066439909,312.1547981452356,569.6245426718558,1065.3234226963177,453.8404228027175,876.5246723719545,1940.4998254937952,6097.495737852052,6267.197578852733,2436.0410513620036,1566.4932360966247,551.2857142857143,17145,831.0673952810948,41415.417770590604,13600.099986916992,48.09277272224426
1842.3791821691073,1387.881305257054,1955.2053831734056,862.5177418135967,1513.1139811543267,1987.6073842058797,5448.1813457663375,5413.153689007986,1514.2686891708652,1290.55777466677,221.9195177532056,370.5661517205257,934.1158304059237,648.8445668935715,1249.8490153804853,1695.278135244003,5619.890970725377,6300.001305635818,1925.8753740744414,1938.2946903697816,565.8846153846154,17549,860.2491967238477,38403.92749469099,13532.926338199637,48.19306659698486
2273.924316669062,1112.5860098287485,1424.5688557191831,859.8640538470969,1744.6373408895015,2397.783382580416,5300.714329067838,5946.035533163988,1354.6242602274694,891.9608429651597,815.0083743368251,930.1404454004694,1040.5074896187607,54.45310213734625,769.5995954339801,2337.122275346866,6098.240824873225,6644.640662801953,2270.1145947188575,1331.986319875871,588.4615384615385,18058,896.5426888631771,36600.07572037962,14163.612688816123,48.29315114021301
2764.9198171523362,1215.9303315293175,1044.8061966242126,857.3363580797591,1723.1408019533687,2902.0881216474904,5712.221884761632,6113.180683788495,1868.104654911254,581.1371610000958,497.15988106031017,520.3104535441511,635.9639553111087,371.77040211861083,1167.8532336154992,2531.5758034148175,5985.879838877319,7034.122943202145,2353.400415560109,963.8390967538753,576.5769230769231,18635,885.5829783209256,35255.13922566042,13654.63819529266,48.39334464073181
1973.7993371459977,904.9848964631187,1426.8965218157837,1352.1023180672796,2316.1145051685035,2722.0809634774546,4999.707882378887,6763.862100659682,1759.5615722238974,303.2999543257139,316.6461174031847,153.43872145787418,555.567336693564,887.7987429044,1807.2165821522944,2595.079927429502,5342.227944377934,7948.759974011437,2380.129776804285,300.06050825841334,600.9230769230769,17774,819.4618493151752,36580.566311821836,13942.409785959528,48.493693828582764
1904.5449664202033,886.3291643423644,1449.511706393681,1421.3457812039853,2384.5569358692046,2773.328543244597,5001.802659456844,6819.385409969715,1826.4602509809579,275.19853403241063,299.7880126786014,296.84631304191123,697.7547807137104,884.8873364816155,1836.2597641259674,2513.5618060297293,5209.726192292909,8036.881109653221,2385.1379693516424,398.1481247170648,606.4615384615385,17732,867.7246685651456,40737.663522988034,14105.44812118536,48.593714237213135
2395.915074643673,1220.7711368015173,1590.8603844782672,1057.716839282875,2135.3236333525083,2300.0353298654604,4552.513615548973,6998.476037150503,1788.115564507659,752.9313612327575,508.2457186217804,351.7073754837617,545.31080127527,393.4045927655678,1339.1599737220133,1893.8683112058907,4734.543703245137,8079.350405194184,2118.243792876585,1311.1329081955398,595.448717948718,18235,854.3144380742201,36911.66782027049,13799.968112096434,48.693920612335205
2265.795682640879,1095.7629826217428,1485.8790677684456,1070.9461914121232,2089.5268469507014,2342.0720842465553,4656.214356985918,6864.397451809665,1651.683420373978,794.1184075981606,428.18657585702823,342.081813600629,638.0226756308006,508.7153982346511,1482.3484627950927,1972.3344674953426,4722.330834881076,8172.527541138459,2236.515563752504,1203.3694800535723,656.3333333333334,18066,905.1844544100837,36240.953359777326,13898.287804700361,48.79421520233154
1964.1177718992853,768.1023211563519,1169.1720849260748,976.6008232564304,1808.213561451763,2186.9376748118934,4614.851187506933,6797.376180190197,1594.9346628210674,1106.5259221931408,666.1462076925109,525.8832278152278,686.3688669508634,276.79819881040487,1373.326036717421,1741.1366570885236,4467.186748291279,8403.582734498897,2452.8224131720217,1205.8220419864863,628.9166666666666,17777,920.0344157790547,36663.85123823803,13658.310696965214,48.894434690475464
1277.123988743017,284.1591432940589,250.765849038294,773.9690089560373,860.2321851028554,1230.9132809303644,3711.026553959074,7685.138775075928,2572.9260418012877,1327.734940120641,890.0320705546418,745.2128019773143,810.3641168742897,233.9672960155982,1269.8422993874126,1388.7975858346285,3995.0646905349645,8921.4512038841,3019.58106502929,1190.786178268249,628.9166666666666,16754,908.185797426931,37496.3089542846,13975.917300699448,48.994672536849976
1197.175195921326,724.7123072705801,459.30928537150004,804.1832023494986,827.6418187110464,901.2816032730728,3367.8559682030586,7983.291040539012,2720.4901836919776,986.5546423297983,359.7587468795783,277.5924534283699,315.8165310624618,325.13697568466876,783.5617979828125,986.862152157751,3683.5581233778676,9214.88958488247,3367.406987908026,1394.5488517737256,666.25,16323,952.349275615003,38180.80814919524,14294.184354727233,49.094791889190674
1241.5221393775225,207.40662275874732,119.09920518011884,1107.1631666635622,472.48275000713954,930.4994591064119,3265.6088361905686,8274.698217626514,3216.4383931630814,1451.07900159909,163.23815916879863,402.0913887162499,319.8926450209824,896.4810412742705,220.27210026785352,500.724908131595,3136.5347435751787,9870.652119874734,4124.716800478928,1730.0194959920616,668.1969696969697,16898,987.9468847347257,37933.349834227745,14837.27787636056,49.194923400878906
1348.2521093044704,332.2453948255553,453.15891020208807,1462.933362516549,261.4047829984804,816.5929620556687,2948.2367142823,8627.299973941006,3466.7389417946115,1370.8542448584972,650.5320661010692,894.1333351813618,779.1415161838511,1107.774688683684,684.5985233727123,503.6241266443159,3268.9065534842102,9529.05932946467,3658.0891451750626,1630.4601303759414,668.1969696969697,17250,1002.9307788857532,38602.22539527196,14365.359903339595,49.295125007629395
1327.4311944189035,250.9476452849927,388.5461426205211,1387.8573203189296,332.7925896103812,890.8299860299658,3018.2345308776094,8613.193737402511,3511.1548022118436,1448.3615420047613,108.36103964704701,141.04886911187697,106.405653842675,783.7620389404564,267.77947575095055,820.3412091326094,3247.9984574692658,10038.237820624658,4544.023106691085,2133.3256847350667,693.2045454545455,17169,1036.276952834498,37935.79624653819,15125.589746739268,49.39544725418091
1389.247710597134,605.7979768470716,593.6817969813521,1555.865203977682,119.9295474958369,616.1167338749037,3102.9633709841387,8284.401849996077,3220.1312990084157,1571.820838644844,178.2222693040862,188.73521855077362,246.17825806372556,922.3843566590044,125.48386365944845,599.077340758278,3270.8182417371736,9747.36619837407,4222.189947592612,2238.138595381991,687.75,17504,1160.028706091095,37525.857114025064,14894.615955550087,49.495527267456055
1439.803253757507,821.2232519960019,716.9031714739996,1571.4476392216627,332.4899200358744,689.1039274604074,3317.776569143409,8131.643029068025,3308.851044382156,1778.8590893578796,689.83172067582,609.3299603319887,780.3058653539797,1433.249083595178,584.9322474900284,537.8940150620891,3658.928666688283,9093.582531975058,4152.47882700747,2949.831867757617,660.3636363636364,17766,1127.2394841875453,37069.99353982037,14323.817353171173,49.595743894577026
1575.6513586281505,446.83905873728014,994.0917466025766,2140.750695107796,643.897276180751,202.60678670182568,2874.6143088667504,7710.7710383096055,2508.6891043873034,2254.50359472341,706.6766274709522,605.279687917005,823.7249429040969,1569.279750189575,664.6974574941735,369.959700818633,3481.3402976238235,8843.886008146686,3705.5791275157435,3247.7318161096173,648.6666666666666,16856,1033.3099737525417,37170.15577007505,14602.325218661397,49.69616723060608
1686.0476696788382,582.3761507028984,1172.2108176679956,2327.478351197259,821.0881285062801,323.06968950019035,2985.738476836396,7518.137890751753,2550.4964198855005,2421.011540576807,279.73934133869363,359.3592684856778,672.2981802244929,1586.5172234650943,951.389397300206,681.3166228638574,3032.7735427193825,8567.482957816452,3145.046748899346,3823.4792221813645,639.25,16670,1037.6195158603555,37941.299111916014,14421.60318559315,49.79635810852051
1284.239697028099,197.01236124176987,564.5166000221091,1814.7013792533992,797.3554200094657,726.3122473649992,2369.9738190115,7687.992353505184,1922.9584474743042,2846.9433518670858,426.9090008709167,520.1209641427738,772.7967403907423,1651.9935331803647,1099.0410846223526,859.8991925504288,2946.011524429654,8498.304926960936,2997.0899523393477,4016.9318717093506,693.0378787878789,17333,1048.8269860622113,38022.02991276762,14339.2862950387,49.896397829055786
1022.8023041913699,1024.0249571573136,789.541345787266,1905.3006306829318,1754.2802814239003,1654.0395033867555,2462.892776022717,6861.862084680162,2298.997742066166,3532.5876122479713,795.2554479869103,899.2004868367226,1144.9691372846737,2020.148704349964,1478.9507780890697,1174.3544768756385,3301.118879052115,8097.307959303149,3398.6357760549095,4052.350258029321,695.1818181818182,18265,1162.3629371771794,38348.245826666884,14343.050326125067,49.99652147293091
1339.826045744264,1799.5732641946795,1615.4442895828827,2628.2872479452835,2487.81849517088,2143.9593868357156,3273.707697417928,6187.011721697737,3079.294106924634,3136.0788691080115,126.05164744779212,511.7956307982254,747.5086156059541,1657.4819312601044,1764.629133696945,1756.720458437075,3347.5463427180803,7466.959825068318,3831.1805383458163,4369.831617154156,719.0606060606061,19165,1032.2995570249411,37576.07738845288,13863.141256703973,50.09692406654358
1384.1866048443928,1868.5559600691363,1692.1695674931743,2710.094226235542,2524.9449409401295,2139.213783974089,3332.494755368287,6210.370054861388,3078.250305830693,3038.6662212528095,429.90880411770445,754.975236268565,940.7267217095424,1798.468343007784,2159.8116427791265,2134.8962503989947,3708.912244482758,7180.946710059397,4156.405742762892,4083.9282429876944,695.1818181818182,19197,1114.4560503230355,40252.706041738435,14428.36357157951,50.197190284729004
1268.5354396864427,1648.8947712038955,1463.8030019761798,2460.0588627733764,2676.6987862473106,2471.5806446051447,3499.3926485152792,5823.109856957101,3466.246300448597,2929.7671190222973,456.4430056167355,247.15962973733252,192.3812150894952,920.0230854407274,1727.0184054429997,2365.791664896446,3417.7967714716724,6450.073209080683,4939.860862001515,4477.981343486209,691.0545454545455,18829,1056.0519246844037,38123.70237163001,13728.844294414284,50.29739761352539
1545.2026307717917,2015.3523911351358,1749.5486773114044,2623.693747117237,1859.1867158707269,1749.480684197766,2628.5676404008923,6136.488396411277,3371.9802732773237,3786.592477779491,431.9902510775177,295.8679193010854,305.238059527504,997.3875141054125,1549.0587640227654,2185.871181660131,3167.9869875882496,6608.487266238004,4844.558501577796,4826.275036097463,682.6818181818182,19716,1069.3728315985443,38152.29663441675,13570.81201900018,50.397441387176514
1505.6663521806163,1981.1848430142918,1729.543927093234,2632.3892425364,1948.9606400298796,1770.2544967622634,2693.8987379441805,6176.626631778362,3288.142179017707,3752.1337057949927,133.80498482689174,508.0884846304412,697.015029669092,1537.8784023078606,1572.376543960338,1704.8873922084153,2926.471765883388,7254.830622769377,4208.022595171406,5253.025271508592,685.6090909090909,19598,1062.6293826711271,37653.60876058744,13995.004856997497,50.49750208854675
1626.053560398646,2006.7939584696437,1630.3476085912516,2369.6436976761142,1819.7123491006741,2059.7761523100453,2909.0149930160887,5868.03671638326,3434.915930459274,3408.5883936250702,308.85140373576166,684.6655674080807,812.4738017004686,1487.2129958349199,1336.660440358839,1871.9116212722904,3028.4563829910367,6844.973835745744,4514.959122039268,4770.380325453861,681.9090909090909,19972,1080.5092682874938,37385.96085864637,13792.534121854264,50.5980498790741
1749.4060179780658,1970.8061158870066,1431.5488725011808,2033.368399966667,2026.3106342882593,2357.3930638372553,3224.9478865370234,5992.215939054001,3126.1636909998815,3556.1720812169797,495.86365696909576,845.455797059064,851.6731243184086,1225.5391415428394,1456.4900483305385,2323.8117995183907,3546.544007711794,6914.112688522971,4032.5624755040817,4944.083774315766,658.9,20304,981.7906194467497,39715.03191603416,13608.85241411869,50.69843053817749
1758.2457120338902,1968.1203717946623,1417.3131345547315,2010.7437565655532,2046.045718764133,2375.3180060911704,3244.917190441016,6011.725226883438,3096.2763776758834,3582.1853529594273,765.4832653104005,555.0084886796933,1010.7051437540346,2130.5743586249614,1597.885700767363,1185.8963858159016,2459.4559459070674,6497.585934835767,5051.466910953437,4133.496870345639,647.8,20304,940.7998189860898,38457.7343893408,12862.669514903222,50.79860067367554
2163.825159555672,1597.355380505345,438.7015336523042,1876.0136940932157,2879.8389477215374,1857.2559701699652,2506.4889712675636,6351.781790584311,3836.2167382647385,3295.6097955929245,605.058432072775,399.7660931636432,857.7702763515451,1977.3907492924147,1649.3420578841472,1232.8828728564781,2471.0403689328673,6619.375904497458,5030.72303986497,4177.172153703343,715.7888888888889,21327,970.1369168287447,38319.064253988996,12723.175134348316,50.89890766143799
2686.634613005438,1488.997816741552,435.510381203758,2542.5859127052886,3271.099295947452,1075.0576613676703,1658.7898900358723,5771.112722309113,4534.529487417006,2428.521159424575,748.3825675353208,554.3116514001955,1006.9027351028444,2077.649212615306,1511.081940049409,1324.653532857038,2593.4322039972394,6616.583259498944,4908.192747073628,4292.851657565507,702.2222222222223,22192,1012.8664375487799,38454.39874918928,12684.220224435823,50.99901556968689
3318.9045077798564,1627.2397613537244,1348.3285645858084,3478.464323191371,3193.442574492774,393.349826272826,1788.7171997857085,4927.4190613603605,4178.955295997287,2751.1044395048284,364.3844215946203,179.2057483372881,612.7168978297402,2048.2105323930173,2081.9238374270917,734.0918479286332,2120.36692931206,6136.641786111328,5218.053215196874,4022.7451655849995,720.7333333333333,23116,1001.9688086785976,37763.673172016606,12144.310510743593,51.0991632938385
3559.4485467977206,1716.5106022635543,1659.1877350788402,3769.939687902457,2984.7016038566994,682.0837487949599,2142.1328598654404,4971.128921698876,3822.3406998336677,3084.5142322052743,636.4861134075987,633.0416940398296,841.4628253454456,2408.541495760833,2337.909545004369,633.0947728531737,2285.687416586323,5780.149224409039,4894.851941686769,4453.828966508328,623.3888888888889,23500,931.9105013183803,37509.14583901732,11503.305165888949,51.19972085952759
3301.830358354661,1768.765585042772,1427.3361955493606,3636.9994844114312,3462.642039894354,355.4974606655037,1932.075983303059,4492.138236879688,3892.472104871396,3301.4996313938923,571.9671519531971,607.3993873260862,724.4310028849404,2305.79119297146,2636.530964857189,380.3370245434461,2075.869687922734,5310.273380509591,5005.593840484931,4681.799132427427,632.4,22991,905.8867046714684,37735.84601736041,11729.928773392303,51.30012655258179
3194.4620574077167,2002.64630986685,1524.7608233030421,3812.9015864737476,3781.7548922757037,667.6795590965955,2224.121961706252,4347.250569013659,3521.9184533859016,3642.8894329804216,391.4575925615232,562.787359670141,624.3529926147087,2282.9871228411002,2986.9748874877973,620.1309058135723,2313.9635806179444,5004.032492424679,4539.374872581489,5259.066981876397,616.9,22607,920.9701293377072,37457.178886578484,11822.238098371588,51.400362730026245
3209.167956157443,1877.7173985692832,1419.7100207470332,3680.4073647964965,3745.988426244802,535.2171471559031,2082.3490948991875,4235.2649455918245,3616.9129886435535,3706.183277575648,553.9701364851874,609.4235778319405,690.7579586855018,2281.6641690119604,2817.9220958399983,441.69687480868333,2133.548734564032,4981.4225303052135,4747.912199420901,5229.870167559562,682.9666666666667,22774,941.2228997137667,36599.15731221241,11658.325791752904,51.5003924369812
3206.4003223615305,1612.3512617810588,1159.8832030219955,3413.054002175461,3920.1708355767682,613.6580375376542,2114.567086370814,4022.451955218031,3399.5099917743255,3924.822828092682,107.89232211564962,597.2138197180831,620.5985105367674,2330.869995166217,3211.284559271341,855.2297956344498,2533.093623541344,5106.838863914045,4408.6295274731,5170.203959660949,673.0,23013,961.6796503922847,36971.87016723901,11745.485564034432,51.600768089294434
3206.4240056716526,880.324631666564,433.6930625045144,2964.136839026268,4646.902360628083,1339.1619869815904,2808.1004009630087,4288.990335458881,2838.834810873219,3646.494260633731,452.78148621809925,289.14405111714007,228.88551761857408,1880.8801986078552,3542.0652011127827,1197.134547850226,2920.4297585786694,5064.980132762059,3737.627844825612,5134.985212037456,673.0,23780,903.3312178452495,37660.07098590064,11435.21172622433,51.70117139816284
3203.5286745868966,708.9554262655469,312.76268970073886,2982.9350851084537,4791.987822709786,1466.5500821282396,2937.129122644908,4476.736148661726,2957.8698904998,3462.8401765011076,504.29112449166513,220.92073373120084,144.48089325194985,1842.1098609765847,3669.0265151198323,1333.1184984799727,3070.852368024418,5263.8473175427835,3841.6874618334637,4895.742932844467,658.7083333333334,23951,949.9533541030188,40558.230070161175,11503.458974009283,51.80127739906311
3201.244369564737,702.2757752932242,314.953174593432,2992.2387793976213,4789.15271267246,1460.3418873757284,2928.842708884206,4471.112215095315,2959.151353319263,3472.93241078676,548.0031082091007,1209.1886298016002,1170.7626885175875,2505.5898873314486,2690.127607246753,763.8285942346945,2522.152965843584,4362.211181702701,2893.267452890214,5425.661932527289,629.25,23951,890.3080504534339,37343.13133763338,10561.562707953672,51.901522159576416
3061.7268135112135,908.4384348676637,1178.7831770583275,3981.773212677851,4247.910835244827,746.2502491599145,1944.9405784773558,3613.3044947603116,2765.1358853411325,4432.230365648384,475.7784051637501,1137.195595083957,1103.2116345404352,2475.274281255995,2734.956730394543,730.2286106192845,2499.926138884439,4373.4485661793,2951.807343898218,5455.868155599661,629.25,24974,835.4198526334499,36769.755057857525,10536.695902046144,52.00177311897278
3083.1333157320755,1840.5575807046666,2139.075574417411,4860.52659547874,3329.7186219378787,298.12968833519716,1517.7868768075289,2906.3627886237305,1802.1853898849477,4257.701172085944,143.5935011762786,864.6800257645187,970.3483278298136,2643.067236366037,2620.385524700678,402.77541403047843,2173.1626898143923,4030.516856881766,2696.4439173092373,5628.203058798255,629.25,25929,795.7230316587702,36176.54639120027,10194.533019551956,52.101905822753906
3109.3255577298305,2162.6237748059184,2415.0833189498644,5039.68318286384,3031.064494763109,453.82082632113514,1777.537126388425,3074.5156455804577,1703.8175794873987,3938.7264060966013,763.1032624924776,790.5810979179954,1332.1510996248774,3379.90890654079,2126.506758630905,676.8543122691708,1879.2192576794564,3540.4696865246738,1980.1728506805375,5368.613509862063,629.25,26272,771.7286498372678,37649.87757140309,9793.442639224737,52.202157974243164
3235.596214240139,1452.9088385339844,2088.0513664823834,5129.430817781893,3397.982720879732,972.0903642830995,1173.0614277253858,2323.990548321486,977.9967619375432,3973.74801273184,1310.1004290791727,1188.0295607859011,1797.5035093043268,3911.327290033847,1799.45211236052,1214.9283921271208,2046.3704927457914,3472.7140657426244,1581.869859643962,4981.545136763013,629.25,25451,767.8388999040133,40203.75700763604,10469.554889588439,52.30253720283508
3773.987132962706,1182.193512694671,2511.76957986687,5901.53799467651,3347.8257250271236,1929.148878301949,1849.6366523528577,2631.6633554266346,773.3331414204926,2982.1012079208303,584.7227947333033,359.90836152812386,1165.9977589417033,3644.0672638448877,2572.2578259394504,1758.333430139875,1932.3605305431988,3089.3369002601667,1000.2960220442292,4211.631466247992,591.375,24437,703.4265609376002,33921.80735450847,9633.476208613549,52.402546405792236
3335.409080155613,1075.5905179509975,1976.0328631148952,5276.687684804703,3775.162057694862,1778.7404793213236,1332.9544358513729,2020.8499093597052,245.61478214728078,3172.2150889751633,410.8460605366704,204.77761098340542,879.3571033944243,3461.677129127036,3121.1372788257327,2123.3309050688613,1916.0506958114713,2813.095292768769,854.722883112606,3990.9814357604737,628.125,25072,713.6809668761014,34226.22676562435,10162.172124437864,52.50273537635803
2688.9721643169155,1272.1265142082334,1060.761988935044,4551.2603741129005,4707.04075455637,2565.0508313437927,1810.968739449431,2177.9266337196027,1136.4697160818714,2338.930750903268,309.30371417385885,191.19034533085912,656.7505596609925,3209.8282650471306,3445.2177763132345,2369.2727985702245,2049.3368451057154,2825.624101185621,1291.5097027538877,3440.3720066610454,628.125,26001,716.2171466187206,34011.83973017827,10010.587766712648,52.603036642074585
2410.514500649309,1445.4847372198647,660.2477938222922,4479.404689460214,5006.168028405136,2942.3224079923016,2212.2712496705803,2591.9570704691,1332.865563864455,2132.091921897857,262.1800240874143,213.39639261752706,529.4766447743838,3060.4844824999036,3562.8865638072625,2448.310776265005,2108.50214128925,2867.510109795648,1436.1292141036527,3291.4213434770845,669.25,26416,733.7407253441113,33547.90181054995,9885.129731125606,52.70339584350586
2213.323940377629,1531.790983530037,512.1647287516189,4626.08942977409,5013.4745597195815,3000.9794741808932,2274.5637473902298,2658.6212998949645,1131.743885055789,2397.4671971773673,305.33708145564077,141.52001743399316,633.4564433376091,3126.5683870725247,3461.4840738097273,2335.459415478414,1991.4502778465092,2746.078080254567,1445.4561931831638,3244.6523120867264,669.25,26682,702.2898220682976,33807.63303670287,9852.788442893232,52.80362844467163
1977.6426526448065,1597.0993994981666,618.6394682442594,4913.246112779058,4826.10342851403,2834.5080140519817,2081.8962971085025,2432.733882591468,866.5926855334408,2535.8207916413585,734.8816175723632,398.8101143972959,1099.5690946642994,3196.7545806770527,3333.5160511055146,2241.9729132922257,2029.058758749384,2886.4824302184857,2003.173966308787,2758.573224568719,631.2142857142858,26643,647.8864207429988,34582.364996760116,9405.459842162792,52.90398621559143
1480.8043040085122,1714.5310962692802,1235.798531084505,5543.794154133052,4178.51333177548,2182.6040561667346,1446.2523165604423,1895.2743370108649,1325.5724634378666,1962.824698165477,266.0886421578501,195.1011789226056,685.4023733188224,3247.3837401130204,3302.8931683730934,2143.423694749197,1796.5158454606283,2584.308421199213,1729.6494207274277,2864.4870810379753,631.2142857142858,27283,648.5360051255564,33487.92932443335,9389.697456568585,53.004117488861084
1628.775750264581,1715.026648573128,1057.1194349757232,5429.38671309546,4327.3971462350155,2305.8180625185882,1487.7558094402311,1826.7920847448493,1209.486300589181,2066.5663336274597,1075.6712144583944,1452.1385070916472,1240.6030753242278,4231.438587819009,2588.3559337493807,1250.6584471021233,684.2765507591446,1728.3117073877613,2492.8200063601025,2006.663626944976,618.7142857142858,27114,669.8475107931168,34328.532976315044,9155.206278283871,53.10429644584656
2579.0112704817834,2280.6439725852197,758.3576424528205,5481.541200542283,4616.820090476064,2365.2784502910436,1061.8085223897672,820.6021163831083,2038.7828719212284,1428.1618388434022,1174.2308902985042,1552.5844166347047,1337.2722055132326,4330.513684626624,2510.4412429798545,1158.9160082189228,608.2309243037571,1727.748768443513,2588.000412569964,1922.6225112560148,618.7142857142858,26091,613.6810863433639,36719.482355119595,9132.062284840511,53.20463418960571
3397.2174698105327,3036.9314416722905,1460.8789137382316,6077.548266697919,4386.441881124012,1982.6896895181635,494.37046977883585,888.9092140524862,2617.8859923675154,737.2164410020396,540.7369582475898,936.7463414513088,676.0318015277467,3719.3852312148074,3440.0402512625014,1871.606537681594,589.264126395853,1015.7781345098957,3498.8969610251143,943.3439483084915,632.1428571428571,25622,546.372160536704,23288.469527879206,8316.434708060167,53.30463743209839
2893.0793605490485,2532.2311435987517,959.0454372091814,5574.85163021696,4812.371295692664,2465.485148369772,992.0196361396427,420.20266648478565,2895.8884651696394,496.4318577202351,563.8320529185524,868.2399066242868,605.7514685777724,3517.9040977403347,3727.4964308900285,2192.300249600126,946.529796196314,756.0147146035997,3815.6409995808767,579.7249068392674,632.1428571428571,26136,539.3851359742926,23400.565389854637,8658.865056719085,53.40470266342163
2225.1610364046555,1876.8854595953335,568.3095578088013,4998.221745229662,5482.439481730402,3024.2109270671876,1476.0381860840132,909.0899507985646,3505.0833883995933,222.1652571602394,680.7385180323402,919.9710287651336,733.9785819489565,3476.918113686369,3940.100870642327,2358.113887103596,1130.6858550799939,1099.2148974788859,4130.300112219884,451.0072248602019,693.6428571428571,26824,542.5003386826963,23559.87737413548,8956.259095597587,53.504918813705444
1955.2058131183644,1652.1547973759768,722.2553148108716,4906.10069278168,5652.11522686347,3067.663839195018,1474.4857059261078,1148.1583668789501,3442.3582442234133,439.7229208943653,958.0620236720027,1211.420956162091,981.2837177472148,3781.120331745897,3595.4345808549824,2079.718171001145,937.254333763808,691.1480621699361,4049.010911471708,225.14177282231248,669.5,27133,548.338727609732,23920.24578659162,8617.753707649823,53.605021476745605
1588.1688838222638,1504.8778996574692,1220.812674801878,5115.90639507478,5574.916784705886,2729.1396327729244,1062.3933441489576,1111.3855350368938,2924.300513770362,480.98973101955943,446.7050710216263,689.0732737452605,606.5351197862681,3321.872321456307,4075.2999397338776,2387.371718281286,1076.8045634157495,1114.2033575883777,3951.0000253335584,463.629964446051,669.5,27638,553.1616686402319,23463.37732100908,8538.598726084972,53.70529532432556
1481.1493080497303,1567.3478400208758,1459.07963577633,5332.611753418098,5390.001004448236,2483.84823138405,829.253555253958,904.0571031783958,2902.7219851781397,332.9240411897516,239.27656385266482,496.69067848876995,678.1516687354494,3296.8127910464495,4123.031956976337,2258.560637089347,872.3275169850132,1062.8408891829536,3775.9039306302902,468.0735872047354,627.0,27903,550.3579668870168,23205.601750698188,8365.178095348772,53.805580615997314
1491.9068740628115,1545.0474189888623,1424.9416883272527,5291.036071280097,5431.951480002468,2515.693310067617,844.5417938411495,946.6773468012993,2861.4736538900343,382.56535161356675,197.6066333941066,352.7154408757211,1037.981525178337,3485.9568103233846,3987.4945305717415,1867.0413995972572,521.6220739207383,723.7288948937961,3943.630119986932,225.0368040331402,576.2857142857143,27842,514.9489999020698,22750.45405248994,8041.991880182578,53.905887603759766
1899.2907648403814,922.0587856227954,1411.137952699816,4623.1418948083265,6166.043286373765,2401.9871270708627,586.7415627847488,1168.2937928832516,2720.270704660037,962.8720299510388,741.4209660048039,708.7189043386609,1558.7584151718331,3793.857938488103,3873.041268618033,1311.9384790729853,365.4709129516778,417.5759012693598,4301.586021045345,641.9314434664321,576.2857142857143,26819,509.5970694322531,22234.99211995017,8513.582578912716,54.00619864463806
2354.424926078659,841.1860918528773,2015.1755097193973,4684.552943160978,6265.844109157641,1941.956711847403,729.3628645903864,1029.8731904606352,3445.3721107718975,1019.393213280893,405.7964367060988,348.11882570114693,1239.1800199878496,3441.4660701138428,4206.229357549018,1537.5491718701387,197.51283612418098,737.8182306579757,4157.6339188778375,905.4283885963529,621.6607142857143,26044,543.1928419037267,22578.01669384356,8763.272564112156,54.10650897026062
2244.986748031268,859.857471963834,1823.1179444874047,4550.558971687868,6373.974190561296,2131.877878942322,814.0500833114202,1200.8575206832347,3396.6553463031614,1188.4168355554589,699.2475584674629,626.5915788826202,997.2486558587491,2660.578733478136,5080.261646314519,1822.8847246915159,1057.5698144493817,1366.0488693065388,4737.257159977606,1559.2603567842561,669.8571428571429,26270,579.776324578763,26188.14956778955,9747.166573591563,54.20666313171387
2121.0382398441425,1105.020549136596,1485.9757343585866,4171.958954762269,6754.4304843066475,2398.2467054504027,1197.6470389685378,1477.4069886727607,3760.0775845675853,1370.541997419943,467.3936337619587,435.1503357949276,796.8830670134066,2599.1153219939984,5138.2523718431075,2050.372449007825,1176.0288642508483,1605.9275696726727,4834.368367204545,1804.5664642177037,678.5714285714286,26638,649.9691777130304,29190.52275954298,9652.594336262624,54.306739807128906
2195.8347319249665,745.1203147497795,1734.8923752276692,4551.065880789913,6425.9652304116125,2484.905179761019,1111.5405122588709,1673.6163171453716,3590.0929120558344,1728.5853373202983,665.868366995708,481.09753479155063,1104.9618432691186,3035.654887618256,4636.182369592764,2033.6163928096003,894.1954551731623,1883.639171400506,4357.713093229896,2562.5256665939373,669.047619047619,26223,595.0133238501987,23809.153717297882,9512.491942477272,54.407020568847656
2190.119573008893,807.4818643232361,1721.6060273851272,4521.629849632323,6427.9052561395565,2421.6092739626,1051.2560529299685,1614.8212656842325,3528.9480178502213,1712.9567928372844,148.89538712328337,294.0988223306537,609.0045231979815,2604.474147765526,5107.492526842153,2182.7634072180076,1111.0579315594005,1745.8350120676332,4554.959892068493,2240.3234011782774,669.047619047619,26287,625.8871307637878,22887.82224566263,9513.827833694939,54.50728893280029
2235.9136794323463,1135.545453576161,1824.5750270053395,4563.467018089108,6232.961222766107,2154.7207178931576,790.9595630167533,1638.2179035267839,3320.29223462237,2015.4366069959854,300.6866156074799,367.37143041915823,810.3903860642962,2773.7949282477157,4798.451984411155,1908.2812912069255,775.1501799716392,1890.2207985464372,4260.096675540009,2872.2910413412565,680.1428571428571,26618,608.0546147038717,23966.361756470193,9692.903445116872,54.60761380195618
2189.5241753125288,1000.7214629862433,1719.7716526152908,4466.2433220492085,6372.677965525284,2160.2618170359515,767.6672126117387,1496.8771326746785,3229.01035432536,1951.1606397632977,139.86458200804867,588.5717099717814,702.7569815262135,2611.3652155735963,4804.404435641632,1640.0554262380385,569.7712144424573,1958.62011380762,4171.860258660209,3088.61304264905,639.8571428571429,26480,607.8811403095852,25815.20938143105,9474.226316769622,54.70783996582031
1951.5677539953383,669.5415785195074,783.5100149686757,3464.1489106580925,7215.3133370090945,1464.4503770413312,373.48885480161334,1409.0077353614245,2474.393000000215,2946.7083051652758,718.7970326945134,1210.7861434700603,950.8247724077377,2466.7621635835394,4735.293218106576,1139.8905878383455,670.6708204004937,2436.6336953227924,4237.992327079291,3704.8442474774406,639.8571428571429,25457,634.9765120759805,24737.648516440422,10039.029154126889,54.807963371276855
2064.4902614466346,1511.8823397166404,254.79034974862867,2578.472891029328,7521.813791513336,489.03065191703257,997.7452427774077,2405.9491867880142,3193.734688484129,3308.6668728096497,697.1977609606954,1188.6931862915524,929.3382265869941,2454.488578372334,4754.56000124593,1132.1987940574477,640.479675746992,2408.8003009187546,4198.615412206927,3727.1648928272552,674.6785714285714,24457,680.1770408041991,25921.498129846037,10110.44570516282,54.908262491226196
2091.750430039236,1632.8627831382578,339.35942141567523,2538.683325831822,7471.759850812455,392.6606825099649,1012.9174278036988,2447.0157968147314,3280.6643981603634,3197.2517932509218,305.7578992159187,508.60596743540447,141.44699361420734,1591.8643342078365,5702.626276438404,377.95732064871044,1036.9819382854037,2854.4166665812654,4238.518540323616,4527.668561189433,771.8571428571429,24335,715.9609127964479,27058.92902170669,10865.878806377397,55.00863766670227
2084.1239087191057,1541.3558230468414,309.8280483134121,2512.284807591821,7559.898353268224,395.3362481554777,1087.9753039243583,2519.2894910093055,3333.1353287157817,3247.313900775306,424.239174002544,531.9872620939909,241.74184059023693,1472.4602130244057,5785.6124550581935,268.919208771819,1148.098492127173,2968.173050561355,4354.196288660029,4498.049911436103,770.2619047619048,24434,809.9154828361545,28893.843737711624,10951.784764558764,55.10906672477722
2084.4833119453347,1537.2584296035932,310.9576907978284,2508.69493212741,7564.931750763713,392.03485536326093,1093.5221532753535,2525.0886130057565,3339.7890709156204,3241.7053294512516,733.6207706817805,820.2527307314608,538.3965293003698,1456.920404176887,5503.992642502923,454.0921507166708,820.6383564532726,2590.2206083321107,3964.8652309909635,4698.534264152342,785.4285714285714,24430,797.5429765203613,29787.7759487854,10706.795945937798,55.20941686630249
2064.5874943431672,1591.174978548852,258.4745586872447,2594.6638336301844,7530.677384887778,478.43029225832805,1093.1082248640962,2544.4079652876,3361.543453707531,3295.899156039255,570.1342252480315,726.8854934228245,348.4306649884215,1688.4108368412249,5511.318421227794,615.3129232860315,950.721918476522,2846.1706282331706,4242.9276495151835,4907.955758899222,792.1666666666666,24357,807.0249369267774,29865.97674348045,10938.598290032296,55.309699296951294
2250.012607934251,1489.098764999928,649.0147837414071,2257.897686153681,7376.103339671416,459.97768908846984,728.0957222057468,2127.447450369371,2948.5890512011783,3651.6381716461406,662.3795345793004,809.0718102474699,451.2025044839724,1694.2818807167455,5401.06087145411,685.7138674155823,814.9764166307555,2710.5416605204814,4104.258455493374,5079.4983170552205,749.1428571428571,24751,801.3083105767528,29711.079753233298,11072.847477009416,55.40985107421875
2373.2745592050974,1539.3918802505639,824.2868373252873,2226.0017492674374,7207.236413294455,639.8712873639056,583.9906553761903,2091.6906178584377,2981.2429089802904,3719.036379654728,323.787799847562,410.5395676827288,425.9550314812377,1294.7008374755162,5519.817540692594,610.9807459617194,534.6627008314089,2382.901742169647,3815.8598083228303,5339.105632795725,705.2678571428571,24957,755.121853754601,28656.23399194349,10742.162274919163,55.51024055480957
2185.5189286125396,1407.275932377895,658.8099645753604,2124.4468551762416,7429.140165989929,511.4682287580556,573.2339522909349,1881.4724338474946,2739.1547292873984,3941.331265183278,512.002427325015,390.9502066265861,924.033571532826,901.7069289156176,5280.801864515407,1099.3621545765336,196.1986383714429,2300.3810213323836,3973.605586061018,5443.870754158301,705.2678571428571,24700,810.7275990052294,27953.808190840507,10476.02117137734,55.61046504974365
1489.5628345060975,978.3500907012748,1020.6994020233985,1461.0694425730896,7870.3799013995185,1246.5994731682677,613.1761644494961,1251.0948261510866,2683.179200645115,4479.964054654042,868.7468600946711,731.901931492942,1302.138010965236,870.7390788750736,5015.109522532457,1438.9939964563805,475.4358238106559,2489.694943037349,4243.96525320811,5316.809200997476,686.0,23797,736.5479804429742,27602.077060578573,10620.986145213265,55.71074867248535
1002.1537431006722,1076.273428134739,2008.7675292558854,603.5055694351694,7692.01547095971,2150.751714699651,1060.362188923421,2069.7613021625107,3683.3632036786325,3760.688576388534,859.2995773546296,722.2904191338632,1290.0918856106955,872.4502332722104,5023.802370561595,1421.3634148743351,457.96545054946006,2476.8328274827577,4222.150576259525,5330.370643265787,708.8571428571429,22781,783.772086577984,27653.401797393002,10605.647801385443,55.81078028678894
1000.6745656177894,1080.0055661618974,2017.061262384651,596.9223240136662,7688.965991560267,2157.1400312803808,1065.4213624236158,2077.0997491882604,3691.4783954608165,3755.7435670797236,159.6505320173862,340.6554250319752,943.3154381072571,368.7756494104401,5885.654254901916,1961.3836468769596,1115.5443960922885,2444.5251794312426,4797.2552811704845,5308.65553628721,708.8571428571429,22781,825.3965209688878,28849.15863753914,11656.983589336476,55.91093564033508
939.0759205461684,1223.9010383025134,2465.5473557193923,217.75034434804712,7086.319438033106,1867.4993545858715,541.0304902052735,1881.9546326114057,3122.554607334633,4173.902793299814,450.1473399579156,264.54764233313074,784.9433424673495,714.5077924428185,5738.977830503917,1370.876535286851,728.6241511374205,1855.029838869299,4267.796704334008,5914.980872168965,728.125,22189,891.0725901538522,28029.634448892724,12367.655820859767,56.011332511901855
1146.8918845704243,1453.2462113840186,2776.0860667728184,787.6172320347442,6741.335040928653,1284.0366489969877,222.92720451676075,1281.105341999744,2877.7345819510438,4575.404820524819,227.43621970352024,200.8457651567364,975.1723400038288,572.3642006940499,5514.90056312129,1255.8675471399035,527.9954283940372,1699.0338072420072,4082.9645935068006,6109.453493973904,728.125,21552,867.0252754993209,27859.485370056907,12053.100733928935,56.1115345954895
1307.596864311398,1568.8263289430388,2854.0524241212543,1067.0347490368467,6782.931361941342,1032.3240296468819,517.2213535676,1137.9808125210416,3111.82192335463,4432.221656848375,474.200869999105,771.5613939922646,1621.6590556800243,864.4695496202412,4960.117651690184,678.935695094591,742.4686526543064,1072.4236694807612,4116.609079404163,6312.091992951924,703.0138888888889,21291,811.9451943953809,28424.558556586933,11692.937537068205,56.21180701255798
1331.2921143256428,1571.9084422088154,2835.7114993972596,1089.1843814109359,6836.88350791081,1056.8277898223023,522.9919883451206,1201.2232508211039,3121.848949553013,4406.58806302223,306.53919573353045,596.8355788717059,1420.8701866539022,772.8100959445649,5217.462642193289,874.9552847927969,651.5887819519706,1422.0253359284545,4159.906695823165,6127.48431311962,636.3194444444445,21204,834.0166836935922,28388.44248853338,11982.5062197999,56.31201505661011
1348.1155330034246,1571.1300395630665,2817.263703266374,1098.8484074188118,6875.644068165766,1083.4941016425066,518.1660937002764,1238.6829007038225,3115.483394796207,4405.402777737365,443.24072161492705,206.8768389371555,1027.7332044657212,167.7875257284705,4913.80198378421,1173.0264104454332,589.223763890541,856.4526742072891,4019.753980650059,6329.217012811554,636.3194444444445,21195,816.8972251621135,27742.446806988697,11470.273936428172,56.41220426559448
1620.397024943094,1433.28945983205,2274.3936790470307,926.6698373351677,7217.287111364206,1664.453487230341,110.42855208466244,1163.2326840323458,2619.606764563012,4908.1588070522175,820.566058936089,587.9661410173686,1196.221035218103,497.8872832981028,4531.564708926526,1088.7197178302908,984.2311665561456,646.1489349009088,4420.0636783920745,5937.146975230756,613.875,20560,807.4194971357299,27336.660837555253,11030.93475432555,56.51244640350342
1951.121598572449,1361.4745216019205,1706.2170933965494,770.6366281489691,7141.903250728535,1922.72517284795,637.6084897055933,700.5321719003897,2970.285676112541,4602.620080825241,358.1891432787641,124.55168895831501,1002.4989879004396,138.6584170871842,4987.614391774899,1208.7336970787683,533.1446191358842,886.0611591098891,3970.7148508443197,6375.542172478877,636.8888888888889,19980,793.4317952586032,27743.34953441695,11469.21253366039,56.61270046234131
2227.883080566323,1337.0469315672633,1290.6918606386946,667.1738575105893,6817.314756104127,1844.8723626366004,902.6520183839831,326.26129749660055,3367.3216435150166,4198.577963691824,250.92051770334152,30.84584922202705,902.7534792698671,103.74091345829336,5094.134969331753,1355.1793154743225,568.8804801944423,781.5845205615456,4003.871230650467,6324.713471998552,636.8888888888889,19550,869.1789520261669,27849.10767316931,11624.515802604757,56.71282744407654
2227.883080566323,1337.0469315672633,1290.6918606386946,667.1738575105893,6817.314756104127,1844.8723626366004,902.6520183839831,326.26129749660055,3367.3216435150166,4198.577963691824,250.92051770334152,30.84584922202705,902.7534792698671,103.74091345829336,5094.134969331753,1355.1793154743225,568.8804801944423,781.5845205615456,4003.871230650467,6324.713471998552,636.8888888888889,19550,869.1789520261669,27849.10767316931,11624.515802604757,56.81292390823364
2522.425338457714,1315.6915374425616,1066.6970423777586,564.5225780532794,6343.753494465519,1447.4504808606016,876.4861967001165,723.0010871674879,3210.880014025935,4488.952920826192,268.66369722048796,6.866897597928982,913.6211575811318,79.14849207032869,5046.052708512832,1287.1106928934191,531.2269680646726,862.4893682240919,3930.81528619822,6426.405190757866,607.8888888888889,19062,869.7286903931633,27856.25842397403,11736.950130029716,56.91327452659607
2814.998797806837,1324.2919484029,1225.310987147175,574.3716193685678,6029.270848254333,994.2952336940347,624.8700431938516,1099.6739739907093,2744.172954024604,4884.671292960312,303.53671454197143,204.97656441546226,736.1416557968793,148.78929965826416,4815.773163540172,1065.9089206745957,538.4653287811037,1103.803951284116,3711.918476125692,6703.062745485544,607.8888888888889,18603,849.7045656022137,28107.43938545631,11484.708926341675,57.01361799240112
2897.095233868878,1312.605917837621,1353.9390407066078,560.8865785383591,6050.341708013631,969.3269613205507,476.8003642664717,1069.970844103464,2741.220760802867,4793.82318666578,803.8806951213273,787.0695676772744,646.4719917084961,720.1221162566533,4305.558860687069,538.3665788930575,515.8178726798925,1565.2364865354618,3268.897702609375,6877.4232716558445,583.5,18447,809.0532576600335,28695.17703875179,10930.246445840461,57.1139121055603
2740.2411968465253,1494.5714091026034,946.3941515270932,852.9485189533748,5732.294578707812,727.0040623535269,799.5843995742347,1472.1373074803707,2340.019307509659,5148.493697700147,937.2016940846747,914.8791374393187,740.1485638533345,830.6705016419513,4258.7363052488445,522.9993190475938,475.51196664805656,1572.231839314432,3302.9750515980923,6787.590282868345,560.3333333333334,18856,799.9412815589469,28829.45418846199,10874.125837713516,57.214051961898804
2735.4523073988717,1523.132529659007,916.3367808727206,887.0609922572133,5698.9450958821335,693.0811668849461,792.4230812673927,1479.1884495248594,2338.5698851832963,5122.940948827364,276.34766747557956,425.0874704517151,351.47554477106576,617.6482325290747,4293.4162164645195,607.9561182960657,964.6537166777609,1891.4891254557238,2892.2791927324856,7288.917482364354,532.3333333333334,18894,801.438379790334,28122.89803513231,11190.046210801866,57.314449310302734
2735.9394450305103,1425.1944155912881,978.637353496884,812.7403972042304,5759.407538636043,766.0813805596484,888.725494806433,1560.8536939610585,2243.024238535971,5200.503650622306,99.98176152385773,617.0056601084399,253.93726119482767,996.3830630428247,3911.424515670096,326.546657192344,1026.6267421041932,1983.9662039981995,3037.3753552175785,6851.316470289127,551.7,18789,796.7820470887681,27761.205154258605,10851.102913248962,57.41465950012207
2720.7274329179595,986.4055128323773,1177.1697959771095,839.7056171149458,5752.823447402005,889.3772415463319,1273.9916441995563,1966.983083515999,1969.5375414488574,5024.546281983462,418.39531539818637,923.1258140902729,399.8967838264606,1295.4852796605535,3634.3180762539832,50.543154840991754,779.7704312002652,1659.7683901702658,3395.1556825520347,6843.96169728095,522.9222222222222,18354,788.7308645104563,27489.39305385697,10587.6402471273,57.51502180099487
2720.560981807617,999.5397435851262,1170.1768713362849,832.8665669514558,5756.050893515217,885.4706881841037,1260.424901218959,1952.2862306042507,1969.4321018236299,5050.270797736534,584.4603374464818,290.9492841308238,705.7349490378908,491.3273229633084,4469.672779038926,909.6841289489482,1457.423198050845,2419.1907811711376,2561.0818982580054,6993.373121297384,522.9222222222222,18354,783.705029150681,28538.09367446159,11373.25613736235,57.615076303482056
2763.74056703363,1118.1364675792981,1226.8280763159555,694.3373498988403,5894.529615534169,1023.8794289189794,1390.6176801944748,2090.1061533087086,1884.076287805936,4969.806858654684,819.8956976300677,340.3227942274379,924.843475553166,679.8054316542899,4375.366539079,896.3751413435956,1471.7413841000628,2331.988713067498,2848.087975848924,6884.535114025816,568.0,18514,826.2784567292055,28899.289081885505,11157.032435090317,57.71534514427185
2715.0432819784332,1051.3805434271158,1142.5679152462058,775.2428172037262,5828.503515863264,962.1325246830834,1318.4323351364203,2054.9740230322254,1804.303901551105,5059.761625263406,286.40378579584024,490.24313125956655,475.94883120205327,360.71251629178033,4626.418585212224,1047.397296581641,1547.7310040391744,2592.350449754253,2295.206211227777,6992.394039181072,607.4444444444443,18383,864.0580905699915,28197.67673159574,11722.271529603775,57.81575155258179
2502.173514269307,973.1091418750678,747.4023922215819,1011.3857530159057,5839.977419907678,1125.8616093252983,1460.5430459660054,2350.3848524237615,1427.1989455556004,4939.750922680261,203.58227319676425,630.1041825743677,437.20805897955177,360.76448414083035,4764.425218866138,1213.65053009614,1710.5448974599924,2799.541111676482,2163.3611008200073,6839.405842420392,607.4444444444443,17989,886.0016587862748,27643.646841160273,11903.351367347734,57.91613435745239
2566.27796464159,942.6688252676539,854.26472833931,1001.9375898864563,5759.064232937808,1019.5605756012156,1354.771058230784,2263.226601021153,1394.8293520285104,5037.932224969775,1026.2743277109805,433.54715949657304,690.8383895239981,1298.1972253805866,4237.95005611268,1372.552943570286,1891.5171889472153,3320.3269680868316,1534.7947610148135,6522.684724007284,577.0,18077,867.9487586515872,28722.08154301213,11639.290342455512,58.01649355888367
2579.7295074938247,933.0858830004626,869.5648038894415,1012.3091258265307,5742.109000589126,1010.3473901598611,1349.3496814013993,2268.264902321958,1382.7760694342103,5034.141954933884,329.5517278546017,428.26178772869144,529.0628463519073,543.5621970736314,4325.836442766096,759.7008863919043,1251.124780443095,2572.602062496365,1682.2435808004318,7196.54611718394,568.5333333333334,18112,864.8021754022609,28225.49861111618,12020.334757510242,58.11685347557068
2453.444311217294,1054.0014728038852,798.7624763221704,867.871151367078,5839.453415347821,969.8394930533964,1252.8155098294553,2118.2490830367815,1385.73432039736,5170.219610076999,863.9967349145192,1187.936714098825,1369.2554400550212,1098.793658989383,3543.6884968420186,587.2516749599599,1276.2371690631749,3171.597206880783,1086.5839228116834,6452.723744864449,540.0,17942,791.4634130325671,27722.0998340867,11053.683263883158,58.21723651885986
2326.5338306555013,1191.1837088331904,815.7428824381487,727.4220734336848,5840.652243333629,849.0779504930482,1109.5839805046794,2065.1643434147995,1255.7060834642757,5148.301561047938,333.85205461655545,407.26052429320936,496.3069013833845,530.0552615781487,4355.574419640603,769.6544229958624,1242.3065847451808,2545.7569785131654,1678.7369476225508,7218.117563833042,557.5666666666666,17816,825.6024104912057,28659.55672223397,11939.553142948636,58.317537784576416
2338.094174253799,1178.5234935875924,810.4236296047535,738.6580181896836,5845.116872575458,862.4498934708238,1121.7031745374127,2062.737701195287,1271.223154660094,5159.278950770056,737.3031039150025,719.574356304046,442.2663811086451,202.87826397295223,4699.92193601643,516.1527090852567,641.6686336733336,2507.3816986405186,1115.646176413894,6825.5836052553595,557.5666666666666,17816,855.208036576872,28854.694670564226,11632.316883806252,58.4176390171051
2746.3580689721684,802.6603546941819,460.2182700995124,861.3774382183154,6259.733007940671,1041.4083966516168,887.3680948025225,1758.4778470290148,973.6692394592776,5061.428708540992,827.6724510671967,855.1676883350065,592.4955731112341,198.32813014972865,4560.717815347711,304.74943850344135,769.6310590153324,2736.8094155981357,1293.6052083811267,6796.393633376473,589.6444444444445,18230,870.4529099301667,28284.781104767204,11499.719369633827,58.51765203475952
2920.6931631227126,700.250332461807,298.0628241048756,862.0072483420013,6377.671932520134,1000.0833914757161,716.938491011959,1850.857586639584,833.6487335944055,4902.123747281857,596.5337821103799,165.85444036348568,403.8127655886677,876.4452637273207,5204.532632622023,1210.0565954695603,666.0340201869911,2078.261293220469,755.0290332816718,6648.437332400087,592.4444444444445,18412,858.9337697240942,27753.25865436592,11481.33587438837,58.6179141998291
2524.5117552700067,877.910643350539,699.7907780242931,1120.7737616502793,6404.873845520583,1370.4445539357368,971.0988280191993,1481.501556560843,732.1362009057547,4811.272101539507,570.4084656196935,162.68802411689302,403.89321601944243,877.4748749036148,5191.550703110453,1251.8563388559132,724.2884909260351,2015.901221768202,720.078643848772,6608.013996359754,592.4444444444445,18004,849.9211547881628,28115.902484044767,11541.698300754913,58.71819090843201
2426.3134952893256,927.8343267443305,798.4412958309167,1221.647295572449,6469.2113181466,1472.328307989777,989.2978679679555,1451.0743594947091,642.7497711013743,4699.451095673178,520.5426250884458,828.7557866035672,828.8588582427581,1023.8755476934222,4810.361482256855,1827.4586910067396,1512.5620895124073,1352.4402175508271,811.9306970294002,6231.686832367468,555.4444444444445,17896,818.6909266178243,28784.84690543962,11119.534711194108,58.81838798522949
2518.336512213066,909.9303459757434,728.9963804379671,1126.8997971695503,6366.497509947755,1445.249163585777,1072.5952421682262,1362.3663313680856,725.8659633812538,4737.970702239965,352.43083941953154,381.4272931376017,432.9442295484613,773.8043879079775,4917.442496995793,1399.783648960252,1104.3208371218702,1640.6961995497006,846.576672185421,6637.822124190652,533.3444444444444,18016,812.8690978662621,28111.90956253095,11452.121630007989,58.91860628128052
2717.498142724928,1007.0488886057742,750.0472707039195,1070.949210808704,6217.929065453551,1660.5460458306964,1254.0701249859574,1269.2685848270585,540.5126739531693,4484.498380459873,984.4980722406206,454.51962577538535,379.64573257738215,103.90729416999513,4128.655518336766,1595.7251184455197,1935.2900283497088,867.7754125198059,1101.174518567588,5849.789763858185,542.7,18236,747.6695986594735,27443.300122835644,10428.518525698775,59.018993854522705
2159.2033029401455,703.3080743683927,699.6103177949255,1026.828769674719,6176.2926558226345,914.099668083444,1644.6803425885469,798.492101375702,1401.6129001547413,4471.702258462509,1277.95841164218,745.9276566792395,672.721005828632,337.006467573784,3838.134846529185,1772.193075517765,2218.4891724274403,691.2693869557369,1272.9460075793336,5603.178819004791,464.7,17396,726.0778148802215,27381.805765386205,10107.73963227747,59.11942434310913
2179.962264254407,708.952804280551,691.5905225836259,1037.4087201878963,6211.227966100096,912.7768334697512,1584.9811511696494,859.0176518440044,1392.744248921157,4543.622142302921,245.51424291108748,322.2060338752134,426.07974569211484,729.7096747666073,4797.299540835403,742.2057590889925,1731.7464923932944,968.8560287855992,1887.7244704199813,6360.59194933165,477.7181818181818,17396,764.7057609271963,28720.5818846345,10890.435889546934,59.219658851623535
2189.8450380690474,741.9432214475221,724.3530670909603,1087.9704642446093,6261.811875555576,858.324662381532,1604.9800632829515,848.7489702609714,1437.3340724649727,4495.962994156745,254.40505965643817,774.5901284712704,869.3408714002923,1021.6633289171293,4617.90605925451,936.9628256124125,2234.1604158012933,418.3834011583981,1638.6815424212882,5912.834344724453,502.7,17495,737.7824814163259,29290.040668448975,10631.101888253634,59.320072174072266
2216.219008516664,848.2010998471231,834.2275953289472,1230.5765382189936,6387.712478650318,711.1020890326206,1694.0225729467732,810.4088120163415,1549.9229154743375,4357.0851391227325,374.0307981665868,255.46003051824854,383.03800010101236,769.3116725655552,4912.890952926532,625.3144825445539,1769.1665684441996,963.8551568153557,2038.2798966589125,6145.925779347377,546.9000000000001,17613,751.9361187258039,28557.687947742652,11150.212926954762,59.42020511627197
2216.312311561843,646.7101138357211,619.1482643182865,1046.8085359935042,6349.691927515889,820.3623043094326,1482.4539634967562,1033.354585736216,1706.05118800783,4471.838203757905,431.07242249705615,200.86116312480314,312.52601519022494,721.3188214208196,4937.910089781285,660.7647382208452,1624.291201225048,1153.1965654991914,2195.8803093372544,6255.1090635089695,546.9000000000001,17391,838.9382196578688,28417.638283239394,11206.957078466365,59.52057981491089
2228.4008433666895,615.5823645708538,596.7610727431717,1061.311167745234,6390.6270060151555,776.63937470016,1524.3955326188216,990.5550997933829,1681.2875777810423,4423.5810965056135,194.69500739940244,245.141333945332,220.25933784035215,486.344052873634,4826.808836739065,818.432784188744,1458.7226512744232,1318.5653413971484,2355.48106267511,6157.840548290013,529.3727272727273,17387,833.5517501918184,28658.149033135473,11011.86776666437,59.620818853378296
2199.067827350419,680.95486153505,634.8871267861201,1019.1876543198971,6319.85472401764,851.0711739198738,1446.4215142392318,1072.2021628788812,1763.3663406873204,4392.090902989315,151.75168768092152,301.0609981161583,159.6380751149279,447.4207635295121,4960.7354584114355,742.4082369970015,1591.4166591211724,1242.3065185868045,2333.187645855517,5961.362849450622,486.5363636363636,17425,826.5241568638842,28822.53219698033,10807.456150591675,59.721168756484985
2071.216486771517,935.3476882351088,770.0217762140078,795.7699100276737,6119.410285027342,1072.8822236761823,1243.7660007265883,1283.68039569493,1994.7578075845097,4137.904128850105,154.69746819607684,291.08329143297044,149.37602475844994,461.6654508150583,4963.302637174248,727.2756284501595,1594.785235202422,1225.1344710510411,2308.164970426082,6020.904250136401,486.5363636363636,17730,819.7771020153896,28932.88201422632,10756.207566664036,59.821184396743774
1744.1403100975535,1843.76089584981,1392.4558826356442,249.12753236022948,6227.405985082369,1515.2027266167324,1886.6749305260253,1353.727827119407,1864.261857906689,4044.6056086692756,274.7370039404784,577.3549679013305,650.8944328607657,154.61338628040264,4765.367392206063,1376.7848170066243,1971.4621357261858,1592.4459505238508,2422.375075808293,5719.2261287854035,443.74545454545455,18746,748.5615305491617,28707.45027818112,10407.176029244958,59.921387672424316
1742.3376212433739,1840.6294267469577,1386.5812036970192,241.45712916420416,6231.717546958401,1502.614559033795,1876.527383029745,1343.9508304684216,1864.0255465182863,4034.3183726994134,343.9612404326477,439.6037125803674,185.5232527786058,456.57791326077967,4923.869323827319,953.8313188807646,1498.130344119187,1615.5490814991888,2721.6520443610543,5280.72925136235,443.74545454545455,18746,722.3310219764473,29271.603006983394,9994.065901826792,60.021525859832764
1626.658778915799,2239.3899106996264,1543.946943793532,644.9338948396964,6820.161736719712,1014.2486856254086,2003.4731731121926,852.3206025436724,1672.336556404946,4083.1530328794684,382.0223852513739,444.89775982909117,167.08631002886676,480.455601214796,4907.043056482792,970.0243045019633,1479.7641232264211,1634.1000538978365,2723.1241386432025,5296.609378746095,461.20000000000005,19338,766.1294458414775,29279.780217915377,10157.318336615903,60.12188243865967
1661.905814695439,2157.575847550503,1549.0494664851276,566.6106637831911,6714.769319918017,1181.5459382332913,2109.467985305982,808.2193718692994,1519.660994369221,4248.466304976692,507.6148177682431,922.1636675364628,965.6124341922952,605.1604402492005,5389.542845426993,938.5438256362407,2266.437452115732,824.5093764091015,2082.8665463845996,5848.348740494113,514.9,19183,802.3980188363128,28397.342250898124,10965.121312057256,60.2219557762146
1819.662960928591,2143.944708030448,1753.3587720899825,740.8267397064701,6797.863667473868,1330.7157674642242,2398.667604205201,495.4172842794163,1434.948840513663,4248.809502223462,255.50045000011676,631.5034483173114,797.2296214604146,439.4594122758284,5170.769164369589,1247.436205826878,2536.804933212049,558.4672096974215,1827.7201656603718,6041.207495620902,514.9,18850,801.368581070391,28715.054921199273,10666.006417076143,60.322102546691895
1515.274806754078,2032.2431902066592,1280.0327600194778,253.27014837560927,6355.54900160041,1570.5533647750856,2393.8231238249227,786.1741331574747,968.9134099247777,4765.852523025495,462.2062614500816,154.92531476063115,763.1024327451008,621.3448537482224,4783.575705116378,1825.0358071545588,3054.0434289965424,382.9254060425579,1461.2521872513544,6382.964222432554,499.59999999999997,18499,830.2121683045707,29410.445474368626,11014.732361589526,60.422377824783325
1392.4961282723682,1960.3360178918679,1059.0184377194537,32.99973723193451,6138.450486211314,1788.5181735057336,2587.2967549616537,771.5569407524373,816.3590146346534,4827.700356262942,130.20794404793546,429.55945129092356,580.4746288999207,226.52094785098745,4823.2092934343655,1542.3581753480914,2676.3870758828207,745.3451609324347,1275.4592106690986,6648.78447201451,493.7,18712,855.1680082586884,29074.36741378384,11392.153592772745,60.52262783050537
1085.8235163960107,1610.6574196915649,468.78579524074115,1006.1171169856757,5641.531126796139,2547.9490583996358,3433.9708172407977,376.23715785568163,1722.889253316011,3808.3686506678423,405.3908750868249,136.20857375745672,781.9350616064398,716.3616858292762,4892.992545777004,1831.733377411358,3096.954125682543,197.55131656614,2098.8339554294016,5700.127017743704,493.3636363636364,19735,813.1419082356597,30662.982588711806,11482.295784135167,60.622978925704956
1205.3045790318258,1497.017625499276,914.4804687363519,1491.5632130391764,5866.487125319369,2614.698606379182,3438.752771496785,539.4469433298888,2020.5715024758358,3735.493269724365,292.70205861188197,83.33830202770007,686.5241390098105,716.5250597892604,4809.5977671942255,1927.8636883840877,3182.152328004386,224.5717544370059,2164.2895509222444,5649.713181473449,507.66363636363633,20315,832.9958245279041,31679.08338959783,11076.765752943575,60.72310280799866
1223.1074232149942,1491.090548001256,960.1234142721834,1531.001792472712,5902.603471073525,2606.89348411322,3418.0260039186724,563.7821972308126,2028.0480844318847,3783.4373617793162,100.60473064584903,381.9075030540106,431.0508295394889,852.506599336882,4512.78648616563,2328.55828294033,3568.191365631351,605.7275876479509,2614.6042614894427,5289.033423197279,535.4545454545455,20320,805.848500394412,29741.617680362142,11457.894149361733,60.82327055931091
1202.7611867344026,1556.6460416965447,847.462250672445,1520.2106812405264,5780.669538419848,2730.0968781069373,3545.227364592628,683.9871266794219,2163.2385498279477,3700.912672237122,239.44229620521227,522.0687144818002,433.87392043891356,985.4507674689186,4462.5864810355515,2453.7057521152487,3661.0369018053075,774.2114163700014,2762.776611821464,5272.039394873262,557.290909090909,20225,867.6831683787641,28835.707775003993,11691.15623749997,60.923519134521484
1203.8203191034036,1517.1564717378485,886.1575184042648,1497.8367587078167,5819.257819341266,2678.7084327830976,3512.3653724697665,631.8492159691489,2133.2483073036633,3660.655305686644,198.13604936825126,478.66709192619334,422.53949364726554,930.4174511296675,4463.14773921579,2422.9574077175253,3662.6706412654094,734.2191203604532,2766.3587844887056,5170.9241805926085,540.0909090909091,20273,916.4466774450456,29143.193964662663,11626.246431485415,61.02383875846863
1269.552895255639,1746.5730876633352,886.545651122699,1729.1221686133836,5913.012833309929,2618.0358367006884,3310.5419067213925,468.6491482153792,1899.491662640592,3723.049354891634,462.0566133983199,631.2271492231339,675.1799628296749,1066.22065934413,4705.441938645197,2187.235761338434,3491.906519030218,556.6746035457111,2690.2634667092975,5048.088669703608,536.8181818181819,20024,884.1952863780273,29131.13749502554,11767.220469323256,61.12385368347168
1107.5866885140324,1287.4359738854323,717.4652658974508,1326.0010507310176,5477.423832325126,3053.453953198437,3700.058868308146,913.765562571235,1950.9538854355487,4175.910495062906,782.191223650742,1121.885121301272,642.7542120916601,1674.6406971789195,4362.13898471005,2754.9581776191244,3046.709086549312,726.2037687426977,1773.0206666944775,5371.467977017104,518.909090909091,20499,858.4624204281718,30215.435504140223,11919.40483963189,61.224085092544556
1221.797657635883,555.2506769645703,848.91621351338,1370.0847846275628,4616.5062301896105,3877.22925624893,3731.328496672182,1398.0853560034973,1061.7535290835394,4380.202866378002,763.1949453987539,1100.9127364010667,628.5226020126789,1661.576474353036,4324.681238349857,2801.3986284473426,3050.8924583890143,778.0397444311637,1709.014205176555,5367.8600652187915,518.909090909091,21484,883.8055381901966,29959.188171431688,11861.432925045345,61.32438826560974
1794.410154782904,1067.0132991085836,1447.0797171038446,2218.0678842301168,4486.202511257495,4116.919874686927,3060.7889597588623,1389.5432761125946,724.9249426797616,3534.242124726996,683.8076972450253,1020.4751236961448,571.7706488011588,1611.2219669753981,4234.7184627973475,2898.473764805807,3063.370018794334,873.4094285337248,1596.195131009547,5340.945634919423,542.3409090909091,22414,881.1657590430549,30055.75674993298,11775.515456633684,61.42473125457764
1972.7235207295757,1319.4088165703467,1579.090778012984,2459.561600483449,4677.851041752732,3963.2980275665504,2821.5907969175882,1172.0427506710184,976.4631732872191,3471.567319636548,845.3384671722199,711.2797048449912,1301.460749923957,1914.398831689848,3406.4136387077656,3945.0301279349746,2539.6064059806663,1550.361353311349,1719.551485888442,4373.240061454246,518.909090909091,22675,800.9070714805484,28813.53637815244,11492.678637287838,61.525158166885376
1602.2480273832612,521.1850825786213,1656.9346442324677,2073.2038620188086,3861.312657446211,4779.21431136879,3049.151489073942,1908.4954600672165,1219.2132055251823,2707.0209751152483,1068.9171636361348,909.812714576362,1530.3721779205332,2101.6557102115903,3371.2046217379857,4096.409773409604,2371.1382877435167,1662.8271458978008,1969.182425112727,4159.274130513816,518.909090909091,21848,820.4583811791617,28703.055935186698,11709.423138326336,61.6252818107605
1813.7504273950217,692.3914062510258,2499.365727087433,2549.300883530753,3218.9844454271188,5520.780995631287,2591.047405939668,2214.334776291705,2202.520365315638,2373.6294430608255,741.4431445822223,589.6230191525979,1365.9673670293475,1884.0429175173786,2946.4772791007836,4563.351400943149,2421.928806470256,2121.3175347851534,2476.920302237489,3741.397779296547,518.909090909091,20825,795.9486721018684,28952.127709912333,11514.766449216462,61.72529625892639
2012.1583945140878,990.2951779556374,2799.8430692406437,2842.974421656358,3314.5411147593777,5490.588191106165,2287.453587603089,2003.9719925191334,2177.253157936529,2691.186885846901,393.4742033001785,322.4473815517577,1286.9523730561687,1751.6315434738306,2616.5385879043056,4893.299769140668,2431.8623492239,2327.526330536282,2745.354794716099,3738.1047921029635,543.8181818181819,21391,826.7102211238317,29265.054432050558,11554.33766444336,61.82536578178406
1617.3152994222635,482.4875678247492,2336.8358398407922,2359.5760397347276,2844.3298440079216,5940.838659739915,2646.2357804621674,2520.657534411684,2709.7496800385234,2693.843319387502,187.05088772876806,260.38460735850225,1199.3146082976723,1564.6408320386313,2162.3204837131602,5405.547011968028,2625.7880273074406,2851.9272563009167,3446.5699072209786,3899.995395056564,549.0,21945,814.2129390079291,29523.88351939273,11841.724400604127,61.92585635185242
