tribo_f1,tribo_f2,tribo_f3,tribo_f4,tribo_f5,tribo_f6,tribo_f7,tribo_f8,tribo_f9,tribo_f10,diff_tribo_f1,diff_tribo_f2,diff_tribo_f3,diff_tribo_f4,diff_tribo_f5,diff_tribo_f6,diff_tribo_f7,diff_tribo_f8,diff_tribo_f9,diff_tribo_f10,tribo_feature1,tribo_feature2,tribo_feature3,tribo_feature4,tribo_feature5,Temps
367.53313058168544,903.5478077121521,1239.1921197028335,1241.789778028322,605.2063008813922,909.7229948657193,470.48839747897836,813.6638853701163,355.0921080635184,393.1523133015537,397.3421136829762,377.24445576930253,306.2370119586393,682.6608394858594,122.63209418305132,542.5352911709467,284.6539420603941,618.7378941588183,144.82555529310494,214.25259076394553,123.9,2889,149.02441867090621,6859.016770574616,2316.071988824644,4.000000476837158
1080.9574009534576,1577.2789840688781,1408.4745623847189,1671.1918549716663,538.6699002338213,799.1366887822724,246.66311466350567,185.7897401807427,274.3379731277538,173.07967596064228,487.33427810616803,423.21498170217376,217.89762250494118,614.1355424102043,50.164213423076546,423.02373440978187,408.8779223683081,660.8203743436666,282.8747603567381,234.08110160928337,103.87777777777777,3661,156.11032672486238,6969.123155356005,2498.647489563392,4.100151538848877
1275.603953584558,1718.581354019824,1390.9047067235856,1670.548904279825,478.7347061158152,638.7470324589415,387.83142835224606,325.33900283581335,330.15172272675073,198.03879896967126,295.4591503767149,388.77097500777785,426.8552994823019,808.0936002000975,198.40238801676733,576.5712730701899,223.30312603142835,430.77335682237486,197.42464019723508,54.42828067584588,132.26666666666665,3866,157.2482505088574,6777.504558799083,2673.3908987140785,4.200152397155762
1527.2103977048043,1863.2245707587965,1293.0118825058373,1550.8096539095243,323.04205078739756,395.72115341506736,450.5736593416999,546.9107063471926,235.2848697688078,165.88011333570734,302.54323304062274,388.73555032756127,416.9028556814503,797.2006481112736,185.29217292710985,566.6547960618462,229.41780188095677,451.5907769867362,180.20502340810768,29.70118452581223,113.3,4109,170.4064232445176,7504.299203666437,2631.94553425609,4.300348281860352
1980.323969607099,2067.14205262972,1015.5730027430291,1163.8530361710857,209.4996020516582,546.6714565532052,431.25812080645767,677.895362496432,242.97975919854764,348.84374327343295,487.2357627775683,278.7822465249145,321.48818355673336,692.787893463514,352.91111705575315,792.5568357062389,28.049832094118575,319.18923919610967,306.07624390725346,251.99463710704595,113.3,4587,170.60751602201748,7107.539067346106,2891.966837222364,4.400581359863281
2413.3759359051987,2225.213760337712,707.794554390634,707.7785507576119,537.1882490714918,1003.413837479409,437.13502929455456,573.6922994741296,517.152266364064,505.91595897823737,441.2382607289989,324.370789786942,283.25276692949797,649.412281904602,310.3451904204477,777.5804885597764,45.98424983271619,368.35308134810424,319.80977155916264,304.9617882036705,156.7,5042,192.07468814124383,7779.5714711880355,2898.229475251571,4.5007665157318115
3506.5252763899025,2500.088057498642,567.3649082681279,838.6125278284861,1237.5499831850866,1526.0253532360457,676.2045548774181,433.5935757138349,534.3163797187834,354.552301690923,531.9150044170265,291.7204587549284,343.63190074975904,736.973326061734,497.70912877451065,879.352477435823,225.75757084983954,285.803781514666,266.0401543388556,13.905549565580674,114.3,6263,182.41631736444617,9006.082664380257,2932.208011481294,4.601053714752197
3506.5252763899025,2500.088057498642,567.3649082681279,838.6125278284861,1237.5499831850866,1526.0253532360457,676.2045548774181,433.5935757138349,534.3163797187834,354.552301690923,531.9150044170265,291.7204587549284,343.63190074975904,736.973326061734,497.70912877451065,879.352477435823,225.75757084983954,285.803781514666,266.0401543388556,13.905549565580674,114.3,6263,182.41631736444617,9006.082664380257,2932.208011481294,4.701185941696167
3737.7295170157986,2518.4774257441313,730.0672404458454,1106.8697599059442,1259.1050198796652,1406.7910293267803,639.5755412816304,508.45499083178487,338.51493006431866,259.1469192105927,481.2004626939848,535.3577282540233,181.5593512110199,596.9152224311952,719.1950424080744,1127.3349399977917,462.1474682832943,347.51877851129035,437.3832271163564,238.06255866171816,163.7,6531,186.310048152181,8356.309103643636,3166.511765131475,4.801374197006226
3916.1217188705823,2480.570852246444,829.1296374882207,1270.6267393950557,1135.0450955359165,1179.5186903930191,446.3240761061467,380.86898665801766,164.96516167955795,24.386212734838278,450.55859449921803,429.74346764586346,132.52979563009694,508.0906873530873,680.9731553650155,1195.1830943117225,528.1488171817006,369.11497030895407,581.191720681368,388.0768416006159,154.5111111111111,6767,201.3249174183975,11103.569697134368,3041.385143258901,4.901538610458374
4219.3647630277155,2338.453332603262,978.9678772586481,1436.8805564247002,742.885021047085,873.9720716757016,139.30889118881404,52.024106646267334,569.428573152564,422.24886878440225,464.13998256595926,429.2256559471367,167.19535236869189,546.1703494046351,627.4146190566786,1146.7730614717875,482.27241454527126,309.0899990073018,632.9052338937346,439.9857786384621,126.69999999999999,7201,203.05506087895725,10621.248552504114,3027.6071894046972,5.001647233963013
4626.683334308888,2006.9374366197715,1148.3888737977804,1401.873514328016,344.54124014866704,1307.2847614130492,718.2626958261225,542.8096992937984,759.9420662097032,533.8524933811271,458.7524528041906,450.30163509778686,181.65866695818417,604.8590804887117,567.0982918236796,1042.7294663712185,415.59420132142185,285.23402477194617,859.1089799493509,718.1681845977208,163.10000000000002,7863,189.16610367973448,9514.190796726849,3026.694264089243,5.101776838302612
4626.683334308888,2006.9374366197715,1148.3888737977804,1401.873514328016,344.54124014866704,1307.2847614130492,718.2626958261225,542.8096992937984,759.9420662097032,533.8524933811271,458.7524528041906,450.30163509778686,181.65866695818417,604.8590804887117,567.0982918236796,1042.7294663712185,415.59420132142185,285.23402477194617,859.1089799493509,718.1681845977208,163.10000000000002,7863,189.16610367973448,9514.190796726849,3026.694264089243,5.201854228973389
4959.660545147655,1343.0849437146705,995.7479303249639,707.2563032947038,1073.9707716974137,1451.472282052037,393.6096515693016,111.17310022025497,713.4218795238997,739.6396045422433,352.0546400826933,517.5053806806491,127.72420236602443,670.7969695898975,612.7246531011851,856.7442614164847,359.0643291883451,386.379736678516,1063.6842311020928,902.8340316285424,146.0727272727273,8652,203.86588374721092,10069.762969999712,3242.9016514356626,5.3019819259643555
5076.422157517809,997.7573337167519,891.0153801114668,376.5599978869191,1273.5230536690306,1209.0290754026287,103.80860068760636,323.0309708488072,1016.2210816296672,902.1097122245574,460.18485456385673,430.23122307025443,142.59224489619672,562.98886815076,639.8745898231293,990.1397949336954,291.83764088963477,229.47563308027327,994.9738234393747,918.3518971251196,150.22727272727275,9008,222.8051011026531,9796.32942711943,3368.555626905443,5.402126789093018
5159.153135425018,648.0664721070412,759.4273102081407,413.5920189148054,1294.4196014418633,858.2936564271483,252.9426378406215,478.5162052623174,969.4965527916834,659.301570924067,473.6528522116507,419.1062043357875,145.05060201039524,548.0620273961584,654.2218437826584,988.6563709985114,276.8888026294931,232.16430588287628,1010.0726804158462,928.8339884434429,150.22727272727275,9354,224.51321016361763,9406.176654279163,3301.272327472569,5.502328872680664
5193.950095328444,406.05827733967783,635.5837677188687,658.5521301879218,1167.6436728021415,743.6915317462356,414.37253542932956,431.49750240585035,718.6033897224718,476.34963413408775,671.3379534038294,238.82982811589912,190.91598407545138,422.23287522545405,800.3074004908278,818.4236821853175,307.5037443459269,386.87262400242884,1004.9471587481914,817.0965699742529,150.22727272727275,9621,212.97897148123866,9070.559533074455,3220.3251849655253,5.602556943893433
5198.226753402597,304.4273253481095,533.2691704423623,812.507484263836,1019.7440015642277,843.8506878021084,431.8623065173439,297.65227949006265,662.0383242215704,607.2820139952171,717.0116623070234,191.63431297049794,195.11195126740924,451.3750104102779,782.4379957484896,803.4275592265069,357.69876734596045,356.69376457149235,947.0460890532526,834.9488810523154,141.63636363636365,9771,200.25333018083109,9094.85124084247,3166.104725114445,5.70267653465271
5185.517211190309,308.5282238006508,438.29891801648927,881.878617870901,915.8390329606292,955.0757338462406,352.8598436855006,213.81463530051687,771.3775711544721,662.8650227923386,690.4228944317322,218.4301157030444,193.10185335853438,433.4197828610941,794.8409214187494,803.580792047778,341.37290203974794,376.65172902286946,959.638793789395,813.3208420049547,156.6090909090909,9896,203.62425429222725,9213.058788326867,3234.9491008566474,5.80292534828186
5097.241623699056,507.4879740155819,221.53809096799014,798.9455387398574,1020.1341657926074,891.914271884726,347.14074639262583,436.86632402742646,610.545181056753,552.38306474809,621.2911976389191,289.1358818318821,289.92104458671014,340.4459314453774,908.0439521155142,661.2395644989152,516.0216700805553,400.2928394616822,791.8402667836122,969.4251645959525,139.27272727272728,10125,209.29289455511622,9232.44112986954,3213.001157031584,5.903058290481567
4924.282390290643,870.8753070803134,321.10002785388457,565.1094862000087,1380.2340728506163,581.5455004729411,710.2099312386403,617.7530619860717,361.03928429646027,905.2024175997941,575.989896692524,348.0129089091463,335.21022621408,246.82691426595426,1020.5081301810469,530.4197716903686,662.423781350486,485.5730827197032,708.5778170416137,1161.3847777228966,155.47272727272727,10495,201.51618766026974,9247.676949209384,3191.7634017476885,6.003062963485718
4969.040191460407,797.1637117450191,246.1395512168494,634.1748604690622,1320.1456947942318,656.2997459811452,674.3520139155625,655.120616043079,299.79144048718547,892.8082650622245,711.0088635414231,225.92163239924722,148.07352868374102,393.6243504528263,928.2112273566419,659.8387145529603,611.2661224979697,740.5203590380644,402.4257691402827,1190.5769611573135,141.47272727272724,10411,206.32525590633728,9149.488600544233,3422.909641572964,6.103086471557617
4969.040191460407,797.1637117450191,246.1395512168494,634.1748604690622,1320.1456947942318,656.2997459811452,674.3520139155625,655.120616043079,299.79144048718547,892.8082650622245,711.0088635414231,225.92163239924722,148.07352868374102,393.6243504528263,928.2112273566419,659.8387145529603,611.2661224979697,740.5203590380644,402.4257691402827,1190.5769611573135,141.47272727272724,10411,206.32525590633728,9149.488600544233,3422.909641572964,6.203263521194458
4672.4700727162735,1179.3741055922974,673.3927626015079,230.4333998122729,1427.3977555518163,625.6425229157319,529.2293591812241,258.23675358416216,692.830140088245,462.3239257145968,532.9794083272863,396.3585965100638,446.5207783641998,553.2361181939137,660.0848856725768,932.6790944847194,279.63157419690896,729.7539751390775,590.1435532864881,959.3907847629046,152.99999999999997,10843,227.10988166622917,12144.904082652127,3791.4267624778413,6.3034045696258545
4367.428147887305,1510.1644728902709,1038.1889845745397,397.22769420071114,1327.122697523368,1014.704420309925,256.94726044638463,551.8746009228894,752.0801648818746,549.2167140859696,554.591136710441,365.63507119150256,404.51274584041175,425.8955267860323,773.999873099374,893.5704982101504,215.47519183550514,664.8933711566377,703.7364443311374,881.4366858953701,180.63636363636365,11261,233.11517746462786,9352.273299641807,3472.9140076052304,6.403616666793823
4121.160039695585,1727.2052169381473,1265.687516973417,699.2299946136814,1115.086645684106,1261.7621273975053,86.40878763958123,800.8057607470571,539.7731620101804,828.2730598130917,554.3158147584463,348.16367784388194,378.0345744284563,484.2895267054274,760.8983170913178,819.085465762394,319.2394816655467,589.5730012543421,726.6198063137458,808.1341015957154,159.70909090909095,11540,218.2057414449797,9422.609252388327,3286.592504537437,6.503792762756348
3791.7221015325886,1944.1825434388604,1463.8206522074022,1017.7714791278609,741.9827762941854,1325.6461115692975,342.6366378764299,791.0698003431138,287.9081272512211,742.2464086224512,556.4737449921356,341.35941702007716,369.04368534678815,465.1685010714965,779.4690896868855,811.8969909482311,307.29145174733327,578.6905099683502,760.0633432688055,793.1086397072864,159.70909090909095,11936,217.20504662535734,9398.76214737706,3416.768919286583,6.603939056396484
3440.903929022981,2121.70825341131,1592.371601404311,1253.4889814444264,499.40298612432497,1165.4856618003917,583.94251448108,528.2083368438624,637.699649454887,372.08956473480436,534.2815609876731,386.49951839872733,431.27650468334133,505.7198377589599,707.152009053064,862.0427644860404,334.7514913793878,589.1256327795112,729.1923778156291,755.0909489472393,195.0,12300,223.92543738263626,9339.999970675308,3546.1669397475125,6.704132318496704
2948.1171694655463,2298.0530903940094,1657.8793949022977,1419.3066577439793,838.8617132415833,691.5464313511523,708.9891986250618,146.91500443570249,942.9220823749077,579.9963584277762,644.8062176141885,252.97037343444364,221.85027274871538,351.27781732452297,928.9867711609032,816.8862340851002,194.4629822155045,700.3780197651829,688.448712478262,954.4267284971165,158.59999999999997,12816,225.1153539883839,9585.453119456713,3669.428264609103,6.80437445640564
2618.577494546278,2370.7275004345693,1631.4833648928106,1421.4006745355791,1166.2285298302115,411.5502906708784,636.578302212311,471.4514459098397,834.121110560127,830.2345843701218,500.49718257938275,431.38211783655083,458.9526018629732,572.4908272555916,781.9304061227645,678.4768021294325,423.47241313581327,475.87766757864455,912.6071053274354,869.7923143765593,211.89999999999998,13152,226.48711398622032,9347.018156504302,3672.2104756702897,6.904592990875244
2243.7324822512624,2392.1317872629224,1508.5773206550084,1284.9157918933931,1427.6890309367927,587.9038143839838,358.6945713250359,715.2682037342701,454.10982142389815,716.55425224418,539.1552035407921,370.9450420286849,402.53939696525754,515.3014835775055,773.7795166568004,735.3817492527276,388.3560135297169,488.546674297155,881.3526293144794,821.8625671607354,205.59090909090907,13516,241.16791846559948,9392.665886351471,3580.261733184866,7.004854202270508
1824.605338058661,2348.8453997673537,1272.8981232406718,989.5462424187325,1510.4640438114604,1008.4447632021444,76.86909127306224,678.8781014354225,583.5567486807287,302.67776950441555,595.8744191243272,301.6480687131909,371.2714005688258,490.8748334112179,708.9391415539519,773.0290427874261,450.4549844750496,411.2301520344129,961.6976580543193,847.8783349078027,178.3,10196,242.7181554833532,9437.82839673196,3623.386912472525,7.104923725128174
1543.3272495202139,2276.407199640256,1054.1553369038556,714.0148995291781,1422.4615967987024,1201.8037919914123,372.3308648021718,472.5678259032551,871.7245562089025,467.9212802035551,464.894331222573,446.0085269674339,403.99962550102094,484.76222029919603,865.8503089587633,811.01497707611,297.3765395578738,532.064277709421,888.0695430964896,672.049781109474,175.43636363636364,10493,256.37126243861474,9279.894641150968,3842.5928142041794,7.204931735992432
1313.7169050511748,2147.9996327580393,788.0121297611289,429.17732068103385,1179.4617548219803,1168.3191818456366,529.446308948644,218.02690689942386,846.7721087485108,666.0284528760415,457.65434952699206,451.3405910572026,402.772978349321,482.58479300926496,865.9444281688335,807.7879530075126,295.3276312514859,540.3679298636091,868.6573355025204,663.7142865859264,175.43636363636364,10781,275.5991383347995,9304.540097841415,3816.3492482335796,7.304983139038086
1161.4325013135199,1989.9349139622234,524.5437744661267,323.85133287850584,917.3572557676791,982.1652788917011,542.6135826806383,398.62489921690354,608.9005926768566,579.9370130184117,430.6758630600667,468.8375417408805,387.5646826450509,454.8139834453937,860.7553817768952,831.6281790578402,326.68566226664217,504.63886996657027,890.1387915925625,706.1555242466231,175.43636363636364,11056,272.5787490848869,9332.93416841222,3721.1089678848057,7.405022621154785
1095.3008486715976,1783.831407358303,300.0300557626551,524.7759716709415,784.1624458174979,713.7359310135331,384.65951633733675,622.1125361399946,507.1487898750073,317.56350167749974,147.3517530098538,572.2211887099015,119.62298147417673,319.6399615926293,575.6133628354993,634.4640726150735,417.7270371824278,753.0783964789947,637.878102812366,426.9288762835876,175.43636363636364,11311,244.06168072389443,9124.080576338556,3423.6473708443127,7.505188703536987
1095.260952365827,1782.0484555881228,299.1615165682049,526.7371806246546,784.4168250813151,712.3591155318322,383.22871894446314,622.8829229065975,507.8228289526404,316.4839133161514,116.94785036992171,575.3593709248847,84.45598337766926,350.8026288374137,563.2488342992639,591.4494185260969,381.06835189797016,773.2272530158361,682.7017573392784,427.5364788014592,188.37272727272727,11327,240.74602321602364,9156.915115274527,3397.369576538401,7.605323553085327
1087.8030632159625,1825.9033652255607,293.95206045862795,494.97101543905023,743.4447898776322,693.3806083087434,407.9126265153999,665.4752116016242,491.90669132956765,278.59344266178704,118.01187619488205,571.9101339175621,85.69318022945818,355.2132467736631,571.3977300244132,595.4610662457744,372.1973757802145,759.761558099209,691.1309320251344,445.41654560454134,188.37272727272727,11274,244.5058944315122,9072.000401264457,3491.6894408918024,7.705407619476318
1108.4046703931704,1765.11555896779,329.6155472119401,506.9862109058179,800.0392802628381,754.1865591953837,439.69408054305416,643.864564814857,438.22442392041427,253.75586588415706,273.4305887818601,597.4909873440477,234.65726073713196,207.71820890048988,545.92548226092,666.6791869145962,517.2200624747314,860.1101309482407,588.8182379030832,314.23605235384116,191.40000000000003,11337,239.37146706279395,10599.730144227728,3590.6677504419117,7.805504083633423
1184.3984208796505,1641.3784957647704,462.45593629607845,482.31856310195957,872.8423529365132,869.8268339600352,582.9170508261303,754.0086149445043,346.2074743377364,112.8899573299797,188.68928004868692,515.9517550831309,216.18342185492278,294.65751260223385,664.4295169756822,786.5322762471026,607.0484913331883,886.2202918405075,453.2747377118915,163.0487849330187,192.63333333333333,11488,224.52568026726442,10288.630698824534,3451.920639933179,7.9055516719818115
1192.5720153281932,1634.951581197852,473.3035704393194,473.659095180766,867.9806309302115,866.8228531952353,584.2237017948704,760.6812513505055,359.72070571895085,124.50416213201822,385.1199674609182,724.3950823206468,252.8101921568156,253.34888155279572,486.08324033567874,583.02285953504,377.1612186665251,670.6973887940335,507.5111494741245,335.83717372632026,185.3888888888889,11486,212.94584277131918,9357.338481123474,3217.4444011641626,8.005680799484253
1503.8814118492055,1537.4216948806313,798.0540643991545,157.52371858861858,598.8264524244428,617.4570680341943,458.1210580815555,721.8072193368566,668.6963111857619,477.44816979685737,510.32724342061897,849.2367670352793,347.35949780457065,318.5328500762281,414.1492485460791,483.6549733261005,250.2352888098238,549.3219670429465,567.3404148994639,449.4724195045108,168.2,11862,218.40854683892488,9215.922566450874,3390.2615135440938,8.10573124885559
1639.5841139583183,1565.1558721458925,901.7527748875436,54.92897457741703,458.44230999702864,475.34853940775884,340.26740158625785,599.6043747892202,656.8845233692278,488.981410300081,253.71633273129945,404.21012244934445,501.2380543227694,126.68158816645115,345.66010809911074,407.8715916391626,380.2564791318303,706.1696991024219,926.6502285855945,771.5569492878894,181.3,12006,213.66848954832753,7845.470875062412,3390.3694589568117,8.20580005645752
1610.7889564336383,1550.4882466131241,890.1517778081142,76.50046637180218,483.82611646746335,496.85149365249174,367.61318670566607,623.8257166172623,683.8713271950286,515.0721821584403,252.15889251854898,472.9078393249436,431.6201843937491,53.27649226749415,357.33924017221966,435.7837073774572,371.25682191270806,717.8866095357059,879.6141568275506,719.1573361012483,188.20000000000005,11964,218.63243072875702,7496.077336875051,3302.1612936045094,8.305834770202637
1558.4059772491232,1511.2781449143442,897.439043192878,129.03849345424612,499.0871626226651,491.6340360670214,376.54225861780236,608.839722302421,702.4484957995298,528.4004354058534,346.51872718783824,397.7362743443399,631.734199142516,209.80526045067626,157.96799312383152,276.55390207488267,194.36778792139052,599.8045308835817,704.7509308587858,563.1067021708774,182.7818181818182,11931,201.4108261852473,7590.442727547437,2993.7643955184326,8.406129360198975
1353.946662454713,1323.6040010474387,1037.0505725555668,317.64680058987335,446.00940945229644,333.29416854623975,250.07076433191557,402.4399303115225,529.2040857790544,331.6084668202945,353.13833634527435,404.50587115728,633.1118031153509,208.05416439105224,160.08362459984562,294.0964053360353,212.82624441767055,627.1213846046725,726.0247234490782,594.486764656206,166.8,11705,197.9292968244851,8984.962080892816,3081.1400109014276,8.506134033203125
1069.3545567031729,1021.5617451115835,1334.3261343414563,567.8728462124992,312.89636777985453,25.79168526085083,72.94972952141289,398.5385147960285,348.3301667032994,343.6733275645197,199.8584554694719,320.64819512921827,624.7219707588353,316.41171409810664,192.66447999369126,71.58084065501748,35.91688299933062,497.6108241175795,501.05575639486125,501.29401882011865,166.8,11409,169.99755118749113,7443.290049023737,2942.3107672531223,8.606369495391846
1013.5432587455599,952.648995542644,1401.104757979193,600.530848162306,262.0954793476801,68.21366396013518,89.36468755887701,466.6773488118921,415.54901530616723,399.0085298865205,202.95238264251103,318.3194273241775,629.7973068042274,314.8910646359495,179.18238339485757,85.08433731080206,37.424800088375925,512.9706150913667,523.6381791603349,509.3383867763217,176.2,11334,170.88518122113283,7771.905650489623,2952.5168898952097,8.706409215927124
1035.3388810107833,981.1991166430213,1378.9881155914616,606.9228342097621,294.5903162999457,47.99971568310445,111.6891261649669,469.7634742741474,410.95029848897025,425.6423396459526,188.76981705212035,325.7537907064328,617.0696501202468,344.8105828207929,236.36341472131727,12.128502723327477,107.37604883904889,522.5834773376057,501.77041973208725,593.0271730534541,172.59999999999997,11364,174.75540752413622,8216.46130588328,2928.2311056671115,8.806561470031738
952.198560261736,871.230662594512,1441.2576881671541,514.8574012173767,200.980192185449,146.75227111509687,50.281663275711544,334.0849343697643,287.6281168137025,304.8599893926322,390.49258062655707,500.307939415427,435.18107640014273,230.70750643439493,403.2706307776505,187.21619237858704,249.546756191337,451.7839760963338,408.7792258881474,680.5629720933478,158.79999999999995,11219,180.10486798509098,7249.591300306318,2820.647478582776,8.906637907028198
896.9133842568749,798.4295014364851,1470.4139085503812,297.41336387931693,392.9502702190582,350.90539467940096,311.59741073141515,175.44791052180727,139.3287776125864,524.411639567475,264.9039891116202,373.8798908662558,562.4686075003023,158.4974422139237,335.90667388762506,236.2920170695756,268.23329782464634,318.6128490562011,279.5551282516077,706.7319934047406,158.79999999999995,10933,172.58878974406431,7467.4785218263705,2753.3887084806656,9.006928205490112
1024.7506610396306,971.7644700812056,1415.9401831273112,145.95771173126576,799.9778529596427,600.8650566220415,603.9725175252634,583.8579416719826,558.6675509825437,797.909467264933,474.21938849025224,586.8313600266523,345.28935687155337,272.2396485174953,525.3101456464124,296.36062815347003,378.39713994083957,595.7037466445968,568.6515544557618,800.359472431936,161.84444444444443,10531,171.94694330476017,7110.755978210471,3036.0000739391335,9.107199430465698
1108.0238517967202,1077.5373911636564,1361.8259608153774,225.1992498069378,875.7738893693416,608.7921125529828,603.5832446037945,635.4632024663306,578.4712222807927,719.4174612928299,466.1494271726051,556.6216112016203,412.14040401655194,236.07558950114947,379.1339683330816,245.40008146536033,345.8929631117713,415.5844011213074,452.3619449523925,987.617302263626,185.0333333333333,14156,174.91823588424614,8003.2496768979945,2998.208836055951,9.20749807357788
1287.2258134704634,1289.950552735921,1209.724068750316,365.0118750944101,904.0324216151358,501.8051038628977,456.84545900951406,545.4599285275384,415.80910533594835,527.3573414445395,229.26821837660992,408.67788186618014,537.7151121767916,186.69994104663368,642.4367165405031,423.8635551733275,460.10476620510264,612.7608215727072,536.2724659331717,795.9993326487598,185.0333333333333,13946,171.22992483370865,7063.99472123819,2894.9049156793626,9.30783200263977
1279.6000730671785,1280.846327557489,1216.277815229133,356.7209511329628,902.1182745280424,507.48313137706054,466.60135243253507,553.1722997214112,431.248582896127,539.0017240153824,195.73839571569292,406.207365516363,570.5915072606067,239.23636214216117,701.1516214438597,456.7143234138516,475.4063684537056,639.1250512773005,541.9989743251429,760.4608847113669,185.0333333333333,13947,177.46528927438948,7366.919868595333,2909.2823101604777,9.408129215240479
1192.0408209249035,1200.087967440483,1306.0071886787339,399.4600756389279,992.2583767072238,577.2542764351817,496.309872598762,580.4079476649403,390.58337271818664,475.7253270562154,232.9679835840878,498.65477224219336,576.7405354041475,384.2554708478554,743.8726643486928,379.2668823570208,343.3494986200002,510.0685936590739,429.2864340838003,848.5844329520788,185.1111111111111,14046,176.15318497718272,7718.367508199521,2946.527458349734,9.508272647857666
859.229887995852,990.1084573119006,1597.7760241308208,720.7737426523116,1281.3197325734006,672.9235566788592,404.62296674898096,408.84650812460194,70.04656930342404,750.9006704656654,337.40001474181787,614.8640187252497,596.2921490637536,519.5492109541705,773.3643785556254,295.4805856598707,191.0731571430284,358.90934425510096,404.85600204760004,1003.8542624970224,185.1111111111111,14368,177.65541759675983,7907.979285539361,3105.8845355726817,9.608365058898926
585.1844885057905,959.9112730819683,1779.14662827655,979.8327976033795,1402.5223191130967,629.8645412083698,241.2594913202025,140.19603650804092,309.13957237318743,922.5292970004479,292.9645188345141,566.3465579947548,614.1771601290734,498.97680658012723,807.574440911241,349.1682810247724,205.39822008396197,346.87883065374393,348.44783234502205,1036.5882296989041,217.55555555555554,14661,177.71073207661553,7336.425660239118,2996.2305866358292,9.708370685577393
320.8896353293613,1088.725906633425,1871.8235710484444,1157.3306020823786,1346.9109062405507,434.65620671106086,51.50812930818653,220.58337742378825,458.20001915769905,719.0235195665093,394.2653766441461,662.3955701226234,515.8206581289411,432.8539472469838,718.2595030534326,374.54048952100703,319.0527389711301,447.0317397166538,248.54452807365735,1026.1396811792329,206.27777777777777,14911,166.55608571236195,7409.1162201891075,2847.032970564212,9.808615446090698
162.19893148485883,1367.4066101747915,1895.1841636442934,1273.8393732332793,1122.5139564088922,107.9230327576861,325.6719260131487,530.9085200813881,443.24266681907403,470.7264885971503,306.34341000730376,589.0826991452534,603.6418753299741,509.0392275242732,757.5799115792352,303.1427668477073,256.1963116737685,435.47062500178816,339.0282053808103,943.6052644737697,206.27777777777777,15270,175.38430787425324,9377.297531961038,2918.8235674514412,9.908746004104614
377.90155042102106,1635.158970088689,1823.4064810483596,1254.0690360394753,852.0343053373879,188.68925235465994,475.7696791854656,597.7521810287489,216.97758953173798,727.1986954897086,123.21212682098897,520.441515706152,768.8256506087669,687.255813779143,678.0994841173872,181.12804542397228,411.4240830834251,612.0322488587474,273.596949596337,994.8881933104589,214.625,15526,176.49215387010446,12541.260417840818,2886.190228033146,10.009073257446289
361.92857052438364,1618.712966123479,1833.4276350115358,1263.1231812478327,866.871011702376,173.7483748628728,479.5899156456064,611.0241229846325,237.26201457353116,717.8592616243088,332.15636814418104,510.14559087901483,704.0363390053624,635.7828574866095,946.42780019634,184.84198744790362,366.4666367626051,735.5914151241321,610.7737274983631,741.3374840196058,187.55357142857144,15515,150.1797809561828,7407.536326771993,2733.3297279780145,10.109263896942139
775.6891594108104,1998.5927181029836,1468.873418658991,886.4846625621874,886.8834183278755,443.1402892838081,115.8262081348639,294.9123941033183,527.7788981182148,357.158628895586,142.1313590074583,589.6140651419332,665.3509523163921,537.7173778790589,741.0483742010015,345.2258052285165,104.86822018763026,424.171235139808,668.5017215952671,512.6346237026502,184.32142857142856,15932,133.4916583780907,7179.64008182753,2546.023963255625,10.209495306015015
821.678873864744,2033.2296084804957,1422.4472454730521,841.2191178174712,930.5071081232667,447.77469316106567,71.13677972359459,335.7252643944524,543.1744422923088,341.08781088977463,130.46898919808714,596.3641568980418,674.76428232753,545.8608419593639,718.7622601476064,351.71810489108793,117.88421501554262,402.55042991518957,649.9564677175161,537.46970686009,184.75,15973,132.2074397382857,7111.300373291,2485.959146220237,10.309716939926147
882.7312470811563,2070.8932230658784,1362.8281622877137,792.3904734249026,992.6719780580441,422.1635040007336,69.012256239942,396.957664620004,515.3635323044803,384.1149012647469,135.41645608021375,578.2195377586136,686.0214081539647,561.4679964083197,712.0757773045207,344.4402458354053,125.83293556877068,396.977941173535,655.7924649839307,526.7165680651864,168.1111111111111,16041,130.88799952700435,7083.779099740477,2390.255311138457,10.409970998764038
950.169776599672,2091.0808612644846,1319.8561899839729,790.8287311998371,1023.3768826220668,347.46929857664855,142.84672526080178,377.6277392891203,457.3884576172495,412.2713555450741,135.0086894743185,573.7158156793444,691.9036837965708,568.1809250448109,702.5027032512353,350.63564322726074,127.47560081896457,380.4772666274242,673.1215033298101,501.57940822167023,165.66666666666663,16110,135.0909714786981,7088.113706238798,2411.9197422599036,10.510253429412842
876.7954839415767,2092.5998187194846,1336.7276956375042,744.4159670104535,1049.920264953251,411.59891361582584,133.73268604606514,465.1309174769766,421.94378492399886,491.7220869548132,175.85534192161518,707.6886338667676,570.3029865378363,424.302926055406,845.2194183218082,326.38578082688474,183.4234346291587,530.26267573327,518.0511663303023,686.4366943453985,168.68055555555554,16025,147.83115070977487,8355.063865880422,2652.235482030507,10.610272645950317
1247.8653028324638,1988.653445323246,1502.9495790284825,1167.074410211256,679.2455230434907,614.9082130924734,328.7083225625327,434.85759625498224,878.7460956793695,450.7587476695442,226.65816243509462,377.5707100893578,909.9193005958332,760.1648735475417,485.69545544300985,674.7675388635162,273.05564998170996,670.9911436524669,982.8762666165021,767.6231470760068,165.625,16477,162.0686936695227,9255.512597257526,3033.1219623230463,10.710416078567505
1247.747036226192,1986.985180891466,1504.422358403281,1165.6341973655772,680.0929224758152,612.2680724324275,321.44992385637613,429.8577202622012,868.1587841358976,438.29318227650316,173.10366219647346,454.34566343470215,805.4371153264645,610.6599415768727,642.0779278269137,451.4329586551466,125.26385525894541,384.16454580757556,950.653948413225,419.07397684093286,201.02777777777783,16483,169.09815213167383,7271.7832810330265,3037.2823508616184,10.810551166534424
1455.84376518006,1810.2869076391676,1782.051013710702,1348.7053923673582,516.1646540189201,779.0869019040605,255.70384959506555,564.2836699935459,608.5754632927066,436.51594477819754,177.25254568155435,444.00064361402235,827.9222675000449,648.9448712069042,608.3551565404659,505.96322507351465,90.73114619960732,450.43757602202385,873.9358920909079,448.25650604507905,176.00000000000006,16745,170.46714656380803,7192.496833224747,2789.615294942064,10.910654544830322
1585.3104383190434,1661.117945646637,1952.2725177264808,1379.3902753645737,619.4151693377765,753.5448428963427,152.56709613148885,470.8059816240683,550.9156238746194,251.7859349052854,173.36359328461444,463.8190054286283,839.565785058817,704.9743974235375,561.1110756221527,552.7890153676218,92.62638227619478,475.3643993771676,852.0511106401268,442.60806748225633,192.77777777777777,16956,153.00789722464143,7110.729979156782,2723.009896155478,11.010937690734863
1660.446449900289,1556.431768256159,2036.1205077373127,1351.7433154751238,731.6317072972548,677.6481720774322,80.59240888146422,360.0232799383818,646.6803216072321,216.13946042203838,159.77502804232643,488.26796562279367,761.2236153009445,652.3846623227271,537.754053830345,584.1448743722171,193.4636683333521,577.0905883702466,784.924508546459,484.3603810459541,192.77777777777777,17042,157.76072104837556,7224.773641367831,2746.3565212692374,11.111202478408813
1954.0159231885298,1087.6445457595173,2226.849980998684,1021.1739342717738,1130.9439150999913,225.14180274317152,393.03825141386244,470.75843764375014,957.5457874203709,691.4180716624409,330.7722042501951,617.9490281162214,577.0587723543341,519.3633273837283,606.9438491589607,679.3466308498932,452.0196546032167,810.1526614342123,766.7863703632567,706.7419623633087,175.35555555555555,17533,160.45181322625385,7509.170498100576,3078.592152037274,11.211260080337524
2262.8799463091163,628.8506878666799,2302.6196752651063,593.2921298063494,1374.038702828407,495.0792197429552,740.3705537270763,919.4376176845872,861.0351952785901,829.5826655523751,310.4021409414934,596.5076436011831,599.6932567776014,513.9959660833566,612.9495107832927,651.446960451798,432.9595765830774,786.0572971817722,796.9826408982431,714.5115467311375,199.00000000000006,18001,185.88124786698097,7466.956285340859,2970.6635818012946,11.311426162719727
2506.322483452532,403.6404012407386,2255.268433255975,213.809207273152,1392.599795455022,851.5734321341951,826.9154233276535,1029.3459999802956,495.5081791615466,556.3899858547197,257.03110848125544,506.26406499304346,695.1061305630452,449.09647882257116,698.2431029636473,585.5341601279027,486.52278453538236,836.7113694878101,847.6589802830441,806.8356859478048,187.53333333333336,18375,166.86858682310444,7355.75278147701,2967.3082312890538,11.411617994308472
2743.9542632995353,568.6706427128015,2088.4719247811413,269.30728456318195,1210.2106517524812,1048.2655755484552,662.6144402324167,793.0551144899778,457.41159820756974,330.60527016803815,256.6676563771465,490.72784498114873,702.4658393423935,435.33411049399166,699.2422582435903,604.6537818998758,480.78179075979324,824.0379763467865,844.5259520402047,797.8510824847564,161.00000000000006,18778,181.20249206490573,7365.805977337569,3034.153922088938,11.511852502822876
2947.605843041377,898.3485285206505,1844.5392331259889,623.4013986244636,904.8630105752446,1028.9159093271967,344.57745331929146,445.3025612761705,806.9996257908449,676.3155236900634,259.88631682656734,464.00544205895716,713.8592619436747,414.9289483711128,698.1327971731005,634.0360288413594,470.2400265746785,805.1077655661207,842.7579080539261,787.540550753476,170.16363636363639,19117,188.04683728706436,7385.68744419275,3129.1774873324475,11.611906051635742
3094.2518597570547,1181.2641340999164,1588.7503266657259,865.3293270540734,626.675729512836,842.5074005574951,155.38135526791214,505.8890901065185,876.9501269084569,763.2081568274763,336.0374901588796,383.79579705332975,720.3971369528199,426.8075470242185,607.4490110889826,695.9378093722635,340.04213500251086,692.3993912009036,964.8058879861461,904.9898434832272,170.16363636363639,19415,188.9231422569964,7227.049836158688,3030.2189672490213,11.712162494659424
3175.0735171911106,1358.2021471593528,1402.7813870438092,963.2904160953038,557.7188256338515,656.9593442781895,326.35785897035305,686.9855353890376,721.0259283770266,599.8814765897213,385.0770090207632,388.2023254714594,694.8958288208191,478.1968447938111,552.2716996817966,660.7922120606513,333.0758745402065,726.0851767463882,948.532211688685,879.9921215730492,180.7,19589,187.10186565214053,7073.474949496682,2978.1805619088063,11.812438726425171
3202.931130027087,1427.6535143927956,1328.7710734070156,973.2847627615132,599.0862430441325,604.8407792069673,392.7999721848579,715.7736592778805,654.0054738231079,544.7415986075866,410.07548696941933,389.359548578825,688.6110507975386,507.063760133763,513.6965978584961,645.6954249988679,321.5230906971959,750.8217809704089,946.1295970985453,863.5897996057425,187.2333333333333,19679,185.96014137249676,6974.174573297517,3036.134746008909,11.912526607513428
3196.686284170326,1408.024354948636,1347.6986328660757,984.3568932611361,571.5952881650046,600.6179559920813,391.77635355103337,733.5754674428277,647.1479891368609,528.6357017030973,673.179455193427,596.3195104932736,474.26219551318155,732.7448650058578,507.9918416250951,444.751067980014,542.0034715678294,869.9344144104338,813.5788137347117,806.6894715094796,185.22222222222223,19645,188.02713688871336,8252.942558863066,3077.0047351458543,12.012771368026733
3200.535696569031,1343.8814147380888,1401.8441268673773,1208.9842107859022,409.0167982007174,375.19532168177705,629.1456413410042,928.8603528863972,447.5516332721135,463.6488838003228,518.2581050498621,436.61471578601794,638.4028842301598,747.5358674865056,328.9856113499395,341.2705350075316,651.1120426880435,1077.2551458356118,597.2751628624471,667.9480817399916,183.0138888888889,19410,182.70627314130923,7102.841124201497,2945.0312291603186,12.113064527511597
3176.243376051478,1334.0686550524356,1427.4687155658228,1086.4682317206598,400.09770005764733,493.42541598580596,566.6139871239344,965.3835972037555,393.6821534002089,331.08102600992845,421.7874294445079,339.5337590286853,738.0383509184189,722.5972113875746,231.24226205639505,393.02751355312046,670.9388747527718,1182.1646878854888,470.3942516749533,523.0396905556657,205.66666666666669,19537,174.46666468656235,7337.897493213868,3046.327932017579,12.213263034820557
3163.543100416829,1320.8532360524719,1454.139275303618,1065.9967237657904,375.34564049130813,502.93694874763696,593.2185995917137,1002.45571044894,358.1104115289583,334.26571965649515,448.3817043940231,367.2018464357745,710.0526430218013,709.6775855695006,262.6708125999039,404.6812313981229,636.8686038216842,1147.756894062919,504.9081888385169,510.42765995780604,195.11111111111114,19576,183.5505412786888,7404.437362194716,3033.2026496432427,12.313319444656372
3142.9946972640173,1294.9602090014894,1498.049066846706,1065.9570589543475,328.78806298552234,482.4941455455861,642.7877174163915,1026.6586535163658,349.15838331636246,386.64053259615986,448.97291018986925,368.6464392180545,707.5973116062573,706.9686863601412,265.72755779454724,411.2020875844574,635.1593122441841,1156.7915330421415,491.0066198251771,509.166221651141,195.11111111111114,19627,189.39354090493805,7243.474162658153,2968.932619082602,12.413492202758789
3166.8705893843803,1327.5512734736435,1454.6447574246959,1041.9973981047444,369.8283566732487,524.9196041423145,623.7002737723534,1054.2558404749734,305.8264154556001,372.9980675545699,482.6069073850665,406.8612525710896,672.8495250428105,654.2912855005748,298.31490426896767,483.95135464271954,634.2716848029463,1239.626521507345,386.90388072120834,516.850041392446,195.11111111111114,19578,188.3078911863255,6877.493879788341,2967.014770219006,12.513943433761597
3095.0912910948755,1229.9140348406781,1545.361500010593,1142.4585996465785,348.8276302241534,453.86334854162965,550.5016332188363,962.4204541191268,363.60464805493575,265.778777919452,410.49880067759665,380.88365952341206,636.5550759096358,705.5760062895735,388.5905817010145,540.7623108631705,563.2367108286248,1256.7136280701823,345.73762266929396,486.8535890691414,191.0,19690,189.81324240839757,7081.204667823164,3099.884388968576,12.614447116851807
3012.4693566998467,1125.8722688293296,1598.448635559428,1236.4924892325082,434.3179058339887,509.6411376965345,458.4201573625194,1017.058495846176,278.65066871102914,318.05291696048374,465.95153676982,353.83981816068376,734.9356068745979,756.5273700392374,335.2427406141558,469.08249515375417,489.3123320044166,1201.2864148607716,359.890591432717,453.5307788526246,195.8888888888889,19789,191.75913284726613,7824.215945601204,3068.69529701103,12.71446967124939
3008.6581189740036,1120.267380667527,1603.0368025817731,1243.6786802817282,440.3088416452609,513.8143935572391,447.9927404975427,1023.052782226095,268.279993777534,329.43900688566487,435.10817970394544,412.7976566800517,632.2790466033046,656.3115150364334,289.6495043908287,431.75355016374147,571.9705353747578,1122.7009362710357,458.9245038463597,354.05954948331834,195.8888888888889,19795,192.77154629661948,9380.930780973893,2980.4444092642034,12.81477952003479
3208.6435764102484,1304.4868887590578,1682.7171629140303,1269.8015407925575,361.05067724020256,409.4379552396572,284.71230371943557,1003.6799319337772,293.78431446595806,464.9747358147985,572.9839760900073,332.97194360726786,925.312860103,937.2532332265184,444.4037145147468,542.1121725507925,292.6523182842629,1318.276178973761,219.30930212122078,652.3074985373311,195.8888888888889,19585,196.1226110342762,10568.715410547513,3346.986997074957,12.915091037750244
3287.6079237869667,1360.1104426117085,1748.6976652793,1333.0155786419152,419.1603407470044,466.8478736834743,208.99180333581006,1083.0340149559765,226.6896582405993,509.48578696366116,531.4548915269115,587.5548783656678,766.4297283850663,776.6582574015885,312.58110160765085,410.6749391032219,139.4562552370785,1355.412729892494,360.8211362953966,909.6596824271473,184.22222222222229,15296,200.69865911040608,10998.99055211608,3176.3010107396494,13.015577554702759
3033.4453356947297,1261.9771446963332,1497.2379360299872,1079.0794650525563,166.45070804929193,223.33094575331984,345.79876269785944,980.3301150544485,453.39434376978136,720.3263110032354,484.53419553722534,462.0029496924896,706.8394106962643,687.134290103476,172.4880084550566,258.4188037668629,300.1251459956859,1217.529719287326,533.6149340054195,1003.6120599954644,184.22222222222229,15562,191.47997848679137,9615.857457073607,3021.129457908883,13.115909099578857
2961.010692030094,1262.3936836045868,1426.865440224034,1016.1698721470347,131.5651154022595,212.6549799230976,350.1313826418662,1034.4702762137942,460.67353879690654,769.7084309119896,455.8925694062367,339.940641457281,638.366268163499,584.0908584178019,46.48761942706733,148.88983629212316,416.7544100291259,1219.1304980980199,643.6918027570332,1144.2034474498096,150.18888888888887,15625,203.6802215433142,9376.168269084385,2924.3811865528214,13.215978622436523
3038.814585058833,1236.6682037524113,1486.784339055293,1048.9038422231743,114.14571939209057,152.1706209662277,418.777043374022,967.1910827325047,538.146294213053,831.2595803265659,447.45090273547254,279.3442492857109,592.1720491769744,521.5844109900578,52.4847146800021,152.3252410585759,440.1557369600435,1261.14448626004,640.79221184562,1150.9482573265545,150.18888888888887,15550,199.09990057035577,9612.99036268808,2901.4716710589196,13.316371202468872
3243.8616151089045,1118.1060119150463,1576.7526726632925,1021.4146657582584,172.23256707723178,78.19329966433092,609.757035679392,1078.5729283710214,638.5426390035659,961.632004151208,453.3464237545481,204.5483695269114,445.9312522665123,353.20093257606953,219.49632821802598,301.49357298504793,417.9107465069975,1405.256431636397,523.8749643268292,1054.0886244947262,150.18888888888887,15323,190.04490261456203,9686.510961561547,2921.9429909289543,13.416536569595337
3481.9685361620845,944.7692260984204,1606.8503473169185,888.8570368252641,367.6880856964254,344.3622358432159,683.6138457756706,1349.883511425985,496.97843826418386,787.2100723620136,463.98753284829195,284.183099295788,323.09536186184135,347.8990286912118,280.2006038605641,353.8907362578267,290.90751259707963,1297.644534008407,564.9026630058992,1106.6885431863288,175.57777777777784,15039,199.90515622353405,9560.54112806404,2796.808308024611,13.516814470291138
3834.9984506760625,665.4516563336233,1541.149442785363,566.9327040454918,654.530988964144,673.0066844867632,542.878262991209,1455.783130855481,103.15110465323815,487.1307298945042,464.75600687265717,263.64637957185386,337.3428900179765,327.9120894721324,290.60025387431165,371.71361576991103,282.8182967927431,1316.6714273666037,539.1538452924342,1083.6030489836003,135.2,14609,195.4025852816224,9379.205149998717,2720.898724689334,13.616917610168457
4096.222697570282,496.0999129387671,1416.463509458363,272.89471474305066,812.1512574304376,811.481547008515,301.5745016232914,1216.452604609113,439.59975949081326,816.2470001214863,465.4697620619996,213.6219821174326,387.6208894537217,297.8110272031091,298.28015730034593,391.7573473091447,304.43193992557855,1373.2771717300288,478.54842610949464,1024.7258399222878,156.0363636363636,14239,187.29954160173003,9338.234772015505,2664.111100627809,13.717275619506836
4386.535875232086,465.29319479256475,1176.502091230614,177.58682632494927,869.5219818927727,780.6872246111293,131.39285884790732,825.2370798987002,693.9432734339367,1013.4646016803977,461.37844290248876,261.52652957832095,346.8936967862421,341.1989437449124,264.9980653121326,338.44057257612246,328.113689181301,1345.890187469196,517.452624072753,1035.4473841601184,126.27272727272725,13826,194.6638301987266,9278.318603888003,2719.9557339903495,13.817518472671509
4630.364713187322,637.788778806922,893.0427601895,515.6855002314816,803.608897951883,591.7624801082076,454.66000101674825,988.401018453109,614.3504121868133,749.9163963580451,468.68645322741463,245.97056677130115,341.43294416958935,330.1540016667645,277.26646346582584,341.2346297237412,324.2414228586706,1336.30203362076,526.3098628569512,1038.8174231896498,126.27272727272725,13416,203.52294090010517,9317.16719203931,2830.6408282743387,13.917864561080933
4844.480637263636,883.8487898294669,568.4350595016286,819.7693461824673,629.266994655785,285.3145463130259,664.5257603603264,1375.476753248283,260.4883557734732,446.9432069552778,528.8503581135975,195.5581026951924,275.86057058233484,347.4157781218515,290.48742417528996,267.0262412284823,420.46479108916054,1411.504488689077,440.5942916489019,918.9905965165285,130.13636363636363,13022,212.89309823307977,9435.689699961156,2816.6760973792375,14.018108367919922
4870.150124295084,914.5512886654063,508.07233366990755,839.887409194689,573.7744450274769,223.9659673433998,637.0999968734693,1366.2484776693861,233.26452494736503,506.30216469421384,627.0233996027334,163.82681199100048,268.7988402492451,371.5276787215575,429.7040463947062,296.6584630326835,564.5418647477113,1474.9812355612585,453.44464725377514,695.7899315104637,151.6818181818182,12971,210.66393985538264,9591.415905629465,2950.926216751457,14.11884093284607
4852.7217464505475,902.1910704274134,573.6527996623919,861.4415277629571,638.1030583814231,262.1396859985249,705.5273802473189,1434.616406199904,173.1257032984754,504.5255712030086,845.64398686503,368.0291237035582,251.74912530861835,607.8373310865275,452.33086036783214,165.4384576863772,718.6891345182694,1673.0982685129984,216.1008286080075,793.9104411873644,164.3,13019,215.99306759613768,9863.293410365368,3012.073066954768,14.219101428985596
4883.884704373608,881.3541638473929,421.8832666424172,570.4411647268762,632.9494321748413,497.9403903911523,709.965333056029,1421.3346602059025,400.9580984306118,258.18195243226035,584.3990391107211,102.06321015159483,373.30479620023704,394.3800300616379,598.0688330156296,404.9213261188433,802.2904286996193,1722.4908383323782,348.09138573372724,513.249091254531,171.60000000000002,12671,254.17106536728343,9483.170375017977,3366.360804631237,14.322052955627441
4883.884704373608,881.3541638473929,421.8832666424172,570.4411647268762,632.9494321748413,497.9403903911523,709.965333056029,1421.3346602059025,400.9580984306118,258.18195243226035,584.3990391107211,102.06321015159483,373.30479620023704,394.3800300616379,598.0688330156296,404.9213261188433,802.2904286996193,1722.4908383323782,348.09138573372724,513.249091254531,171.60000000000002,12671,254.17106536728343,9483.170375017977,3366.360804631237,14.422090291976929
4875.478197020313,857.6484983472272,471.7011603115243,493.80272605171814,714.1347497968951,550.0854428663667,789.4010205752704,1499.918006675382,330.7443038212126,348.9879757805367,866.8343588993533,365.3300304279861,182.20004692265087,254.9626029718704,582.2291888115087,599.0876564153432,904.3067434539796,1850.7853120697903,445.8165323209798,569.0757463538538,173.3,12610,259.22145809209354,9761.596611458666,3352.372135504869,14.522226095199585
4849.95513648013,805.6027987620529,569.6887087023036,448.0198804887949,795.0331309085595,534.9685640472998,807.0949298809293,1489.209879809498,267.89040525305796,354.1678582328944,256.7102825433055,433.588511561126,687.7289730878183,890.7631149091998,363.4110817424799,284.41447160782326,287.6392616376153,1298.9094528829887,962.0164235069727,282.9214861730942,133.2,12500,226.556228051668,9988.04257472288,3106.2163163675905,14.622286558151245
4684.649596963792,582.8312011240654,1066.279535778208,741.3515911859874,1027.3663188317607,328.8407091590535,579.1393868978328,1033.2244365133809,708.9292246383559,202.05185327181727,510.27901762616614,87.3425483467655,480.67652457355103,584.36102544627,554.2828102247721,87.1776989399168,440.2586666816685,1273.3905287699663,843.2366158280981,51.527383118064144,169.0,11994,218.22178652539873,9423.995115529793,2890.248549733095,14.722366094589233
4543.46769637615,543.668192526814,1377.447299961968,1094.1481397999655,1057.4660930254684,275.68083090605535,270.4223778941993,818.6500487970063,910.1486171046497,282.87513698528477,409.7263486235694,206.60945349316214,509.0965859972724,663.5276393512542,439.366694508176,126.29266989773949,415.07789996713666,1336.1973471455801,807.5758389476078,80.54606773304529,140.2,11656,212.9656739640837,9504.488251221183,2815.080066018988,14.822457075119019
4370.886025068353,620.3734286172339,1626.7964736068436,1400.2911133335424,928.1262493898787,345.60678168745613,134.0069305302152,1098.6343235006757,752.5007679713393,303.6792141316056,412.247039928987,204.89590776031324,502.3076086297395,653.8783162406916,446.3163320539008,120.65955680786321,420.90895423485784,1325.0273124954317,817.5768394672865,61.887378492765855,140.2,11278,189.67650877805278,9236.795844458455,2721.5717388408657,14.922538995742798
4157.937343993881,797.0976062615853,1810.5885324152418,1616.5411974724361,649.4927900717729,481.46722950644914,518.1338690211085,1428.8168161115848,361.40094913776613,268.4310185911566,438.2060701514775,161.86124480665674,561.7635364322101,716.6540906690497,423.9265038842274,164.98172890575904,426.665915492933,1401.7926734368746,732.9718993015592,81.62193335951551,171.5,10904,205.39967897065117,9290.962953122144,2683.6829100641476,15.02277660369873
3949.8524076650788,971.3436583177411,1872.9217066545903,1662.685387968574,322.3633862605346,527.5686788122999,701.0074997055225,1388.8019864400994,499.34979844512213,189.8471834029093,426.3670215799069,376.52866262079664,277.5505483623542,430.6595838319555,664.7032581765892,120.88988594879007,225.48264864281498,1183.825267486471,944.7098536729834,332.99144098213645,114.80000000000001,10560,187.580481576505,9018.832556469297,2518.4334784642415,15.122839450836182
3544.2121800909085,1330.5419286708548,1863.2077083610834,1551.7906364271498,347.7306882877676,609.9938491036108,798.8519588666859,850.9285218029534,1063.557620361297,476.6562944991378,412.9040463618582,356.8381564199764,306.53115188616334,452.3601477251462,634.6102793095773,109.14368576395646,264.34900198080203,1162.7510516973202,966.4751069221564,324.6375706568904,114.80000000000001,9957,184.2269681913946,9047.815685029069,2528.7144252036423,15.222967147827148
3164.9879478176485,1666.3153854560433,1763.2564055378966,1306.7546998026198,876.4870230955833,694.3609167500007,688.5872726764973,535.8698792953768,1138.9937045721197,612.6198621924027,364.7374671785928,315.032779470858,415.3817917297082,509.1550516901612,585.5451422417278,197.33147918728815,346.5086730517404,1051.7882364431307,1069.729318443957,426.9014440547097,161.6,9414,181.58692456938115,9163.349793700909,2434.651686727122,15.323025941848755
2847.945645466004,1908.6324047974592,1599.8963997925177,999.5891848900889,1187.7949167866034,672.494323131491,434.7473063478546,930.0026850083049,802.8965285399515,413.8116506247087,373.23934868946714,309.01538543006586,409.111495605469,517.1270153641883,569.707873595207,185.02760516970892,361.8011984962693,1045.8198616636244,1085.7484759534009,439.9297745337711,128.73333333333332,8978,180.9224625730501,9140.146491778336,2414.2221934433046,15.423401117324829
2493.6879326714466,2122.7875299568404,1334.8754040425563,574.0150461860985,1339.5023371832467,530.2100674176074,97.30328667883032,1259.1200372486667,486.2781634845064,53.14054108018509,359.38222004431555,322.37191140897005,409.0158431661727,497.19785436633424,595.7210802598217,182.0734545667788,333.98951558155613,1073.228807244262,1056.5129576081563,409.25408615561486,128.73333333333332,8521,173.36740020747055,9160.211667060052,2421.2913553711305,15.523499965667725
2453.035531484408,2135.3290191277565,1294.6195451524518,525.6014623400606,1324.3342802932889,492.38293606472877,71.63746641263447,1240.3071746767066,529.1151824122873,79.50866380115897,375.48132507142424,648.7963972806805,596.9828936109751,333.27362988786206,998.0883714788747,441.6907758444243,62.293866112468976,1446.391457296042,684.6103494623627,93.4785724175067,128.73333333333332,8468,192.69564528830398,9561.866997069334,2818.085116075944,15.623549461364746
2656.2701898352184,2153.828863011217,1515.4547266499935,706.0124274377417,1521.862896685261,712.7253870279002,292.92087787407263,1462.7748536947445,425.2423270015602,275.0799997747233,543.5125138431112,904.2581245837541,726.5756696312387,305.5617682841081,1204.9756527191207,553.1467996394191,289.8611476285147,1596.0656967140967,775.9966378099261,342.2671806991262,128.73333333333332,8694,221.51373072299668,9829.624074829448,3100.9584484038674,15.7236807346344
2825.9317448765523,2233.2981447221855,1683.2903153211334,796.872925636852,1690.2313734623137,817.6351771000288,416.294848432351,1536.1900718511888,585.3388306151269,371.66625840848263,521.2551983261982,874.2155815162372,703.8193581179453,298.079766279882,1171.4107196440777,538.6290622198169,248.34404251950394,1598.5524089217295,705.6282753855395,314.5458620824794,178.20000000000002,8868,219.71668532854386,9861.175182431474,3121.7579810055418,15.823960065841675
2413.3406599487826,1949.13468941905,1410.9075796438317,897.3673779553454,1534.0884020304468,997.6560877164393,637.6711917477264,1856.496694581594,537.3807638913113,732.2257643434475,468.66026081102837,470.8994133684467,929.0273230709066,779.5110911080848,1455.7648827746495,1058.6379518743456,758.4437602819945,2192.6409719758803,884.9469184378567,946.8580440170773,178.20000000000002,8455,211.69803060354678,9363.633440455927,3676.1320607213297,15.924143314361572
2402.425598222749,1938.968425898755,1412.333832708519,908.466157990114,1543.478757903574,1007.1368855030411,643.0319304196001,1857.6279865931588,543.0392407015325,722.3263799392826,373.48675773214273,626.0575371732258,615.0852941351811,556.904868585456,1155.1371100944825,936.4683236480406,708.7019298006118,2226.530950404673,738.5409920250337,1062.0737232271943,200.4,8437,268.6180853657703,22062.35765958474,3935.1471321060963,16.02460741996765
2583.3810692151906,2119.349084287236,1355.632233164094,728.6776912850561,1362.8162065499498,925.819338871863,669.9251003188583,1941.3816452108833,584.377037649664,900.9731661900643,393.3937065469465,670.3589240105929,581.3010187600458,482.75377725262524,1051.336776083522,898.6186662435982,743.3502577485057,2311.5994020752637,792.8943324252834,1248.369327153739,187.04444444444445,8635,259.2627859370262,19324.02103246696,3906.80789519227,16.124637842178345
2709.747647697913,2252.972181559193,1280.9658200182566,640.2143134773768,1240.7685930487332,985.2928106111879,796.3342597409112,2077.708085639727,721.7244994000793,980.0884713092574,388.57744638732845,686.4169514526222,505.2672386747975,552.390377562191,1083.707781614277,976.8793717343499,791.2370280418804,2337.2161023571857,825.2163518767612,1237.151677521815,187.04444444444445,8757,267.79246055102124,18653.94898979267,3872.022919548328,16.224950551986694
2816.671063341822,2364.931176634187,1170.8291988242922,668.9511586439706,1231.3858915781389,1107.8836847627954,863.7234379785375,2082.8931292370553,707.7235818779479,853.9794227285132,389.4007760815412,684.2927236967145,522.6516128385439,528.642643185783,1069.0120869379848,954.7681418721796,776.7499977143028,2327.354954347207,807.6300750961772,1256.5879265959843,212.6,8885,261.45342602629626,18970.726915690677,3894.9951773373014,16.325352430343628
3015.669583453688,2559.588495501721,931.0478800370671,862.8065842864308,1382.5896593425314,1275.512256920962,841.0846678727783,1898.6713421815098,503.78282735449847,752.1385306396982,375.86506489578824,610.7472829967896,591.1102676133628,688.5637483295494,1228.5378876235213,837.6052667590933,618.8700999453862,2249.6983417564984,778.8579363869511,1360.0962752990745,189.4,9127,271.2224843394765,19528.76483992806,3967.5667596032376,16.425413608551025
3180.373083460865,2693.7917862654485,732.938161806914,1081.7704598757352,1603.5161700742021,1248.4176856535064,641.3184215821533,1730.051416518772,409.8783770187631,976.2891705735406,422.8999913547761,741.3549613238843,433.1427485897569,631.0619763844128,1185.656041358819,1025.712922037204,677.4765225156135,2151.7359928311466,645.1696403144673,1313.105935918817,214.29999999999998,9343,249.88304808447154,19364.51139431248,3989.177369004767,16.52548098564148
3270.8629244441313,2749.3141097806806,663.0270754688161,1188.7527478280676,1704.249561511186,1149.298205624035,524.7936806562321,1772.4656522949736,528.2036335756923,1019.884973432332,394.0620045991238,697.7080838847252,477.71951389968814,603.2123546078287,1152.677421801931,1015.7309638812372,708.9828603901735,2170.7448425457696,639.5859071510995,1295.4101825238333,180.5363636363636,9481,249.27089892577118,19464.544798852607,3967.019685191326,16.62579035758972
3352.689882461788,2768.85087757585,684.7157938275566,1236.5690453261345,1714.4231473188902,1009.6419365129566,570.6009234411495,1916.6456101215067,603.2078262869544,876.3906088578381,406.3081516330531,717.1644027718738,457.2304047532564,615.9606968497119,1168.5943574172588,1022.5802121683687,692.4929013735368,2155.1046378549568,634.3921300771639,1312.7067292000347,196.36363636363637,9625,257.80823009914417,19510.97430812493,3966.4958598791955,16.725966215133667
3420.2613822054595,2752.3602854613605,785.8246189848393,1214.5667073182733,1632.5934706119165,966.3351369864757,712.9255065758015,1951.8083722288477,522.4707614267719,839.4916553061123,224.0796340730867,425.34144150818923,714.2741288878434,375.20746751546096,1059.9551646038976,1334.4843404814094,660.652954143415,1864.9967553993579,679.8487958226779,1589.6118378759456,181.52727272727276,9164,238.57177429980345,19846.358819793637,3654.7728745081313,16.826271772384644
3605.1466591423864,2604.1827887290156,1239.8884692580862,968.8017092725431,1182.9432123964566,1317.239850113817,1023.7395620599074,1585.896377214742,186.27098821564343,1299.3803182383515,256.4610713253267,483.9385001343069,668.8901211371951,385.46037295013616,1021.5546856259025,1298.41024475902,724.7084888878428,1858.492309312036,602.9853612502401,1623.9284361841806,154.0,9633,228.29618088829505,19741.437136745553,3584.2323414338503,16.92667031288147
3659.827644988814,2520.1551973301007,1398.7520157884826,834.1790801510562,1040.7169036844439,1473.6387369440804,1007.0073660502225,1444.4332755480891,347.1588789485173,1325.9013221719672,493.7496693910312,723.5738395578194,615.9412819576196,491.41576782034315,867.4664026436011,1279.7305190829693,982.1786539986974,1776.7299305621482,413.3241954646825,1803.9881125824384,182.0,9795,213.4026564645947,19400.60565379139,3720.284945697086,17.02708101272583
3753.168461194,2262.3428358761307,1694.403531166392,459.285595194403,1028.2467912190382,1633.1077380797747,691.5727238716116,1576.2672243953211,591.8769749542826,962.6831651954379,232.8386993914971,541.4973780206601,569.5751818535256,519.5170803843213,1128.7935366121278,1103.329601616685,763.4105681758315,2049.099008278641,412.52455444634137,1566.8686026521698,177.39393939393943,10173,235.46790170160358,19748.45438462851,4037.5032927142456,17.127488374710083
3904.4042269438633,1726.4750977873682,2100.3020942813027,359.9917593361155,1623.7252682708308,1493.2876028844346,275.4895653544751,2240.1322686209987,667.9495202931283,990.1852174833733,172.0337474799597,587.7285820535648,532.4614676703625,803.7522757087545,1417.1090164713341,794.4739623425305,935.1345530226794,2222.2336485120636,177.15036152946132,1794.8136918294442,177.39393939393943,10848,234.7543165981061,20157.355811620342,4282.714019419612,17.227519989013672
3928.9177157128534,1605.7461218316098,2149.488931235509,495.6546754277851,1751.770790796573,1391.7782537732203,403.5569053366081,2280.5235805770394,595.9679699196556,1120.6163245741097,382.9194679458582,480.8805981600836,770.5882570556615,333.1050211354089,1189.1037139909874,1230.2277891575072,409.32308086058885,2462.83982780579,739.339295259333,1375.5084553161707,201.280303030303,10980,251.90619040953317,19628.729653523562,4731.244997997832,17.327731609344482
3986.056529298269,1057.0744750639024,2165.9287448372597,1011.8137723055148,2038.7543618563716,856.5500090767932,874.3493725663061,1823.3852909624381,246.09843811190242,1062.6329014669857,108.31867867504481,596.2143058666809,481.9399097854791,554.3287054642487,1058.0385025475612,1232.6885775494416,593.1577207216575,2154.6977275195454,790.4911775296499,1105.0462069498508,228.06060606060606,11536,294.0675462423761,21129.396057777732,5040.72234124817,17.42786955833435
4086.4284918217886,224.86622586436886,2071.0559168632635,1666.1757139329861,2107.6890777866884,1053.0604689699708,1272.2557196265066,1183.2017982384664,1076.639427643138,286.6982586543827,239.91056750952927,886.0432886361365,173.9213611444337,720.5350528624709,767.4342720305314,1534.767711412309,556.1535478764989,2246.0883712850045,1084.3266362491981,972.0307683714227,214.0,12393,276.2541905655823,20078.340582157787,5311.491603419679,17.527912855148315
4238.501956899606,699.9187603887669,1929.7139588856705,2201.9713999424475,1865.1966131393906,1934.3473792538032,1349.8333176161107,1811.0749636032413,1524.9037972565525,721.4732511294831,213.7573262983081,852.9224977981477,173.84337561160433,752.4245141393061,781.9739871224557,1549.4499217790371,607.8982334658875,2235.7234634605115,1162.6187188177844,941.2837231818235,248.5727272727272,13251,305.26374437508423,20112.512449407637,5307.193264787309,17.62822914123535
4404.528128784426,1501.2742146735714,1759.1359404216164,2474.502104716746,1355.0708333112545,2476.368128170831,1024.7298293140373,2477.774558129612,1211.8504296248527,1200.0120906555576,257.80697274433754,903.2902630892053,197.22909593230625,687.296429932441,805.0655357869256,1482.4320665364571,607.773034435375,2162.592817079129,1135.1278596288253,848.9559280076342,248.5727272727272,14072,318.68060172269077,20196.51606704673,5326.926807069225,17.728289365768433
4617.762673588038,2350.450952857755,1588.3503242113086,2538.818386493235,594.6509898751751,2590.969039599129,432.0398050676759,2511.209071431273,343.03508341568744,1042.7253521719254,264.8568789258845,909.8615790966861,200.80850187118548,683.0260757346449,805.4415865354647,1484.4762370000815,604.3986803189232,2174.3001945706797,1128.2576702350816,874.6801349187283,248.5727272727272,14955,307.40297910939944,20192.61473982012,5362.561781076858,17.828307628631592
4843.955518669065,3114.706361851418,1480.177469233809,2348.9597082733526,269.73744546060885,2171.8648237169295,479.9464257355401,1802.045219437786,765.277335880861,255.14196054684163,248.7279346749289,893.5065550744241,187.18074354228042,704.7080456723779,791.5684508257948,1506.0504070911193,592.4998951410183,2195.3826610281358,1118.8943523714918,893.5126969690155,267.26363636363635,14373,316.14337017256014,20148.518057462272,5355.034166370124,17.92851495742798
5059.264718497612,3747.082456988183,1452.5383245722558,1956.9680171863365,984.1228170501641,1431.675360150037,990.9709310006863,1180.5428481914078,1364.1134761903365,602.9434110302161,297.43124270288837,897.1293452174212,120.40034096209828,841.9226465293187,631.7651013029366,1423.095578578526,619.5852304028942,1943.8951857432617,1269.5384669530188,750.0671898055145,267.26363636363635,15172,310.1378836267657,19811.568510346973,5173.521334452587,18.028531312942505
5198.515936778385,4124.167021484999,1436.960167502391,1527.4930608693614,1377.5398905600969,964.0925161971968,1137.6025715863811,1539.8422929830133,1310.502525987375,941.5507043944518,467.7716062901833,1017.593423110264,309.2301296262566,835.7930091585438,762.1902725012864,1224.257361126696,825.751253089176,1875.2014416751474,1419.8801569575892,969.9769806433229,222.33636363636367,15734,292.3724836977659,19637.844800601997,4906.977072451547,18.12872338294983
5254.926393336883,4281.815760210573,1367.4152503414289,1199.0371894538941,1451.453773895012,1070.4860091199428,973.8998256780259,1825.2977313783583,985.2427280739058,750.9539056417284,267.642552956704,836.0670310486078,198.9025236400045,976.6361417608083,539.5942367063909,1396.696791663922,786.3903924872761,1666.199429302389,1587.8829263932294,978.8432962157,249.09090909090912,16063,264.7886344327733,19892.96654593253,4684.186833804657,18.228804349899292
5310.438964054727,4435.292656138751,1184.927229874537,731.2486890768248,1334.0337945682238,1601.7799876472607,451.7850632836173,1848.8957675364936,864.2791757389488,297.6908475869118,269.9034008653534,835.8201965330754,212.91860733563794,980.3537271615124,558.6558717966295,1366.039824210819,809.9475225684685,1684.9797541204516,1569.6831473283855,984.4928356835713,237.85454545454547,16610,264.71962898238525,19867.146375834316,4839.921050446033,18.328916311264038
5330.674274298795,4476.357709588206,979.9792765239499,784.3876755572885,1016.1329367275428,1979.2488121286522,365.61789856860565,1410.1796869737343,1375.5931087009174,780.687366446263,453.63788989980407,1017.696123944101,188.94342094092806,808.9120107346907,608.2202940468484,1465.4027877485305,658.4047776011494,1697.1638633050065,1579.694463026278,959.1234577944534,261.9,17110,290.78359381578514,19594.40200165843,4881.413045570678,18.429298639297485
5318.874249265612,4425.610622527828,802.9948947555852,1150.4110036678712,645.5636151352525,2019.4284368979525,765.4682316907653,1106.7901337993042,1508.938422893152,956.5336206751941,222.14150838260477,797.7462151596891,334.3945285103421,953.787810161395,752.8109588973332,1249.9847400807228,695.7912017796777,1916.659978524779,1368.3804920027787,745.2118269142582,202.60000000000002,17517,259.3450734466797,19766.99322170209,4697.197626392643,18.52959156036377
5263.641707291903,4233.4045100835165,608.8487692428251,1720.511869899241,189.61664084354868,1677.6488531716418,1147.8546171950456,1483.8191285038968,1086.7551915076806,604.2019089206213,359.27852997839113,914.0370994318558,196.7116464941621,930.8159231224756,616.608521419476,1309.7010020965606,777.7071735321939,1843.504976171302,1382.7186878421717,758.7038499758647,253.80000000000007,18103,253.68828922616194,19610.401503597008,4606.02869910833,18.629907846450806
5193.544295444536,3997.7108041810375,615.8658053007175,2063.9895975934187,592.4161325798932,1221.8084083655688,1161.867704873086,1894.7431375351812,706.3615629959812,208.72925012999173,292.5432563133126,875.3360246114435,271.05804487232814,878.2135176828361,666.1453596643623,1366.5533837122425,713.3805639358906,1770.9151729724244,1466.8923747134709,841.708902392051,253.80000000000007,18560,238.71128778354102,19678.360046877537,4498.3471953132475,18.730348587036133
5080.2370208392285,3637.777224503459,779.2896894904915,2267.1891502416725,1079.3488521807271,912.8224317676105,827.6107568381236,1905.7801856849806,1102.2394261198895,710.7568960961345,311.39260071322786,887.4512732718749,249.90335843843135,888.3379764029231,648.8706084785857,1357.4536428152041,732.8759702341285,1781.5149948230921,1449.030810859575,823.36787573477,225.2555555555556,19090,245.6762154265857,19622.298292054686,4493.614631841048,18.830777645111084
4974.675792253229,3326.6675022822424,928.5370192771107,2256.2065399208536,1305.09850269571,1144.0223873225914,454.88251313440276,1588.1404483935828,1377.8972560322582,862.0492766894708,445.5154181761883,937.5731265239499,158.23994746614161,1040.3203778161392,665.7221985825493,1198.2831199941081,732.9284830292916,1915.5403353852091,1427.9877109350475,855.5988107935685,281.8888888888889,19465,245.57476196689953,19467.94378059882,4665.436243434225,18.931323528289795
4750.1124941429,2699.7149586551636,1209.809902519661,1972.3097853146394,1451.3666613918208,1802.352136217738,594.7665271312982,1136.7548547804504,1211.6412924454155,496.3864738062786,261.71870259242183,969.4263705419166,317.2322199319216,762.2585674772367,422.36975212209126,1378.407250281621,1008.5475812611706,2026.3247937597625,1135.8507369738443,582.4217785258556,272.9333333333334,20124,250.97534523771915,19876.03579191355,4972.189308946893,19.031720638275146
4515.2180349386,2059.6705965655656,1492.7460864325462,1508.7492147338312,1376.909969398063,2183.7815334631196,1211.5673652832243,1632.0636512498202,589.4596543075669,148.38918000378266,267.2741256896432,951.7262769155419,290.97796032315017,785.5066412324403,460.9050964580833,1373.8917109412157,967.2443675391886,1983.7042288552345,1175.8269096339782,592.1252554794182,245.60000000000002,20772,268.6568273733043,19894.826456774885,4983.84784432871,19.131974697113037
4270.862442161925,1451.72653305352,1734.0597261340035,920.197130308408,1113.9190851882545,2178.372827310986,1533.2038167110322,2165.0781478910467,619.8656730228716,704.9738029313822,268.2617362037362,906.3201593804921,308.0964530798808,757.5002623911246,486.204859782205,1431.0413442336467,1014.6317998610249,2016.5105365633578,1111.6426146575814,580.0281855549314,245.60000000000002,21398,269.9204405265535,19684.802624539043,4892.189801506389,19.232460737228394
4178.493933752382,1300.99819450441,1756.4112560308831,725.2590446786598,946.9959920769809,2026.4223095661005,1450.8609543756816,2114.15514927272,793.0311891238185,657.5599077520377,494.2266951716697,576.0721301060116,621.7616835251887,573.8933774665619,691.8469289634605,1783.9057821122158,1389.3777598833865,2342.2407955356,865.6118906181681,793.7838325735298,245.60000000000002,21601,274.5230264331853,19021.667161169255,5249.1119816706005,19.332836627960205
4045.634507961701,1195.2370458278708,1714.8740149097748,580.4127850068336,700.1668949608129,1779.6228079274226,1213.8839068938523,1877.8564663075763,817.3165620573526,413.1491955006357,461.14332643952304,615.808396462875,579.1671326175921,601.977893300382,686.2426639914039,1767.710020090471,1360.7925846830212,2310.1690787066964,865.5327228573395,753.358185109547,259.1,21846,283.723668529717,19246.550858056286,5220.692102082845,19.432900190353394
3869.517517992746,1227.0898664110898,1568.2497684482505,700.6471883010361,582.3292951154592,1686.4360515097248,1072.3514021267317,1772.3695974377215,547.6353513793808,491.9168868129986,689.5430497348568,287.25621511867797,816.6397309167338,377.292983979994,340.2517992014982,1426.1317477051077,1014.5262806848821,1979.8451005323518,685.6422267513477,666.8910361058718,259.1,22120,277.99572759053234,19336.691048571047,4910.2258692186715,19.533145427703857
3966.50715453305,1163.0174023566276,1678.5110406698964,575.815401766932,519.4560894335444,1600.707193820445,987.0921258294313,1659.2528518631436,603.9427084648996,397.06235471722096,895.180367307801,210.800388539668,976.7395643425822,487.8304851998032,255.95318645894955,1298.2301662004825,902.1059011313616,1931.7985375617213,417.9149496894259,927.3937393468227,224.20000000000005,21996,270.29643492947383,20775.3531350185,4738.181246341259,19.633302688598633
4303.65095804053,944.9720941605837,2071.801803654696,204.25940168044693,265.76165820950183,1208.8479131182783,592.7915471667995,1313.8253991223955,500.73157427968033,696.0873858475,879.2638961231609,188.1098160202004,981.6841885304201,450.3274057788305,212.64810647278813,1257.136071309759,850.5780773047386,1871.2334897592307,433.55113646915987,922.1797990281822,224.20000000000005,21592,258.75085285517486,23718.386944750404,4673.316471590694,19.733421564102173
4652.423727195154,745.2219691174029,2421.0857081360773,367.0276352352972,199.38179768459037,999.724848967679,547.7598049081006,1475.797914689736,146.3618016807248,909.6908414410678,708.7185079611804,476.8358876792476,1285.5229847324076,298.4894948013456,403.75389162094166,647.5352123241441,419.929210888305,1650.234067164115,316.48261897066243,1546.5591303419721,181.81111111111113,13427,207.72838666470426,18129.241909717304,3994.1608852290565,19.833472967147827
4397.19754840437,931.2724259494528,2246.826673374602,109.34617204006358,323.7032302450454,904.8998539772733,302.504767016692,1225.4389269394578,379.21417418297324,1111.0092057225745,691.819248481448,284.46049849707515,1036.1113426758177,61.422656730347946,244.03210256528817,832.8373797517759,315.5997800940343,1429.2052574102595,504.3790129875734,1573.1513197234358,181.81111111111113,13678,206.49773732055678,17880.481572501958,3714.715852655557,19.93347978591919
4424.700822538437,905.1210548660426,2251.4752201313377,127.5944150654437,296.51232202183263,932.1599498692709,323.3096709855196,1220.810764589463,389.6263691050972,1100.5045868544157,707.9483247130951,297.7817926892465,881.005920656562,112.93591663845089,344.58194547501023,851.3101861547246,202.0850069061279,1295.0887829390429,630.4395052063828,1724.6852420237117,181.81111111111113,13662,181.9141279487481,17812.808493985718,3565.6214100482016,20.033827304840088
4522.860806805022,806.5658065264898,2232.069165374703,181.31425431055808,247.4680322202556,1018.0992998688452,332.6212629069068,1131.9200389250666,486.0165406932067,1176.9521449352728,696.9473668879841,318.64514391733246,887.2343197998345,92.00624109962702,361.96036422318053,788.5496209956987,192.27000948283128,1379.0320298694476,535.0015337491759,1637.875319759895,212.9333333333334,13553,193.5373412516455,17866.149938598923,3643.4943058010567,20.134232759475708
4852.824006520274,482.4611556964432,2042.4335152551419,416.78478880463024,500.44237852576117,1118.3558173563526,231.93450606297222,939.0346406910002,639.8979634667829,1399.3690059437179,721.3653696380784,406.5193085229717,762.0979954494837,225.682145543848,504.5896784741171,712.0724492446664,75.19746640067976,1403.3574303192668,527.6273993720168,1675.455059310832,187.05555555555554,13217,207.3272416949995,17609.25673508109,3906.5663978544894,20.23447895050049
5110.287085302471,335.2708574560199,1813.0332529732154,600.722424025628,769.4329163219561,1009.6672516355057,211.74167853240922,1160.7350318801618,499.9294488408099,1212.4490258623891,715.8979211366394,497.82415137071996,772.2444772821486,229.7804836960445,491.2475058211818,676.2597396618655,174.05146164356958,1408.0280343422098,540.2111295184613,1698.2926047792719,215.33333333333337,14855,213.82464867905625,17268.98480014314,3876.7877716053817,20.334551572799683
5456.000858406101,541.0202144636621,1423.4231516208267,815.8781557507792,1048.0927791142406,657.5881304619719,366.1728221574678,1503.1100501852743,105.09804696078162,905.4094111338486,740.2769260323201,384.55287460707245,716.0586242048464,287.62040943492013,579.2723006510596,622.7271791719759,179.54958668289152,1524.3091530069973,401.2243164815377,1552.7254076315742,179.65555555555557,14455,210.03625664896433,17360.2704311412,3702.239772704068,20.43464708328247
5683.572110459626,817.4329264779526,1146.4303247569483,900.4938029236123,1112.7302965527065,402.2988604696272,433.1968113186172,1464.8904483244542,337.4088430874213,1151.7199564402358,730.5732232995604,409.7486175169864,734.0026255512713,262.54590446107306,549.4846978794326,646.6927072019554,152.2691695269309,1487.1856942523652,436.580810525937,1583.9341920311344,190.44444444444446,14170,204.18556491909533,17645.626618592658,3659.257661551738,20.53502655029297
5853.745047953732,1055.117424590645,985.6062957134554,897.2847340638882,1044.2529220686072,457.3844563180851,388.56902334274287,1245.509858450508,499.01131873353717,1293.4364699477032,773.3291652703681,350.5498367188971,659.9146434325378,349.48927141420853,633.9853823114174,561.3105458902024,236.12619912861547,1529.6972737971703,443.2908665853297,1618.0714102739125,212.3888888888889,13931,196.43055525476063,17980.947486919897,3700.5337310989657,20.635237216949463
6053.9963938752635,1359.0124409740783,979.4541322639666,791.3898389403525,798.6048609966665,778.9739157293849,210.10169693781202,1061.8894580922981,455.1173866538627,1067.0801067279247,715.8299891484751,404.1532632966345,758.458948595208,252.238475847389,560.341437975991,650.205790544727,177.43040858050762,1559.9150296289558,350.2438889973719,1506.2024655190587,185.20000000000005,13604,203.75008170704672,17313.2391887353,3785.1204415796983,20.73552393913269
6233.106868855131,1648.1498493063,1212.1659625954492,596.4760947777328,459.71909275224647,1022.7628766697273,167.37030811331172,1330.4333116413748,170.47921997862193,848.8119845747922,706.8215918974385,412.4484795623429,777.3241273821588,239.3372161356036,559.874569849223,654.3815699630746,200.23993106871072,1591.422076533491,339.995813610975,1528.0507339672345,197.1111111111111,13276,204.13807447182455,15954.98106434863,3655.1816699995316,20.835575580596924
6339.514660580075,1828.8784889119358,1448.4401356058922,418.83666998815926,314.6425714923387,1068.3502517035934,303.7594783522829,1543.541124902434,98.96562062393727,1043.1245227539346,960.4136244657839,544.459561958048,676.105479639935,240.22196809617148,277.8280903043583,933.8968817153863,283.08474969386566,1780.0671808388981,124.45413626519972,1464.1412248770819,209.1111111111111,15417,208.21229737674187,16229.591805822643,3488.935157763541,20.935942888259888
6381.163598904251,1903.0366278221506,1583.2093103753325,283.051136872716,406.7476185551763,973.6731839497662,298.1324008062962,1497.9025449999879,210.6676469830312,1097.5350073381442,604.4002349789148,286.6826291438005,661.6609249028044,441.51694134458444,609.4416883425523,773.9300403015816,139.7692497644697,1495.9896760872068,238.5514210409361,1143.7707291948152,171.29999999999995,15291,192.0350893526379,19002.591239038236,3458.108502379857,21.03595232963562
6449.054764667234,2034.3650313321525,1862.516350666131,98.94553650484971,754.7965374123395,627.0128576415136,249.5139744401825,1159.8654506256378,379.8373988744148,845.7030570050007,379.4699572473202,196.63148282805486,589.8902128033924,677.2244773923161,683.1263758145404,1022.128002683866,389.64584712378564,1735.7981520646274,215.88742354945404,1331.7237660307528,166.01111111111106,15653,180.4927034676648,21623.968399505313,3199.4109704720813,21.136152744293213
6576.312935832407,2365.1216610962015,2463.142115413486,1039.4837362121511,1568.2873203320698,728.0576751205414,842.4713811907168,1070.3111008324045,856.1673718255295,646.1512701816581,661.9479542414153,419.84418273663005,870.7924443933545,638.7584110229201,986.3193987457329,837.7640549748819,661.5461422619439,1499.2654490422287,790.7028398353928,1075.1746689201261,122.96666666666664,14717,136.29954407321787,10415.458681486118,2854.074407808628,21.236342191696167
6569.399213389122,2329.3316081399394,2403.407555124311,904.0506111397333,1500.6287308035057,560.4059719396374,818.1941082646978,897.0055986379023,909.3632657586531,494.64121944223797,867.4076494662955,565.0440260800366,958.949844215941,425.4458859982914,985.1284959798443,415.3446225846411,719.9625855598701,961.7879171435188,1125.2265407239754,537.0058028887405,169.69999999999993,23877,139.27514912122302,10600.506921794784,2927.468930669089,21.33646249771118
6545.724192050263,2310.5448549085436,2383.0101152354337,977.3929357749005,1426.7416307963342,672.8221650710249,640.75879100287,989.5238986822271,698.2807448795799,413.86504883557944,528.6081536778202,244.685901549844,640.5540952867195,109.78452628846581,776.4327546239895,139.67332278879948,804.351097809257,657.9640938268418,1380.5957479575907,534.8170859870717,120.89999999999998,23686,139.362120290784,10251.842263464685,2467.2993451023917,21.436841011047363
6436.236343581532,2178.3198652327173,2165.986077882689,993.8003695452167,1008.9446720629078,696.1837595167744,310.7478040539731,717.2783671667862,946.438762443468,145.84364542378876,527.3292401443263,248.27246355245697,645.6295260754423,96.46775789213079,798.0030381699607,115.68850095382972,836.0061915780415,669.3658649677515,1398.6445014685341,592.9882089372394,120.89999999999998,23169,139.800802497416,10266.210402108023,2454.7954254400534,21.53703022003174
6273.418469631392,1991.9017319463235,1804.7333950418179,980.6601627298048,454.34213583173363,663.4473931198947,807.4229439530909,163.95256018301643,1458.2613161631093,688.2791440969369,512.7795715685048,233.86511060399206,627.6777045727925,83.04876703374421,782.6014202217017,101.53772549643068,851.5138995766989,629.1714482532298,1445.3313513438468,621.9074501609915,120.89999999999998,22635,145.53177885315586,10266.874102928228,2577.9915507475735,21.63745903968811
6071.394763040381,1773.0454272820466,1344.214845215634,919.865666809863,491.6245135510779,561.1909191783568,1231.1920360681918,487.673792105569,1419.8600404866822,785.2148385561269,489.92795876348686,234.90002550267025,635.1871769681164,64.77515677000608,820.6720282725828,100.67915101023036,843.6586737352441,675.6436464181188,1391.2459781568389,566.8854801146726,120.89999999999998,22071,153.7356246459125,10241.720070975303,2697.5277814142137,21.73769211769104
5832.506425395345,1543.653037687817,812.7676335462846,860.2524996185025,1043.0714522211176,514.7348851961008,1344.2265023531963,936.3730347528368,921.4995213322231,467.45598974936706,518.3285019127842,214.99459168794175,597.4925702487623,61.22848753242774,793.4838726587695,48.184021600583755,900.2537259368488,693.2435115336256,1383.7959219007232,580.6595571859318,117.40909090909093,21522,152.25500739598914,10289.283150583818,2662.7313089736435,21.837809324264526
5511.841507797639,1299.5320206295194,178.17238980135494,834.466195234688,1588.3977698346712,607.6714620805366,1039.4018572280374,1063.581107432026,724.6338284139742,229.5991343903888,474.19509930735495,228.8066484690379,637.0525292807413,67.89060771937983,873.0730509415856,153.87752531585002,778.2843852585237,678.156057381015,1404.7990759467384,579.7796811578417,160.76363636363635,20874,148.50040437796125,10213.846388154372,2614.3326389017766,21.937817096710205
5159.712855911555,1160.250569518322,573.5754504041582,916.3503202297964,1906.7436031985324,799.0457546819571,441.35856663749183,793.7033292476964,1376.2470571108904,789.0304258460919,453.2251527596271,311.90163728098855,728.1887048184074,153.06493525310322,832.777167477929,187.05479110599777,775.2712171261139,604.3720913970678,1463.6855778134845,632.9400450764925,122.0,20208,154.13441493017052,10082.065101349974,2666.2358939456235,22.037896871566772
4760.581821957217,1189.5646469650853,1256.9636029206795,1072.9457055083499,1949.4365710388195,940.1297138687694,349.37731748002847,207.226602618704,1653.4225147661855,909.5533650032048,446.42731313285793,282.3137371165787,713.5590608039732,160.96822943190406,864.8482019446657,229.80952211552196,744.7670015797536,554.2915430096417,1511.5231819978992,675.1569541005945,122.0,19531,158.3350831759679,10054.8957038107,2690.084306042201,22.138082027435303
4439.572631898137,1306.1785102131346,1712.3315638107993,1155.5362900979185,1736.0544951866916,898.0137217725354,833.6857600391528,307.54505530622595,1327.9717541312482,546.2647290982952,453.4149723293165,154.1140206922642,641.3653129991421,216.80995978097303,991.9242302977945,354.83968633496784,640.4595192014498,436.2780196740889,1633.6660896320095,786.430692216135,133.6909090909091,19006,152.95800631670465,10215.192656501844,2864.7054918525937,22.23828649520874
4090.0082220235745,1460.44555172113,2084.0679821343224,1152.9893725141499,1305.1519493630756,677.4506830404172,1095.5220549522771,698.718323032556,861.6118174025775,247.19133196905145,449.1119672183487,142.71469589566976,676.5309838290061,276.29733042099605,968.6554459335892,350.16853605768415,715.4718662640839,486.5115775261332,1549.537925996795,707.5137007517629,164.65454545454543,18493,162.42540570107047,10432.754439319904,2841.299518228774,22.33838391304016
3761.9377804822075,1593.3103860365338,2299.7777430556102,1051.7866811873785,859.7527443330372,352.25432252138137,1017.9370676143933,776.1912714541536,1135.4468338262454,692.6606971465509,453.3469038215562,140.5412892641728,649.541038929718,250.39752126221015,994.5130032805632,370.4411596849574,680.9227976330216,444.76597453265964,1579.3490518191425,710.17377351307,130.89999999999998,18045,165.08093719545525,10536.351941772027,2808.8713662481637,22.4384982585907
3405.6647167218675,1716.0350499510253,2403.838316933411,865.414199265096,691.1777794458209,141.0328312988702,671.8919743520514,577.4359893114383,1534.9899913001757,832.3778349349838,442.9140046681837,155.09991761172034,691.3041776418511,263.841433212844,949.5067091087043,324.8894065066663,687.4965918443387,472.674004606791,1602.6886527520894,762.2581424804764,128.5181818181818,17577,157.6203701572139,10466.702888788961,2729.623967286989,22.538692712783813
3023.097806724903,1811.687497813821,2372.131230368037,606.6935122505417,1059.1568921634719,482.8907652868285,242.52385996638216,138.94730567803842,1446.8879641553006,486.4981903321347,436.1699737286073,166.04208280642123,693.6312305388884,243.3170724669832,963.2914426734103,345.73964640281724,669.1081847629149,444.25458381377837,1580.655923878103,712.2172511171548,119.72727272727275,17127,156.59875197960574,10084.041955628574,2745.776605332669,22.638885021209717
2657.6506096342005,1873.674860640119,2231.366402616949,378.96666245172565,1472.4520552439822,747.8040150921485,515.9121133621555,309.08646213296413,1034.7563978040748,228.697249661481,435.1276653700341,168.84640305112734,698.4342153849918,240.2756396370183,959.3361663366017,343.7556589660155,655.6588648819984,427.12780834210014,1585.2017395327864,690.7481547166883,119.72727272727275,16690,166.39139804670256,9951.740859457006,2799.4961885302782,22.739113569259644
2256.5793671605793,1896.7648853884316,1959.8062455780314,316.47566001677853,1754.090230705729,848.0339002258858,908.4783796418203,648.6821009811782,975.0182812292958,674.9324678892098,351.65238191021024,321.5268724167606,751.2084680670702,99.16217060570622,1098.715539103821,498.36272717484013,758.9188254635482,546.1280851355092,1474.656756494274,791.2255458450458,147.00909090909096,16262,163.36886876626045,10814.400310164758,2655.82543125514,22.83912754058838
2007.2961576122095,1880.307771870895,1738.6178878583462,407.7974157097756,1783.8933315757813,781.9352306390349,987.0760682645849,685.1954431622222,1237.0640571410484,741.4099490557397,563.0695027642074,92.67444203606519,799.1842021732492,340.2778259850521,823.8919318210902,392.9208974557216,479.1781846870402,326.0166523295953,1348.9793542780615,572.3358234481578,103.20000000000005,15981,143.09394712027557,11620.94280084138,2359.836841688353,22.939143180847168
1437.851045950006,1787.574551690993,1159.608156571493,726.9682180901145,1517.6225579162767,391.2163007083471,753.769268220738,389.0765274438819,1477.785300880641,285.25348077167547,531.1481018229223,87.28623070020714,767.1036357293159,330.4468688602292,823.9102888928621,350.2232304888464,464.1180640442968,280.16600495314015,1389.8391132231218,514.4445410348067,103.20000000000005,15407,137.3719047194333,13150.124826776013,2300.8614402496924,23.039238929748535
915.1598529420172,1703.5561001093743,659.747849806852,1038.4222713233992,1079.6358304745825,225.89650179569628,345.3078247060481,226.45107523115146,1168.5054493337868,275.54807385505853,512.5325504477233,88.43723662525203,748.5927583929354,331.0190773501927,819.2959714370917,329.6759161537251,451.3141019442049,258.8160476368168,1397.9948217629924,493.52403233821894,103.20000000000005,14867,130.32453101577812,14850.617067005898,2235.472787622308,23.139551162719727
406.7839798193144,1616.1329631770968,542.9159025814555,1254.5765242000227,570.6195361397465,536.9499813892592,166.2021297233235,468.5921673603101,697.0262980100648,658.2305066806445,126.44553128259189,394.58801781857744,358.73033557839295,668.7204045617653,502.08551192280083,404.82388504858267,153.13468212169016,453.8155685741797,1012.8782761317107,826.8674518114528,115.10000000000002,14360,107.96342406513378,5640.043150079624,1842.9853170090437,23.23970651626587
273.9428269054366,1577.9702551040002,635.647177534147,1262.2767320338735,499.43919039921246,578.1760293320036,257.97787049360915,469.09867779363077,754.293473194826,619.2640493028165,186.9023215700388,338.20211806936027,410.6512286433716,607.319190830783,559.6264495671331,347.65642374612065,129.33134769620588,403.1233512780218,1050.9957006127952,792.3540512645271,106.54545454545456,14227,104.23692313501296,5583.150113924548,1807.5034590017876,23.33988046646118
95.79875200139473,1486.2356133042472,818.282520264859,1181.093898062848,586.9990179045926,512.7369507394443,299.0627166840642,312.57338079474863,931.624952662527,436.7987383141461,230.0472912898506,312.03895603059,432.84866122926724,577.7969470997452,594.1416352656594,322.01188407108685,91.49307749931332,409.96947834083227,1029.6439192825774,818.9350004534273,96.19999999999999,14037,102.7806327396623,5549.116841898071,1779.2324988877278,23.44012951850891
177.05781980040953,1329.4069644320289,1050.7227886195828,985.9272418938361,824.8900114858196,311.2467121688023,264.31617707196096,162.92815498231138,925.4167872688112,555.8781310101722,224.7054430875096,307.79996414716805,441.3422965118555,566.7233084447352,606.8334948855446,302.7710880611339,84.31999945043778,397.3097679069348,1030.5956161252461,830.3869069729716,96.19999999999999,13803,104.12158890731683,5549.563086035303,1788.6807695702068,23.540214776992798
643.2688035634548,984.0465838236214,1444.6715787145808,518.9142388329784,1226.92864014547,171.90696909037055,339.5945350072138,617.4130031199137,490.44704935184717,965.8390498456625,447.5380842316727,326.2502838707501,508.71576547078246,590.6701329921593,682.6514503272657,442.4587836463802,187.74411510279174,640.0168014083762,832.2292023236153,975.4737610503456,96.19999999999999,13328,104.49348339042882,5312.6069493429395,2014.6621994526922,23.6404287815094
147.97097079447397,1435.8538617073148,1219.8220921534078,995.1119429367312,1152.707712391642,381.73219617984785,642.3389298598305,606.3686230327562,912.5196892278261,1248.0125751979551,542.3256839833819,767.195078291848,1099.332229928203,552.7320517718389,1375.668558098244,566.5813604193196,851.3267821435933,1077.7328348178296,736.1170113808624,1841.9729891254235,121.92727272727274,13836,126.8594070381996,8281.863542960818,3074.258556354327,23.74051260948181
356.24854221081256,1900.9262047252857,1392.475228570736,1334.2509489614108,1540.1505227309303,792.6844407304818,1059.0253905113468,1065.0356250867153,882.0185431206226,1590.3836441501405,500.49121340218966,728.8547076384485,1057.4506087688037,524.9443517994636,1329.2634882688308,517.5465864450263,800.891391665577,1019.7446673546639,744.2221183703317,1775.2613102149162,173.4545454545455,14315,201.70116396953742,8747.555209948883,3061.437293899904,23.840784788131714
845.0177659932798,2378.457122363274,1821.115359105637,1572.6543712001296,2019.5114229922474,1070.9847035570983,1252.225165513147,1304.2810687001102,489.4221082020713,1421.7887641643706,476.9492473258029,721.6985563136265,1040.6363699417304,549.8795555234083,1337.2191227651417,547.2016842600041,844.6677200321751,1069.3732541984482,731.2080124867206,1823.4731126263623,188.22727272727275,14777,187.40415645214438,9859.658319377748,3203.7548105825163,23.940959692001343
1251.503766363626,2737.670934079972,2229.2475713441945,1614.7725359119122,2257.2343738649283,1063.6153470596905,1075.8934662094648,1091.494077678093,290.9511025793348,1042.3416968090698,401.24783974934996,712.1770756581658,1007.1134583789612,616.7311246058408,1372.5532916617503,603.443231320612,892.916414926399,1107.982699449465,714.4447759706178,1833.6844365951451,184.60000000000002,15221,182.55689540307594,8866.924342749408,3322.0444152087816,24.041240215301514
1622.02739613627,3024.9969845759683,2568.4523139663493,1527.0006869282922,2277.8951157680635,873.1178901145119,722.6713692947209,716.4652873583581,660.8742899708498,1214.0046536913962,505.452040097222,664.726774807247,966.8115707641557,534.9866730225651,1263.9648155838165,599.5832074263246,974.1360813172184,1211.1707547797864,674.5509788261933,1835.0671734045707,191.32222222222225,15565,190.23102995100243,9697.70836879801,3302.592927724121,24.141579151153564
2067.055266095889,3301.884509450379,2875.7662954781636,1245.6314361014097,2013.8101783312443,430.26469979932057,485.3985001120197,733.0738936247006,874.6793733007823,1600.4571073065622,473.33947963762864,674.8116757700766,974.1908928889638,560.2418016155808,1296.71541146002,606.3424958136548,960.057709938714,1192.8398008023128,666.3540656561989,1817.2606885461205,202.66666666666669,16057,193.83965982277024,8652.612358299373,3259.647975079045,24.241971969604492
2494.182897104379,3501.0992736019393,3051.859482782171,855.4647604905203,1579.5302474794896,200.20611824774124,895.9374753714735,1191.0109340959216,698.7667809797799,1442.5367985001872,460.1797601228311,688.199512857458,989.4164789303139,557.7633237621753,1298.3864422610434,589.1253509799946,944.987983191535,1183.8172218295574,683.485103580495,1835.0813390603382,202.66666666666669,16504,181.87815777274233,8459.960727630541,3203.0371362518704,24.34221649169922
2884.896776193215,3610.317369359015,3078.8729310335507,419.6502350331061,1191.447176930646,632.8305688402255,1247.032863760895,1383.8798148796675,262.95527367002757,1018.6622746064196,457.47958955216126,687.8019830261331,990.341185378623,562.80282165413,1305.1237216495483,579.5777447155986,931.3867881232926,1176.4412310774812,698.6149399097933,1851.4448283343763,211.44444444444446,16941,178.91028560432642,8618.993430283383,3265.3082039834862,24.442291975021362
3237.4125449560247,3633.177261223019,2967.7273292643195,211.38207939011335,1169.0449901024126,956.2833092325202,1293.159639010077,1178.8388019147392,424.8309586787984,1210.0608059106808,427.99426357499976,773.9424439747125,1068.592143049159,479.7989665773573,1223.7871023940786,596.2090037565788,1007.0514546979748,1227.7800270716418,638.1928151574604,1801.026064923622,220.125,17367,187.81702921443048,8461.970760959279,3357.3297497347685,24.542389392852783
3527.2199775508043,3576.5803870296804,2753.609194866123,540.3621611357848,1472.7544470142657,1051.661407274908,1051.8712372554314,820.7819358888532,721.9180505458207,1507.8207201845842,439.91751618340516,689.7432515606388,1026.9777188697262,550.2724231597319,1264.4293926959192,500.47032241177646,1002.714105755764,1309.2042908394214,563.4502692964253,1702.2760795327733,220.125,17708,179.05017127487113,8454.641984767233,3268.798195976854,24.64250349998474
3835.5099380846295,3432.6658680732253,2407.800258823403,938.353919571475,1874.86168381198,938.792363408937,641.7341542219182,820.7668473078286,748.7740523924136,1378.3371072085688,432.94744014836516,701.0363075300253,1046.5968684543884,525.7481792586369,1233.2938317679536,528.6876409790253,1030.2074202661445,1290.3077458506302,582.9917427084448,1748.1471708379997,222.41071428571428,18145,196.44014416988622,8440.1345740572,3205.5397174554805,24.742862701416016
4172.29783707234,3170.478298708007,1925.4956559399816,1310.261876379531,2168.7538751386223,567.4201927310279,704.2400309157834,1307.4083631169653,366.25831126188643,918.9491335571,448.39095482265066,723.7144187411411,1001.39849018194,570.8938376290627,1305.5235625539067,472.7568953847524,998.4723319993502,1357.6019108924838,501.9944122774377,1660.115204104609,183.0,18607,184.83133978325387,8415.38882388825,3184.759778433522,24.843082666397095
4051.7705724547086,3325.960638167445,2122.4017993304333,1255.0607124407175,2194.158970364518,775.495785660987,495.91100827572143,1270.757143744173,562.7967291488468,840.7109781139569,714.93805629067,1091.228826447037,950.7157050294126,865.5820473105736,1758.5209655689705,671.3982677249434,571.4003955067517,1575.8370043850039,662.8669224012908,1136.2575908172123,204.58928571428572,18426,202.9765820018708,7870.372101848063,3854.283686190694,24.943242073059082
4049.9825845490855,3326.334545164602,2125.638064869564,1250.6964706526537,2190.040311918946,780.9115409253723,488.5455437855645,1261.2533933153602,576.9202269599093,849.3986001589304,717.9986152271471,1065.5016981916344,920.9846402751642,841.3685417526788,1701.837245639375,622.9376502642959,598.2039540777076,1473.4471507272924,687.8155707500719,1270.984726358612,254.2321428571429,18396,260.77647549256625,20525.978636186017,4096.412295034521,25.043578386306763
3999.996186619082,3507.951807326716,2197.761993963018,1410.095149151006,2373.1456721274963,753.3900864087707,614.7160740551615,1406.0611645318547,388.2807229098352,886.4878829143297,502.3406279584235,1114.201208561581,1151.5941494195354,860.4017348340075,1881.556892783277,797.8056220867537,636.9114597693178,1776.40771080245,453.57607477935204,1203.0206904390843,174.07142857142856,18244,229.7081528845463,18001.195507617384,3692.911576787984,25.14368462562561
4076.9655321486375,3038.5668801225993,2260.7842892264634,933.3465537718348,2097.390607316021,1183.778307433581,242.12524202269873,1627.0842567845775,727.5243434777265,436.659473850362,715.8013013451533,921.8771580261109,988.3370886689476,541.4483819565602,1528.995456421767,1086.9090469746368,178.90094674186042,1891.7675439185434,1018.4477710269892,541.6994391295184,188.91071428571428,18702,184.08332471539526,16112.484559634788,3449.275284647152,25.244004726409912
4070.4455143603723,3124.25585109806,2201.1654774878284,1007.3253771371709,2081.1360497056394,1094.6928259828503,201.84361708714485,1526.0410473100474,753.4881519630475,408.73602967844994,690.5318486380074,944.0795690317113,997.1593192811082,576.8597376018741,1551.456322566273,1040.5828957818194,182.92864587789813,1836.972576429835,996.4244676530728,560.8594797167369,186.5,18622,193.27968623818307,15688.201276975622,3414.706228521891,25.344303369522095
4070.0773840842553,3108.263335134139,2216.9973462488274,995.8750164483868,2092.7009418964126,1108.302691467187,220.25945235538893,1545.253719273473,726.7004546949796,437.8752799192616,634.3056916484629,976.3165330533672,1035.8705599883629,619.8674612547676,1602.3063764936426,1002.3323132767664,228.04134692159204,1812.9940737504667,947.8145360092324,615.0549127120474,167.9861111111111,18626,196.3241702802315,16213.908896107907,3446.330106052599,25.444448709487915
4071.0461185789627,3115.3342908232944,2206.8307395186253,998.0719972265282,2081.0517316601395,1108.7344136759082,203.28109473812984,1548.4329249736036,745.1443890123186,419.4703655655679,620.0999814781363,994.2363037911042,1024.6869610400292,631.0801769877964,1580.843669513906,1003.8224214153704,192.42555987168015,1827.0787919366433,980.4827373646766,587.6238746242273,172.1111111111111,18627,192.49874457329463,16612.398002905575,3474.1885965972097,25.54478907585144
4072.42847261151,3112.7447577743346,2208.2815860594997,994.8969362782951,2086.4229645614305,1107.5023420027856,212.892230339477,1539.8675180194186,742.3758695360509,415.98258156832856,619.7680037254655,996.0219300034342,1015.6888053616476,618.5291294140035,1574.8644512608166,1021.3545295605213,213.72322911685757,1832.4537960311982,949.0986145419372,609.2920115841952,191.125,18621,196.44176624728556,16620.118585182947,3513.743946903791,25.644807815551758
4006.8685573061994,3145.6675380387455,2272.3294907269565,1111.8983294853658,2056.0728079104706,1080.6073357135986,95.53905995886072,1620.8790069792608,757.1541315882823,489.05763643336104,548.0877774506484,1080.5719568718528,963.3760794305406,647.1589891891218,1486.9668572170788,1083.6788852726752,191.72341092736144,1932.9579798094817,889.0121699084162,712.0198957695939,170.06944444444446,18740,197.23950802041543,16493.372795006973,3558.8038900085685,25.74520254135132
4019.8458502659946,3134.427774484051,2270.256824831003,1098.4411961264584,2073.234159053902,1066.3051502966039,100.24442380265415,1601.7285285913965,778.1337162399861,472.09763150046956,556.2590939004825,1069.0894354853551,943.5927654063283,576.8396467147563,1568.7862071099776,1017.776764774278,221.1826584020191,1783.8357694070567,1050.5478754622002,551.0842686649586,181.0,18725,202.81425927199433,16310.088410745231,3455.1331840492057,25.845572471618652
3921.777637137905,3236.141402377209,2231.652647018771,1126.5629315160747,1947.162635146002,1194.7939708824017,207.63900942827092,1599.1745639612457,712.8332672994144,404.58527473007064,521.2456199820493,1123.5795289029145,867.8678144564483,488.66765621984024,1617.9133755590717,991.854566110375,271.35048959468907,1716.4382217737068,1126.8164805518927,538.8392266689584,166.05555555555554,18845,192.32169538714933,16381.158712064886,3337.8340126432504,25.945951461791992
3750.6479878219793,3428.64030736654,2096.3802333427784,1068.8546931427534,1849.673511497122,1307.0574040331726,379.2172065119554,1406.7664736931208,891.5946279784005,247.34330168273885,520.7543120409949,1125.6388231296808,864.7324604595121,480.18590181654366,1633.5874000362842,974.0957368371048,261.1475007125901,1726.587931644788,1125.2510653414765,568.2262170832546,157.33333333333331,19055,197.58948690665318,16481.556608539355,3364.225370386239,26.046308517456055
3503.446036470942,3701.7452161041133,1850.6130886485432,893.6407707205659,1945.2394367073582,1270.7149978355312,497.4056016102043,1248.9311727308857,1080.7800543533497,482.00693185058975,514.4131245257323,1142.8232671190735,841.637538488689,475.71381725451084,1593.1442356078812,1026.6990400183136,372.12357205410046,1616.6765361603796,1255.244336971365,629.405889553377,173.27777777777777,19323,193.54588241484697,16460.30827648124,3315.2089889154863,26.14670181274414
3468.020777299526,3736.2108144754675,1813.7475393155348,857.9185929823878,1981.392081829569,1237.1503437923611,478.2330586810899,1279.926533393492,1053.2402121157888,486.2019991032075,535.3061443931934,1145.9620728278671,860.4642407803746,530.6351858944445,1514.5768711231226,1118.26121708641,468.9826306395504,1514.0177271283828,1353.790851204702,639.624843474239,174.1111111111111,19363,226.5521876929857,16378.124383621684,3374.333354547841,26.246840715408325
3351.7592295162494,3831.9284844925282,1709.3170864330984,744.9696618778488,2088.78398897321,1126.6721018510389,362.7785240730426,1387.3168034184055,945.0186891344881,384.45698912725334,531.5464780168955,1118.4200947175964,883.1275491337285,539.5636612740952,1513.6263009497509,1116.2424774397975,437.35298355089395,1527.6598858951031,1338.3040694166211,584.7664775038959,167.77777777777777,19475,201.29614328355717,16472.53925923856,3421.7267057534095,26.346846103668213
3032.025026629563,4030.355986688462,1553.286328410346,615.6420910696365,2220.4457719122556,1097.3270095393032,310.34255248902423,1383.5782142473954,1088.6390508696063,359.29929740837184,595.8744085357783,1003.0447817546066,1039.1595471631456,697.161481937269,1383.6721503465008,1282.5827108151711,580.3029357224036,1357.9891469199683,1532.6846789029864,702.0162422893364,186.94444444444446,19801,210.7215236986267,16642.73861224803,3642.6614321380166,26.44717502593994
2542.57830159531,4244.157900256668,1653.0787294290792,941.2291247731555,2132.3071622277866,1537.3121451242273,805.5481823652461,954.5968505649413,1552.8104263586165,840.1801884161026,729.9633471399095,863.9621111157585,1229.7186733622686,886.9520222244474,1194.758410259757,1454.3560318134923,748.5133093232494,1222.78188496664,1611.3280642870861,835.3242531697356,186.94444444444446,20294,227.65308489156894,16826.402268185964,3827.803268816796,26.54731845855713
2298.531120971697,4301.164711487976,1852.894385763657,1203.7073795282479,1945.721548606743,1769.7648031019667,967.8614363974929,749.7080691174657,1546.5779112852256,851.03052824476,546.3322919303238,1070.4656017394211,1008.9849742955686,710.1341671019494,1399.0621666664626,1394.230815088149,743.1418749792998,1155.782085022077,1800.9037336217993,991.9149938207357,222.55555555555554,20565,236.81212538638886,16601.352583124484,4009.606845039977,26.647526502609253
2053.2286187865916,4289.909740541611,2145.4021205989857,1454.0193376151256,1649.0290813259787,1839.8603232656717,909.895521364907,929.610864806942,1254.039885857884,556.934259777634,557.4076117615435,1056.1595584925565,1020.4566474405234,714.6476585502683,1391.3827323341052,1383.6475628038431,725.0105697958867,1177.4836152603127,1780.4920734808238,970.3390265739724,195.7111111111111,20849,248.38758046246843,16604.542475861803,3876.006962905035,26.748069047927856
1823.3575658143247,4193.998559337669,2481.678470538405,1633.887728151414,1413.9935036871057,1661.14229510416,611.8317945415005,1252.2405365977213,1167.9766770816782,582.2578613424137,633.8766453059595,977.7586181518163,1030.4290336428378,665.9075983624455,1446.5740684746424,1314.6191479894185,694.0183596309208,1185.2538619508352,1837.807161949746,1030.5521394206203,195.7111111111111,21213,254.9492237370671,16671.98404227048,3928.6526158398437,26.84863829612732
1702.4906632688214,4045.636607169714,2714.33740320148,1667.2446461771726,1482.0726471338708,1364.776194044196,349.31522458316493,1291.081955396297,1463.5206012995632,878.1953981343968,565.8529949314295,1039.1376682770742,1046.1740197575398,730.6749152820379,1374.1790439267922,1344.557996415217,661.8547254981306,1245.5202649888672,1775.2392172532986,991.6687086520442,208.20000000000005,21509,258.4988679715451,16584.406140641364,4125.344882149027,26.949127197265625
1679.8511096620352,3818.438088280851,2859.856520895001,1551.0441470794758,1781.4559654566995,1149.8240542827027,542.81139871328,1018.5905990814057,1589.2918447050904,833.0473683730147,590.2866591126932,1023.3804194754194,1026.9544651217186,704.574245664756,1394.8153716486286,1366.7087568970885,695.806595898908,1224.7144522481674,1741.3748505857652,944.5552943697721,176.90000000000003,21826,267.5915931992341,16594.602668739535,4143.477009038061,27.049355506896973
1746.5980945459055,3585.740640011215,2897.1385993520666,1358.5161635782235,2039.1049484388805,1239.3871802900549,807.5820209096564,787.2974098699216,1411.5376920091876,564.5529264804612,547.576539547064,1045.3072260334336,1068.4958954606159,743.2676966820279,1379.7635403529655,1308.8166867258697,659.9769507225443,1206.4682971818618,1813.6066926400413,981.2901749330348,208.8,22120,258.0056729666898,16586.04640909101,4014.468345006496,27.14939856529236
1912.0665848967476,3287.29220915847,2809.9902521360527,1056.8169961634528,2169.9251163451763,1545.588994037581,896.4613585168968,974.8064292153664,1182.6236488178768,613.4275846989686,558.1531359378084,1040.3829993052466,1053.4005549381877,735.7566463121078,1370.1022404638238,1330.519068355189,641.75883472248,1247.910579654908,1828.6081922627138,1038.1180186100273,208.8,22393,252.88096960224772,16683.5222659492,3854.1563158609083,27.250208377838135
2117.0503245859777,3009.112171183675,2649.311945711346,801.3700668224387,2134.5296091089976,1755.865893757098,800.1494606783377,1241.7352100240826,1330.6825565829586,887.1953068484831,584.640805070914,1060.286848572706,1045.646974725018,767.3977190013137,1355.8260157335505,1297.2942645141675,655.240303708486,1208.1939362178002,1795.6910691996984,989.1222484846121,192.5,22709,254.67280347361495,16733.549284011013,3925.668689094931,27.35102105140686
2433.6288280153476,2679.1185974988553,2338.2886159009986,732.6964843924037,1862.3387055695835,1752.31985037872,448.7441141220407,1275.9141959816184,1637.6904659467273,853.6324585589613,598.7784271698579,1063.6135585627633,1030.1916609421164,782.4044599286655,1328.8179732816593,1276.259786614471,631.4374079777607,1185.5829781797688,1818.9216712713296,947.1096050926413,192.5,23037,265.49207750519224,16549.528683682543,4034.345165510136,27.451306104660034
2423.863452695442,2686.233564885208,2348.9709320513475,724.6764719736502,1874.1280205260948,1763.3884353042824,456.93050681792124,1290.9889380514871,1647.5370080322991,875.4030583707023,510.8475504740336,1061.259938959489,1162.6981249737805,639.5882243617601,1553.3962494882078,1550.3552670297477,736.7889955055338,1551.7027572223167,2012.529634489389,1406.8637936578166,150.5090909090909,17685,246.9798934316031,16199.594878794047,3959.566652976775,27.551716804504395
2707.2461853031664,2554.4211054017323,2083.9230180886175,1002.0837448989931,1679.0962431398536,1481.7597730277996,595.5669295649058,1076.4363727301488,1359.8870610743486,866.7357120124619,773.9382770713132,235.93664827482493,776.3062073588952,957.0098017668222,670.5459979929982,1044.5189901248507,776.9690802985718,604.6693113729228,1315.6198520797482,992.561392412069,133.62727272727273,17962,181.39337489096943,15232.336845250196,3001.764326559186,27.65189790725708
2779.4383865130912,2548.401708077835,2040.4241509545188,1067.9638078429296,1691.2840069292774,1458.67314178134,665.6387190003799,1119.5481851122538,1370.2709674617627,940.6152144996312,441.6139763733648,925.8316165509102,1071.6540603855524,585.2539780436822,1406.385828797166,1452.3534777644331,611.6291324420218,1367.6315416866237,1872.9526237512196,1230.1274246544272,133.62727272727273,18039,177.06521389519912,16034.864619436226,3634.7057623627124,27.752138376235962
2902.7994733657224,2579.7868319043178,2021.5059965826877,1138.6043533011377,1792.6450357739977,1531.324900877472,704.6797338238308,1237.1042020645257,1489.534254017301,931.7260377537458,442.4685099459903,947.5822550183628,1095.3726299333016,561.954445694399,1410.604927116752,1461.5231969136557,585.900819511775,1342.044301048192,1848.2357173905455,1215.9707342168786,133.62727272727273,18167,253.48216370425246,16008.348175355295,3650.466525354047,27.85225224494934
2935.722038422936,2597.2302787401372,2030.2999768352756,1144.6943155868194,1828.3370974019842,1567.1241500878605,689.788576429879,1251.8615380496149,1511.8002124254208,892.5348044230554,444.7932962204942,845.6549420922544,985.195826391964,664.290557923188,1375.1966052696782,1401.6186834111527,705.4826147795786,1432.959646973033,1923.5526234712534,1294.0946767225175,174.63636363636363,18193,252.60686002941884,15841.365474437955,3888.3161110207648,27.952595233917236
3034.0771373246175,2688.3374094255564,2117.3949418364464,1082.3749427333833,1886.8391003357472,1624.0416068346437,582.6996881633205,1144.5998616719626,1402.7250862038643,919.4257241970987,415.9957401568344,924.7151456049544,1069.5428731086652,570.5738710089361,1290.3018814338416,1317.9062355394512,729.3985289550654,1382.8916828235433,1872.3574052202466,1405.002103227514,136.57575757575756,18313,277.35169947531006,16002.563313600242,3988.4184632018187,28.05292534828186
3127.514022917566,2795.8573776679964,2227.312624219822,983.7424674710056,1880.4852619295993,1602.505009266074,556.815167436014,1062.219215746506,1333.6201255337369,1029.7757863330285,424.415745718285,900.4923697983666,1044.5626564910535,597.3484797787384,1331.7528463408883,1363.5414911443042,691.6309756628499,1370.4264802931718,1852.2143790531522,1362.6412998668259,166.25000000000006,18419,274.71532397096973,16140.619910243628,4020.5552083193447,28.153083086013794
3234.547547269197,2942.0556224111815,2369.018655341527,838.5626818095105,1769.854361347962,1466.8350999485083,690.5496212682879,1151.6707183281987,1456.9528438653883,1018.1161648296612,399.3970499434872,907.7294057505744,1037.5600274327571,617.0302748148486,1301.9398393925644,1348.128104258147,720.4814604694656,1411.1257972846386,1884.3605918197857,1317.42992148459,132.35256410256414,18572,269.54307369077867,16266.60872982967,3996.8861675541393,28.253143310546875
3299.239215436303,3038.1837618808986,2445.3799364118104,772.1846277577991,1669.405656098686,1382.4103353251614,766.8284960550732,1241.4276690910801,1519.7425308923757,924.3709985849201,432.4907425792411,905.3888924600628,1055.2258292367937,582.1701475904297,1327.292239413423,1350.8247901059226,701.4877683026925,1370.0634967619374,1863.2173981580124,1386.5317103499376,155.84615384615387,18667,275.3890270658552,15834.66316475992,3989.101573894805,28.353313446044922
3374.090452516631,3151.7934086743307,2508.7903916184023,767.3546330947156,1570.7482415333561,1364.6447362355195,777.2701117005021,1265.2736537097906,1463.470222946831,907.5176099186482,390.2766895469386,878.1308636236226,1007.4869812977817,632.1595134777094,1364.4021414667625,1391.2086125766612,667.7717911187326,1344.0040135755273,1848.289491932209,1392.4145199084712,130.36263736263743,18812,281.56091753326575,15321.68869627929,3941.058005272028,28.453575611114502
3407.521994051773,3199.5549251236653,2501.746950166772,833.5808065413806,1594.0460251272264,1442.83726575847,695.703366933621,1179.9406277613007,1398.0028273675441,983.59585257647,447.5343885486362,919.7153867610633,1075.2990530969187,563.2697619352556,1302.7204809015088,1325.2528661841477,731.5729611503845,1409.3833682100014,1900.7595574781226,1319.6777690606575,147.14285714285722,18885,268.98102529982316,15479.931492193058,3896.822061014413,28.553604125976562
3340.2884940414087,3117.3016424610173,2641.2015037098986,555.6111876765901,1370.4806055915556,1190.8261524531783,940.0365861031607,1368.1807466145056,1329.8896970886017,1082.1805848482027,768.7979129520687,1220.0647741240532,1419.6823851996708,446.91005940097284,987.7354130468924,1284.750536038709,802.3886378771372,1373.20888621621,1553.6644769829961,1650.0602469797805,159.08791208791217,18620,283.6985064120353,17526.768850360586,4175.654027501885,28.653903484344482
3335.4924580659695,3115.764458197975,2686.243743888529,500.96445929796215,1314.3006145291788,1168.0366184534862,964.1511366543923,1370.1370305746009,1283.3111998253503,1136.6284830075608,612.2497592320989,1061.8829399774486,1284.3069596581206,377.80700437237584,1044.6395905643058,1145.089658995916,925.727212315571,1559.8699893347823,1715.3888738317032,1527.029923393083,163.01098901098908,18544,273.4765301187865,21297.5884965375,4319.266083470082,28.754042863845825
3357.3731096480315,3174.590516268003,2835.1911526578074,457.3817759862354,1219.041487167231,1284.874325357723,841.1744350051542,1216.3530416760643,1255.7639547933047,1078.548592801327,142.93598897632614,664.6516469553706,1462.3887077357756,169.17415670191343,521.5103007142508,1153.2593051643555,1055.7111171911624,1221.0245988459565,1264.910509349457,1801.8682427644774,128.7362637362637,18419,226.67269607452556,15617.140539966682,3741.1013102861107,28.854135990142822
3232.6596012175514,2857.8077877930095,2368.3892265862355,516.3029507868581,1270.7141926800996,794.1743793415033,1337.8780725538813,1461.193787703984,786.4926490805399,1592.6135065040803,139.11538831683967,650.1226610847043,1424.576230295265,165.6576910922927,546.884436920096,1086.5022585689037,1139.8716803657128,1289.3332808331295,1159.8337522251918,1924.0503891843985,163.46153846153845,18906,251.2593421725348,15693.845917771907,3723.250548896892,28.954290866851807
3070.3044265569633,2275.2433544569217,2015.314824640959,964.5634056045124,1141.4879021060826,1007.5350497835202,1713.4444824311295,1192.4197261024992,663.1772495601036,1656.7060695020107,420.8265854354094,677.5356438758585,1830.9961458673345,579.075212741295,176.7804479555786,1514.6747658101553,925.302677437729,875.5520553070764,1473.5021937093697,1581.9539019643641,131.46153846153845,14414,255.42452511137543,16094.232543809401,4122.316057133441,29.054699897766113
2996.1175155333153,1598.566151419886,2347.2345220746092,1543.5068394654652,987.3812858097983,1899.2504544258102,1622.7227761567801,437.4116779990816,1540.5394659663596,885.983295534636,89.550675712646,441.74102050182137,1537.2846112128743,602.7451395330773,214.14671221678444,1535.128498606646,1197.5467082100545,623.1386351093286,1629.9692058338414,1407.006515239067,152.75,15303,252.0394267170035,15701.837822131814,3848.1301869015697,29.154917240142822
2997.173646739325,1153.1164804679618,2857.6999736056814,1807.4826092248873,857.2113961969402,2271.3279211982517,1205.3294425417005,203.01532309259,1658.0233929862254,670.738082057908,99.12015035654356,445.72694139654317,1547.420136619584,601.7203255650669,201.79992258754348,1536.8592662759595,1182.7760130590416,629.6096642312424,1624.2674162696792,1411.171409060228,142.16666666666663,15868,258.69389100749527,15734.44667579593,3866.905449723062,29.255233764648438
3015.698043191547,723.1795523548805,3411.833995785208,1889.333036774503,659.6549896547414,2263.7646006977466,669.1398136123244,732.3460435594831,1216.5579403478876,1222.95521283674,44.816755072807894,395.3761505834715,1536.915241512424,656.2773178391813,192.72981725333113,1587.1990439317444,1142.8610877153208,620.8247178046597,1627.2100797453556,1417.1384267791254,162.41666666666663,16436,254.65760647544894,15703.172807365645,3848.867918281372,29.355427503585815
3045.356938468644,407.7701957490519,3880.6592684741317,1790.00824482418,478.3117958810947,1909.876514764839,792.4608559821924,972.9824440623185,849.1514254082786,1339.6205554687956,48.957764515111705,397.6249989863917,1542.1980586892225,651.2580169967237,185.905030554688,1577.128461875659,1144.8340342938525,633.1832898764753,1614.3818907328857,1427.7413761890698,162.41666666666663,16947,248.8724333868454,15716.322877808334,3915.42581373305,29.455674409866333
3078.753998729375,469.9935241777321,4206.174456889889,1523.3067786017386,434.8092124779299,1406.7340558832784,1293.4594290821271,835.2774084006821,1275.277957030779,896.1943720201265,68.22295193854329,423.0119610896841,1517.4774099731,649.8595803099954,214.5668914590626,1606.6862182161442,1128.5134904865745,622.8439423458295,1610.6192892121023,1453.9667974305758,152.4545454545455,17463,254.65476294477918,15744.548453343486,3956.93006059149,29.55574941635132
3123.33592108528,849.0261498522424,4391.322731235172,1085.0024449427212,603.1190925335973,1182.4196493887537,1592.726842698908,366.2309904010595,1654.8654962960961,720.4542893829318,62.61741992725004,341.5075247005475,1614.4115955198004,616.0193311744782,182.99474515372967,1506.898173196452,1229.9530080336372,547.8966751606971,1714.8078443853465,1362.450446044942,170.15454545454554,18003,249.84718066044275,15649.222889604303,3863.8724294086255,29.65579581260681
3159.0534906900466,1185.4646290522135,4382.826792694292,653.9445174935016,750.7111353926057,1511.3181016100134,1489.0265248583032,180.35737074043925,1482.759122693235,1162.2662437261229,78.28183146041381,421.8569612815596,1498.4922875566747,713.7923113918579,139.7007067161619,1560.7132541141993,1156.5817335971237,662.2257689621892,1675.3603282129577,1298.58812244093,178.55454545454552,18446,231.72825415526313,15773.689244687626,3705.498972319763,29.756046533584595
3198.633207715984,1570.7696605501603,4185.010907270844,256.2134605024089,847.7907461054137,2014.4199949874683,1018.3456572380519,696.574300442155,966.241887851856,1259.6618120371982,43.936804556863,390.24623304832534,1540.5668193279594,676.6051160458411,147.09681230432506,1543.4468531255889,1178.4028615414625,626.2882290744866,1687.6936888799862,1313.192134540906,178.55454545454552,18968,246.43516497831257,15741.480448513172,3733.62920008678,29.856218338012695
3248.773038387166,1956.4484753404902,3805.8760212785587,678.6151890724195,883.2687452139244,2291.8738389645505,604.2945850523723,998.1744154708956,1118.7225073068987,784.382476549206,72.0179346568549,410.31247806690976,1510.612064113908,716.7618804472856,115.91342576012747,1529.0415365640306,1191.788312563219,631.8236892945034,1714.222805494795,1279.5366818866557,145.4545454545455,19530,242.88651712415825,15786.560410197173,3805.7131813497467,29.95665168762207
3306.158741123569,2301.7500684819283,3293.5442981929377,1231.426732543427,835.9304879143225,2173.1130795862073,1024.5058626544508,904.8117767460787,1652.4220558652885,609.6605354767056,57.24892384528162,417.8943476464726,1503.1188560335343,706.5486651029796,147.34583198342708,1558.2346646949477,1179.8183626018852,651.0659939442864,1752.0132795364855,1254.8505994361894,173.60000000000002,20090,242.70958421941344,15724.303328017628,3797.474468681275,30.056703567504883
3360.817037431437,2561.7967475222504,2790.8607810087606,1632.4875791735574,734.0117335625843,1768.9015768079528,1476.3911278122555,516.3510572163816,1691.042652900003,1111.9234122388725,107.64702165464755,375.43892666631643,1566.2957236035577,669.1269008898634,171.3165099619553,1581.3010793590054,1108.1040666185816,721.075323290537,1680.8753830730539,1184.7598763328367,148.89999999999998,20599,243.378539687365,15810.919803361556,3733.4763190629515,30.156965017318726
3433.249210352087,2816.8717887409257,2251.4234124907844,1954.8947777382032,596.8349074140657,1170.5555246949052,1646.6923251655353,217.28207890647968,1121.8894647095694,1234.6529229085104,74.72972915751531,411.2597938140345,1514.151987703127,716.5528829353964,115.88177994303105,1526.8900787908785,1162.1496752771554,673.8523555843454,1638.0365290665854,1224.2440232899044,148.89999999999998,21219,235.19133675710395,15676.657882137752,3701.120932667559,30.257247924804688
3506.262120205017,2984.110882432079,2042.0722601904674,2066.307508574666,593.9800459148012,1156.2175987136593,1400.2644808912232,760.7302542351686,862.6098006724794,789.4176869084179,206.90404556470725,597.719947639578,1304.8772894068964,925.5945561334217,108.3088422649395,1339.485580193579,1258.0712924029817,707.8937354826609,1439.519412196869,1163.6423674687148,148.89999999999998,21779,222.01048483559703,15424.456587334558,3477.1435604813273,30.357585191726685
3501.9131516330635,2976.7290613447594,2017.4953627221994,2110.676845624877,649.2889313152274,1032.6322644487554,1533.965761796698,746.9300028474116,737.469976929088,889.6374561715925,859.0615481833609,1239.5494612105222,664.0792936113517,1559.1735802106225,730.8076823808315,991.1835221216238,1512.839309186799,1147.2257917697814,1083.859714025963,951.5025337362653,166.5,21647,220.9534419678198,14938.573255820225,3854.0193382898565,30.457839965820312
3509.7959872575393,2991.6616174708106,1987.670781217558,2154.4274139333943,699.4749469754422,987.2843092824957,1564.5781697169093,795.0838174378214,711.3285090781807,859.863464530697,385.0169868087252,784.4218835910046,1052.3438984100947,1298.2228777342393,584.4293661940848,759.2218403160872,1806.7053022307132,1000.5480147959926,754.5916301063647,1257.1263366630847,173.30000000000007,21580,243.8345763122898,17039.867746361182,3949.2310922453375,30.558255910873413
3446.9154805196818,2869.078141931837,2185.515568251894,1932.8682528757568,522.1477389904785,1033.9885580763107,1674.5671635744366,692.5952535476715,554.2484510533225,1042.0501682323952,325.5801010271036,732.8357630611881,1097.349986480124,1301.1089453189627,623.6484975063606,704.1985904992627,1867.870522798557,1045.7415346086914,705.9749470593478,1248.5740350261713,173.30000000000007,21824,227.70541216940487,15531.99053744056,4004.0228000488705,30.658650875091553
3358.7214291237087,2691.6728576572345,2427.409083868568,1750.4705684864507,562.8481430520492,923.5837554359125,1916.7373862553313,888.9826153391025,349.04500438637064,966.2579493380096,399.0628724211681,767.9734374904715,1106.4441133141493,1212.6423238865077,541.9721828426096,751.6767794595129,1920.8749748889634,1037.0396284135097,598.2196303566508,1299.1213315305222,189.80000000000007,22042,246.6358667497194,15307.555526235818,3950.4257903106854,30.75890803337097
3294.481492387047,2568.9630976026124,2547.43108061571,1737.6375007791582,693.184580785764,789.8594933013771,1965.5100813763156,987.3789122007001,450.56532166925155,837.9464436273327,339.06075922424,763.1071425976312,1054.9986502881657,1302.9050046542661,562.2201852556096,796.5953850136444,1821.1455434329955,939.0337092663779,631.7674684487046,1397.3850692989079,167.60000000000002,22199,248.60827513104772,15220.76500015859,3924.304718223442,30.859131336212158
3191.600705732416,2388.240650008231,2663.0581687988365,1836.382360615879,861.9550418416887,652.0727443073763,1866.6976794589214,950.0804391789937,605.5099150841701,901.6147437903319,388.4300178176526,760.4579808353808,1105.2627431867404,1233.3968676455308,561.619086912527,744.2979265386641,1886.7561114714254,1011.6660721893286,641.5891648544815,1326.454347826668,189.69999999999993,22369,251.41550526740048,15053.39942691404,4018.3583820702397,30.9591703414917
3081.1374318973208,2221.797307493523,2703.660932988797,1997.9823326375551,938.4633549868834,709.8527310714459,1699.1685327809575,782.7790251446554,562.6227267945355,1050.3106446681327,365.4812293583917,781.5917080612752,1057.788617560354,1246.559305870356,518.0000169782533,786.7031481067526,1907.1089438968802,1024.0109942817317,603.3560061742322,1295.7938064970394,181.5272727272727,22541,244.14535119768527,15457.746651079728,3952.437392634378,31.059440851211548
2978.1956130184144,2097.363377176559,2682.9061709103157,2130.7316748116873,921.773577292848,846.8159549815472,1650.3883918936303,721.3543656533427,424.2652404996385,1006.5414520059096,388.0411376763549,763.747381160303,1104.8863159917855,1228.9525335402095,566.2443402477631,734.6287289048089,1879.8502947172276,1002.4796100009281,653.6880221210367,1355.410715591437,161.69090909090914,22688,237.9623764710672,16116.3191865279,3948.265454335496,31.159765005111694
2834.568088169106,1981.0656104696657,2585.551363884404,2235.661512711997,796.2658021340922,975.603996420716,1784.1242728348434,869.5628321428746,418.77532695878915,843.9913931411775,390.87141604151986,740.1850167792874,1114.8749700716448,1255.4887686267618,560.8508675744218,764.4165812884161,1888.9998989570345,1018.5518760140802,642.5215917049654,1319.4360616459735,161.69090909090914,22846,263.543792158089,16206.567649902157,3932.5966180116734,31.259909868240356
2754.5657724104817,1947.6324406467534,2509.720842383463,2245.3890021880015,706.3212202167713,980.9876615138644,1869.5625031502466,943.0890095288437,509.48055507292474,872.8240451020745,400.93126858000096,720.0355173315675,1140.0860271483505,1278.1949030511064,583.7576321539414,788.965712648074,1864.3072910315998,1001.1730499200356,594.8607463169775,1274.2694374234854,188.89999999999998,22959,237.12055356213045,14603.61373735643,3932.689701170617,31.360114336013794
2671.765296449278,1947.3137581170292,2422.247704733697,2201.8436356467864,641.4212797833477,913.7740639850655,1877.836118704935,914.8204142882654,529.0258041313859,953.97415214441,498.83308252559806,1006.3807998446052,1249.8731721759289,1122.011629113995,874.3998151403981,815.8211625319277,1604.627735176489,878.6198277537715,348.6586549675534,985.5086533440482,139.63333333333333,15908,217.1331790451278,14571.435193239575,3611.0414405139236,31.460429906845093
2295.283776616613,2104.59718370341,2070.326684333572,1862.288906587473,749.1140454138758,544.6982193060448,1574.24489091579,534.4266555651564,254.0948011974867,862.8011918562925,486.9495020619388,986.9943370064868,1240.5568497420425,1129.7662771899395,857.833504073482,812.9705290989594,1618.2446534627986,887.0814011357726,363.34320927155227,992.4504174226872,139.63333333333333,16297,205.39857672454352,14582.413099677378,3480.0785088413804,31.560850381851196
1953.9970299177535,2364.4993074575373,1877.4482609808001,1521.3892748964804,1083.0794272169594,546.9700596989195,1256.3043246332547,501.80822598289654,102.48202871780576,518.5588790817988,498.60646379520495,651.9300887682527,508.0123236564459,857.0859066601013,994.9817433093589,365.91597966863196,1001.5152974487921,463.7669209376112,454.69535397762803,534.8309815976137,125.88888888888891,16648,154.9336015587212,13778.002216501665,2731.7397289729965,31.660964250564575
2355.5384696770157,1989.7084906671296,1939.571841544072,1840.526638195678,787.5393604957468,199.36773518618932,1329.77565727449,103.26823264585491,356.1916123921161,662.7877806815759,513.3771194883608,657.6914793223599,489.202619429955,849.6613564545711,1010.6486427670294,377.7635830088033,988.1149599829847,474.6791002941422,458.3623658878992,527.3129830434756,125.88888888888891,16232,157.8725150758653,13730.536672530288,2754.484296269702,31.761175394058228
2748.50667733599,1589.7675392181734,1893.8555877787267,2014.313565785312,929.4735863436678,203.55125139552737,1085.742555636408,358.7858221787157,630.1844287051013,419.30950351771617,439.70998146969805,571.7071389653211,632.6802260119146,990.8230460157188,887.551465251932,249.75453106831148,1031.4705004641737,405.743950966545,574.7633377697614,523.4471942470328,157.8888888888889,15838,150.08023615239415,13897.25748749352,2750.7510000179354,31.86141800880432
3413.9337068728505,913.6056731266349,1689.170278851505,2073.1554761893863,1620.4686678002113,841.2359489770754,387.1682773880377,941.3671469805688,741.6978347836762,322.1785376229422,771.2457077264846,947.6661650930591,263.7989528394337,509.12153818716763,1274.814701567589,675.509585577099,1070.9416726751806,650.6088794426377,190.8317202730689,731.4802498250995,120.1111111111112,15138,155.68259343428667,13428.530878651132,3196.9793739914867,31.96148681640625
3674.1612469497586,710.5164388057432,1553.2257392191532,1987.3983340981256,1853.5632305353754,996.2843936005933,388.5695277761491,980.3043455067459,588.4072364051254,502.6420798151159,510.4969523200667,453.21019815300514,551.119635666073,1027.6134168430967,1225.3682149890446,667.7037048518573,586.4578448362811,925.4930133478979,686.3865309109169,469.3872770539639,200.33333333333337,24841,188.1662324329688,14389.39848113044,3769.1166121708434,32.061678647994995
3923.424814001606,670.2683394012003,1339.7957557238421,1775.563554765336,1938.3995179745502,969.624405897836,680.679052619588,756.6712104215283,307.42928421761695,407.4883052677393,510.074419431073,500.8474299617625,524.7706220283457,991.8223110494833,1189.263201454613,622.833193830537,625.3674616255847,883.596356268025,678.2723114573419,425.2531142418707,169.66666666666663,24577,202.17395902692624,13901.789961109807,3635.721677972607,32.16168189048767
4097.719334791292,783.6116843913376,1132.5738909927359,1557.2832064013055,1854.2636568802318,805.5440093633073,807.8162883882432,570.5332396765036,431.2099756611539,189.5754202975627,540.7277896586126,391.23139386865785,527.957710587205,998.2453151636103,1287.728193236929,685.6595229514063,669.589677911573,843.1507362656683,602.1008214995107,421.66264588240006,193.44444444444446,24317,185.58558416497544,13966.839774322718,3443.563353301441,32.26188778877258
4772.9961188551,1614.60643555273,231.83781714165025,815.0155990006909,1129.7068583045707,125.01873796847637,1006.0864629774422,1205.717012744068,1289.673095438409,944.6009404382013,675.4807496831744,1083.1354644111084,957.6599824535828,1382.149616666045,930.803598977577,915.5213831438725,205.78168397514852,1542.5463048388417,1106.2040767040553,1107.8664333207912,169.77777777777783,23450,170.06974749734098,13200.405197751843,4103.343793125969,32.362021923065186
4925.333697958919,1836.8384064189531,173.17362093451186,843.2334255736665,908.4874397919397,336.902285110691,923.2295843385888,1351.57711750567,1270.3003704225027,975.6364291791667,654.1635586356147,567.7834486081679,240.04703782180778,670.7185962728173,764.9263051581067,257.7484058668088,849.5107655231657,1428.3599968438707,1514.0735251768708,1226.4178812979683,232.1444444444445,30988,220.24199111778034,19338.249173974506,4647.125981056606,32.46243619918823
5057.135407857906,2043.5882576235622,356.03055663044006,1007.2803105757907,743.0670328740116,499.72246245356297,725.3542919649963,1323.8990423084372,1071.3295180446023,797.8459207512622,951.510663982785,739.9997105422078,236.11541720395167,602.421526806222,397.3219788993229,624.766272358588,752.034023027406,1685.7248322280313,1341.5031059363105,1103.3814136383394,203.77777777777783,30809,233.90359881797082,14586.630652817887,4219.813214092328,32.56269073486328
4942.440710002627,1848.5354835771147,118.41579909439623,765.8608064099828,778.7782566799702,541.9216328408085,939.8207997896584,1560.2493992746306,1246.668561514211,990.6559680676548,811.0189222717272,607.5997143149785,82.64486048628386,488.2263322505155,558.6633193122135,514.0400644787594,948.124229657706,1814.5107827658514,1581.273192306093,1362.9894048090443,216.7111111111111,31018,239.05393946375344,14094.441336907403,4104.747154091577,32.66300892829895
4950.912993525388,1863.6105063303023,137.87682298376305,788.0095131443454,770.8851845217516,530.3710861055547,911.7227294122401,1522.240313366769,1224.4052580057164,965.4092450787309,819.2060008929778,623.1384032456482,103.93582009794046,523.9497368777479,567.6165730095291,470.22970173219875,918.9096105864193,1747.3919755154377,1587.0018844177146,1369.7549739772685,202.5666666666666,31026,227.60119983997453,14130.617662112893,4183.120704853679,32.763439655303955
4949.6548438262835,1860.836129461421,133.6753646315733,780.4998036794598,782.911667397321,534.5459599678428,929.7457848379414,1547.546974080079,1221.5884226398234,953.0576894195062,711.3840944645316,517.0593154994151,10.092051848504395,416.95303687819626,589.9279330827737,548.5144201383671,962.3711496844917,1825.8119449648468,1523.7869928327825,1282.4327350478786,202.5666666666666,31001,209.7188312878962,14144.503168617539,4230.652400005848,32.86404013633728
4950.71810048207,1862.1842587100934,137.00341345916522,779.0666266299904,800.8957226476078,530.414995243565,947.4575136315226,1565.1726992965162,1228.0931490566788,956.1545326223969,367.24347203171965,198.00378318768574,349.95959041128305,290.361771197135,356.2320952378443,841.6745979136509,608.2722805628638,1467.7858485780398,1465.802976298782,1426.550397230416,178.2111111111111,30991,180.9442906487156,13951.409886868194,3779.275215841076,32.964394330978394
4900.559358804837,1756.6951464018077,383.28765154099085,497.96483523405726,974.6114835166419,930.5774276468319,935.6230485383425,1522.8219662009592,828.2196368024414,735.6670898825611,363.11995439078066,194.37316699715097,354.4660257115093,289.99508834405026,356.0100794944138,847.9013280859937,603.2929098612341,1462.1397008809097,1459.9115956937849,1424.9060926799227,163.80000000000007,30573,178.05701361692735,13591.793939244244,3653.8825604957947,33.06493353843689
4820.054840969525,1616.418954851273,737.4312569175091,232.42245186638652,999.5036270215211,1274.5487060875214,658.6562822676692,1138.7479682326739,1015.7633310488935,1139.3060618976767,354.7421197116766,191.474387192505,361.1701615540932,299.79924812561325,345.2402765056444,842.1621413383243,602.404040209779,1465.0011694449224,1471.1135214621472,1424.833768841736,163.80000000000007,30148,181.29823096443525,13551.24641290732,3662.768749734269,33.16522288322449
4687.698282685797,1422.9090918857416,1158.2706265255656,415.8646295088899,877.6894518367957,1447.755745737042,128.84037886306993,842.0803008088699,1507.0841173256574,1361.0724948874004,275.6555595965703,189.6142404524725,429.5890199010009,391.3586002217848,252.69942161739274,795.4716130814016,610.5391593476095,1495.110536387862,1533.8626917416461,1417.557017269141,163.80000000000007,29628,184.57216237487967,13455.529646648489,3814.4658053249855,33.265631675720215
4537.19435205596,1250.189353794471,1496.0840038178053,787.6931386682438,653.823116927246,1312.1869375861904,469.45310038673864,1277.6575702756659,1498.299748896432,983.4973895823688,283.84613803685295,186.95719393187363,421.37399918162913,378.86602697053587,264.9168818801354,806.316792691799,601.2375728780063,1480.9036363963926,1533.2168484457945,1433.8272401514469,170.51818181818192,29117,192.1955558399894,13437.491601134943,3836.711253747949,33.36603379249573
4365.760636706306,1112.1566047446213,1749.798491715489,1099.473641654223,398.8905056344024,930.4806130550659,878.6802378224464,1647.6195258013804,1049.174256069293,673.9312205648899,300.84321518036796,163.77363946338073,430.44165806154166,372.90986229019273,250.27669724062108,817.6327848918693,592.4678803718134,1489.8080733070276,1546.1410208842676,1410.9303684806387,170.51818181818192,28638,197.7896692014692,13444.199100197595,3878.3607627478264,33.466458320617676
4171.569894472138,1026.3728526954176,1901.7921272066922,1301.8887470840293,312.1850034640377,455.78021914509816,1024.8097595986987,1566.934547592808,863.2165795522217,1135.8756337853852,297.1825337654354,172.2700752432752,422.9952450993862,367.26938425131357,260.2024355793904,825.02140551564,582.6227515821683,1478.0722221314084,1558.2787925610558,1419.3256615191788,152.63636363636374,28152,206.7823352988513,13478.870347586537,3848.9264033691616,33.566710472106934
3949.1557623453605,1018.2349598784981,1954.2037078086585,1387.002189195214,539.7936481369436,541.3689407224467,875.4523042521009,1102.9073137283835,1345.439630851579,1347.1598946002741,293.91060523252406,182.18790140713185,413.9427778720542,359.5875249609116,269.50051268363893,833.8919835862334,573.4295165317561,1472.2707283324282,1566.5210727254105,1416.640431734484,152.63636363636374,27651,205.8062036526432,13582.83051603687,3829.4749387414545,33.6670880317688
3706.2108134172904,1094.787815097925,1898.765886719464,1338.9303274104013,795.9771188038304,1038.551405077445,470.2805227760449,844.0482191462024,1586.5422926702897,983.7541877843786,298.64676709622086,139.08810856304913,458.2912985082613,402.55455244446983,282.5268463824873,831.7310450680164,547.3317978714905,1426.0270807393588,1612.623454170616,1409.4925861668496,194.36363636363637,27158,207.2978200204529,13630.21438838941,3855.6776985103625,33.76713180541992
3469.6200250996203,1214.7964368192365,1752.4442605369272,1176.9555395092602,940.5030015426192,1351.976722438453,94.89073565778233,1234.8906810093622,1324.9356342533786,675.416151250201,302.23234443192763,177.17848614156006,427.4282226296112,382.2227696306275,237.5923921297709,792.6827211889903,593.2063631208632,1427.6694288599006,1614.5801802675649,1444.236097018995,149.36363636363637,26700,200.0793385653721,13356.072199918097,3823.9230990497645,33.86732029914856
3228.631202424718,1334.9269545353593,1516.274307446832,906.4280626671994,929.7606167724731,1381.530195597025,503.0887341727636,1534.059044097894,951.8618106379877,1067.3194263825408,300.3930119305102,121.80904086410871,480.6867237590373,416.00450637464485,319.905812133288,863.8815053943655,514.499728070052,1421.96566813996,1623.2610923460852,1378.2645379274447,149.81818181818187,26296,191.9413630612727,13449.454574523468,3810.8738389948203,33.967355251312256
2977.855933318136,1452.531950817658,1210.7664477798317,562.7022873734353,798.7105891547784,1172.0438688115307,814.7289848954068,1471.739024970178,1147.5656804643083,1278.12184225398,303.6078402113882,119.3704677347549,483.17053374905856,425.9759451578407,313.7430421182727,860.9326127864322,507.51953908027826,1423.9177556592726,1613.653871531163,1387.188818521363,144.91666666666663,25867,211.67828251220084,13409.058967086496,3725.4886838955626,34.067790269851685
2641.023387926233,1593.3601444903347,739.671998959806,65.60815047003241,501.86977164597795,665.1657565111967,921.4442075006422,968.5839182762621,1613.3774910067505,890.3271678006181,329.97846848345995,142.89348629344053,505.0953176509398,485.51796403954035,287.17529330432535,831.182383784325,453.3226061083183,1353.924829523795,1664.3011783167196,1270.9373092643418,144.91666666666663,25359,203.66508150197575,15686.795803042398,3792.9537269738357,34.16811275482178
2351.046225788139,1708.2336513277319,305.6818445542359,382.63526781960104,282.75416227000045,376.77463194718484,778.8216514920564,755.4268851742428,1588.84112254329,577.5954556681576,299.39454739256416,140.6593930747724,461.006393725818,422.46229124588774,251.98771970533946,789.344712712829,523.9222333515544,1316.3489725104557,1725.6511468744259,1257.7366262144474,145.91666666666663,24907,209.9114293756595,18372.695422981167,3860.221239215625,34.26829767227173
1985.5716001587266,1837.158751777144,265.5211730650967,891.3549309126362,439.42953998975827,843.450788640907,334.01557109768277,1270.5895272703276,1042.2882066744066,1105.8976276702567,254.04882451064444,496.43990166856395,144.0767799022493,510.0812368748624,277.0808577724918,761.7395748027357,315.5231609058234,1471.3167958652602,1384.9139679617797,1525.767081045511,139.16025641025647,24345,175.99128255228032,13828.366665605368,3457.5580086724867,34.36869025230408
1933.5711565685494,1842.7328190466555,338.3771396104268,937.8820917700184,462.24423818079237,905.4479139342359,259.36604781330004,1311.5617471741275,1015.6609263864746,1119.5103647632131,242.66322708687858,265.7374460692477,280.18508127231513,319.83686141797995,43.87297027126546,585.398131955241,513.7029321330368,1230.895491288994,1621.0841363947488,1309.9425770007992,144.1538461538462,24272,172.2692027551632,13599.73261281478,3179.249329157774,34.469085454940796
1727.5258996732518,1808.6035663254727,580.4063023891267,1007.0757042506343,452.37183749412014,978.5363135740218,284.014834660368,1191.4721731475008,1252.310484079848,866.7394721118253,272.52852514653995,232.28679779995267,294.4856730296774,270.6224870224664,47.23277020296174,537.1603842379355,540.5584763274142,1245.825452355404,1576.8672172540523,1382.5101462106404,128.5769230769231,23992,168.82407060891742,13538.367548763348,3139.8039773759256,34.56935477256775
1487.1345425722754,1720.3721930038398,816.2070319404712,974.0931254451066,396.0112523928078,852.1121478453422,591.8097563720625,882.390868499914,1447.651077939573,793.0560941959068,232.36212153271387,286.45622725151475,265.84697935256315,331.21999417237214,55.87476216768792,587.3208430002834,509.0801653966511,1245.1501569803152,1593.6441268985768,1354.4789290914975,154.5,23683,163.84465058862745,13591.828124737312,3183.7015239497305,34.66971302032471
1257.1857068166682,1599.2953516796888,996.9021522433106,856.3058667963076,343.49968523750226,596.057027223692,757.0926077122515,858.5951657604236,1307.6202386619968,1079.253926341063,241.53120708310092,279.87320906375834,261.9108499133424,325.9329018542689,62.016222447524626,591.4774412777285,501.01143825335583,1249.212432062538,1597.443981739983,1344.4130128373429,136.81818181818187,23394,176.51943900403137,13596.172090337499,3214.6497492681965,34.76990985870361
936.4907964373061,1382.919873123631,1189.0230552445983,589.8909592083868,365.8997764247962,260.7198856439841,729.1812484264484,1264.1929541849443,919.6900366342908,1173.3711760563956,274.10277863796784,241.30217717008694,275.00548636080543,270.4325444871828,108.09203383310681,583.4017547189378,447.5965473499517,1359.5658400817042,1514.3506851715176,1341.3065251809767,155.32575757575756,22983,184.43040097463424,13589.073095616373,3312.735565348837,34.870333194732666
735.0508759109198,1212.7990362615117,1266.0146556935892,368.3812409672967,428.38941734768144,438.44922743058083,545.5206095476462,1404.058662178439,1023.4869790432027,930.8798684679952,221.26715597807953,255.59930173002604,310.4502090127096,265.1736097751059,66.38413394457817,519.4938798951554,511.4751226554834,1363.0856201911563,1454.653897802187,1417.2219860477555,142.82575757575756,22710,190.97627802508555,13679.419383466977,3363.900193672621,34.970529317855835
542.6885406136905,995.2558036298269,1280.7127917556318,94.87474615874048,471.01914976646935,732.6983542165071,242.8294450682076,1257.155508851509,1316.5991802573412,810.8028584870926,181.25263596100547,240.09879204810662,351.914620679744,219.2939375533565,115.14107432378539,544.478495480454,456.87745100410154,1371.7007402838435,1510.4518669700794,1359.8158375078904,134.33333333333331,22406,185.9617834073563,13685.812053218327,3250.095211642833,35.0705943107605
438.1356439518187,786.8204627380005,1224.1042877328962,168.19896131119233,454.90069629556064,865.2268742943538,303.51844492276956,1002.698658817853,1300.6556637888377,1066.2945874826673,188.93878772692895,241.17709360527178,342.5789605986531,229.3218439036383,103.71403987152878,539.9567852399703,471.6346786197556,1368.8877426407435,1490.9238979175714,1375.4190843467072,134.33333333333331,22148,186.25372005413797,13604.769397936241,3234.3023259057118,35.171021938323975
438.12068300740833,550.8719386366867,1101.2285281736013,408.2016339210457,393.38900838639523,845.2709011646369,569.9886947344404,986.7063339960334,1044.6445322415395,1149.3692650678017,177.24708527044166,228.74113015251322,344.07086469553167,228.93926622534238,101.3409752062147,551.8174288977984,485.9871823425895,1351.5048956803055,1470.2821039670894,1403.4603014683062,134.33333333333331,21881,186.6524946462069,13625.573880941345,3254.092288190258,35.27114796638489
535.2518432992703,322.0075616024575,930.483467322157,591.7881868508147,300.63550550282355,673.642297100078,698.5036621943036,1232.7582414017752,960.5557161291152,920.1840869818145,147.16192243911993,199.82540087432085,345.8515247416698,239.60453228494777,91.85379786584392,550.1306268330769,521.2956881021772,1368.9738679252584,1438.4949260902533,1376.1965614463184,134.33333333333331,21627,189.98570965575308,13831.892214637082,3287.440543699251,35.37144422531128
668.6179782942442,109.27856127325668,729.442786832205,700.3123621078144,203.49350499549396,448.7628715424805,637.618014800446,1343.7659437700695,1173.0100416770758,849.9307217424456,138.08194231551008,187.69648273020164,335.9866128567803,254.28923483227865,75.7986063138518,532.8326977523859,516.7359040929354,1379.0815461843229,1459.0301416740442,1379.517323489587,134.33333333333331,21413,189.3283443631305,14034.495856994125,3266.6283433780686,35.471819162368774
548.8774912946237,434.21289468845254,1057.409729838224,769.2835698757265,492.3170824582539,683.0363123261345,952.1323228332087,1569.9001531864537,1086.6502814446892,532.4688644455945,419.559070529924,351.08094506677503,547.1117988690005,759.3030694196638,488.039550073074,378.78236594894764,961.4726743978915,1926.741303814775,1709.7160417320906,937.3686873763197,135.1858974358974,21718,193.61336877207947,14388.995540275826,3714.8078690485318,35.57222104072571
546.7724947259707,440.27656384424733,1064.900355168138,768.532597093039,502.1816454967105,698.8273842468974,968.7642824207405,1583.5693579653082,1081.1431494597923,502.66848992913793,149.74668835019466,127.78321179329608,461.39877544265187,492.5642554381447,338.08794122119366,575.4943536683047,949.3341014331965,1804.2845415525771,1381.6935509185428,770.6565301526128,174.7371794871795,21762,247.2173280523701,13555.02513299408,4063.759281073535,35.67251253128052
569.0981353625674,503.76520499346645,1109.692426826159,842.622109454864,521.1399316824416,634.3788734536664,929.9813132567066,1554.5443702656282,1101.317811445502,585.9386450402171,90.22730690356383,157.02441895090237,517.2219133574389,520.3784601681118,397.8533477598063,575.7008608019048,971.1499581137379,1826.7344365932454,1429.4969172550846,828.2440915583962,174.66666666666669,21784,257.10405839691384,14478.62308865968,4185.464536019304,35.772522926330566
538.2110201694187,459.51008742105614,1097.360542071996,795.6215192988274,554.3837577702304,701.941463204763,1001.0295272126212,1626.430043198285,1166.1973841779372,581.4996313989986,500.6283165427416,307.69702516903857,89.31656631338691,228.5245993273653,343.322837188174,945.5632572389254,1261.655597958845,2125.074311557855,1582.6895950022852,505.31877766694134,151.17424242424244,21774,242.80469806176177,14346.36278566849,3861.407422796395,35.872567653656006
1003.2008064014092,885.9623419471232,1106.8570070466872,1077.6793854697687,200.66475032046074,688.6996632792201,806.6282820016512,1446.2157592210042,835.970555126925,134.33229670208505,199.7174748759684,238.375239586816,440.9761751371254,598.5124605728049,77.99674564324614,675.6775195256671,908.4437618077953,1767.0792218542563,1156.3336643908713,123.7654817183146,135.34090909090912,22327,223.6952869598742,15872.56436182571,3518.7972791544435,35.97280788421631
977.7681348029683,870.1888210075899,1115.8553449205742,1080.2740078380248,217.53946526030424,660.1115179088506,776.7634332544937,1414.8127687315166,802.6667889628154,169.657001208824,171.1908565128172,234.25408810626962,478.6641506419966,621.7905874341974,138.6737747851644,588.6607631537315,809.3107035339274,1654.9903784412638,1032.3543693885397,260.04870556270214,160.59848484848482,22355,230.82493726107901,20294.81955542247,3575.2314585649224,36.07287645339966
1028.919036614417,891.4465710890042,1083.1976862417512,1053.1667726158519,167.652493375939,698.175063072014,818.7298543580957,1449.172398301375,831.5503080257664,164.01416826926257,161.1734855080451,301.4987266425334,521.4790883598354,667.7609886009079,131.93939122011992,655.6420256825667,877.0801336525044,1726.9814842346416,1103.7473394670938,214.68942155689862,155.7272727272727,22367,246.9778520169523,25919.512884406213,3683.9397772460534,36.173168420791626
950.5090404120363,882.1866490607273,1153.4731833843412,1123.9156631938306,244.44321167515355,705.819305782216,830.3411448523326,1486.7802605833863,888.0332450964039,79.3240877565328,636.5185990048939,355.38809073402865,739.1408194261265,879.5620561059303,753.8708024450967,400.0204037212936,598.769394856773,1598.4088533605882,1279.2716255920182,571.3832250578283,108.34545454545446,4987,206.02387157841704,7781.519776977748,2827.562642103253,36.27332949638367
1547.8268113354277,939.5328381036408,552.4147627764702,545.5297656245281,515.4331379931808,316.17151053018785,294.14723923778945,905.3020388651825,541.5048625646849,621.647818860486,253.04902142484332,333.5823245987357,249.24321232327827,311.72034249856955,395.8620412403147,322.2926185141023,320.7658656780739,1030.6954115128153,667.9124732649237,911.9469826234407,107.39999999999998,5586,142.5605826951557,7191.446833226832,2259.0258031840303,36.37371754646301
1483.769600288835,934.323746917947,610.6457647120104,582.5626563427207,454.28127953847377,374.3288023747712,358.3170307752626,906.7341293084085,480.63392964671925,632.5387414267585,257.5358520291562,349.200086841819,251.62482288264485,306.27240428902974,391.43212296367375,342.8535413029228,336.66174936634064,1018.748556413835,643.5686294405851,925.7431236607687,119.04444444444448,5516,137.94450539866676,7292.000002480178,2260.137139794002,36.4737708568573
1307.4928052390821,1005.2044966511854,742.1204705846127,615.3186945141508,427.1747791751399,553.5570317937721,446.854089153411,726.3813736563419,411.67897586860306,823.9632471351207,368.89329053554883,506.908553704108,208.65659440763736,163.49758651676515,529.0630657193124,378.0058557678029,253.5231470247132,917.5203445160847,727.7699536985085,994.8025575625106,116.22222222222229,5326,141.95215538306377,7190.471517603879,2354.507013911749,36.57393002510071
1246.6101269871629,1060.330958788675,773.0796447531778,597.2410417466984,488.02972113296426,580.3926568063915,421.5770540254911,676.2518292509556,484.12530892140353,813.8692240327449,235.39037676530745,364.07765250821734,308.9966628218773,322.8617351861412,388.11946587594696,473.5003522781301,405.2232549087782,848.4608315594719,607.5552557443074,1117.3541818345757,123.57777777777784,5243,150.15122880515037,7456.341631694139,2459.96259168766,36.67396831512451
1199.473427263656,1125.2928223778838,776.4182282897981,548.7753769788181,558.6244036634646,549.7062204131818,352.1826784038382,716.3168566802732,519.9237912144391,740.6248723322121,183.88512944005512,350.81022360646995,367.8011387056779,341.9642341663148,430.40674736241243,502.57090237396596,366.5655541810525,840.6017620548726,680.614997168231,1043.2820438370723,123.96666666666664,5179,154.76933372590815,7559.939571653396,2380.4497117865867,36.774009227752686
1122.0883443693376,1293.5042153320426,728.4734109851507,385.9514549639723,669.828517640757,386.36360078909416,272.0824551503024,875.8968569843959,402.5592742675476,778.9999820833364,402.3335351118294,449.92473827760523,157.1050768676113,330.77914996616715,318.1089172216595,449.6298437735652,510.549823084123,859.3326395596213,515.1392294722209,1225.3630127219665,125.00000000000006,5003,155.90088762407385,7268.293660869446,2509.5872814798686,36.87434720993042
1094.1476227151882,1435.6015674151533,652.1360910229043,250.3805078036151,692.8112904154556,280.7905909596745,392.0320641412178,895.1646991164184,277.8022987836985,918.2769754626788,307.7096186196382,419.4378946568667,218.62535667485378,268.9571262759474,395.8666437067492,389.81963450733764,421.6602263488739,930.2538831197788,495.0686797519214,1182.522512948789,136.73333333333335,7024,167.19545780956526,7367.377621586581,2592.844759307569,36.97452640533447
1106.491643424924,1552.2189782201315,549.9920467540526,225.13633057040698,634.782906135586,346.4775403540352,506.4152569344061,779.5795594408672,365.19200326062344,890.0260400639484,299.4851488141432,421.76269053468195,219.7399717412042,261.4681707520239,400.8776002130291,384.6624043039732,425.78280409987894,929.2645499614706,494.4220307160671,1183.7464436310133,121.79999999999995,6888,167.38157747751916,7417.774261924909,2588.107744418956,37.07488393783569
1209.060783789394,1739.8328052429317,315.9356528777849,438.21218788736803,417.12689114477865,601.2176063706198,565.995250553696,600.9580951031588,583.6699994478896,639.71136021581,337.5988518608473,435.34232012986325,182.332514117986,327.6923634910553,311.89320592255075,489.24639990941404,429.1630727663826,869.4609953398207,616.680951388648,1041.928183268491,123.84444444444443,6629,164.23105313893763,7412.787750762354,2628.343537224655,37.17518210411072
1218.7149678225287,1749.7112846300593,299.8824481140238,454.70607869435895,400.5946108354536,614.1178568943008,560.943969653378,605.2894533253796,587.4428065749703,633.6414987505945,208.2208304460152,526.8341575670731,144.918396936754,270.0800902892548,317.57581088370637,535.2798799369415,577.3321381790121,718.6348871452608,749.5589491276761,908.8507818216226,138.2,8216,170.43300375519482,7512.9551256198065,2786.1991888294688,37.27530336380005
1305.7561488020197,1780.967473857475,199.34819353755674,534.9859547640878,340.8942399935292,584.1013899989889,448.0705422074624,714.046984718715,472.293557364645,747.2619372259694,309.0175753124346,416.57213809106554,221.02582190143136,223.3722541816783,403.9582577499486,421.16193956597317,572.9756306310721,733.2777597418512,722.1887671914577,944.867521696209,132.8,8105,178.7745473188598,7363.026411704981,2806.2728692812825,37.375377893447876
1512.3024658062259,1797.2692183261584,221.60582578869506,634.3036750604591,473.26779301958743,394.74062006558705,439.31625297728914,761.331441180522,509.6478751790241,747.2936301986475,388.3901057324268,328.08708645705224,309.4683877756638,181.890606219899,494.4176959531543,366.16940916326837,647.1877147731519,672.2532951855654,796.036161200841,878.8418122448518,132.8,7864,190.46531015099566,7285.775348155094,2853.574357388518,37.475529193878174
1664.07504042586,1776.7134165569057,370.3566353559,653.1733274851441,631.2186462336086,239.7687498960191,593.6816563400553,647.4915398323641,666.1102950659699,591.2839055292976,313.7304976505738,427.9814072025229,220.01147273297963,271.10826516543955,444.70416451287775,323.4311906510979,584.6549307512962,746.2615599757925,765.8347340395899,916.2758891632269,154.7,9155,185.84022308774712,7399.152358822604,2944.5155955339123,37.575544357299805
1803.3431968566351,1725.0652099583663,507.4575155008519,610.1718145880131,731.6399085011775,236.0653505889194,683.3156866544897,526.8412124536862,669.6317600545734,587.5265015333015,323.0628457784961,412.1694905880653,227.3673214403672,254.85640182078342,433.2487986030039,343.40916192433275,569.1331580003031,761.4794776319811,742.8543790309981,940.865047875653,140.7,9010,195.16720919966713,7381.321052445754,2990.935429379239,37.67570996284485
1977.2725811591456,1627.367953083263,657.5294902365189,500.4058607460289,773.8094647679899,401.89754934505464,661.3572622094338,586.3039007945855,511.87157990433906,762.066085521343,332.5793660978545,397.5457979090637,234.97570742557514,240.67211066821284,423.557985948166,360.4104867753091,557.2709305393464,772.6019137589999,724.5051556878516,960.5394164532213,149.22222222222223,8835,200.5026036268828,7365.225036589885,2976.638869851571,37.775890588760376
2155.707052026547,1491.1921392316085,777.2902422667108,335.69370005698136,710.1042728078905,549.45123179953,499.64323339281566,764.9714782514851,438.5455309682176,769.0363557611674,372.407551928334,380.40455888679526,202.080449367883,298.92571740102693,356.84879056536914,313.3747559867062,579.0699682902019,732.0919631945218,824.3494697058339,873.0920823079647,145.66666666666669,8659,190.8969896065347,7253.663125702183,2851.9374030670024,37.87623047828674
2423.3369344290345,1244.3556622464007,913.9943837830964,55.91724119652809,496.32465969699956,650.2216626311167,286.04415751595457,857.9815805783344,703.7562844966707,498.6761616639575,371.4459271699536,374.94855176732796,210.9658101985433,288.4205497461976,347.50052515481843,327.347886728133,564.3033593135636,746.834610527041,832.49029165181,857.2589948227329,145.66666666666669,8367,189.77270480167192,7245.97069542932,2894.90536084784,37.97647500038147
2697.3869277243057,953.1466015566641,1011.2869456965371,277.1228580740418,195.9683097221665,610.3769893622116,511.80701482431374,682.8193399386372,872.4090548349621,493.88359822197674,372.2259048921134,338.5418253996856,264.94774605483985,257.045313404115,283.09404529768557,358.3380454059123,567.6874867578275,724.1083541993768,915.0854777508655,822.6357189117438,155.31944444444446,8071,191.46028100558618,7300.046970519668,2892.7870053684983,38.076706409454346
2911.1181509544417,701.8657812392115,1040.9248134886539,514.0877239120373,133.4629450274481,455.0933601345253,731.7572382087786,435.99296058466035,737.3344425121866,735.7155145750626,378.26124290124505,404.77001373680315,175.57797776147473,306.2050714564927,370.4014047242607,335.9649952988949,542.9675829207755,772.0817970771386,868.9479620868249,801.4357698760391,156.875,7817,186.61606992709682,7234.6885114479555,2888.75562499634,38.17689895629883
3191.9342241855234,378.93303355351924,1022.0960668252212,790.1874085012703,485.3821079762513,125.48310574755965,836.8388007865105,529.0687774119591,404.8106134486021,756.1858925612914,392.5058463537779,333.9980902755913,237.77125717145577,348.6622717639447,363.6002963713873,243.546915606752,631.8829523268657,735.7618988952946,755.9488567728022,864.7357372285944,161.57142857142856,7462,179.05288027029874,7316.401631897963,2807.95360231045,38.27718949317932
3343.9622569595467,295.90106531100815,969.0847245333396,895.3113214108255,651.962930797264,91.68452062342675,739.3864176647053,730.246068646614,510.3103865155451,558.100737894108,399.49455380452264,303.84276845587436,269.0450857621726,359.0518583289069,352.93911158425755,216.83207631221492,664.3854717581966,713.8853077791565,725.642987454627,893.651989483084,187.5,10738,179.46393612390204,7334.627851189157,2844.36467823553,38.377321004867554
3480.9003296838537,397.2893545971179,863.1833911185752,921.3682399625864,732.8653619249529,290.91662965948063,530.5935605103477,779.3275983608895,698.39483593596,517.3831387168154,381.1823029183589,336.71607267149875,257.5666121709605,324.73300171906175,319.0597492070788,226.88859706527472,687.7202792883387,681.4693022524287,696.5773039607593,921.4621159174426,151.05555555555554,10525,177.0643269839054,7277.465075960147,2817.3992966404085,38.4775664806366
3536.4351029647014,487.7614142489639,787.2788937264738,888.0317454749699,714.1965599645513,346.3835907237447,478.8152669061062,704.4589993661351,681.7636602381325,617.095014007503,436.01377609818013,233.6521166344877,321.49545411513384,437.8104503465214,427.13573640875177,178.27580983776917,643.5669879596709,820.0921867404676,792.4343919948708,777.2756165836578,167.69444444444446,10423,173.34896611950626,7383.237204831366,2901.847266416391,38.577762603759766
3515.9851947694774,439.0540871821891,834.426419531898,927.5263664187771,753.583669538732,361.46227310263663,450.36102094378055,747.3784377662587,730.4430777600415,620.8556739391821,601.3955374433775,149.98052385744444,394.7741105491723,591.4457890432103,591.2065580853154,365.6450068763771,449.65165047887507,832.5447528941311,918.0120066959558,912.886631946662,167.69444444444446,10477,185.70341310230387,7662.215328957696,3083.9707594270703,38.67788290977478
3496.322630620265,365.920843523168,908.2712867365877,1002.6191205220183,828.0958981890456,433.9039319165689,375.3000097890728,743.7760078710992,753.5813911384201,696.0213459054658,728.0792622278497,250.6357950766499,386.61359421502567,588.5921556333315,562.702542478178,389.93415264881577,522.1407837414134,740.34095423869,814.2570736993687,854.3647352302223,174.125,10548,178.45786982115533,7822.912209762674,2988.0364063657835,38.77789926528931
3486.384729352574,256.5124634564036,1026.8340285499614,1122.5487476202986,920.4686925234859,549.5574234450715,354.26941216962666,603.3092829792788,624.2691392666998,692.3009955520653,617.9262727470888,146.03310280622586,431.07575853942643,641.3305275082699,639.1206997336498,440.3757813984979,431.4113844877235,733.0347140166223,823.7822525866706,923.9219896244965,187.5,10692,182.88940485536702,7569.738428701407,2980.720957257794,38.878339767456055
3480.7662935629605,275.2494634466497,1006.411090584646,1109.248159262634,927.3615880563552,553.6836245767454,309.6120866490564,625.4666816647671,647.9684479546213,738.0286151458082,525.7867356223745,67.22600477036495,489.9820298775051,706.2643361296791,728.40497397773,521.2803275507318,325.4553491981784,714.6349429599964,820.9878232910502,1031.351529303202,187.5,10656,182.11912036737633,7449.498245461598,3102.9102945808354,38.97849369049072
3494.303032033776,271.70864564023987,1004.475751589531,1091.729295158807,886.9703163345469,510.2744123711374,345.07889662424503,661.2483682955889,687.8446108391854,749.635289686936,586.3505093678065,125.00753592967772,429.4273798507939,640.8715335098129,665.9036269380535,457.0697472645568,326.2112009429139,791.9139930212679,901.9999880249411,1090.8620307337171,176.84722222222223,10685,182.2488026521653,7924.520639637249,3066.533777123139,39.078888177871704
3473.130936781719,259.70982132965236,1028.9195161311532,1133.5965612976388,936.3236109476154,556.0910197246102,361.2273067929328,617.6780274286937,653.2974083863016,698.7321534947276,534.3510438628584,69.63396577287705,489.799577607721,704.9994407489273,711.8014497958562,497.1952657835438,386.62347682466344,735.9950566231922,860.135678393559,996.2887986134076,172.11111111111114,10661,178.89861851544828,8437.511199998246,3001.2786712811376,39.17934584617615
3465.039206302195,255.6339480170928,1040.2905445509966,1150.1274320597443,952.3240098013125,569.6837875043173,374.0619130524035,606.7631053632784,647.3537551940923,682.0105185714582,516.961124542599,52.91512038303138,499.89636787256046,702.6063593380861,697.5068216417443,483.4942632147101,382.68166252610575,740.2125941171612,855.1533175292477,989.4217636094178,172.11111111111114,10617,184.1457841747685,7993.388317192683,2934.9592734544167,39.27986288070679
3425.4692309696766,222.80367366418258,1099.987424036465,1199.6822897035163,949.8815904623309,537.9758403515953,414.5534476215437,668.3662480494927,706.3823340568474,746.8061779562829,513.3412141480833,45.56653226134591,512.0769514159257,715.1711390879402,694.2725447560447,467.61830669675123,400.003584615701,773.8565793239895,889.1352939767924,1032.768014286419,180.7638888888889,10579,185.45598333341175,8679.852040712478,2973.173044498001,39.38016223907471
3401.1444361541426,202.22078818775032,1130.9029017216155,1213.1358900171683,929.6624794896543,507.366402122473,409.9552141469421,687.5177792416595,707.0057583613327,752.0452585221974,488.7655263510452,510.22240901317105,532.8174204544584,207.68205628714773,677.7084314438501,804.375423473523,365.2324628760325,256.3361791920762,642.8261468456325,736.9894436425385,130.375,10533,150.27455273178347,10444.59664850439,2504.7109537160272,39.480319023132324
2927.291508803866,428.01359412708797,1595.151863323919,1226.469971244254,355.537988639732,394.091860550089,220.6352399925154,570.5910668999063,143.61741029804278,180.39047410178043,383.81863734545755,255.42584753618252,589.2465657352706,478.1295723350628,429.2714259710308,561.0452897525466,124.70428197623787,416.5072142682035,365.90760234215344,457.4849088561347,130.375,9963,128.4288277067806,7089.103791622107,2219.9948244708457,39.58034348487854
2697.968632734114,666.160442033355,1755.9429508952956,1159.7838471207035,201.23481275180944,659.0499108942233,330.4019347229533,386.0295769459463,207.4907559068839,268.5936291428034,377.78871376019526,219.11361265455528,625.3999453264904,522.8113483438872,378.9757422874615,547.4823585241822,141.54127685895776,423.94840084307964,325.157233974065,420.1146633298145,128.83333333333331,9692,125.617310588332,7186.809760751207,2188.138749723339,39.68065047264099
2453.6424288207454,890.1102835834915,1836.8018560100238,990.4533052670799,421.2216178452707,853.5439889446975,366.0639919891081,141.21558649969668,433.425074447501,484.188642742599,379.3917514614101,238.94084730802248,605.9337287374154,494.9905803639424,411.00057035040123,557.5873021499954,127.59801796676612,418.81115445337736,359.3688857290603,452.02091195935003,147.04166666666669,9427,120.72107000671747,7081.18384839114,2263.2849064042302,39.78065633773804
2196.759329743348,1093.6867101418648,1830.9118635001284,744.63776895939,676.7461437278688,890.2287799554873,311.6280733306904,348.92248610535154,456.95971262214084,438.21642191772366,459.9178832379843,288.0644475425601,470.397996573893,554.0215670955516,427.4324555621734,423.94466175268275,138.7753613125692,497.61556535340776,247.93131299333146,388.7750931617028,115.5,9159,115.68730543712442,6812.65298040905,2143.8730866481555,39.88090896606445
1797.497118809455,1373.1530228173558,1708.118651789684,347.47819638348057,953.8373308119329,723.4761566167437,259.7172751715903,686.4988817091113,244.28987985392652,68.00927093353404,431.17729424495724,283.8792362622706,494.0870446105242,516.1711798270877,455.0367051313324,431.10959261415695,99.45839590987093,530.5813131529693,215.76137295691748,338.3749285406168,115.5,8751,121.40186279792528,6836.213657226445,2098.3838245046127,39.981202363967896
1447.1191382560917,1586.119509803201,1514.1878480401717,316.5101815244055,1056.1434351688897,431.4815324989865,340.4507636792161,737.8990137762001,123.26101537912282,290.68369265260037,392.264851010284,293.31543559867066,515.8438503203436,471.763313084605,496.8127728346189,416.75434266872463,97.30321220746228,566.7965748711414,182.53551783627543,328.4689508564124,116.45833333333331,8404,119.30813828188138,6990.880508561577,2061.4899943671508,40.08129858970642
1166.5853164567397,1724.2386481859717,1293.6825140115573,582.3979530308216,1005.8267253007795,157.07310875628826,377.7548040981987,559.3858293375807,279.0692537995336,431.06900522960865,339.1452466675589,328.7908955357787,531.0104558944576,423.62356124117855,554.6303173670397,370.29245102917906,145.9268334061627,598.1834532086841,166.48814659334,360.69004481567276,116.45833333333331,8118,127.49690475939386,7200.970692538608,2058.44963048992,40.1814501285553
874.2085836246064,1830.5801495970954,997.5286876240705,877.9158361521174,802.9135602316265,316.2390738590925,329.90034804673854,262.04965931633484,350.72658056548823,314.58283948580777,363.6169905620444,312.6646768119391,515.6829233591828,458.80310520089415,509.54797866591736,408.6087219413472,97.32137030960757,569.5709266876767,175.66121437626018,299.10705507472,107.0,7809,127.22752874593179,7058.013204799572,2123.5771856618367,40.281874656677246
551.7971224534549,1931.2035650260505,565.8563710177762,1205.0761628764892,386.6121823409433,736.157504722166,309.27706800418184,537.422673043278,339.91758939354565,122.85034691380343,483.6118924635153,218.66921555109735,573.5557849877549,492.5244865030852,487.1530053972887,531.6629719777051,103.46266595691478,708.8790794886712,38.93638457351463,286.4548013503103,107.0,7372,127.40775183171178,6379.712714816271,2259.6062399265497,40.381962060928345
510.8108001750819,1940.2449761194896,471.90427614387056,1256.7741246436701,265.9999498893646,803.0118125725387,290.5531005536656,640.3771671752878,273.40703942346124,168.39892583114752,82.64560208419157,604.5393220986454,222.56558598193283,774.2432411033155,205.51688710671746,726.6307538346284,301.4256260337747,750.4350417313542,353.96790045889315,235.64999050621387,137.44444444444446,9397,119.74947277910452,6420.887229951344,2398.4084687428494,40.48199486732483
510.3464859430224,1933.7761974060077,464.8180353751841,1251.823455947096,257.0750481680583,793.0223702009984,261.80122941504527,632.2306371790622,237.38778862772705,143.5005915081824,238.56967335519403,459.62368661905316,375.5588570695672,636.2765941749714,353.53210361814763,617.2808882284479,310.12690197683725,652.8495257107897,447.560014670051,242.03515481973952,122.22222222222223,9373,130.4292653409272,6909.038452720147,2278.782097275119,40.5823073387146
515.3575621432707,1922.132138380638,474.07442636456847,1234.951027996055,272.74998034989744,772.9818074279613,250.04865529706316,614.3518948801931,250.38905532161235,141.8008177117871,97.74687843053935,587.6653303647711,236.1880327178587,755.3042182190021,218.05261600586257,704.702850080313,277.1503219502645,731.8621577430151,336.92250292485915,218.04704006388644,112.74444444444447,9343,120.62815536253265,7499.500579070629,2369.8631379855215,40.68241238594055
896.257020925211,1558.1907573820135,968.8570907178664,681.8159606152502,840.8124983109361,443.9532446667018,640.435318542866,658.7373144004239,823.9470036907692,681.2652132734007,461.9255498119924,322.8538940864028,619.0983036186161,566.7894042615121,621.3226614487577,771.1714766727321,710.5794928416191,981.0267556760887,865.5584107170952,785.4594477637394,128.7111111111111,8784,115.37898918130828,5350.272660902558,2591.9070232683375,40.78281831741333
654.4607881909673,1775.8970524240592,696.8475835925952,948.7441291701008,658.1000812865975,321.6910750857022,455.74164469830396,388.2210647727485,810.9391658337452,680.8304617413293,146.78725050197048,642.2864144802127,419.5012328100579,520.2393062719353,666.8204318393298,184.36763145348735,640.2911554191481,601.578391527866,1161.0684419595073,1049.1488562654724,158.31111111111107,15521,145.67709229355842,15807.774395988828,3046.1511274924646,40.88294553756714
626.7718944115704,1805.336600404788,678.80724543511,960.0334573540003,678.4354738565612,289.1180734433969,488.4026798771957,414.77345371336764,835.8266150143501,694.909509520947,96.4090094914238,575.3993437101531,368.15608634123663,537.5168864719178,568.9927503154598,269.3796948414664,535.6535831046564,534.6176137020451,1045.7897915813542,930.1368636816967,177.2,15580,165.27583155512866,10391.750636633005,2930.7119717026394,40.98342442512512
550.462903991342,1886.21147814797,641.8774772265208,984.3710780882955,743.4425575845843,209.0611571377368,572.2461346259975,490.64028180216053,883.9365710943956,719.8166781526521,172.88578553522333,581.2697153926665,471.2335814677001,438.3431548366833,601.03040923435,348.40059200769986,497.2336167380539,512.9179693035375,998.7705310501224,922.2978800541307,182.77777777777777,15622,141.57578027085668,8317.78693659516,2802.03196452295,41.08369970321655
303.5982380575246,2122.686416396818,735.1107198969677,895.2914620151869,980.6651416452356,329.1342197297287,667.1801679800375,618.892175343089,638.791988398624,475.2087694113679,136.74628989097906,614.1692033147757,454.8156814397022,436.68628507667995,676.9105943328391,363.6793623200178,559.7134523904836,592.2895996026662,870.2722780410788,795.4739972055011,157.33333333333331,15911,143.5630864115024,9082.829645132653,2955.2533412913936,41.183743953704834
277.58010495868456,2146.8516444096167,753.3689401190023,883.2330968692002,1004.1199723540345,356.4569065649244,673.5357170642568,629.0880251604864,605.8430823367896,452.85300644413854,97.58384202515214,611.6010920856869,390.4221002691453,511.0462795959993,679.2658029693289,275.91148083202944,655.2163039018369,695.9946117353056,877.3221778152334,685.188763567136,173.8,15913,162.00586058726714,10280.609998469936,3086.469287813422,41.2839720249176
223.2447600487968,2177.703810153803,808.209869914096,828.0471214015113,986.368249750389,376.0808442800186,615.9119621481065,571.9773011712734,657.8982302571205,507.9093007045974,167.3471077202649,545.9792077177677,388.11566033697665,558.9513145011044,626.0448213691575,182.3333057571741,732.5095098319127,788.3049945025514,875.9092643551688,584.8976493721862,173.4666666666667,15975,161.54479344427432,10466.021043294622,2924.8157792824104,41.38413143157959
73.17746047909742,2235.6356976833463,955.7429841237955,691.5279361013232,862.7854372377236,350.48641401610473,553.0007216323489,559.5805222567157,783.5808738116484,490.5142285536171,85.14838504434523,624.2520002015274,410.4830545624527,490.0702809299666,640.3390849894265,249.13154418562692,653.5866802464171,719.8892740341777,944.0490258632911,638.5640268797883,168.0,16138,164.97122209599226,9896.4080280949,2788.9552710574394,41.48440194129944
51.13408440948416,2245.979679805117,1013.973456255377,663.6319101907667,783.9110521843236,297.0096976461835,609.0102312231608,635.6336931783485,765.699127881125,409.6951326387425,84.12436539166946,625.6473045417758,411.97224273881795,487.1563061935045,638.6433232906898,250.85337342942222,649.7939858952145,719.6128651637974,954.6231933226379,632.3044742401629,165.60000000000002,16205,148.82173119669585,9650.913492087984,2877.898931636634,41.58461022377014
98.94919730884735,2233.5658243853277,1033.6209422481395,691.2928854578022,751.0957073801089,238.27647671812005,660.3402126003565,658.9303454634937,708.4546045369492,424.75514864462866,102.11680996803958,608.8051445032804,389.1188447160859,501.0531519744872,667.7581921841168,281.81271547424467,615.9489743324928,679.2092408927953,994.7167105624873,667.3772691832571,165.60000000000002,16275,163.5892760144866,9754.564935734881,2949.7171587665116,41.68474888801575
176.4974640558856,2200.3598901701143,1035.4921407405534,760.1143751215592,761.2976969075481,205.91490782390272,679.7380319764081,623.1457270622,701.4939827492352,503.71592329760415,86.09956286329114,624.3658100474586,406.2383405616375,486.6846114925437,648.0174270959055,263.7036486662006,636.2890634858759,704.6344849056081,967.0772507949974,653.783022809989,165.60000000000002,16349,159.89203151703305,9871.508050910725,2987.0093382897912,41.78483486175537
250.4913026358038,2149.19547190003,1003.3616305007998,832.7103735076221,828.0644278115965,266.59436366468015,618.7474576901,551.6910790308879,777.674014230203,493.035807487742,99.86348057711682,616.8502032058456,395.06104324946614,478.7215041882895,650.3679096393561,271.52172536273827,635.4088954140855,724.5817140532235,955.2910404823643,628.7665137302909,165.60000000000002,16423,165.13813266845463,9922.100112226708,2917.298715753854,41.88489127159119
326.7937945737991,2083.5696984858523,947.7183810665359,889.5075201500617,902.1757424464989,340.1509609848468,547.090905623616,548.9190027844734,800.7965865615254,419.8140594925981,112.05765127211112,618.496853325316,397.70389982268864,457.8592657654137,628.9175384984131,248.1004350105718,664.5003557304773,732.2966786492975,940.0389045480351,669.2841803300962,165.60000000000002,16506,160.47263997612853,9888.453093828217,2863.351824655786,41.98517155647278
428.77329480842894,1981.6289098389866,848.0857839898365,918.147037294398,959.3825214070662,390.76887222029814,548.530510248479,652.266177618166,707.8003365360279,420.7657433408335,131.31390093575848,622.655049166856,404.83520759150025,433.9739379819873,604.7066747069106,223.44945398550337,682.66119592066,720.5112672371476,952.6460355346793,681.8189666975801,165.60000000000002,16603,157.17712284586946,9875.799915617488,2886.4732336050647,42.08558487892151
530.6894804525739,1874.1745899643554,741.6634573586082,889.706263170932,943.9921090518916,366.6947432258947,651.8795637699382,706.5025641470629,650.66317614741,525.9304739365202,151.36229832186547,642.2462019630756,433.43548254458386,416.73444832120174,582.7747005242228,210.04246895269895,659.737914513712,670.3996350227031,1003.5988382854803,626.285960417519,153.82222222222225,16714,159.78945855050048,9917.946273712463,2915.098329659306,42.18590831756592
773.9816494639538,1635.3934883718548,551.0215203925843,723.5445816745465,770.2835700398881,208.04559105618463,856.1317938283246,599.5525494703611,864.0764362902099,565.2375517105144,206.12533623427504,660.3327111805053,464.2960562636852,351.0943715878245,508.39842793386043,141.48387416792062,703.3609420982951,589.2865316059496,1099.1541238583816,607.1212360159547,175.62222222222215,16977,162.78965250559312,9976.23520974502,2974.0600360724666,42.28622055053711
837.0218006052902,1586.1163302348884,543.0585861007713,658.6586233943009,701.4905078608632,145.52285415747036,848.3000243642505,530.8275300892325,904.4535240901818,501.0093956400504,115.44927351767817,555.6038508865973,323.8408745059145,406.2235026535234,556.1456360054349,143.37365602868388,828.0091216131909,664.3974743672444,1103.7157166925842,737.9837510534666,162.9111111111111,17045,171.12034993757175,9813.122212425897,3145.1706535041176,42.386420249938965
1241.8513811115922,1440.1987593934073,832.4924449240027,234.34196879714167,413.7340873227003,322.28951606570445,481.18978816662536,549.5609384569532,714.0662679007738,522.0628490458637,282.4774949233776,758.4744604350778,583.1946679981666,433.5483030853328,623.9484290429303,351.4736251713863,502.28557938403674,829.3653980488413,767.7805386707614,870.5858163006912,165.10000000000002,17495,177.44502987599088,10064.165706469143,3394.8253306090337,42.486459493637085
1375.839744774932,1470.9633090253342,984.6776903242638,241.3031902276049,507.5172060698627,439.38109480999367,338.22828122975096,697.8485784667793,564.1162753938266,649.499342032239,237.56963634618396,426.26748521052474,464.5229469715114,121.89058815931826,374.4942336496145,430.64268805200106,324.81703231217045,846.0135510462643,708.1471585340088,952.8155731850442,182.7545454545455,17660,181.44893566120908,9769.09637101728,3218.454575647821,42.58668518066406
1387.805607496629,1475.2647642308507,999.3810271175987,249.14014935131559,521.3755542124754,452.2232052444074,323.30591927832324,717.0996225841114,542.7458597503512,665.5229471412041,229.41020880299757,448.6970186643804,476.03680561638095,150.95920658013011,405.6765196895614,426.9317437020199,322.6650588003447,858.8441019913263,690.8842844156045,948.5997413420337,154.2545454545454,17657,178.98207742214424,9824.572150638676,3014.8240134851776,42.68686032295227
1040.6404312533548,1071.924532174672,711.8283340540066,385.37333175735887,435.673968542361,1007.8940593366633,398.90988437064004,1300.3019366021254,191.8445872593073,1286.1311353255162,737.236854473497,369.328133545991,908.4039999967998,560.8521719497527,803.3114740495595,995.2610743621988,312.46077397168983,1429.3154855743956,331.28587635763245,1374.4435533553658,161.09090909090907,17043,176.289032945055,9270.652261380601,3557.2981812720195,42.7868857383728
1032.172613175792,1018.7288819318092,746.9970468994198,441.9590565849815,507.4589888006827,1057.3966843380567,388.7314327048589,1323.2935347771156,129.525084668474,1246.35612541592,150.92205458231237,325.6200199758016,340.39548456588284,281.2016297797922,391.1704633057921,969.774566174105,416.5598167935456,1566.6765310989126,171.7229353374089,1769.1763834695885,203.90909090909088,16947,191.65158777534714,17061.007258353173,3834.6692361001433,42.88698387145996
1033.0570262885974,1146.9289717369422,633.1580236110768,411.46806292045625,412.9831334666926,1078.871601961784,517.4122523004506,1428.8555754332872,258.79875261542577,1379.0961943292684,40.75739566617526,410.41024889432754,257.7013122717149,374.27837663600013,433.1764700775949,1083.9496118418915,550.7153315298821,1713.5607555970155,263.57913394034887,1857.024016189402,204.4727272727273,17118,198.07636431904135,13221.758913092548,3782.7750134792914,42.98722457885742
1035.261296109161,1156.5585120549956,625.7245557456874,406.37294527329425,398.97790130947976,1078.2105656013882,537.9503503547965,1447.5976895580002,291.3899011857426,1416.1262503421294,116.14351858429063,363.4781138658252,292.74225247434464,284.26485032977223,347.23866847281926,982.0630849384659,519.6429604866778,1661.898125329881,341.286775528046,1973.4720758177098,215.0,17101,197.50443670580603,12784.489836931773,3916.2896038009308,43.087483406066895
1020.3023511571391,1226.8781179795503,555.752771325329,477.47738317417196,465.12912147370986,1139.785480921748,514.8522442835359,1421.533216935622,210.6308815172695,1341.4940447688352,48.36609502749945,363.21181660096147,330.85955506950813,325.2907607435805,399.79723993691465,945.053522526286,437.4963025426876,1575.6812097011955,348.54496872561833,1996.0822031113623,199.89393939393943,17191,217.07233260609587,14154.944090981233,4045.060762328433,43.187769651412964
1004.2417363311331,1286.2569123262338,503.7066641966291,541.5844417364966,529.6276077077005,1164.6268855284502,465.4653747212732,1366.28713141446,182.48243516117924,1333.8043702259276,99.21698139979551,369.1026130136972,290.1388774286646,305.9782964191182,375.0326632365658,995.1306592131361,489.928852431427,1627.3782225409207,291.2748463182526,1923.2971149432758,200.66666666666669,17251,219.72598111513702,14801.174912560657,4087.4294058994733,43.28818702697754
976.8381953297202,1342.8032810602313,482.8815784671866,594.9161414154971,578.0332766273569,1117.0305190120332,399.0372050318913,1321.3833353020332,264.3786705618563,1418.018337904657,81.86027454920136,357.8092886261523,310.3860805617604,295.3229969023735,363.0739943497712,976.1575450363551,497.0654821779015,1638.2153698218863,309.38821921506207,1936.8847166394978,189.34615384615387,17325,209.5733861857509,14604.425590519668,3973.633574162338,43.38832926750183
919.2331333360974,1417.910147101567,541.5112206097776,632.2459245868191,582.361124316737,974.8735946134113,451.9642888492999,1420.7564634161258,330.21789089881355,1390.1681436309896,69.62840561159317,299.9138655194475,393.4049395906713,221.93528518941696,281.7264264138641,969.9245429798841,577.6638016804872,1709.117997084427,259.38443688947893,1858.6599108598634,192.91666666666669,17476,215.57804909934922,14292.192450160383,4048.1454971339112,43.488478660583496
881.8977786572476,1448.3349350695762,615.8616140513429,623.5125454368101,543.4233475172972,916.2826864775001,540.7627341307058,1506.352427120979,298.5857296965206,1300.2769284618716,81.97908321401627,382.9188194324048,313.2518031305595,320.52440788790244,372.597650667165,903.3358211780676,529.0556940777457,1708.6514211279036,360.54260070040715,1893.1377315392745,206.16666666666669,17559,226.73012908988164,14186.531238014179,4210.601936563577,43.58888506889343
830.6947345325847,1453.3953899077242,718.467573048346,557.349179908007,444.80093228378524,963.8817223969432,584.5377750540606,1486.901114021784,203.25052581175115,1326.4317690009993,72.39879623271251,315.1220110018101,334.51314161694125,279.54459397053347,368.84817766415097,965.9751379131783,471.289864607001,1641.0132160008363,394.5535011107132,1963.4617963789378,196.21153846153845,17661,239.1359395632383,14467.552980836226,4198.5088750317445,43.689205169677734
771.9247735073166,1435.7397707750056,820.9073432044827,455.80221600722507,343.77540473453143,1072.3002397132277,545.5466078616882,1383.5488632055365,248.09915511290671,1433.0391448959836,71.72337523792591,326.94417242859254,324.22654405982183,293.766148591839,373.9950702418226,941.3547266608336,495.3319276516057,1673.5895962722682,366.82071334352605,1925.271093350531,192.53846153846155,17778,225.566883286665,14563.635582773075,4127.658029096558,43.78944802284241
698.177403218163,1383.6420781778359,915.3393885827057,322.63486990558744,332.59700411023,1174.3377315253579,410.9682016269914,1306.6227516006206,376.2973979669579,1425.6359914845639,77.23424849065819,318.0792987058938,319.4471552674101,298.9729710098968,382.45264439012993,938.0822159183429,492.9863796182325,1675.7341158899926,372.34990921976186,1922.9495307433613,191.3269230769231,17908,232.21118203188541,14531.243942365007,4056.7487291560697,43.88944935798645
630.6314501541548,1310.0961986419304,959.1666338377346,267.8364508882476,436.97010153971445,1162.5557047905536,357.01059172585934,1396.2151953225032,356.8909053447455,1313.052227813008,60.1231799999423,339.76800271767803,343.99275096090525,273.0562885101465,361.7385507158505,959.7943908118814,479.8692808846087,1660.9409027668482,379.11240812306835,1937.950920918186,191.3269230769231,18029,228.66991535896085,14428.284412844543,4089.5153861522685,43.98975157737732
572.2646454503986,1229.010439902764,972.001758337673,309.7437505327301,545.9442943614685,1087.4416978928027,423.6316862322465,1506.0645474882501,261.4278774631335,1292.4312302019546,52.64473091536306,344.9982224988698,363.44185265141914,254.59605104943194,370.0494085963952,968.5467307908661,461.31363916650713,1690.2701479659042,370.3016761490234,1884.2065162074223,197.2371794871795,18147,225.1331406977627,14383.594286576072,4031.9546553351465,44.09002351760864
551.0799969048772,1198.1141640263454,952.3262080884185,342.9042171414604,548.0774840420773,1062.6673307713409,441.41253673895005,1472.6495896152944,275.6883851960055,1315.4422932852656,56.387306823227284,363.9209712698444,386.6681682344978,222.65291103192789,349.8902729248619,1013.0550058836079,407.1175449225494,1679.8944582994864,427.9407910813186,1805.447581940455,190.30769230769232,18154,221.4442080459736,14380.499435223865,4094.7191224756425,44.190407514572144
535.0506066806887,1172.4276832255453,940.1495115793828,372.1391049481795,560.1380944314891,1033.824555985421,469.52945329759865,1452.414819067346,279.71997302721985,1354.461867294391,170.14791928685378,436.13941639004526,373.929782383718,197.88920718742727,266.2673696083131,1153.391152437897,302.8320263858027,1805.3456576742717,378.800954741011,1783.5199676753534,173.4871794871795,18215,218.32822441042492,14531.248836146868,4076.2658536574213,44.290854930877686
581.4320860280274,354.95429056278147,283.7549097371174,1149.7670111513023,555.8787511189491,1710.737938960129,579.433809530175,1296.2143278813899,1086.5351432718653,470.737133450191,534.1311602894533,680.8577095472344,458.0058195279066,630.4566864330457,320.4115645063474,1700.8916070433481,336.3089196579891,1989.9967434789892,1028.0510835414573,1219.851183610077,183.551282051282,19076,217.23038139832875,14947.979320784629,4428.678683954018,44.3910653591156
1049.1751056136477,503.1036893415851,498.2377619374611,1558.6881548845313,849.1599743664723,2226.770220751455,815.3807422578316,1827.8112521426187,1227.2164414423485,801.2372083834929,558.6436876185021,705.3472388500168,477.2757090860219,597.2413890917021,288.88586276483824,1649.1912682382251,278.0054439514973,1923.5904685734993,1016.084702069755,1151.9625202871741,186.16666666666663,19665,277.56221596133594,15843.222797674998,4738.923818204414,44.49148225784302
1639.5451592361178,1135.6635402878126,1003.8880150638258,1871.542252374138,1102.978010141906,2508.6686747377194,850.0719415062058,2183.0632074250666,768.7957750792461,1276.442583857173,442.44914597174284,597.303055597846,411.67017514626923,724.7522425611081,412.52990177365473,1801.161816328432,413.09189778495727,2088.5807136033195,932.9817104707165,1341.5839387779763,188.27272727272725,20276,292.2454557190607,20933.91910298403,4805.844412094581,44.591795444488525
2048.9037406370003,1584.6940046941331,1328.7789670569327,1935.4525286342448,1147.9128774625024,2373.6475557070326,672.9263101205096,1974.9737192761397,384.59765669856904,1088.5428787749745,924.0430055885429,1013.3178347546572,679.9026155938394,178.69345327831,163.42414630632868,1491.564662735584,621.7679885710008,1952.2128018629292,1521.2076566010535,1315.753469378182,191.969696969697,20757,248.4906103939487,15259.943064440144,4291.759560993222,44.69204545021057
2213.10535468067,1759.8666815763158,1428.1215587146141,1885.093675181602,1084.7756850059523,2209.514495378134,510.72133931383183,1786.5540329143494,500.08754670841404,900.9879876308197,712.1756013339026,879.5145759314628,1109.7962365194176,1570.1800844866386,1217.1224305119674,2059.1356441998805,703.2659606086158,1852.0820019461935,819.4625092803911,913.3839510123031,189.09090909090912,20935,195.2592156651105,13786.977425441415,4353.847385737345,44.792314529418945
2277.561715101603,1822.4247932376802,1436.9599303309187,1819.0434057891323,1008.675140685187,2136.543586310471,443.3284319330998,1772.0143736019172,564.02909390675,938.6843758361348,275.0040782113547,455.60467814135956,492.7560456035938,1068.5771540562766,772.1669274074175,2088.8981175367912,633.9760815382498,2248.7303847444323,559.4728269723344,1414.249745588216,208.62121212121218,21008,239.8846569702664,31058.97300265968,4695.315720764038,44.89241600036621
2405.8613784801837,1926.2893956237358,1390.543708730868,1640.9632835706373,841.5413505032011,2126.887841817331,515.0914279617452,1926.959149548025,493.610671273174,1090.7719624957285,261.98245690685405,420.0795857966101,451.58214273599083,1088.2328264221649,813.4850566921566,2140.3764835275424,675.0456877802789,2247.609619605684,531.3957118523463,1349.9186989862292,219.36363636363643,21215,267.0294437551893,25296.3546477,4785.6224981051,44.992502212524414
2693.2480315837806,2116.952239069878,1189.2482793245733,1287.2656070906087,748.473881734216,2463.2045021681697,944.4923244387205,2275.021173220497,62.87230291699085,1098.8895169582286,281.60315584628626,424.44572193717977,364.4374113676324,1035.7051798250106,821.8736845011309,2278.8132640562667,862.1542829027279,2418.3539752491974,316.99285349233725,1350.1927784741679,216.7090909090909,21602,246.8168413607,22368.41662965715,4688.93623129654,45.09282922744751
2804.7068162402884,2159.9567691314896,1052.1394354005797,1271.345604481191,908.0323714099933,2628.576366063376,1010.1255277931804,2191.8724009586704,188.95842004656194,910.1779495758723,253.06840453722748,322.56404870105735,408.5345309758459,1142.116803281276,841.9290112203925,2138.4101027986453,693.5066777582591,2360.362457046327,403.5724201185414,1541.628422882568,243.90909090909093,21828,234.80761782997615,22599.53762535244,4547.968084785669,45.19288349151611
3006.1880635914945,2195.5671268679425,736.0452674387013,1478.228522468253,1263.8223970478039,2770.721145617931,918.0957167035415,1838.9748893204571,509.8869629895076,901.447529095069,254.236732882662,334.02382870071585,402.3195587504416,1127.111394084509,837.8515647844729,2163.6013810295,724.1005166213379,2360.044744882341,392.17522863657285,1475.1638312869352,252.0,22153,245.88516260895364,23823.543060216514,4756.111750790645,45.293330907821655
3128.326360937931,2167.9213824023727,485.37409876531297,1727.9533683249335,1418.7168024839464,2638.919725897484,675.1179239955784,1770.9902317203507,500.94662915439767,1147.4627454006425,277.3983770205472,413.9168563423705,370.09499586630585,1062.716927395171,839.0215089005625,2242.0664661389346,787.2361913222993,2339.7218691933044,412.09886611071875,1402.8845012763377,268.0,22427,255.03341709902503,24219.961294914552,4831.591963301343,45.393463373184204
3253.9621070555518,2086.8129360868375,224.91697235064507,1997.4440442823138,1450.1823982573885,2351.560733740673,476.95808565794545,2016.2758859519872,282.9972548374825,1134.352761483617,265.54878205609697,393.9774628841452,385.9896773579204,1066.008023474152,823.6447962805352,2231.8220097795597,792.4043184677652,2352.5177368584837,402.8564333252264,1400.3863349794956,235.0,22712,267.60026611371694,23990.49408641835,4746.337987186839,45.49366307258606
3351.3371174412896,1961.94458018312,289.82116467924214,2154.2444375767864,1317.0536563202566,2154.617869852348,670.2526625989062,2229.039944657808,116.82206045631014,854.7860008591952,269.8081945355691,402.68386175936587,377.5708737486582,1065.9933049545796,836.3669156139364,2233.3600236164666,778.1599526478141,2346.3779986756504,399.17114497602853,1413.2596258784724,244.90909090909088,22989,254.01834169801725,23713.641453176962,4754.562383156086,45.59396290779114
3370.4375737390346,1909.8869933471117,365.29061204784387,2155.145406503451,1242.8630693252167,2175.740601856971,738.976025395459,2197.002702620922,195.1363888153287,863.1118681103511,426.20536153696946,534.1166094471405,203.79453043978214,1230.5865823577174,957.2868415765347,2056.498648538985,688.7195560583561,2522.9628764782133,204.17417425307266,1295.3967776387992,244.90909090909088,23072,276.4042350291796,23467.85432153495,4985.236921073114,45.69413375854492
3407.8887993254366,1699.7244453917563,618.3707329122074,2031.5071053942813,1010.6610158205247,2412.3525662774273,799.3576509247139,1942.4893641780154,350.3984923213497,1116.3029659078245,289.24373072747227,469.73423316827825,308.784946703832,1091.7187382900909,977.909264774034,2174.7551044699144,592.2654174621052,2438.261572729957,225.11655913436826,1409.6272613810668,234.65909090909088,23320,284.0015346383608,23627.427955121944,5159.032632540866,45.79443073272705
3419.335226623115,1510.6396106094262,794.7527157891593,1855.9444973751376,969.2258450472074,2584.395239960342,685.8879422873945,1886.836021021665,324.9285303959249,1134.5208243988595,304.8872046459196,479.3292392948258,287.5896550774605,1119.173861554795,965.670422748252,2152.6851269913027,631.7672391072989,2431.468486483967,253.1471319449422,1423.3753052759869,236.58333333333337,23538,278.89394327586433,23645.923998971542,5171.313026627873,45.894516706466675
3412.159885706739,1401.2010709960182,863.3083319444389,1747.7260525159725,1045.463620611993,2589.251719510067,578.5103102762554,1984.1994228309359,222.93613672937204,1030.155053247537,439.9435309677974,457.5103733010164,322.9536820938391,1122.4315916797457,843.2042011642073,2260.7186438511126,662.5667286795352,2322.134703483638,329.1111178112257,1515.0577218271114,236.58333333333337,23621,280.39913554657323,23562.470910117412,5222.746866281359,45.99494552612305
3383.4837559536277,1228.5780324353398,933.8379344629969,1613.6545266951282,1224.0555895432703,2469.7492817241664,513.9791402483476,2130.25659107622,175.1096231980982,992.5431941656011,309.07872594734096,526.8952919934673,216.59026792213444,1209.8223016244135,876.3348337396326,2177.865794888107,754.7130251538791,2279.389967527978,398.05063104300336,1573.8040926974177,226.50000000000006,23831,282.21649921307784,23657.47169639018,5312.618513831287,46.09536838531494
3342.4027055698,1120.807627174511,935.0933097324556,1610.7699658070458,1316.1362109054905,2336.886986844475,641.4285677437249,2058.4153859660614,307.5057176747105,1126.8281335404897,523.3564969323467,351.5481008560085,435.3945991295757,996.6686541432113,1006.2656768039243,2122.5502786583843,670.2383801133545,2419.128615042157,398.6365455911045,1592.7437514539195,237.00000000000006,23933,296.772488709286,23365.862963688298,5489.138246630382,46.1956102848053
3261.000673582738,1010.8048445520432,896.5720827020878,1731.1974481032887,1366.981980973977,2228.7328002419767,842.9917043952665,1836.7400618381705,428.56722470266175,1187.7859338008168,225.64742937825622,712.2497059611031,134.81559863250672,1331.7547845598112,651.4787226319149,2424.026510852087,578.9913952524264,2419.686894201744,155.82537830707835,1361.9896898768784,224.58333333333337,24184,305.4839618172758,23711.971889303262,5612.500327355893,46.295886754989624
3055.0169221253427,1078.7540617153777,749.5413827771963,2187.774655890817,1182.6181411220196,2519.7700314916206,945.0618665899419,1781.1505429957974,335.85395617800555,724.9879475742031,417.1980123518473,400.7986622521722,281.9203939896448,1346.6958438158176,847.2395038940044,2315.8825983430684,916.8035494438901,2153.442500854201,366.32256152739933,1061.2433280841592,220.97727272727275,24634,293.5659336407256,23409.166685188422,5295.459383159554,46.396300315856934
3050.6321208216027,1082.5456782130466,751.1764091457802,2204.02259204627,1180.7989397651493,2533.001777768868,958.0073187558204,1781.2881264571567,351.83218005973197,685.4121591948112,360.9019359469383,460.3013922042687,251.44856087835473,1261.4246822753253,884.2502689496072,2220.060663739806,940.9140002888549,2055.4716396420367,469.0174196016173,1111.3964501987923,241.70454545454544,24652,302.57074453216353,23559.382580177222,5291.089789513,46.496490240097046
3030.126268975999,1109.9206842186188,723.6291627738891,2214.1358010241224,1151.058628905789,2541.155420145929,925.4476546295725,1791.3594079961074,333.46566683275745,730.9008277193988,473.02491791905624,348.62474867405507,336.4881347273182,1365.081943036716,882.8766938336188,2303.9192562687017,969.167379646269,2102.4603632878984,436.51585536425563,1032.066220774115,248.63636363636357,24687,307.9260100159049,23407.92527233481,5464.484855810367,46.596604347229004
3487.8810894081935,562.6660542204456,1302.5416969226847,2342.8901142245595,1553.7445515299314,2817.792816506752,1259.8083264106149,2172.1821433102837,498.12065507758416,798.9408445079498,546.7354203852558,176.43112544202302,608.2966304296494,1447.0926664271017,1190.164806383816,2557.9431577360733,1317.58315625137,2553.3980045526355,648.0928081207735,1129.548761074598,205.78181818181815,16973,270.97337389752516,23323.504032466568,5360.136556959009,46.69670295715332
3078.541268040462,1022.4883224892893,884.5312504991582,1977.2714987738357,1563.592853163516,2351.5582424095487,1457.7050453051938,1769.2396885718003,814.8942533599167,436.65834885276865,489.9192128933409,321.0671827671287,402.15410624237967,1228.3587000559783,1183.8033182934682,2129.052504858138,1517.0074714901396,2065.3378809710634,1060.4976391582736,602.603718191897,248.63636363636357,24559,278.9678544454878,23252.124290304295,5262.844800848837,46.79702925682068
3194.060521065657,900.7333537946844,957.8529121913687,2100.7562770110003,1467.4112201945857,2440.2655480962603,1330.6618656623796,1749.4985303987387,720.3346890507917,346.56400162529746,628.2866708594782,455.53746435496413,229.8417508215478,1267.7767871979208,1082.764116803473,1959.1282902296364,1570.8771365527407,1892.7629099320088,1201.0538033259609,553.8499684469843,232.63636363636357,24453,266.5377295868976,23017.033315731664,5062.666516793559,46.897390365600586
3441.846517982072,701.3895921476918,1026.185258527963,2316.807180075394,1220.0571714617631,2383.3602776242697,1286.2115103374738,1498.0087334875652,930.4073697071265,273.39250397760173,574.6108893543496,347.3052977486873,335.3043549303563,1331.4262837215867,1018.6628154229898,2042.9459498191393,1481.3634740333637,1841.3904503001474,1203.1296123985362,501.827733624684,240.0818181818181,24168,296.2544511430731,23169.0160920708,4929.088776783651,46.997984647750854
3632.800419147228,625.0276860466091,1042.1479045193507,2417.9107954844803,1107.1184294274015,2227.871428134211,1434.2709990930118,1411.884198300821,1088.0972806306333,462.5197175731592,592.5271781207701,390.4732852382973,292.85029505103284,1304.6039487744945,1041.8429561531696,2015.0151458103564,1509.1279535011995,1844.7935341764573,1221.134156945005,521.9462313868801,251.60000000000002,24013,309.61714548116674,23122.440412575117,5035.543225731502,47.09849429130554
3758.6107611486514,649.2463893557688,1002.3910474197279,2402.7083548352653,1158.5757962215907,2113.506893075099,1538.676586089116,1529.8268797956305,1009.3336202561757,449.8422379828914,577.7426362679682,295.5239027259926,382.1143875898086,1393.2092198030696,958.6083469749155,1995.7679525752358,1523.0484652761616,1794.2453625586747,1273.5669933215265,555.5884919070296,265.20000000000005,23855,293.89882853332983,23189.185567423396,5070.333129628778,47.198944091796875
3935.0001885100337,763.5430239010734,899.3690869199977,2296.791180069998,1327.655423407256,2077.128734670924,1547.9293567182842,1675.7966888159092,836.2875603703897,282.9210963995834,581.5689091485161,365.0736965315952,320.1267992303456,1323.6664405033,1020.6725152295425,2045.902970718007,1469.232431881045,1810.1135880077122,1234.556113838654,490.1859991641786,239.31818181818187,23695,294.30167957839956,23118.978469585723,5131.437948703526,47.299315214157104
4052.703907544354,880.2376621589717,793.7541531162608,2175.2916760360454,1445.435064380649,2172.828665659315,1438.7994049847835,1640.2083798880028,867.7846550305082,260.9214108561316,567.3262306647716,385.6931910753645,342.7027512279918,1351.2482666537942,966.4201949370363,2034.7396475350731,1508.1590756200108,1800.078234710281,1248.1402745669889,528.4231373036878,255.59090909090907,23551,291.76943230062557,23143.45820332934,5033.933187283848,47.39943242073059
4269.127058489862,1134.3975183864063,545.0838354492877,1930.9470527974743,1555.8287335632606,2421.8732514941235,1222.7824246085124,1385.6009636501076,1119.7081893386076,515.4201377939685,590.5823136785784,378.03233215907534,296.7471326294188,1294.5459493495994,1029.8216305549145,2101.890101809517,1428.1051120936295,1718.8835538391902,1338.588220918861,619.8183230966976,235.22727272727275,23303,288.9933146272167,23283.046183042086,4986.972637400306,47.49975776672363
4408.824540398472,1310.1121202835461,370.1524131718188,1829.1609629239713,1520.8261929392997,2502.6365346199045,1258.004010106473,1325.3881059421383,1141.3029855230004,541.5627693239294,571.114691909417,387.8587866808321,329.95692214707987,1332.4916444016178,991.3009516898512,2065.163817490236,1463.2579445472095,1753.8935469996666,1306.5207829097608,591.0534637378834,247.70000000000005,23123,278.52483057666865,23264.005243490927,5074.653734153712,47.600290298461914
4553.107801166296,1495.5043730622397,260.75162742756277,1853.2414105707574,1360.7030633817978,2422.293610384823,1464.859452804452,1504.014277406839,945.7316783309428,344.7225596265531,577.6731458883676,390.19052470017385,318.53110573134956,1321.7285398995177,992.2890617719379,2073.2055958083374,1468.406460707004,1755.0893910410143,1296.644927428756,575.2982490246411,247.70000000000005,22907,280.9658544681429,23106.494483402857,5129.446284610569,47.70090985298157
