tribo_f1,tribo_f2,tribo_f3,tribo_f4,tribo_f5,tribo_f6,tribo_f7,tribo_f8,tribo_f9,tribo_f10,diff_tribo_f1,diff_tribo_f2,diff_tribo_f3,diff_tribo_f4,diff_tribo_f5,diff_tribo_f6,diff_tribo_f7,diff_tribo_f8,diff_tribo_f9,diff_tribo_f10,tribo_feature1,tribo_feature2,tribo_feature3,tribo_feature4,tribo_feature5,Temps
1129.7571188794557,1365.0874401597684,1017.9978363158768,407.3785741299728,454.781472355562,158.96796451015504,868.7330722369176,120.69970789603768,134.67915739306548,547.259993008305,49.151239886728696,252.48803339072091,281.2493350314938,28.60616613779386,517.1388109099311,147.6671700293389,819.6302837733633,87.7844597013214,51.54952780146093,578.1615963319341,115.02727272727273,8366,119.2972651965409,6615.276707236152,2254.6273673521746,4.000000476837158
1129.7571188794557,1365.0874401597684,1017.9978363158768,407.3785741299728,454.781472355562,158.96796451015504,868.7330722369176,120.69970789603768,134.67915739306548,547.259993008305,49.151239886728696,252.48803339072091,281.2493350314938,28.60616613779386,517.1388109099311,147.6671700293389,819.6302837733633,87.7844597013214,51.54952780146093,578.1615963319341,115.02727272727273,8366,119.2972651965409,6615.276707236152,2254.6273673521746,4.100236654281616
1128.1509444356,1425.846665551758,938.0250212337792,384.8870316895567,393.30691382067397,249.60359720439374,960.5396068609522,122.27651460296902,133.01945220899347,410.3309849986014,62.883613052966396,337.95043007149576,361.7792898147093,132.90106452538245,413.6972936993188,128.36847766638175,890.0010578682545,29.466940583305806,63.6884502818506,621.8224514169086,127.30000000000001,8219,115.17930173070027,6360.218678173322,2207.042771034926,4.200263500213623
1123.1546135855951,1462.5151734310205,776.2710555666787,309.78489351972405,537.4646438788159,300.26317779336665,878.3487868856502,155.6795325183453,120.11756198291737,379.16974767072185,62.515852572664116,221.7245949988961,324.09057181976044,92.79092759163784,529.4468532197552,56.44538927517229,772.4758979562754,93.92074988555237,97.27088073093415,723.5032687057701,117.63636363636363,8011,117.83212976074583,6152.452559889278,2228.4482137177,4.300386905670166
1129.544242405108,1472.718491464922,550.244971595496,247.4196027362737,775.9263534809692,331.73983370997485,650.2413688812691,254.55755574138377,221.91151962575043,614.838606822801,70.34777852023709,214.43085578672554,328.1395198223194,97.92468598969178,527.626897521662,54.399202465111046,777.2612532091753,86.83523386012006,85.59416682261242,709.596149689346,118.33636363636361,7775,127.85508486807385,6316.7162472820855,2319.2818202125372,4.400469541549683
1168.3868092984019,1443.026549182179,218.2086116857442,315.62574253424816,1023.3210706256298,347.3897599790547,482.90424506128574,337.9584605583979,316.4315567072394,687.3226810054466,130.59826374202865,152.5014441967627,362.9541557296868,162.03214004231418,548.6895525218841,31.434858604443168,802.4282755258828,111.2649697764439,125.06103567526654,685.1513500903147,117.37272727272725,7440,131.10859932829464,6397.846897581827,2433.492891298978,4.5004754066467285
1277.123200644813,1305.2185079184426,394.7656197133242,521.8906845891288,1010.3535629542598,281.28992384208783,908.2087429010064,176.08249882638174,119.54558337170435,377.0404009263852,55.08750051048326,256.5786595557607,256.6073807230888,165.4523917949442,629.9637892109982,92.67038896124112,807.5745553869833,113.77021123798077,97.82143274644842,680.1899190622098,118.52727272727276,7147,133.64526338576954,6420.627829737749,2268.803585850832,4.600633859634399
1291.6200008325122,1264.7808624168508,466.2682076144243,522.99610415199,947.3608957676618,233.0441131879967,903.722317993766,103.74214202985917,44.913278432591724,452.64434420863154,35.946415855814315,276.82701885635976,221.6969815082237,142.66587077902008,698.5583858660422,183.5077583333046,779.6002506701877,234.70284860977037,209.97043791200178,547.3669466055658,123.18181818181822,7069,119.18063010315419,6346.502674059573,2219.299947862838,4.700880289077759
1399.2668092696947,909.7929432107494,876.0876848503309,428.05514538681086,547.6042518748689,222.56069242538427,492.98547014517925,379.467667996308,380.7005481044419,465.13542685936034,161.9333503524804,256.4615655390983,362.64399611611486,210.42703867612082,478.544774775444,159.3578219218226,562.1222363967271,390.88868632202656,434.9995732821142,651.9451414544659,122.81818181818184,6562,122.14137984303308,6448.56604500938,2307.0287289782837,4.800961971282959
1467.918796075048,656.0460712744474,1024.3061461724699,329.705566263271,724.0483317599925,398.88380141057235,534.6635351532067,412.01508478454554,300.8508827988641,289.9692915896781,78.87360959749951,260.420244537864,253.91094643785328,94.47520943995524,699.648411490028,183.90284691609017,749.445179021976,215.7228753153001,207.9210283766556,665.3918355794909,117.27272727272728,6288,121.58792841035356,6233.773970870069,2367.2324487909664,4.901064395904541
1529.820106109552,430.81837070268125,1096.5498395148718,284.79281764660396,966.5014682689774,477.49809465467547,776.9205368595311,298.5123114958805,107.80813374908794,526.5887435745755,60.973853217483175,226.61486897683614,289.18142779841094,55.76097543572936,679.0713895414867,207.5404342563651,726.3164412791932,248.96768852147005,208.43142110469978,636.6548844775579,139.0,8102,132.40413272331566,6294.850023305991,2212.0183900760203,5.001072406768799
1536.7287373327938,394.7043218302375,1094.8762572847306,272.54109284204833,992.1118433748821,465.7409260346351,795.3731263484857,261.9973098667289,72.35336972285523,533.317809281476,159.5256800521074,147.37527882514723,432.0594238517151,110.07966951482031,683.7309022286778,367.44274046858095,748.6069757890341,351.82724103498,171.24026595069128,685.857977722525,139.0,8090,135.1637796486857,6450.556154499311,2488.139623995091,5.101259708404541
1958.3610962660875,1532.1360759154634,2037.0742987139101,1366.3666478289801,1721.6744288412453,1498.3540280393865,1738.4358406900412,938.0676361917182,823.1066795909046,1298.0853873886065,993.6092490734574,728.2677530168299,1180.52272810154,781.4939536305258,1368.1630248416748,843.0351952343045,1315.9858483437233,345.2261756457038,324.5583151746638,1107.3660830650715,137.09999999999997,9251,175.4479483914506,7357.937240131163,3187.9169493731106,5.201470375061035
2609.2020513047105,2229.543616081865,2785.822748399777,1957.2325213559554,2396.899578133404,1770.8709154710873,1998.970549500391,827.2884221205128,756.5543952869286,778.3244273518161,873.5296016302119,665.736366256411,1171.6865993556248,828.5126565889506,1439.5420921353846,985.1381267934629,1461.80505763008,425.73511827024527,419.98490065175116,1058.700916135592,121.7,10011,169.09920105138508,7282.2109652497475,3073.197962549114,5.3016345500946045
2959.9927384186067,2524.9986383728005,3077.2685606508676,2117.057601763888,2544.503147895704,1666.003242740819,1818.972037254613,563.7879651542994,483.7809762498952,476.6613437323956,785.9514216468132,580.9057330815835,1089.7555538745055,785.9141547702228,1405.5442195991309,1124.1087878406352,1648.4634609794102,688.8961100270232,708.6746501821914,1219.7580967241706,199.89999999999998,10388,155.4124764402806,7139.987117970569,3191.3851002690617,5.401775360107422
3348.1051842420434,2785.2496792639595,3280.47872684546,2120.6083960140472,2463.192260299443,1328.925012178276,1429.803297041434,207.37587885074146,199.71248829388313,795.937792106674,671.1078086076924,594.1162906595138,1165.775261230015,924.5642476942701,1554.3693174528285,1225.07628189754,1711.4145174028297,639.9350071387425,643.1716283649549,1055.9841087056998,209.75555555555553,10769,171.98515502930428,8445.603567168026,3358.9175577207857,5.501864433288574
3721.250304686972,2970.776556409015,3345.4586047369207,1955.6737591401022,2174.530060622857,987.56927988017,1276.2404776854712,497.2744277096017,564.5109891937515,1008.5442390113888,651.5536847705589,614.0861251871248,1196.3101481437357,953.2036214562904,1574.9872965208297,1213.9620587064937,1690.4994568055504,615.6195999928045,623.2415716834633,1060.6511420731374,209.75555555555553,11152,185.03155715920963,8347.707993534365,3336.3860197634904,5.601966142654419
4200.502555629497,3133.4650508128852,3265.591694913653,1569.2321183561864,1687.617065962776,1036.5702169461088,1659.8288829660526,895.7661999825413,850.3158938580425,746.4106902983146,707.4997510085851,539.5157269619814,1090.4959881329032,884.0252918006178,1551.395247887464,1309.4330588718492,1804.36809228803,682.4081503471011,647.5464460433834,940.8488153715823,161.6,11632,183.07880574047311,8514.809749160477,3419.6414037861127,5.702107191085815
3995.826079684702,3119.262345654328,3386.5629472362484,1785.384324098557,1840.9855858735732,829.7792987319003,1475.9574291819436,947.3521854484775,980.1466123101044,959.0200827550428,742.3770915070334,1189.6284263017262,1730.2314641414757,1078.7532225700309,1217.0230604525896,805.7967635162578,1741.6039761753768,1246.4767192931906,1320.4361493523322,1177.3005838983372,207.9,11424,193.42627881806874,9257.633935009815,4113.7512587726505,5.802144527435303
4070.142552623595,3097.9809275661514,3312.632727591021,1710.833845396443,1836.1118945145063,905.5797261042345,1471.69603239525,858.1552508571187,900.4436793454607,977.5137651155374,599.5043623669088,897.5999198883111,1528.3451338818677,1118.5454831977133,1478.2873919285128,756.9054797850062,1474.799920341077,1059.1357992486153,1246.1823079111648,1418.3196387009568,219.6818181818182,11493,248.80453877152308,23364.68210643889,4320.629112418046,5.902308940887451
4340.595336160369,2926.9002839715463,2977.2408058579886,1620.2083313974665,2093.6728853673485,983.9679162424983,1163.9461568072682,847.3277744231902,1103.232760898749,1286.0927101699433,530.2486544827747,648.7093693566535,1516.5829456710007,1380.5977152783696,1745.3619751208637,512.5942244622229,1295.6894747873132,1303.1314526356985,1534.4644076772163,1507.2563677388234,225.9,11849,254.44361056781273,20414.200056591297,4506.4408848243165,6.002545118331909
4449.108417910515,2828.6357620793547,2842.7501380729623,1677.440405964438,2240.344939778497,938.0614203083674,1034.9807550501234,986.9901285743689,1242.808188081706,1293.6264966111278,658.4932792082446,851.8285428940308,1363.9910370874802,1075.3224609337967,1688.2746632448132,814.9499153966531,1134.1850688511895,1135.6296800545313,1561.8436595739117,1795.497892853253,246.21818181818182,11978,289.3935517958926,20191.262692244505,4700.860755524558,6.102614402770996
4487.815278496278,2770.371679240885,2810.4335978747113,1740.0910392686103,2272.68842357736,871.1518734769543,1066.611422181707,1001.2895179320361,1197.4190549583227,1228.014763608964,661.894141041065,849.862332851898,1360.9606131226894,1082.1906144482093,1689.5732947890742,802.6709416962101,1151.3343696701986,1125.0044131837694,1528.7501504896836,1779.028772804205,228.27272727272728,12049,303.56257116223435,21652.161886074384,4753.5557162195455,6.202698707580566
4449.287717678773,2849.0039816398926,2819.215285587653,1662.729826905738,2287.523427638973,932.1246052638045,984.3624658873845,1066.1461103979068,1279.3452378785378,1203.0840501527603,776.2641121996439,898.6927119638386,1231.3093924881048,1073.6025624081426,1825.318444175659,772.5092358487898,1059.310763077224,1270.2299094957982,1598.9816980871951,1647.4262415653043,225.45454545454547,11974,300.94690625273915,22161.55924419703,4812.393745366318,6.302843332290649
4414.333913036468,2951.00253913486,2791.291323729501,1596.332417742281,2367.7711852861426,941.6690131991604,922.1049288547983,1156.747325599293,1287.1404596999075,1107.31296032457,818.7843239627011,897.2354543682061,1191.2305623000482,1108.8937316168915,1847.558021563033,734.0431199886841,1093.0337655934034,1248.815600277831,1567.5987533866848,1667.0938394955099,230.81818181818184,11858,287.835304918891,21847.04268511091,4815.821615850227,6.402962684631348
4384.711885763478,3124.8373805615356,2667.9934994414407,1597.8327980880722,2556.4291057436017,815.8037835444364,1024.1636830764448,1154.7752598135905,1102.4936990421102,1134.8802943266232,706.1729330696566,968.1304908569094,1234.7509942312652,1004.3445366206391,1947.4424424033682,732.9708950655315,1076.8329250335523,1342.2964955751456,1439.3363278645863,1614.2159178642648,232.06363636363636,11689,289.5895431997314,21477.62416115973,4670.671360131488,6.503120422363281
4384.679501336473,3014.3999609243997,2802.077167846,1510.113898391468,2466.7898079280744,962.8717487195596,878.6212222344263,1289.9933156292825,1183.5015646107033,990.1061511966924,722.5607548476403,916.1180737042378,1303.2991089726363,954.0970493035767,1854.1427860334081,891.1701705058721,894.6931412342553,1527.2697029526282,1571.4971830215025,1370.0406961923882,238.2181818181818,11814,280.0272891101462,21301.94409259988,4637.028915585473,6.6033852100372314
4338.549434662296,2797.726285661066,3327.222312549353,1021.5922419736306,2618.8873127726824,1333.7267509748153,904.0196387061936,1656.365333067977,854.5174093994466,1251.1420247793585,148.77641448329894,1416.0808496401817,1485.9454520208474,766.1363739641918,2424.13969593179,763.9738044834124,1357.293437206706,1427.7627965506995,1013.1121536391155,1896.5296622102353,238.2181818181818,12357,314.90870547976283,22164.741634214766,5155.137996150687,6.703613758087158
4280.43148103111,2819.611592206135,3709.5575161150487,593.7287671197171,3025.513473325355,1401.772648834655,1336.459276775491,1557.7466724903372,454.475444896782,1604.5679017751997,249.88051291173855,1307.9077370162404,1483.4228661848438,708.6598299005442,2335.415642716453,843.5336531798704,1264.4972583930771,1530.9677765049069,1015.0113055006938,1849.8038765940669,281.54545454545456,12788,389.0320974596737,22407.642045381937,5222.785246419127,6.803814649581909
4169.243689049734,3191.3229069868116,4169.463485287565,575.351244591241,3687.3934953544135,1141.8189352799573,1825.7617010682861,872.4889706093691,982.5034009405125,1400.6540441138316,123.55072143374336,1586.75132250944,1371.9102337010538,970.9486525071804,2388.1463205091723,577.0558668421302,1254.3312572312439,1378.2039329282484,1285.8499364498573,1595.3563096089297,231.47727272727275,13493,303.4840086621557,22663.020819297737,5411.8481621365,6.903944730758667
4077.315175240824,3664.6283119884306,4359.311035210391,1122.0870029667856,3945.143895505201,712.389710363815,1788.944140088616,669.1606002545632,1364.073726562265,847.7858033585715,113.97692867226802,1474.7386956568532,1445.2116214852467,845.1867105559169,2425.726724218835,660.363526897722,1348.394878642479,1329.018146374087,1193.3882419590877,1714.9176032702273,280.25,14079,315.1817049605006,22290.17977268305,5436.719162168567,7.004059791564941
4016.1111314647674,3948.3287535075347,4357.313567760266,1389.067268307804,3897.6719937970356,422.8028346422303,1562.964628349688,942.8179067444785,1277.595719677984,907.3062814412131,229.46479022468787,1328.750617064156,1601.793364680248,667.4242895718077,2612.268610254969,708.0564416302684,1632.8903952127353,1018.5572269378614,1453.236837516016,1494.0100300096267,270.0454545454545,14336,337.69134624030494,22026.04591771466,5472.862578571403,7.104284286499023
3900.173879555412,4344.5370707942475,4191.478050982768,1633.7174111936881,3577.8637038446554,379.49247883749496,1210.7577766699842,1192.0818883706256,878.8817627911321,1281.5369806379463,249.30066221686442,1312.9128664425498,1628.5673354028418,657.091571821073,2644.081691533164,695.9712146750279,1654.043977636493,990.9383744587349,1491.087520091944,1452.541838090286,270.0454545454545,14761,349.87320674791374,22117.746652783717,5458.519060670333,7.204477071762085
3729.7813825831217,4818.676503328255,3820.8608471337125,1781.841867486494,3066.0449982104583,888.1120090388354,1352.7328828676023,1088.4143709186171,1021.5617276197711,1232.6093568524113,210.26708486761166,1325.90586498576,1571.4517817324725,618.3828680699795,2616.621873934602,773.8794354792208,1721.3716528193872,919.9054011908532,1555.8592103494248,1394.6761532273824,244.83333333333334,15261,337.9638945960038,22242.41855184376,5554.211419011824,7.30460262298584
3598.418450347735,5093.398432776783,3493.4277862127856,1750.2031488743214,2857.260159291405,1151.9231746921555,1702.848838904075,769.4629696154635,1354.9553003844633,887.0425526852888,287.6450142168419,1366.5505865643147,1619.2515581387502,762.3687317730092,2524.5404552270993,758.1943112229515,1626.647430538274,1008.7291473664335,1484.5155668470081,1480.4829139862743,253.64102564102566,15620,334.61588162255134,22069.974076983905,5745.854884649703,7.404809951782227
3441.758244570116,5305.233200153172,3137.5397120052266,1567.284640906392,2950.9327136082666,1208.1356439320175,1891.7919605166308,567.6720252864112,1354.3599626635612,904.0648619666533,377.680898841083,1491.0238581837623,1541.9478649056346,836.2725401524668,2410.349538273155,903.7343226186614,1781.4645864526562,858.123400583248,1597.2657976932683,1390.447995173035,253.67948717948724,15975,331.31675665733803,21905.061277819732,5627.355671992522,7.50504732131958
3344.703498373329,5372.103820806936,2981.863186817491,1405.042884831317,3120.544403760102,1106.5730372758746,1815.5976702329945,724.2290321304632,1176.6709625254477,1084.9789246619728,296.2488456487167,1294.3576150752183,1712.3093905189007,860.0627267450591,2438.958564720543,844.9309205826278,1684.0371905132577,897.0950096052527,1712.7676144443462,1221.9706635205223,235.23076923076923,16160,344.77397680455357,22117.686814366258,5396.743776287447,7.605051517486572
3117.000742134606,5412.501660973014,2820.0799797114,1016.5206912750572,3489.611269670122,722.3842941954165,1428.7048190060052,1045.9714999369576,1045.743098542179,1081.3264679831811,310.038135898886,1392.175904529352,1615.9182474286524,794.9453414292461,2486.6410742052103,790.6307392791443,1637.7373714932514,967.4191226439887,1623.7220836872234,1296.096989083575,235.23076923076923,16554,325.57993678656436,22029.123137673243,5297.760357763745,7.7052648067474365
2926.9374750107363,5367.689299305527,2868.225881901976,817.4354463761172,3631.9889207273063,544.543603985703,1287.2616535479974,1030.628426616347,1330.4248495002528,790.5793495193686,334.42709411864223,1477.6686808444729,1532.2830857146669,709.2922785073728,2571.5651409764005,705.3887030996992,1554.5010678423762,1033.8847403288478,1646.936654991637,1244.4316414113139,257.5,16846,306.00848879163266,21935.674567830814,5233.444095541921,7.805388927459717
2780.4586068108943,5285.010482740292,3001.216965608244,842.3043006690469,3592.604899443459,664.0369152559526,1423.5999854665845,848.8487855184819,1433.5005441691396,763.3231769662001,325.8757894145649,1402.1325920048046,1595.1422957017758,796.4427634082153,2497.243060699638,759.8908555751149,1583.5227773434451,1072.6265674793972,1559.6384221614462,1305.6011392104315,246.04545454545456,17057,316.9625529438173,22022.242916705436,5162.211762696482,7.905489921569824
2541.277715586511,5086.881540706227,3292.0306186230127,1100.5727324754398,3340.2957571898287,969.4464340160956,1715.951007346936,659.8523088021088,1205.855913388619,1070.4355801970964,324.01192596736365,1406.3539407871326,1593.7744133409544,794.0002458067042,2495.8129147714917,764.1160822685296,1588.889006731063,1072.7756284219151,1549.6018778013552,1314.1818101383835,280.54545454545456,17360,306.42868336582023,21997.80450930917,5203.494482748025,8.005640983581543
2276.2172099922905,4823.103926325505,3612.4680675108166,1422.039515343128,3019.6857417616084,1173.7196651409376,1818.2429378015643,902.7333361801235,938.3002494195305,1126.1432668564987,377.26158251872164,1371.917401950842,1587.0666900331155,808.9295528243571,2549.3615926037405,678.330929182232,1490.3745040478088,1111.7304510702406,1633.294040768596,1247.2629827942137,245.27272727272725,17693,312.00524553942523,22103.675775730804,5159.04173245158,8.105763673782349
1824.7436197542786,4321.989557331498,4058.798045723162,1849.6361400529,2740.020042168725,1196.5431378913645,1514.3869993489566,1346.6195623734252,1308.4374249846567,625.3591106062529,380.2461176591016,1339.742214233958,1624.219551827672,865.2290967103969,2534.0529357893365,661.2294196180152,1399.3122438712412,1217.3177206917887,1735.2233931632727,1102.0874558025614,287.67272727272723,18208,308.5558297483832,22112.079139556714,5180.369110259503,8.205994367599487
1491.712619073225,3938.088378032495,4282.55341926869,2037.5586264133165,2871.050230957239,1013.5559350664021,1130.9556213013782,1363.4921148739943,1616.0743235910588,551.7454625046912,366.12619003501106,1346.198662138739,1627.4411913056151,865.5465799493344,2499.7546821012706,708.0794433222679,1436.6483844088034,1246.410210841167,1701.6136959491407,1072.8308525358539,265.23636363636365,18608,309.8279134138452,22119.70428511207,5299.660863990792,8.306086778640747
1061.279834368742,3466.572432787236,4395.088072863608,2072.147457469872,3338.8007551835326,552.1251287298912,1001.9545342192483,946.0707783599494,1467.635524842804,1042.400048443468,326.40100217354956,1301.0319563138105,1674.246578052477,905.9818131196959,2551.2411506902554,616.7775207118734,1390.010001858509,1146.471720952391,1676.9914369703806,1209.2925740299108,285.27272727272725,19085,312.77311772353687,22175.422701340533,5379.580327386269,8.40617561340332
941.7462445700234,3357.5110357510503,4373.66152552342,2020.4593348945775,3460.102267204133,432.3530271617746,1119.7826142834494,832.9197332152448,1334.575518074905,1044.0966854996238,255.59654468654497,1269.0970064888113,1784.6239873562017,1046.279281267018,2443.3153049857297,650.2905573475856,1176.6140621004006,1249.950683808595,1922.0286192507956,1283.9366393567736,254.7909090909091,19234,313.46169364236823,22169.490089461,5519.982311219833,8.506266355514526
574.5939530619252,3141.4725155335373,4145.475838405206,1686.4131748455188,3612.70160715892,579.5467438512517,1471.640655755323,1042.0339353015531,1324.0447961390048,626.1363166848143,231.38710311513188,1235.9360836347848,1756.4391802506154,973.1445522332759,2500.3325377018805,669.6782729647794,1318.576764349822,1312.79893899049,1908.0421851304332,1079.1010779951957,297.5,19633,324.92214011065744,22170.527124287008,5501.491401591431,8.606330633163452
379.37934637347774,3108.201099958844,3947.5015407314136,1452.0594844954758,3537.3965239457757,813.150447615599,1487.0943242598637,1260.4204804734568,1557.0540651426907,657.5344541136708,434.6683457174574,1441.2287194402918,1737.1676667403328,1102.6087891060595,2361.725031605371,639.694649351626,1135.5879825422778,1134.6327972642684,1765.9959381526414,1222.3542404111497,242.97272727272724,19247,299.657470540153,22346.89516432427,5229.019232307623,8.706490278244019
228.0844992368988,3163.0065627076647,3718.0582526892354,1258.3553889941625,3337.1360597633648,958.5891230194261,1309.3015463886425,1285.1821067235167,1621.0152696848604,882.3901900044721,170.56296657552076,1175.820580169057,1769.4735153226688,949.322237002537,2534.4094355976504,679.4455938434157,1346.4841500150133,1331.9729599944692,1919.538964638689,1081.7406118281042,242.97272727272724,19459,310.7316468412081,22016.821168766153,5478.703942369387,8.806493997573853
196.92826250642065,3240.1739817209727,3593.4799404397636,1226.7420621242964,3208.8524078756277,940.7070457206166,1186.959598377935,1165.950983869853,1500.0223781677896,854.862461170184,100.12942689444859,965.9795005732186,1640.02719130464,689.4136791454633,2414.1517352259266,915.1818585822018,1184.2462361004455,1366.390708725902,1936.7159566675298,1255.1989531051338,242.97272727272724,19606,353.82521287372515,21518.47209641734,5281.130150128312,8.906706094741821
225.44142460508473,3161.971371043287,3660.756194749443,1190.4082701020334,3259.7240224596685,1023.6621833279055,1198.589499329127,1244.5280377412519,1567.1287372226755,957.4361764760358,775.0424399279126,916.1546345964634,1127.9606573035633,483.24858423323127,1761.6400154344528,1227.713180499132,640.5011158909342,774.0857570795393,1290.3145329214167,930.3885869552573,242.97272727272724,19501,285.2813704950348,20885.69248045486,4651.038686788662,9.006996154785156
664.2965702260478,2693.808169754662,3829.5557019536327,820.247750645187,3170.7580091807845,1491.1937363098002,833.5472524249668,1158.4588571697668,1296.6726285240054,1028.4182477777058,664.5808484877773,929.7489176005544,1167.0743287282737,536.8930749642315,1885.376545836507,1036.8265929435622,854.3688399750099,893.6305364760708,1508.3566562845492,887.3881499193741,233.40909090909093,19008,283.20690320154574,20744.973344420952,4742.276683564321,9.107218503952026
1592.2760764998905,1768.1011969474032,3897.1263475018204,295.3449294726791,2538.3017047842777,2027.8681384456465,150.53763827740386,468.106934549882,428.4772598793017,455.85595504478704,962.7167993258229,1104.717023887608,884.1197775192701,760.4803633687852,1661.3295835893132,1001.0252626576761,983.3018889329207,757.8960270698481,1490.5311417784478,661.398512633328,211.2727272727273,18070,284.5406230572827,19917.071866507158,5035.832853149501,9.207335948944092
3033.4409455779223,574.335452581669,3526.7748189455638,1338.327079727896,1187.133908275698,1877.3306329455736,1407.974293032244,831.8243294241194,1569.43178410407,764.1266335370749,504.9161949159369,515.9323917129974,1386.5526574535004,588.6830034827047,1223.4698581115056,1507.73048784547,1144.364964742717,665.7138161100539,1702.2781659539821,744.0108955568878,238.53030303030306,16615,264.99175853739075,21382.99853873976,4580.147391236404,9.307617425918579
3033.4409455779223,574.335452581669,3526.7748189455638,1338.327079727896,1187.133908275698,1877.3306329455736,1407.974293032244,831.8243294241194,1569.43178410407,764.1266335370749,504.9161949159369,515.9323917129974,1386.5526574535004,588.6830034827047,1223.4698581115056,1507.73048784547,1144.364964742717,665.7138161100539,1702.2781659539821,744.0108955568878,238.53030303030306,16615,264.99175853739075,21382.99853873976,4580.147391236404,9.407726526260376
3330.963569091888,678.39675247088,3290.2335693736386,1459.3913932298447,1230.5919680878906,1565.6726393715498,1319.4881604204645,773.0507419383555,1371.9311345473036,549.0543055589268,492.0793176613293,476.0236659616632,1407.3898952896607,616.7923115284854,1193.4067280390843,1507.0405117117077,1160.6214340526794,674.4541322030365,1695.1830244313603,722.3277249473059,258.72727272727275,16304,272.2161885813443,25255.031570033156,4818.764756118391,9.507834434509277
3308.4578744580963,658.9917387975313,3315.19768850126,1462.7187187503455,1206.7929605588172,1588.5403449694068,1348.9019533556498,804.5111704105411,1407.0891065136645,587.7975546531258,479.24679504786815,263.4697121681693,1544.437053439268,826.1644441787608,942.5267320399339,1521.2847357051808,1429.2320595876972,970.6334997257474,1902.4661592024206,911.7257017416024,248.86363636363637,16332,262.1881073892671,27689.02128811318,5087.181874672231,9.607840538024902
3240.4164231156856,580.0494093918553,3398.6902978497906,1526.6100233958032,1126.674271115952,1578.009241989671,1401.9529707427475,847.2787683430139,1378.3086589694922,542.8440518628461,1157.620068104199,721.1060422568394,1469.201762083173,1450.1620177211976,1445.07872570301,818.9028655687655,784.4068605222946,274.05525370340695,1385.5503434477373,765.0657129450009,216.8,14770,237.52543815245872,16857.562570079233,4498.444224126391,9.708031177520752
2669.4684859702206,387.98344596944764,4204.733647705217,2468.768977785703,1022.1940756525096,1019.0547549090793,1518.7227003778562,955.6334203681048,436.50804386501613,441.31194407881156,1066.7056637753087,634.0579312521855,1591.7494994981482,1524.651815028686,1350.4298611497552,646.4881192099315,924.265932607216,452.01273083015906,1064.4208772622458,647.9662069645182,216.8,15726,227.2054201450301,16942.741585103126,4439.09119138427,9.808278799057007
2751.8800144478846,232.19461258556652,4083.373722692195,2283.4514076925284,835.6066085206768,1220.8058067765758,1650.4087213353303,1083.3661663321832,566.597506427443,414.0656754891571,165.6927378904956,553.6746259737106,2371.875256117494,1815.8177383217276,747.3679810164538,1113.3257618732757,1900.312311494974,1426.394192714106,250.8850997375693,932.9633199128955,256.3,15516,213.08175587191215,15830.042675528393,4997.422128816762,9.908504962921143
2887.4920172513703,434.47498695626945,4074.343108497755,2179.123309885583,450.3475545627165,1559.7308201143064,2046.326768791554,1457.463170049343,418.0130113249359,818.7010552228863,283.15447776460803,270.1227403806895,2083.051092893556,1531.4564265239098,503.9570330129525,1265.9626775274917,2010.4566184106309,1563.308506392822,401.39314840197386,1021.2690103741326,279.8,15079,266.7914499732718,28532.98465882914,4673.591902495723,10.008809089660645
2950.7311659398238,648.9965607057195,4177.275238894417,2276.8144109939813,434.4301124543515,1611.9698716018993,2120.4382782958223,1484.4497266966514,227.84981663295534,851.2780922740658,275.95492916441043,282.9297931117334,2095.9945967000253,1543.9253975364181,506.2410607648596,1272.0751900746525,2024.1806492043966,1575.9889785088958,367.5035807539581,1049.8795378758152,311.46666666666664,14897,274.6563342926911,24841.364475473187,4919.281023636298,10.109053134918213
2910.9469393241425,138.62245321884788,3731.780105576353,1792.9603563805977,296.8869051392412,1995.8114815540466,2522.1218419800507,1985.9530544030997,725.4982108150183,1386.71477530368,1078.330871333025,658.5462305481557,1601.2115579527579,1150.5964557162824,405.94934501115614,2028.5096276173172,2764.3180349278136,2222.178510195628,565.9963893088982,1632.7345053127688,311.46666666666664,15392,267.8963085868026,23432.888499862645,5585.575533650578,10.209158420562744
2887.975470501487,254.90342048112282,3888.178948907323,1952.0229099258586,352.70688203539373,1840.2258197163635,2375.124461456526,1887.0558728591714,745.0396634579253,1367.1632088516735,383.5382153896976,65.94894454131973,1811.6339381728444,1179.8287577817762,313.79002452001924,1721.0765636563292,2543.5401591398336,2289.59418636394,1007.3147469768157,1983.1125944717799,329.3,15290,300.5802138731482,20749.76795309827,6184.081680690256,10.309216022491455
2914.764382237801,200.040196140151,3794.8234607668483,1876.1947848257955,259.15582726274323,1883.8396579630255,2387.8998616753706,1835.8593423958785,642.1442097045683,1263.0777976484426,526.203338059639,135.3588955676428,1811.3346980718588,1224.6592601831128,220.44234403540355,1637.1294002358404,2431.6812703950163,2137.9585780421194,890.93851334671,1839.900693999013,332.5,15323,335.33313713750493,20601.23346775588,5870.943788953235,10.409502267837524
2885.5641097516386,221.94337298769958,3851.1889568843317,1901.3330710396272,329.4853171814837,1909.5633272810894,2443.388696810792,1914.7359138511583,676.1698872758955,1298.5328569594492,330.13693659453094,86.47128842092903,1671.1120761906407,1023.4629908568098,171.5755963079662,1812.1249785085809,2547.1800919756643,2127.781316678369,755.8526446037129,1727.0010564562867,290.81818181818187,15313,343.4929437263549,21410.963725346945,5803.831570214749,10.509536981582642
3244.5439043911206,596.0436315235129,3697.5712394277975,2181.645967696141,551.5893330503244,1335.417353769468,1984.3405502428054,1980.9708801683996,1237.5453972173352,1877.5965938728727,476.89318624814365,182.6554380738271,1676.52830108902,1320.596829547762,416.67571071961675,1193.4787403961152,2025.2063303542795,2299.810963751542,1635.5377723418299,2690.567744251218,287.20000000000005,15837,312.96649978368714,22375.472002823015,6130.460506785508,10.60957384109497
2908.4653156446207,154.89147407316534,3604.992711963524,1764.4624485926192,139.04417338943043,1669.1255373680588,1924.4059385526818,1534.4030698011109,1156.3735121070815,1882.6426013343187,355.43454458684045,289.8812481499719,1421.0995077982552,1112.6284927154031,392.7676152740653,1255.3027743579526,1784.4375639826676,1984.2114368288355,1717.2855415920317,2825.9597592176815,347.2909090909091,15432,342.4832021645186,22786.918282056,6341.873095988474,10.709908723831177
2968.9253736345445,230.19899037051687,3642.728133906019,1840.5000405678456,169.59705679998538,1653.7947271225366,1984.8771023944932,1589.273234614583,1084.1818434336149,1799.1556013890877,407.5300498584733,254.39379242695463,1568.5183816528931,1275.1265504700723,358.25913030281276,1315.3382907196624,2128.165654922811,2090.145885047734,1292.1767539319592,2354.8552101950427,293.2545454545454,15471,323.36926594537556,23180.096947532966,6166.479237038672,10.809945821762085
2217.6988903159195,650.0968348901504,2892.3533256878727,1444.2224210479246,932.9452047446906,1023.8264509828243,1446.3174902261765,2307.106908871471,1567.0619633911874,1852.743222953047,599.1106556610022,709.7480433269953,1301.1422130755225,1577.4879982839107,865.7567954823446,844.7968895866342,2195.220679904421,2670.117090465054,1354.3918205388647,2056.9786115074908,310.90909090909093,14652,306.05693941859647,22827.116786615778,6219.143478049226,10.91020917892456
2147.2976595782816,724.384824943126,2815.5719841758137,1486.5732111188715,987.2840215895443,947.6876441305918,1510.3437359006477,2340.4579171301216,1500.5125738115605,1773.1098606355936,466.32752584304836,364.7138328219992,1302.1056073899051,774.2603563925708,947.8899236780883,789.5256059455614,1520.9071610769415,2972.075939497786,2024.4227008974813,2400.599637760724,319.6212121212122,14528,309.54589961301224,23595.437878120945,6169.131118715328,11.010518789291382
1989.4697050338038,877.9393575575571,2657.6647880243604,1630.506137838135,1050.8145063142908,838.6055360427506,1680.384012140918,2295.598396053327,1330.2466566180308,1697.58261767726,303.9844923587033,239.98164463481444,1295.886786099569,1022.1285095871283,714.5321977620617,851.1595521517221,1695.2091032600752,2653.4106914430663,1810.1691509899367,2473.731175346798,351.84090909090907,14416,322.52251501088836,22937.416377423528,6225.414478888875,11.11080288887024
1709.7355163524237,1104.0570127756814,2493.616997069527,1906.3048958035204,949.8833612173969,1011.681018846352,1745.7979677478268,2017.8719725155302,1474.8278835073877,1984.8635178811257,474.090212764066,331.4574889888124,1561.7078243267595,1055.1233822377703,428.74234056362144,1153.9592355729535,1409.556444986833,2674.108998696955,2114.937872360119,2582.985990013665,354.63636363636357,14080,313.75291899992953,22390.314932653633,6128.381522545973,11.211202621459961
1440.3704332465375,1302.035024902964,2459.281384484543,2113.8608220952246,763.7628771458806,1280.273859872993,1615.0845019946973,1950.1994795486949,1738.7542528509268,2086.2310051295813,249.3622194699325,341.26884728771927,1241.6210339571762,1226.536771383212,548.399101742022,1117.2062176098323,1645.8788036330855,2373.739747129632,2179.61742155678,2867.558477490561,380.6363636363636,13849,343.4055746325589,22816.87469960607,6286.953472949436,11.31121277809143
1100.9519392503628,1509.594086217498,2628.05707696119,2214.1201179298687,419.306848148337,1486.460842157693,1270.2967139906036,2283.05506409478,1711.0699137365953,1740.7639320148162,447.8787565086988,265.9303441824454,1513.1649446456984,996.5858640195603,555.8732737456654,998.813664447443,1581.2138328108142,2599.357593978043,1932.682036153315,2650.0880909293996,370.72727272727275,13484,369.6093067973816,22689.662487923943,6652.305959943554,11.411508083343506
1002.4596592774908,1557.717887251712,2716.3844342590387,2194.599533869906,343.1549303390809,1475.8656362167465,1233.5826177521462,2346.860547473845,1619.815246835565,1708.947534155277,213.95533104001274,400.82494813620116,1297.8702495468465,1275.5337871269933,352.2341022168991,1262.9447245016852,1379.5327689121827,2665.8416781550486,2146.4276611599516,2498.369576048779,383.219696969697,13383,359.0411904853979,23017.050753784286,6768.694531797808,11.511682271957397
675.896221300809,1683.5995875287301,3125.642107582837,1918.4031217262768,550.7443995945185,1141.3709792305617,1553.4286511367454,2155.974175842617,1492.246225887108,2114.2494975494533,472.1779622624353,186.51662608298417,1437.1604619338905,1024.028385343516,641.6263211799229,1016.9384495217141,1679.6521407892378,2364.161098009731,2274.8015961392744,2799.865895934584,362.66666666666674,12994,330.1401368621247,22648.810759176933,6643.074393308678,11.611689329147339
565.1259631652632,1740.830411921539,3404.9897606847853,1622.326941670095,854.7065737105063,851.3002366963423,1817.4630197792042,1855.7131564395836,1790.6085117357204,2168.221351556902,425.1942306798708,215.566763887626,1420.0954338995407,1056.3973627905775,588.1784994884766,1041.9473432199466,1631.1030113971372,2425.007022841318,2205.538300768914,2764.5035721137738,375.0064102564103,12649,321.7616294433384,22608.018083426407,6290.834403602999,11.71179723739624
749.9219899284195,1799.4166564037596,3742.9258225297835,1168.812941465564,1233.3064306431665,831.3102606270338,1919.4361290366967,1804.788609369672,2060.978603951633,1742.3118845391166,523.1206371812058,135.88904637440777,1402.5398718474692,1065.1397326027738,640.8309162260141,1111.6007602331258,1589.0746101929733,2468.6798669859018,2243.888936272955,2633.1338741686905,337.61538461538464,12209,341.42259863062446,22502.924544542002,6355.181000412295,11.811927795410156
933.9299835616363,1794.680853518095,3818.155136388146,1082.9113579154252,1293.4241597768876,1048.6139317676696,1754.2290007485592,2028.663652740636,1894.1129195996828,1673.292573717887,354.24000235083247,300.1608132125797,1522.6418553155413,933.1127843118522,726.0831477105588,938.7978777238673,1772.8186028838313,2292.690900820046,2430.612494424986,2606.6512096187384,371.1538461538462,14067,360.31494309390837,22695.090135969956,6542.27282692193,11.912206888198853
1398.6658113080027,1737.0554941325274,3813.695155362796,1309.3642945493964,1200.218929992694,1466.3938159310935,1285.7914757647768,2319.362032557989,1493.6032886329635,2134.4075781375136,565.4228679027956,92.61595306126047,1307.192919681295,1152.757745699809,507.1370457515083,986.6150742518904,1746.4756901508977,2243.9506726781615,2419.8660425393687,2805.805152334299,344.3901098901099,13615,387.045916044531,22463.953766265724,6660.965009650316,12.01255750656128
1586.446238360498,1690.5066220010378,3739.0924234584973,1491.950691494023,1072.5596155823914,1506.569408650074,1278.2897498424074,2223.7911487030456,1603.8348399865745,2184.880327854274,402.6163811710167,256.01332055637425,1498.4477702447502,954.0171271382958,721.0233967708065,1059.065113242488,1611.2530318981178,2487.116416340699,2173.2141334547728,2808.4005399171483,355.35164835164835,14035,363.12872440655497,22597.782597997495,6754.641517904027,12.11267614364624
1883.0035267471892,1569.5246637315115,3522.912151192966,1772.1049120133785,778.1302905420957,1350.3091772221946,1550.293952753058,1928.420181437942,1875.3961330171567,1906.0666945448493,351.67385962441773,304.20849589606354,1535.5129641057517,973.7284848934802,688.2542012906754,1103.4506995888446,1595.0560161098867,2443.588821199756,2224.9583220441755,2793.8255951306987,383.15384615384613,13762,393.08699502627553,22668.77889664895,6846.339180066327,12.212956428527832
1986.5392393817335,1506.1745800945632,3421.4156134032755,1832.921430718165,697.8853406322759,1245.989547195611,1625.4194158850014,1924.9066578382844,1843.1853636390467,1879.074355752833,313.08988078522106,361.26776958733865,1592.759100188716,965.5502185658361,700.135781050719,1197.8952582295078,1529.336568216719,2418.8978340759704,2288.214096042211,2821.888581090811,377.7307692307692,13638,382.58536525105274,22793.622962168152,7000.328933911683,12.312960386276245
1985.6400296199195,1509.2683339207156,3422.035875991033,1839.3014040385149,689.765668188665,1239.3244228130104,1637.3603422787646,1919.9034257707522,1840.9659399558152,1874.9024735848027,466.8455254255851,623.5850489555405,1523.6704114864092,1368.0727673254687,310.05744402382254,902.8436646601982,1891.2007084079326,2325.430852832025,2235.910408849352,2763.7870226146856,395.91666666666663,13649,375.3757061181682,23303.677927782257,6976.63453536225,12.413027048110962
1696.1233215224827,1834.2522435144742,3709.0349532580917,2043.3511474050072,544.3423524079886,1251.027969095637,1967.5230127239665,1703.0952672358253,1932.055464776439,1766.6772250476586,445.14131740681637,641.5710612073921,1577.573941938058,1389.2201035446772,261.62328984979183,927.1309433654804,1992.2657219020307,2225.819745195726,2305.9893356189787,2682.8884407720298,399.41666666666663,13994,381.93983012146236,23289.13352660671,6939.622576616888,12.5134437084198
1365.4572702572648,2378.2765638186333,4007.2374950165563,2579.4951290995855,307.50230831841066,925.8580213025521,2340.144188536994,2108.077222343351,1447.8309547491003,2312.5435862923027,745.6977637517351,839.8174620702233,1388.4206871635292,1609.5720377405014,311.627742101381,641.8784450271014,1934.5346145219305,2562.029706867662,2011.8435892794303,2968.9091272587652,399.41666666666663,14524,362.4509519703113,23515.285368788078,7228.405682548079,12.613703966140747
1283.1827601262894,2873.87338736379,4133.143127499792,3055.224765560334,468.2099132406983,441.43151971158005,2285.3415644865518,2560.122136973528,1143.9005898563123,2445.9663873146596,995.3905202450487,915.06135636587,1137.345989071263,1506.0279290302635,521.7517313288661,873.2699363712064,1765.9361621145329,2327.8415248386227,2261.8205340124,2763.8567129718963,399.41666666666663,15066,354.86233251891434,23644.566553911405,6943.052070082937,12.714041709899902
1644.5327340422411,3570.710709619245,4072.679678618392,3548.0747420443095,989.9211117237948,444.8918902977657,1600.237289085553,2554.886107009523,1872.8608875154362,1699.431823721514,1039.991903230205,926.5356612843165,1093.972330436202,1476.0412452782762,548.8900067814196,916.0960876971859,1767.3501508270404,2286.6402997719215,2279.7108160536523,2765.143260841521,440.08333333333326,15847,380.81230225401714,23657.111178434287,6920.209096023715,12.81422734260559
2339.3984120596333,4204.003594326427,3787.243457595122,3742.7269630997916,1469.5393309845851,1238.8601600045786,905.2494499158928,1851.0127787387744,2386.36043521853,1501.979816589382,1082.82603038938,920.6931277951052,1065.7239194233487,1428.2835661586062,532.2585033239517,921.0817606694662,1820.1670753751696,2310.45528108663,2221.5257798341954,2813.0140160980573,367.5,16701,391.1604135844459,24017.13381850384,7022.722265223704,12.914581537246704
3202.8807432650074,4780.697251652043,3270.6296069641335,3603.190538997519,1792.9210008093805,1824.5940288345798,1460.645057977062,1197.2216648914948,2034.024047047191,2402.9149389887793,871.5276555445424,1040.1704999641972,1142.2561033336335,1642.1943227518093,760.9153325819125,1111.5489196984759,1695.9672607181396,2045.7123663131613,2314.4908086147816,2972.7960864572274,384.74242424242425,17590,343.055731161847,24153.87903583666,6787.672080730565,13.014673948287964
3843.555734554824,5093.959659381637,2758.109594028296,3240.874054701385,1789.5089602489695,1906.2531070713903,2048.656583547393,1684.983533985898,1395.2016625671222,2462.042590392559,1107.7603744849143,824.7883601459783,1189.1558852864155,1531.092756434846,490.99695956505843,818.6505637799817,1538.9488355827586,2159.979466082018,2572.6744196758295,2718.60536696114,384.74242424242425,18227,308.6725228015583,24472.571754985864,6476.281670812564,13.114829063415527
4764.057157890666,5403.733258803465,1877.8037804601204,2434.855000618774,1485.149882687337,1557.8101075636164,2370.340850352731,2482.211364668035,1618.0390571739185,1588.199733061828,1117.4198687052112,809.6553254478479,1204.6488860068598,1545.256986153433,500.5760168017361,828.84887832075,1523.7576380244893,2134.381636237308,2563.4918030386734,2750.70222682324,372.09090909090907,19165,303.69489620445984,24403.145755690464,6456.9297670889355,13.215191125869751
5716.185823263981,5589.866303788713,914.5230512691355,1462.2590773358772,989.071476106157,834.0927168948136,2015.5862952861287,2540.6223639286527,2540.9291270770536,1522.1152626613625,1004.0678893168408,1006.7225502599234,1012.7126803226571,1373.421774034388,395.74417651517365,700.5177101786811,1602.2821240077235,2298.578896522358,2725.9985667040382,2625.5635510279208,372.09090909090907,20119,324.66288863003047,23927.5080206166,6276.479777449964,13.315552711486816
6403.473886004013,5616.99960541815,570.8595426318664,1008.8601849345101,609.7834772185404,159.24929097325872,1354.3160281233784,1985.3835832804532,2605.5674829009945,2241.987415810772,990.8456464555662,1033.471366875253,985.9129023587741,1348.2587156732068,385.63746122668135,679.7750514776686,1616.11046147866,2329.6207545979073,2771.5558208079583,2611.696210526986,372.09090909090907,20871,312.02366206077403,23702.21076820575,6262.631591555803,13.415573120117188
7086.388930037496,5498.592829011112,1149.4006962104304,1395.9914662084143,467.5661824452624,598.0248951106547,856.5347210927356,1369.2907909251273,1903.6400101255363,2208.608456546506,984.9589371803664,1332.0051443409882,739.1549707292911,1107.9425167421148,108.3806323830657,524.0096975254772,1296.890689991559,2005.9217009648596,2591.911511502838,2803.6287330427026,372.09090909090907,21597,294.3588600146745,24116.27258091229,5893.710943492372,13.515861988067627
7399.368866711976,5372.488395664429,1517.93907723497,1758.9976404185884,568.4782635430172,885.9087706042358,1105.7063274484954,1533.9892380081299,1679.9742422653424,1854.5846534724724,1038.9003643700687,1474.8546611850618,689.3167741884577,1067.8915706898556,204.77140828326037,608.5197976961085,1199.8170412431966,1886.4930991629365,2414.7573005473027,2756.861955134967,372.09090909090907,22001,281.8753428118375,27324.162066043835,5807.255090478835,13.616155624389648
7586.845987334728,5223.108337936299,1736.624772134029,1974.0195310559518,555.6274255625979,913.9979025407819,1324.206375262676,1763.2982536191512,1901.8100760924954,1850.1525120840306,1182.1376929524492,1625.426408046267,803.504745912866,1211.7311720791793,413.28275146704715,817.8881705313842,1374.183233463146,2063.364290345758,2468.6012601075604,2625.8414044558695,375.6363636363637,22213,304.2012956372022,32611.71295932025,5719.287574201491,13.716474771499634
7592.940091121578,5221.905165943072,1747.2040840046911,1987.357052741673,565.6689781619426,926.0862816820662,1347.5532935175993,1790.7959282278425,1929.8403425100903,1852.5826419743637,721.0943282004931,1448.4579765092922,397.8980190838614,367.93338089866114,745.2181552403209,905.623133739317,697.9837779558894,1432.0059947488874,1587.3000007135984,2131.3898909159375,294.36363636363643,22252,240.24732300983055,14867.339403808606,4815.293415127617,13.816725492477417
8123.278657866224,4362.541885297328,2129.8318995538534,2069.568404892131,389.75475388591906,8.267743114525052,743.2128021038113,966.3571931336368,1479.113864520274,2085.430085083994,742.4154575208773,1416.7221409790309,405.72208164329584,445.69513951086196,676.6934330212306,837.2770349933891,656.0259514604364,1384.4369557672644,1569.428222208469,2154.8602298619326,329.90909090909093,23135,243.7530317981265,16460.911071838706,4834.6739178107055,13.916995286941528
8461.406983455963,3717.214136872789,2341.9079843707796,1991.564196126177,900.4868711971669,643.8333433672079,182.1758232559383,531.234575756059,831.2037571980023,1589.1180967655337,798.8418095937767,1377.9528162460567,453.09336591311376,612.6390733267322,507.69602098302687,653.8055983344708,602.9961648684625,1286.783365044342,1629.7937441566717,2369.458725169477,329.90909090909093,23821,257.3564976627942,20964.419005430835,5030.664154243741,14.017042398452759
8582.727527516754,3430.9480720935276,2345.3052430281127,1827.593679610866,1029.892106398823,834.4207233503002,114.89890723526658,802.4288743047164,889.7608211727809,1437.928552055968,1757.517268142902,994.6669786038118,1525.7062567156217,1466.0493452928076,1212.7939713258756,1163.9898134881369,486.45572363217195,1113.778256785809,972.9751451245166,1611.4426752995419,310.36363636363643,24079,221.30796559053192,25391.694340416925,4760.820011267275,14.117177486419678
8628.394791388335,3306.6603215780665,2310.532913896185,1709.9735903489898,1040.9933645717629,868.9662248591131,248.50463429110076,932.8453976782135,1041.91000389983,1539.8620277622588,520.1138098887315,1763.1737447490716,556.309252592844,1249.2219118551527,349.0059714481077,300.39116759085,685.3710025638766,280.2392208937623,918.4948798571328,2109.0283355235706,284.00000000000006,24255,193.18023431627148,15445.874329866303,4650.971449810376,14.217330694198608
8812.853223316244,2813.596778420105,1768.7286968714632,797.3827721964349,729.816025137814,643.451806536455,943.6464220202618,962.9934320514552,1371.4692305504198,2094.575210015864,617.153210319797,1659.2099228982815,505.71182115528006,1148.932511082556,249.95426582999454,211.13457770935153,718.4337309738306,338.5276454464701,990.2817927682404,2176.7458052250972,322.44545454545454,25155,228.9543965370646,13181.145698089695,4478.545730457587,14.317529201507568
8861.752190198456,3174.2190756642112,786.0447062819023,1266.2724638260793,514.0423047774457,499.4265154307689,868.0455594259003,133.2321202965829,551.3169930707928,1379.9218498582031,1186.7027896725322,1154.1388683222865,327.52685337314693,852.4585287284631,220.2886361214134,284.268859690428,709.492092089269,325.6159016364597,919.4705586368462,2153.259830799666,309.7545454545454,26314,264.6885994774972,22770.921131242936,5477.472833804206,14.417805194854736
8853.670574610656,3292.4052024961225,638.4508355425562,1422.6906533248346,556.0752262181877,542.2349278335738,795.100358364114,280.7991524129447,635.4568506142373,1464.1075799777593,841.9475031639338,1387.367924999453,609.2238540099418,837.8328249850831,140.9911035370691,125.35806429513674,792.8192874590106,417.0244826742685,935.1124652518122,2015.864863525851,320.19999999999993,26518,346.7884275642489,19660.22253776664,5828.054397334705,14.519993305206299
8740.404353347109,3863.806851720228,101.98500754020974,1918.8281118828875,592.6752433280816,497.66299252215344,210.19375578518378,724.6424675971334,1143.9428359032022,1865.005335684911,1151.5772315286297,1260.1310335249548,274.9004621391088,1031.3914262278784,236.65170643981116,226.60675438724823,435.1040324478769,670.2580006576949,1284.3508665137488,2410.591079752514,306.34444444444443,27075,346.90454640454413,22833.71696298377,6016.214409029402,14.620319128036499
8679.619862075406,4060.747886240788,240.40888654287767,2001.258647433168,578.5136922634393,448.1078937220559,309.28934037748945,714.9302593945878,1084.7458319169616,1726.1693372634945,667.3662098856054,1386.2183252710292,851.0970291640133,469.6535170436071,401.76543614692,485.1604403809425,958.9418406317777,356.57682648319906,1031.9104277081087,2477.294698833383,290.0,27302,285.38800854414455,17146.93794075263,5481.596675240708,14.720359325408936
8357.608780285851,4854.112424934391,1069.8700170641964,2102.318375042576,691.4525463421666,559.283441139563,1134.950606728913,437.1989608235641,268.63840059347825,1139.6215659579927,1084.9587833701994,1429.7678704241373,502.19813010512775,1043.4032433055615,309.1454902681577,317.26603669327034,1051.235401953829,262.36378384271495,494.1478006703751,1857.314396162585,276.30555555555554,28121,245.58389980733654,17446.351590174785,4840.628725449121,14.820434331893921
8228.280111056036,5070.098982719264,1303.844710584913,2018.9437433365304,722.4038448435692,613.8283084794897,1230.7824584830757,285.0862529814378,299.5599512106553,1400.1812245401015,852.4188428489092,1276.206413295981,551.1509227977467,789.3751193005083,41.08761107634456,43.571968116796185,693.968920340864,418.4306051141819,832.8362687071714,1854.5875894811145,276.30555555555554,28377,238.9585223901023,18256.077898418975,4641.121456135469,14.920785427093506
7898.558271693792,5459.917939191518,1741.2343733976295,1650.3703300300258,735.2288547471943,659.4752903827075,1092.199720645151,301.43295098713145,865.056651837713,1740.9599139977045,776.7523845231685,1133.8577993086744,589.613465195596,828.3567529869065,275.95679634285943,241.01986373835496,639.4989444927827,604.7262562779699,750.3847478775383,1626.5656166768918,253.25,28969,233.39959125799896,18369.548398614144,4632.338480288185,15.021124839782715
7339.899613294018,5891.755785919097,2277.5586016601724,885.0861097491346,891.8440680116729,827.6875472474102,463.4685206427285,926.3794723246551,1226.005563437,1201.341677384622,797.9374563565112,1279.921712121472,640.6215713759967,683.4685933362772,219.47718159382921,240.7125425856317,479.59210130183186,681.3871527142952,943.8788848223819,1560.0680090588664,292.3571428571429,29809,253.96047468560076,17921.30418352805,4601.974103454884,15.121134757995605
6899.437437973487,6095.829085229372,2571.0966747931525,264.59336158500395,1060.4582731876583,963.3303882855135,198.61885527262024,1128.1191639643757,1026.8817569193584,654.5256632618449,820.4670174207617,1031.2794797653185,468.3926159095915,947.715113763606,181.44916787250483,75.86646541160687,739.4870040123654,410.7295336185242,935.198656866038,1842.1262420503097,251.42857142857144,30462,245.12889376594558,18115.116203599086,4507.493186536322,15.221146583557129
6184.501143905441,6224.418905473361,2840.6801087561703,706.4035513949343,1249.0657796046337,1046.0288133882202,945.7825213197326,910.6809311796635,114.3705815833458,1460.1220618800141,756.8717514239308,1310.2030456539862,716.939929877077,714.6166676177902,356.65068449864697,320.2795231751259,721.9609416456997,522.8813285790574,645.902131840009,1889.4937292548864,343.57142857142856,31375,218.5836898369281,17925.35059221815,4312.432444707244,15.321506977081299
5681.453846940467,6195.168250871817,2901.9828641467598,1293.3958477227466,1294.2189844015027,1009.1460727579409,1267.8426276324844,527.9752799070613,535.4898092558595,1785.3358691293395,873.7910615491774,1013.3797827736765,409.3628110431887,849.3883262994036,90.98476787157185,215.11344764623033,444.91251676307934,735.9438391576315,800.0372604251038,1584.9132467338695,209.8571428571429,32020,196.91392183667273,18311.591680592024,3999.6900653637936,15.421856164932251
4950.529467262723,5984.569843690373,2794.670813200773,1947.3803688492305,1173.1297153875728,789.5367934672461,1260.9225324604506,325.8058147839559,1112.756881278719,1232.3942758666906,796.826458787766,1151.171322698995,550.9200547209845,802.146693081509,175.27166804160456,177.77172585741434,561.1612220345581,631.0909736480149,775.1657612427068,1655.5906625108203,339.1428571428572,32858,197.8524760355687,18115.886699554918,4198.142728319143,15.522005796432495
4155.206835855197,5620.70664670482,2548.5426690316044,2447.9390054695646,1036.8757790779462,737.5069721537882,934.7482502813209,1032.5774032862157,1211.0011549611686,553.5084751621537,937.080318162863,1006.2584733355025,427.03059273251944,733.7694654360895,242.6782776819445,345.87618217956765,505.47183169087066,703.6296097583795,637.272373405349,1758.7814148464404,210.14285714285722,33763,225.7524798675966,18260.824104035884,4340.078107607911,15.622282981872559
3254.4959810047535,5071.422867522301,2158.6792022049794,2740.76736831776,1006.9159205856745,983.961937436061,474.99255620991255,1412.0886298011214,701.6958289123626,1513.4631079904118,771.4767225862762,1078.2410013681408,441.1779616717336,910.9226991482001,77.51082158567095,299.2122385332027,330.9787955841864,869.0061472121382,592.9448198887544,1790.021560607614,328.8571428571429,34739,225.6446151907219,18038.69786232285,4227.286249959024,15.722505807876587
2743.5208876929964,4687.450720398225,1869.9739687521774,2717.8774666600857,992.0793565120198,1060.6509106467245,416.59543252766434,1253.2336368417723,196.4278091674605,1687.820761348131,732.3392104522833,1166.5938125979383,551.9277231630423,991.5259420752053,114.18389385622464,240.42921287522813,295.3147783028216,1051.0758744987388,781.9348091824302,1705.6033286875409,213.16666666666663,18762,217.83389092379622,18001.69720704254,4285.925755851278,15.82260775566101
2188.6162068365447,4197.605706920214,1459.102128065804,2455.930038200735,854.1107188642438,909.4942375763255,506.96024019210114,703.1643690618982,448.7029110717186,1207.6777307523587,417.5686975806173,1220.2366663324426,548.197025035347,1292.2209414094777,370.24610979961756,560.0253196690379,236.86036549422076,952.0642677063545,538.9770315146417,1762.6043431799972,213.16666666666663,19340,231.67516082762944,17600.01185857338,4179.587046344856,15.92285943031311
1920.6514985413048,3937.1439578505665,1217.4541207805516,2231.502928270031,704.8684969245763,711.7425713947902,490.2929491244347,574.1335530692627,610.623840376974,1062.2025846043805,363.5112238042657,1224.783403596094,550.0324294465482,1327.4653970696593,420.5060426221366,593.7247985422417,311.43340122485756,887.0851886986022,576.9525492945191,1714.2083612960698,213.16666666666663,19600,250.90745589021134,17496.969625475638,4217.875519061704,16.023503303527832
1767.3052296672797,3783.8202672088214,1064.3539024129198,2078.156507084584,565.6499015786768,558.4821337797055,390.3750261080708,700.112096574509,553.2907362611304,1194.9243432771455,286.95490337815716,1194.4810332787802,508.45992943301593,1300.5582228576134,432.23975687608925,534.5488054892622,390.3096435786929,818.1434915391583,693.5328691044447,1673.220782918363,213.16666666666663,19763,222.95485051683676,17318.350961331897,4173.761571940481,16.12351894378662
1527.9284282408198,3555.7501467668476,847.8145546069923,1886.764685747296,343.733895250303,479.7776705245422,152.14293366726983,892.1201988065238,313.53064815852565,1311.4509156375993,255.13256991238083,1134.437578482172,426.3726430039261,1202.1187188356075,298.3349763711277,475.23630586868376,194.26007145232217,1009.7484596588562,443.1651016100268,1813.2231226618435,261.8571428571429,19999,234.40949957599298,17327.703144878564,4123.073092693801,16.223775386810303
1731.057541018362,3725.0710564024994,979.9665299303863,1949.3406676758661,445.9707592859818,349.7443811239128,277.556184293553,970.1398574893376,358.14120066496196,1499.9019111607136,323.67426017067913,963.5497913219001,240.46441320422286,892.1573760392477,111.29863152962007,267.9856483054455,135.45626881338617,1313.1636481405164,167.31657857970373,2062.143631743756,215.8571428571429,19791,254.50275816662526,17012.801103493075,4142.142237724864,16.323925018310547
2023.928163981011,3917.8290127475602,1112.1436184406523,1883.577383733626,532.412088654856,75.62346563562654,400.7540047716434,1288.727582762205,224.05179008312126,1676.6836882920402,564.574326004771,740.6866044142579,221.97724174284522,640.8164413087841,251.8375517133318,588.0197449883572,261.4075167502373,1182.3933295975737,410.6943467306545,1736.6810371564288,209.28571428571433,19457,231.7887065454338,16699.420343837686,3773.692312655825,16.42419981956482
2595.1723493873046,4191.199483274672,1339.5017787382044,1525.1487933900905,758.1123485108751,579.8639434169864,667.675272940554,1561.6023144103228,447.39520330668074,1256.5123187266374,565.3672476006445,743.2887298119006,225.61410585199022,635.8900587111146,254.55883562325133,587.1472768471416,267.14147171914954,1197.3598843445432,404.2237642867848,1734.1773529583436,256.55357142857144,20020,235.0560779420328,16689.701476430324,3793.73464232032,16.524620294570923
3164.503895547256,4362.141014606822,1561.314758945546,1004.7669914672814,1009.6094756212751,1085.0426027510885,856.2321403110735,1275.5399261038528,776.9560758555783,778.5568024780924,577.151718915461,732.6898694884823,232.65160257512275,631.0864177234832,266.4512592233762,603.6964124970818,269.9134365084821,1169.7589472521556,417.3976632845751,1743.913643294536,225.08928571428567,19349,237.82754340431137,16675.819396313676,3851.6643750492485,16.624955415725708
3601.9852251518782,4408.270590800849,1690.913809607022,508.32818742873553,1115.5147319190978,1286.35311470964,821.4504489301569,758.530590096127,739.2283944523133,1246.3403124256893,503.00244697373444,844.6128437589814,275.76643562840127,580.5980527689318,320.2097379939054,639.114203324346,385.59477498942636,1220.823979021169,529.482637608505,1602.7389050325187,247.17857142857144,20072,235.27772835727183,16791.22204552866,4006.9524341577358,16.72497010231018
4139.121563942793,4343.696612808785,1771.759555267481,195.0644325819015,1081.8225124533674,1217.8099896908209,532.7361642714046,741.7990323428114,293.9897634157896,1594.411192775901,573.5631385837213,705.978182885178,165.51345899248747,702.9523544411151,180.32700436752702,499.988906247429,297.8304490093584,1335.5751872233293,454.4294725115316,1582.6471645316738,198.25,19400,243.73224688014915,16640.264206456628,4080.2613158485,16.82509446144104
4607.249766819425,4184.894824037612,1783.8121563650748,807.9561112037318,945.5957444284959,910.9689353287325,332.35090802332945,1352.158150255281,325.3524594168741,1221.813801362291,551.253504467089,753.2091840953149,210.64455254568017,651.953440919833,228.55600921504936,547.4785814526819,277.66230097307084,1282.1987259878456,411.0672917076335,1647.8583210399015,229.5,18814,241.14270834204984,16694.74839850826,3947.0813811584785,16.925459384918213
5176.039720393406,3866.6840292051947,1740.8936956874363,1507.0022289168717,746.5273654806995,342.8980714948281,666.4517518631213,1726.0028410167072,856.1745977426948,627.3247368008955,605.8834687870426,638.9169727947798,68.29142933808204,767.4168110986333,222.12682298164998,553.8855913495786,428.6253623442173,1263.8069337731342,549.2881867503054,1638.5099329861387,181.33333333333337,18046,246.70970372802276,16597.129380118015,3929.3224365596498,17.025717735290527
5627.7295775190005,3509.06427926869,1665.4187694126574,1957.4946026293762,689.0696334898312,380.19395660790474,949.5912755905665,1480.157044718085,939.0107593066481,1250.0633700831584,580.8039540174964,689.8834243632773,145.03145461518332,737.0136833491619,153.65071726185576,477.40467717343006,375.483750804237,1353.4151355218567,568.4328071954901,1537.4565297012591,215.9333333333334,21206,245.9575553426127,16732.080506738996,3912.496948943788,17.126126766204834
6089.696116113731,3031.141517038196,1552.2686183137944,2261.1094546787713,803.1112381850769,902.3184102810687,1026.2061815767906,772.3878367937592,597.3782623106105,1612.045916223328,584.6696366038016,677.4216194829718,122.6266059363712,732.8700130418351,183.85433614064056,510.4275685095941,369.97448295220875,1319.083157496087,530.5714381538601,1571.8130960339638,172.0,20492,245.50221483314664,16637.779141418734,3915.7957331171347,17.226194858551025
6452.175283999456,2544.274696002137,1420.5559103566661,2305.6536019122173,930.4104156980898,1184.6382340417,805.872442693406,670.0847656032943,70.32763157894207,1183.2370279504846,595.5996855081363,678.085975929974,148.85595586217866,798.4347843453688,143.59094880431542,496.9099629228781,440.51106158765106,1281.219097687167,542.5421142349572,1638.2811113202542,195.39999999999998,19861,267.2087256165468,16518.809673707143,4043.314860385273,17.32631754875183
6912.16195942732,1807.4133354940482,1300.8040649857805,2127.0285008636483,1137.441470172901,1334.8288900101718,422.4791908770466,1535.753748784641,814.0574735647689,594.5920107212949,555.2969194752932,774.8894971887053,264.50295560051876,572.2466920936065,202.6334647635492,343.8651387854793,441.5654041896055,1478.3511332235619,751.6363669742412,1648.8860902701501,163.90909090909088,18991,246.92757049803765,16199.341573165042,4211.3648134820305,17.426349878311157
7423.019430215568,901.8289294714539,1404.2692268747958,1700.3841927278772,1400.66606894368,1268.9535753959751,808.6506597334615,2088.1713790687186,1344.8157185674622,1620.134330596667,561.0095779435167,872.6686845415794,397.45839759771405,474.40354509987117,281.74185888812997,193.2510604466185,602.669717194039,1487.357352219161,815.4150191580429,1842.4626653295866,209.2090909090909,17968,254.91427520296088,16476.99418510109,4246.834187362216,17.526700258255005
7879.79995685551,410.8829667764871,1734.7896893001418,1237.4733342667212,1613.548810930767,1115.7222972780428,1341.4185976540825,1909.5634283939219,1283.40489895879,2008.4968042804237,553.9438542015799,900.4229646733569,409.7632342221941,499.2830584255032,254.27477515996318,213.0576618995516,572.4028021943781,1500.1511905536654,833.7250480969207,1838.9582430242917,177.59999999999997,16972,271.94550919636305,17208.135431381772,4184.957176819293,17.62695336341858
8317.313273677291,1144.466173634424,2144.6237385335676,868.7746733083623,1666.247947569366,921.4521455485186,1524.9957152061852,998.9370373134432,560.9214935137687,1289.1274993640957,569.0015176733498,863.049615685971,405.36066861599033,458.8253006936604,292.70257059355555,173.24407666224553,610.4673435404736,1460.7039104345915,787.5479086690442,1795.2314702709837,177.59999999999997,15949,296.17248126675497,17246.402234928657,4189.631193696279,17.727190732955933
8694.247048730906,2009.159045745889,2510.355872601563,980.3519419978663,1558.7805669126171,910.4790483537984,1301.0795509884022,527.6177556687402,417.22277468347403,626.1549428548742,655.1894475277583,756.6099261940855,470.7994130212465,335.9258987971467,400.8856860120844,73.94994203901074,683.7923426361726,1329.2547132292511,677.0670240442453,1667.5980545217558,177.59999999999997,14964,270.87452294354784,16839.57241198443,4095.8860893047763,17.827428817749023
8965.356458294531,2701.9539455770782,2725.3347298313456,1304.5659125048269,1315.0713468934114,985.0822238171247,792.8757192395127,1354.341638079289,1020.1813199335185,1443.3892957479084,1019.4537220549803,682.3996946621478,868.401753356593,454.5381589590608,650.2599936615042,482.315010882666,642.0100290673853,1397.3614069243995,965.352365758644,1807.9110800775245,168.18888888888887,14126,226.66608213216054,12864.940406474114,3663.118845779516,17.927684545516968
9068.232823223076,3018.648393966507,2724.9607290331573,1400.7545115833855,1033.9974510919744,881.8603780092851,362.8326729114561,1534.6037008250805,968.068180331638,1519.1994334890126,460.07466278105693,694.1614171078975,296.56659243483455,176.0927857017746,825.9906174031827,452.93390047579715,1175.8897275179106,781.8152905440893,652.426958958029,1267.2104048920266,129.55555555555554,13713,184.23245738995007,14143.095759283797,3076.750651622275,18.027777433395386
9233.663096314027,3654.498025446962,2538.865560655404,1531.8789543890953,278.78075657842396,629.0922605919828,789.4015570789574,1240.6549371998456,331.411837409413,724.5765853022111,457.41038713047084,688.5932216739945,303.99863894941643,166.30003981508236,829.2342164700659,453.7938464629566,1160.3284089126578,810.6568554443004,667.511355031134,1307.7383450979708,129.55555555555554,12690,186.90487243482934,18389.013911514583,3089.425935861279,18.12778663635254
9350.037875583765,4220.092467979333,2266.045954412096,1692.0142964600434,846.4779138306095,941.7448763429378,1673.1724836566905,469.56578293505595,726.2981805205918,594.1751811969933,978.146401429449,932.6402385984848,604.3339486143458,564.6481346352891,535.4434972329433,465.4792027334649,1402.654127908999,466.92377222142574,646.3390661512666,968.8845773778303,186.1111111111111,21883,139.6337501295883,10389.296060003287,2488.0539600220773,18.228167057037354
9350.863566791297,4239.334186378635,2241.043202742758,1685.0069449349674,873.8392625612196,942.516379973315,1680.9307384328602,421.5685665138067,727.756431857197,627.0538114100049,900.676504336316,784.9397894344718,738.1990525097315,581.7901683177769,161.23220250859458,417.10714015851096,1248.2186648439401,942.3321080812423,604.4631575157022,319.6542195298337,137.81944444444446,21829,100.18687752919553,10235.780944917784,2370.3244181641235,18.32835841178894
9319.222262889994,4267.626630490307,2034.2131132334384,1521.910303568116,865.4023201727003,759.1504788678573,1484.5867517978052,410.6833149070467,480.28070183326116,494.923365140891,1218.3887334892686,1085.8612377397876,877.3568594636042,820.8064797005966,428.83507349606924,634.4181938795587,1523.9611068096274,664.888890819729,752.8278233660701,635.0973204684011,137.81944444444446,21579,138.7621606049272,10553.016474378197,2755.7000523396664,18.428669214248657
9285.387887296263,4245.792924441921,1908.2403864755609,1399.6145959484365,788.5400959543573,631.9587821181501,1367.5896885241223,538.6359942317652,443.01535092535545,381.31682814880503,1330.24361294816,1200.210893736784,906.0007705527448,872.9350118594358,535.9698409426486,655.5809204416208,1540.6255626520924,568.4900086917868,697.5196405876251,669.3107769569085,137.81944444444446,21444,140.83225665038213,10680.355773881398,2848.320843493346,18.52906560897827
9195.582288796517,4149.244562942383,1686.2624355538208,1179.6066072572685,567.0609418262736,546.4925702455652,1365.110437431393,658.4261282025458,661.6821051220641,524.2334290080263,1247.0128661760546,1115.6699405289467,923.4686368895234,885.0579088159913,500.85799505356573,713.5371614614238,1611.538382573274,550.2239947785138,783.9680604931077,751.8814823705844,171.1111111111111,21220,139.94810833719976,10600.603401538905,2904.0474215343374,18.629621505737305
9011.81415365448,3917.3897046726315,1451.8476858680715,1024.0846056100418,291.1562276291596,842.2574869763312,1709.3271788130114,547.6025463987345,865.8192904274152,802.465438844981,1126.3648521116056,1007.9852550592431,1030.2365921596197,1002.3061184433501,591.0512418426487,854.9849981206189,1732.678113853347,404.6395571695757,757.3438723899257,783.8654193315972,171.1111111111111,20851,147.38817377758957,10432.750407679912,3041.627276450348,18.7297580242157
8699.153095289726,3501.718820396662,1470.252013559724,1291.1354703893699,656.5916029039503,1328.1669316396467,2104.5931846336184,174.7662730682957,707.2539326929927,706.0141418461682,1027.3098403168349,947.1784334591647,1171.0881214726935,1147.7231417582761,736.4413622191432,932.6791668730618,1737.0975900495764,369.6945600661024,613.3977847968233,652.7789517169917,171.1111111111111,20336,159.6021009988219,10249.703074842937,3192.693798238219,18.829826831817627
8214.615183746935,2850.571372138495,1997.5398669042502,1991.6761896726125,1348.3407906265654,1707.5789952495008,2120.5002456973893,548.3068973666711,130.61366523780745,120.62327015182164,940.758679021919,960.741201853931,1364.0340046848162,1311.349436342975,890.8629260833322,885.8506609763978,1568.885437834424,558.2190532889927,579.1708840871746,586.8491262685063,171.1111111111111,19621,147.1774301761651,10060.64956555202,3380.916642603168,18.929828643798828
7642.710352558696,2096.7345353226756,2757.6092218431913,2690.7751104715735,1896.6566530221999,1729.3104521395787,1585.094847310597,1029.1047196742,639.5067606735566,644.1845989140985,931.8609073343118,984.7003040667877,1403.665524400286,1332.1193598364318,902.3366695945363,840.6808190161584,1523.783982295466,586.0551156882646,632.608588419933,640.9277169382441,171.1111111111111,18858,173.18931259547531,10118.567861169973,3409.2567255096324,19.030083656311035
7021.066887244868,1333.1382404583628,3487.4048115882656,3185.2072516502567,2166.2764648503185,1377.9837850562276,827.8729711436098,1139.900228039603,1055.075522216835,999.1167374484687,931.6456267483192,988.5847444683609,1406.841525142949,1332.4258602830428,901.4690576132303,835.6462607475947,1520.7280402501092,587.6673622864344,638.7396797753235,648.4857375189384,171.1111111111111,18088,189.30512593761082,10209.259084655676,3398.9869816651,19.13012981414795
6372.2832865895,758.0954366517608,4065.0868516376963,3388.8533362217654,2102.8705922781987,736.0698097180541,1003.7460941426209,818.7671084356163,958.866269382974,762.0872745772466,928.6611719248045,973.2223449711664,1408.2275383504818,1344.6330029481408,916.420137962967,838.0297206519297,1507.9341915803823,599.4644566471706,648.7666361376355,657.8274609168942,255.99999999999994,17330,176.9221556384357,10057.621941562302,3445.1919270722956,19.23029375076294
5690.612060217268,911.5786584181784,4452.49717790823,3289.211002183238,1725.9705115117692,117.11524869224472,1749.3169309051505,222.56830007690638,414.6535422713539,106.74790646123856,928.2423196839098,971.7993224700368,1408.9495005031577,1346.227332353228,917.9680032524335,836.8525802924358,1506.0948419164088,599.8053062865439,651.030392399442,659.3714241592039,205.83333333333331,16584,174.1238189854921,9595.38661682324,3464.074328939797,19.33042335510254
5005.13903672531,1559.3698445696737,4612.365986463259,2909.5916943159355,1114.5553234624656,831.3578527206301,2127.736220063038,503.7901386026266,318.6592488873851,616.7567742158814,864.3819800875028,860.9638402615178,1530.595751878369,1414.8382400124176,881.5182861619002,762.3164060147892,1608.9194834664186,519.3867932867089,552.6344053019941,621.2864977614731,275.0,15856,172.99386258505902,9614.423565749403,3368.1763777093893,19.430785417556763
4376.928476706925,2200.6302935681,4547.956404412687,2364.2871516735163,475.9445684092662,1334.7299370516153,1972.4350970191736,911.1918316012185,809.6379930374153,896.4205864111831,939.9455799551515,942.1804818480533,1419.8154159149396,1424.9831924740847,983.8480131470446,727.6887156539417,1531.1139068899056,466.911833997562,522.441985486673,524.5778196743164,184.0,15216,165.8761791595228,10175.751779806,3273.402758973347,19.5310001373291
3669.9548773335346,2885.663605793896,4250.048832322179,1656.2939221414786,577.4679058861805,1582.247008979191,1338.7770744648392,997.3508983774402,941.1359740771596,644.838878531226,888.3938495153338,904.4173658310295,1474.944490827412,1393.0107917918492,921.171328617315,772.2256549899748,1537.9396314890394,512.856500398457,559.8548907946642,556.6054848434106,185.94444444444446,14512,142.6793312080976,10321.135557552061,3277.714996333958,19.631011962890625
3003.6634683516436,3478.743971334963,3786.806416053112,1184.7482426297415,1246.877577702853,1493.3980046609288,823.6095468333687,735.4379479017791,652.9017772422887,104.91040703369684,688.323860583284,920.3613670704062,1557.5531771491462,1145.2695055627498,872.2987176313765,978.7390435058061,1282.9292099042077,585.6071766144104,604.7636129301111,298.12629523809676,168.0,13834,137.0173073556326,7613.008048632417,3001.007838553596,19.731043338775635
2816.4487094249826,3621.3862051197266,3605.9195812935686,1213.8434854024135,1382.9686575172948,1344.336935053955,936.719495199305,547.0070326270506,458.0640015879699,95.58999634629212,452.382418910879,1111.9967727403894,1678.9495380486248,774.39607205014,1033.9391527150485,1212.145337233026,989.2957708166276,650.5496253005324,610.0880760941881,114.3384652474678,166.05555555555554,13651,127.56512611341961,8028.543329206693,3057.816859511284,19.83112597465515
2801.6977902670405,3631.4849716799617,3589.9789738644267,1222.3399910957519,1390.3398163957777,1327.610657101029,953.9259430334063,528.4327313230996,440.77270788300285,110.71962847113959,427.2209366843561,1160.616145135318,1668.6703425545247,745.1444534933056,1089.3055870481728,1190.4196366600665,1014.6581614636968,594.8921715306319,548.6467433964576,176.62807010369133,166.05555555555554,13626,145.91735067471956,8037.6391739710025,3106.6128341454596,19.931177139282227
2605.219266830132,3692.5176702938716,3384.552224234782,1464.4935744388058,1243.9517181504561,1239.861453098922,1042.5330122620487,699.7924439273132,675.1280682281192,137.05434198948157,547.5653158828645,974.5687312128982,1716.3757924774704,882.5478020460228,857.0642851777145,1306.3993176450058,906.7974857749538,855.9767113546048,821.6439766142074,159.47645656335175,194.2666666666667,13386,150.00770040303536,8809.653313044633,3371.5068987734226,20.031962871551514
2569.475749212887,3692.6420801302356,3357.852232238507,1509.1304871832315,1195.6091500730747,1267.9921179697412,1019.2154949853416,742.4388918517252,700.3974725084497,152.4108829246083,606.0411071436013,923.0819605168248,1795.6493113485085,773.73211204916,977.0632086812942,1268.2035333052268,978.6056042750529,664.0038233811462,679.6643986712766,95.17329381979077,173.02222222222224,13335,192.55320127444293,10612.30923765126,3297.4034571263664,20.13228487968445
2405.952775965969,3606.7917859631007,3355.748782507153,1666.1366609407426,934.2141780900166,1586.5660852857172,700.4304695205835,750.3330149306406,496.10630240425945,192.63565947350858,440.7243152329575,1066.0519940833058,1632.0874180735364,964.6674659000012,776.1315001949041,1408.9188204310944,774.6141854412227,820.1196544171117,621.9469494164409,213.39285530959856,169.7,13017,170.69940042306578,9263.196597463913,3097.3115236719013,20.23243284225464
2424.7271251033058,3632.8753105835513,3332.855390646059,1663.814726242189,946.3614542265459,1549.978055745037,731.3111834132949,793.4998454671759,554.82599664608,205.4846035479595,308.3293773250514,1194.448694461018,1501.0917203853737,1098.789458174205,651.5598123814797,1482.5612874554872,689.1599227304843,925.2997243299889,657.570147751562,310.9459617120904,174.29999999999995,13069,159.63699388928194,8030.543203817522,3069.476819785766,20.332644939422607
2413.5900753014826,3596.1079982614065,3372.2189208477776,1637.6417157920812,970.6334876698811,1543.7820054247543,752.7391763370931,742.7599145197038,543.9115948421681,146.08080206142714,429.60766961501383,1099.4315730185076,1592.7268480416778,984.6542011726182,767.7342465483625,1367.094298629093,802.9879684404524,923.7375255313146,736.761170346909,257.5370867834444,181.39999999999998,13021,148.92317101238473,7895.995040771667,3075.5596303140137,20.432947158813477
2420.887776849437,3714.0032288158473,3245.0311636047136,1759.8384228228585,843.3495052046635,1664.3776289972307,623.4242854733999,711.4379234618934,412.39045353324866,144.32422148142356,220.9325418915151,1206.4427955280503,1541.2487536410865,1089.1186829467667,706.184642456064,1485.6267816496904,776.1451432632704,753.3862404753987,657.264017654871,106.30130172443955,183.10000000000002,13146,169.98751113623084,7918.5039333258865,3172.9457206279194,20.53301692008972
2437.506929439147,3559.9005541733086,3393.1025600253215,1613.2340131341662,975.8311578264046,1537.4114804658368,687.0139567737227,866.8826864060005,476.15147806409044,295.85044051036306,662.5473448214652,1174.5697892464016,1450.2451126321191,1204.1274326946543,535.4458603797676,1665.3392940239246,438.01899942683747,876.7045198081789,356.25721918014017,300.2366878381117,185.40000000000003,12997,158.58706018162047,7476.198605416077,3297.712466614762,20.633402585983276
2504.7267323482656,3376.6569841458845,3522.5256768536037,1534.161642675862,1019.0911554993015,1585.9050271028839,567.221913619799,919.1761616666388,311.2993814189081,326.80094280458303,449.0168534587139,1083.1058916183547,1593.0841061980234,1009.4067789663671,718.3878806743504,1487.499509574617,561.8311496808226,1019.506689301983,401.855894814026,401.3709520974102,200.2,12799,171.1653039820743,8159.435159455868,3164.0591054748693,20.733607053756714
2580.9266074238744,3252.659431815423,3579.689974363502,1560.86526164074,984.2692167249435,1715.7416790025304,422.6719030258445,844.50541199767,185.20296976838907,255.20731960741972,560.6916654813645,1151.641062945182,1489.723506175097,1119.873519823915,616.9823010056602,1547.4447632349143,550.4876637442552,949.4591194814024,423.93127264172637,352.66025132942355,189.5,12661,164.5011704124616,8313.023918447887,3158.9066450078735,20.83380961418152
2732.2952423215847,3130.2797404705434,3558.2895261599774,1741.686104709754,799.6924676939234,1891.7183856591005,377.9504464759985,649.1987446736214,378.2694261793977,146.52708310430947,483.8629560012023,1052.603575428583,1584.1075772339173,1099.9118933662369,596.2884618296022,1651.0357224379943,465.7747445861466,834.0735990255745,475.88113580441467,272.54257166102735,189.2666666666667,12439,152.3646910236553,8389.09734964732,3100.0470699040397,20.934167861938477
2752.6708358192864,3120.1951324277643,3549.865994903506,1767.3443026717246,773.8658682196077,1904.401320524669,394.22025235628394,638.0455286623828,404.69193141619877,167.05946443640116,495.16891297844575,1083.6851994427338,1579.2252804663028,1057.9540533791053,652.5824546624386,1627.9057814443777,412.80533695082903,830.5301461691178,418.09089206776247,170.01062388419706,209.0111111111111,12419,150.05542925215764,8418.974481519945,3199.5927460533594,21.034552574157715
2867.5887361853506,3128.735560466584,3444.307198316749,1865.8959721306367,705.9630287017011,1809.6680285577156,498.7689437878871,767.286598422573,316.99936120923434,198.94865117262157,490.8664687298449,1071.7916248682498,1575.3259511374717,1076.8651962823221,634.9910612879463,1615.1400302905042,440.9571562669108,861.7802285737409,390.88985504856583,187.30807181684222,193.35555555555555,12289,170.47686156304434,9415.762600531983,3207.562652359646,21.134592056274414
3112.1024951127,3233.7683374651974,3194.245337741227,1955.6467637280095,811.291348172561,1560.79454645902,550.5339771791033,905.7851932415853,125.11840547841044,150.00616182273131,637.4643077807146,1298.9577346780188,1554.634626230715,876.6074584724537,856.5603925868002,1639.3936690195471,244.93750106754268,731.5006649515994,491.2357342638906,127.66810131950335,198.22222222222223,12039,170.23371066347096,9447.184413225856,3294.0387557523645,21.235000610351562
3452.4949623660546,3481.702809766952,2871.172246408615,1917.4370675093264,1147.5960828412005,1440.603193394345,437.86790806163964,786.8528321688847,454.2106149278544,242.5398078403231,552.3329457628199,1149.0607352162235,1401.552693549592,1086.649096572666,858.8656142219785,1410.5708903732263,371.2586151786615,854.5869866093283,540.1332792572539,248.7122878273143,198.22222222222223,11695,168.11173358206847,8212.810764003489,3054.692122582932,21.33506464958191
3604.670961258329,3622.329532853036,2770.0936301689435,1827.95736649622,1273.2000179173203,1543.9099676834242,309.8385598705432,635.318641183711,517.8832746699871,228.63899043810028,565.8553497228421,1132.9777085089831,1292.0407513105313,1130.63680682807,975.6504108385112,1401.3766078155018,324.0183334408369,746.2400493507965,674.1123033021099,324.5988771005818,167.91666666666669,4542,148.9052979102048,8301.00917879959,2943.2785900857334,21.435298442840576
3605.564467225984,3623.186149740139,2769.7767849732268,1827.3760215063357,1273.5615446129848,1544.2951206477594,309.6161925717848,635.0001659224315,518.9155679971199,230.30602931363097,565.6743636075912,1133.5551417693193,1293.5294276724294,1129.3667865483578,974.4006583869221,1401.9906564951561,323.8268597741632,746.8308772719809,674.0074770420034,325.87460071422146,167.91666666666669,4542,146.82338698134387,8275.174295464096,2972.4127245072236,21.53553533554077
3575.970186599782,3592.195974867609,2761.461346114504,1857.7008326850769,1292.304974056015,1531.8271676341424,311.25549079298855,611.8345198812259,540.6948610626413,235.6940760537095,576.1146329732688,1136.4870199448374,1260.956530613978,1130.9520284552796,1007.1508418841672,1422.6109179751006,295.80757704270854,713.0831290281533,671.4142221066951,304.2663427619954,198.22222222222223,11574,151.71910458559648,8308.75497245217,3022.5811329554786,21.63582682609558
3533.160979843061,3549.1901288261497,2731.3010424214954,1891.3480240085867,1340.7002369039799,1551.7079455297328,276.85577487315317,563.1435581849308,526.0923882640998,193.63558814043793,586.0191905334623,1144.6436589951386,1244.8432598917116,1121.5974329730932,1017.0510123147519,1438.0702574571699,281.86355797919947,707.1524322920998,661.4735314343618,290.7603447372479,198.22222222222223,11625,153.4303644832379,8340.108014806547,3032.9137460344646,21.736175775527954
3482.7702612523726,3507.5047720984535,2668.7279160356884,1893.5748248539871,1394.7295345907157,1619.2860017745115,216.47919471474842,582.7761563465335,463.32380154785085,180.36263932701326,594.3622481957749,1153.4792716263241,1235.4204754092702,1107.5370406348093,1015.5192818415868,1449.3616127644004,282.205104074753,728.4931139693081,656.5205188287805,309.9750815498261,198.22222222222223,11689,149.95275500500912,8361.655795012925,3000.5421134151575,21.83631134033203
3420.8443649648266,3472.190500612475,2571.313001663426,1849.266283442984,1422.9586682798554,1690.377104494894,228.89286799135036,678.8923503270363,476.77935943339264,274.61965675294095,623.9602250044912,1186.6149606024194,1232.6782837866833,1074.088813575865,987.8680824939937,1438.3713087666936,309.3635395182664,747.885319528768,676.7652541268794,331.2357708147442,198.22222222222223,11792,154.87884749970794,8396.502610419342,2986.7945453779407,21.936343669891357
3351.995742321439,3472.1595681814238,2445.925742207381,1718.402173427252,1356.4527811716534,1670.8972801441157,376.0068847389495,741.2715586779403,622.463915351216,316.72663633927596,658.8891178313128,1226.0813009784072,1245.8582736277933,1045.4701879383128,944.8546043210655,1397.5585665211831,347.99260175368846,730.2297632044265,710.3972795685337,311.2459108829677,198.22222222222223,11932,162.8890852112657,8418.811530257037,3007.6650707236317,22.03660225868225
3226.483048412274,3676.6665199355884,2214.9304461283955,1196.9769729463628,887.8602639053095,1255.3094273999147,785.5715647520145,570.3256903198611,828.6676956751345,310.09431658930083,1019.6427319524411,1596.6223110056444,1546.1702939467696,1085.2804292521246,762.5012226729538,1096.170599997134,488.2389194788748,348.8755658433257,562.2497039454738,124.06253955125467,198.22222222222223,12462,154.91006396166011,8782.35806931428,3405.204169085556,22.13678789138794
3375.0747053995838,4439.778690844295,2541.598781705615,891.6833095835779,209.0211146704604,307.75529736786507,1300.6862024497034,528.9390698846406,794.8241561005415,873.1165038569328,1077.363355956353,1723.1054316038137,1644.4221247902494,1080.3417156662988,659.1339592206427,831.3638383596877,856.790593656943,302.3537142695788,468.0373911471744,779.4294808192985,198.22222222222223,13469,145.83301149886694,8832.701421090078,3459.7900221860014,22.236945390701294
3661.8722526731385,4985.487639523388,3036.6198313480227,1369.413471467235,778.7419148045341,665.815249797364,1327.1050217709533,729.9807681074277,571.2465899830491,892.3905968601601,787.0607828758073,1610.2523300985538,1496.7260246071248,915.3218884896049,558.2136261786261,656.2591977574718,1147.812628775677,609.8146679114811,569.0499513300724,1038.5789708264108,198.22222222222223,14037,173.1746093738626,8515.517472183259,3135.195829762534,22.33726191520691
3836.8069985158318,5235.2383150183,3286.5787298511023,1616.3172005783408,976.4719788661944,897.2399116914827,1154.1744297370813,652.2188051293444,327.524055676186,662.7034471311562,694.9059184544502,1618.1498864418786,1508.9186261729283,946.6882957886924,641.3580798840355,723.6449560265208,1169.7171003037338,677.5082473459132,490.4931739586556,984.0009928664718,142.30555555555554,14287,154.99542697107998,8422.970591706344,3037.4439442768135,22.43756127357483
3945.5651407425803,5359.218260851575,3404.0868581310706,1711.6221580382219,1009.5940991692852,940.819648367319,1026.9575935364026,522.4782514044887,294.6003435964029,616.7659952959801,755.7192948102006,1582.4000919658579,1456.851769622358,871.755978928258,548.5522568978328,629.8781982121512,1244.3416151695747,735.4024023732321,579.4341024382386,1076.2115201456536,142.30555555555554,14422,152.12369069636827,8500.827247433943,3002.061748040683,22.53770112991333
4155.296265740521,5544.710266018574,3548.7301255258385,1777.6843403170842,934.4865313018929,853.0978783247443,998.4597024970591,449.82609534223286,521.0813226938144,838.4802297303039,848.5362744368553,1497.0076675551047,1336.516961875888,729.6247126231568,467.04109012396344,564.5372817257817,1371.0321027066361,863.8705430724135,563.744885508579,1033.1388198194124,142.30555555555554,14646,150.08195169195636,8628.746982411625,2905.8063584258243,22.637817859649658
4506.556719948494,5764.6083260434125,3645.796986089828,1710.164573407545,653.8032054944034,525.2580296951712,1333.6259367193575,798.9880643711248,707.9278230490479,975.8643112455042,938.3051736669144,1381.3906630798258,1189.5863377583185,613.3434369230838,536.2772038705124,663.8773992529674,1384.4488903901154,871.688231797789,408.61637794327146,880.7813265468118,142.30555555555554,15015,158.94185398722243,8775.69233987404,2781.6527234692244,22.737947463989258
4983.9101744379095,5953.567732030608,3607.713956378042,1447.0914520169108,179.51871853275335,185.37332762321768,1715.399473897055,1121.5557298892682,584.4135076587409,638.9513449521398,1028.7684712279722,1230.6021972731862,1045.351458451324,620.8815668956407,706.044713934184,831.1194713338269,1225.047787295141,695.2406630308775,425.1104540784633,994.7816092642872,213.22222222222223,15489,139.44249749355635,8964.137704910878,2604.4488606639015,22.83811902999878
5696.45489251468,6085.118674148508,3332.465057205233,881.9867813794114,567.8180764086885,865.8677117035717,1794.309651927469,1100.145541770705,216.47962711989703,380.5077062430288,1083.3519849256788,1145.193676485429,977.9772854734971,658.4059342865808,788.3934870368209,900.4255083402933,1146.0340379184656,619.5255041362193,483.49839954700957,1062.7980378246316,139.2666666666667,16204,132.84745713919244,9015.948040923931,2561.517490239195,22.93813395500183
6364.1884710744125,6076.311756266079,2900.210769552484,279.0492807265679,1192.81275185088,1429.2544071399884,1400.3210334885614,674.4103674322585,583.1259389636516,1037.9140035189569,1044.223881355481,1211.8545333613924,1024.4079858723896,615.5696288848827,724.0136497345289,852.8920267114261,1220.2306428758272,686.2503431706785,402.42926881774633,985.5285096021126,188.95555555555552,16894,141.89595377517264,8888.338820012294,2614.492883521533,23.038493394851685
6800.513554621007,5968.008368778483,2502.522614317838,212.0015032669919,1473.5251593577068,1577.232066011548,936.3269261297443,210.15787033981172,686.2185437209279,1060.7697101946208,975.1580457532585,1459.5099026890114,1095.623084613089,373.59140829876094,737.6378653559294,988.8946733569585,1249.2857761307675,625.9603079413702,455.2110367551082,1134.0022306504507,188.95555555555552,17349,141.71167395518077,8608.76360198736,2847.6376188927006,23.13880753517151
7378.877461665602,5679.171639072055,1858.582002926834,785.2367208750259,1611.4999622389134,1408.673088088685,822.920733966774,625.8611640728454,486.7497604064078,469.97572756736406,999.0872832336373,1275.5236345225057,1123.0385802681049,576.8830443040443,580.7470400791021,781.7127625281977,1405.628080949949,823.8815844271143,259.7400932307238,981.6046751882891,150.5,18008,156.11603396728202,10057.732495616021,3073.8473611815984,23.238948583602905
7899.431844300725,5283.735023177971,1276.9016872525792,1283.2393567522665,1498.6172623113018,946.5836601465198,1437.4031791528287,1113.8247863107072,279.4961140380261,500.3486538225816,1001.2935775565104,1304.4226698482712,1082.607514227605,557.0036925083822,624.9271233713602,790.1223218152084,1383.2401244622365,825.71455742397,236.76593951845194,957.5153561439244,213.39999999999998,18632,165.0276609437031,9166.92777170723,3009.918883335264,23.339197397232056
8310.289391285964,4857.991169192795,1045.4164203295315,1599.9057323039988,1199.4423706518455,409.55828711693675,1808.5139333723405,1172.0608934106856,428.26613367929906,976.2797705532412,1008.1859820744144,1330.5975992089263,1036.8573889723082,550.3130429397846,673.6297019460563,783.3512051942731,1377.9681865073992,869.9276614469414,165.1306849692498,909.691547158968,204.18888888888887,19164,166.57909318711387,9121.123859355555,3058.8117716243232,23.439345121383667
8650.99062786255,4396.906169669469,1267.4339841701913,1737.4108626880661,751.9362740566455,411.8314579932356,1753.3528814759159,820.1674657278292,507.1596275332667,916.9018178536837,1042.8159804950647,1336.7428573870316,960.8491588053116,610.6853807395958,665.4757958193624,715.8310196230082,1441.130420893601,905.0988497165772,190.43182250198782,952.2311929834785,232.66666666666674,19674,175.41176701300571,8429.736244393383,3108.31901034002,23.539462566375732
8937.128163444671,3921.475482979935,1709.056743737383,1708.57149164926,296.81420164649234,888.4492950419135,1360.7777355032583,378.0533472542741,417.12472371844655,461.43646756641414,1045.746491773893,1332.7550387421788,962.0565824862857,613.2028908588677,657.98893299819,720.5232002643683,1434.270211521236,894.2971980475362,190.98945214610868,945.0144955660978,225.52777777777783,20138,176.21537417478518,7785.627203717039,3123.36738340141,23.63952350616455
9136.735302877372,3532.8532893478937,2103.8058746731845,1540.3966427684563,420.7810779874868,1168.1519471202214,1004.9762569494344,610.9397049344434,216.07982977735674,484.7803340744547,1279.1971360224961,1182.322180297757,936.795666423425,818.4086104998559,414.7399681794196,903.647844948958,1210.3925171152273,739.4048768292341,157.49673904767008,751.8782381322492,225.52777777777783,20551,165.20895434273143,7596.402738892282,2916.7653063581024,23.739640474319458
9198.25493370692,3395.7506429479545,2239.383607833232,1408.3231432755244,582.5010494453243,1165.717761839076,1040.3066306682151,743.3035846283402,73.27303159546598,624.7861442617758,1308.0212154281298,1162.460388431387,950.0997316315994,830.3715780273537,408.3312621200625,926.4816967675631,1191.687890982086,747.2665533518004,153.15748301980406,754.4374879835419,231.875,20696,162.6767443188282,9605.63503966264,2955.338896389498,23.839686155319214
9225.675204289788,3327.58586974528,2300.0066098109355,1303.3069043827008,663.7288406708589,1094.6682348671327,1141.757802140323,744.5705812377863,45.35692650117183,611.8371217408734,1066.8690261950917,1393.8170612372355,722.3516037169267,979.8144192774347,238.96749880909897,946.6277579764356,1118.0493835133957,616.1531181822621,377.3973405474194,724.9241860042987,218.69642857142856,20818,151.6083029518206,7647.23249248822,2723.5770640732094,23.9398250579834
9271.439078809615,3216.1674241252713,2375.5740835339952,1000.2899381440733,790.3014988824583,710.9196006919284,1409.983554845144,374.77494885373113,418.47219025664333,250.90391075095275,1211.3312563735494,1249.7214426426137,865.4484666410536,843.5758493773435,369.26841349080536,827.2342038705631,1246.0532360237398,522.8990746590558,416.65285258389395,596.3697593507508,246.1428571428571,21194,139.88934396422428,7499.617724997652,2665.959361929475,24.03985857963562
9273.15871945862,3212.63328947042,2380.9961046176986,993.60671177616,799.5435212165806,701.3787893004339,1423.7555234343265,366.445541622087,437.42268589527356,229.70269961544636,1357.1897779887584,1101.099142016853,1022.5702584625233,711.390330048521,532.3890489448554,734.941994197803,1417.9903034091908,526.4712270546024,490.63896594523766,352.883402422534,237.07142857142856,21212,146.845363978521,7444.177886927605,2985.0751159707747,24.13986039161682
9211.01713760774,3389.8657129243747,2154.83754487474,1236.7815740735268,511.2641226083731,983.8205222311095,1032.2462161887545,645.9100278156346,96.77401651258229,608.0207856242001,1188.9978686822315,1279.052571295835,831.2643238831806,917.7466894561712,311.08683624486713,977.9411011592193,1158.6367165599086,791.7487090557014,203.03633734650725,657.2214838780295,262.0952380952381,21594,150.9213816336146,8061.996535209206,3371.9088359671546,24.240198135375977
9129.005353891704,3620.026038937428,1907.8320061406175,1540.5344952271416,230.08221505634197,1281.4942559590859,831.4409230810583,904.8197178902518,205.7350218030459,627.0195779556775,1014.5780157717026,1420.1369512334884,805.5390272661858,980.4121343265272,447.1559716137956,943.3920192694086,1322.3634890258963,692.3680176962482,339.15734150059063,532.3683081608535,250.33333333333331,21927,188.83153990476694,10546.209160904127,3410.5312356297,24.340412616729736
8869.820360209394,4286.780557982949,1223.1769487806462,2194.4515270309703,485.35576052267766,1700.362829283227,1334.925182583045,1069.636042288833,771.9197571513382,223.38848254474772,945.8040151242952,1511.8326087843895,727.6908925962704,1121.665957490168,528.5447126590996,1072.652831706253,1493.7658961868578,746.2002423522404,641.3930165916507,218.19894562384917,281.6666666666667,22615,159.83711688492247,12460.612638618675,3539.8472822769886,24.44054913520813
8644.951236368715,4781.23824491085,737.0417915386622,2504.797062986376,914.7978290246264,1696.2784299214827,1773.7515941999018,835.6834487417517,851.4431317687103,317.41795953408155,763.989653921591,1594.9735043147182,1023.3583947916541,886.3269613965879,623.3659769409735,801.2598984797833,1286.9144512526082,760.1951009648836,352.1973731937638,466.3969016347146,238.8,23127,173.51262650323883,7951.323795121594,3210.454171774655,24.540630102157593
8203.335077143407,5581.799647452414,542.6704881169886,2752.6942740069267,1478.7941414932213,1259.41544577945,2030.426007435279,86.57730375211237,547.2364759140746,798.5509438816761,796.0388045016903,1594.6363509404055,931.9904877659071,980.8687691506191,655.1314421786587,800.4332758987761,1391.7013775978016,651.0377556282021,304.3612360927774,523.5949093398514,341.05,23947,176.52419868162997,7886.02833952589,3167.8456826228,24.64084482192993
7772.31536122148,6198.504631024238,1213.6450839702788,2711.761260643734,1757.5857161592817,618.2743937493415,1725.8715036754672,641.5711809100802,319.90347918982076,828.7787458281512,779.5831035695669,1569.962807088379,995.2758568924368,907.1348953171348,577.4273962329273,869.588742593388,1362.7170925142386,690.6692150927302,398.2385476632764,447.75389247385664,341.05,24680,171.56265777042785,7993.945174911212,3150.5783711606045,24.740870714187622
7233.371669273508,6780.144783349749,2020.7351756374908,2391.6639347754644,1799.9774565357557,257.7009139900986,948.8030719124997,1173.6434129012623,684.9550835745526,422.61829364533634,778.3644802500346,1552.4375059084296,1016.3868300414505,886.4701726947825,543.1547125256826,902.6098100898148,1380.7320835871765,674.5071610981291,403.87501773845963,467.373512265571,269.75,25490,152.13807973476787,8034.012539432185,3120.619392661827,24.841041326522827
6633.682743074466,7234.411902299172,2755.953073968062,1823.7154593271364,1574.7706373926028,1087.2790758702702,598.8243436521279,1270.4548205501249,951.9269254146365,442.7067460776676,770.4588660346167,1597.31759128801,1012.3985409114914,882.2812303170418,576.5037870571638,879.4745692274305,1324.880155099215,729.0539649819173,457.253809197174,428.0953167670692,458.5,26338,148.2373444678597,7961.518824277982,3026.0370914088853,24.941481590270996
6032.266337060904,7509.211201311604,3304.2257180427428,1120.9525971933322,1145.0142156600878,1639.9952073795953,1372.6185624779457,893.3698747774007,810.5478777988508,817.3749791577962,776.4239494674763,1576.5771693075114,1002.8705234790357,896.662252608317,580.353504380503,867.3565051617358,1330.4639090592937,728.0416169920859,445.76511770283275,411.5788284978386,458.5,27126,148.77669225842777,7984.213682778871,3004.335413018138,25.04227924346924
5376.960608849272,7626.843826957312,3688.521604571878,309.99159114366506,568.1359202536465,1849.7550727831645,1951.9165653262385,175.40066371114986,369.8657004592543,796.3941026620219,854.024411888239,1424.1813884579701,885.6878229011668,1046.0953126116601,714.4480278159557,716.2637753353896,1213.0929771176036,874.3773174530193,580.8367681226738,338.7042602549489,458.5,27936,144.8328983559377,8143.240400875411,2872.1894620688017,25.14255976676941
4563.790034846066,7574.739838219106,3921.8537842596033,746.5924796327121,498.874549441859,1657.841925198143,2042.2423037739038,788.573164116487,634.7498607397198,459.37832517439944,863.2903301736965,1411.1778335376287,872.4836045988336,1058.937588973025,728.4662976483622,706.3305164054417,1197.5324038185975,885.0221638885649,593.4274850833565,354.6562244894925,458.5,28900,142.20718597915976,8159.562251854648,2877.1625467653757,25.24276328086853
3718.271649562703,7342.974365994813,3942.7461529050956,1692.7379657368833,1223.1931967943121,1120.3413485504811,1542.7936108523045,1443.5327956697172,1134.4005268139554,655.4205211175365,900.3410487452924,1373.6957698142855,828.6362729488173,1079.2444518663656,746.3738214419745,724.1335168443461,1198.5836657470793,852.747333066507,557.3117168334015,363.5690998599563,281.33333333333337,12435,143.1325150273662,8208.964370252601,2823.0645124644793,25.343167066574097
2814.6098717728764,6917.8178134651425,3740.5927320619985,2523.2069973202233,1867.3892770476289,406.9608058573914,564.9149909048293,1565.9317619367973,1157.8535480913015,962.1440382715448,901.673862471583,1371.5530369913772,825.9964833459054,1081.7734323019138,749.209334753315,724.7269933785187,1197.4875785421953,848.9045758159593,551.5646704809849,366.02642765208293,281.33333333333337,13458,119.67990180463595,8223.108073718611,2801.0469464252774,25.443365573883057
1926.203078773726,6331.147984182073,3337.4994267349944,3104.835023400761,2244.926420021282,717.6983451413195,629.3489599422721,1101.2790378056748,703.7069555891562,870.2658421238118,872.1488686862513,1383.6449362728774,840.4027427371693,1100.9702748698444,774.9950458011026,699.8636695283902,1170.8315123340485,851.6811956419259,542.9802833001528,384.2043418167116,281.33333333333337,14481,138.79077765841714,8192.789352406657,2777.894730236091,25.543657302856445
1139.6257850152435,5615.992009793378,2767.3846558954315,3370.9064007171064,2282.4415972968864,1389.4058466860317,1555.5471778198107,259.232381028358,377.65690769182834,486.8072277014666,850.4325399974596,1385.7947969510262,841.0927870871104,1122.2934560987294,796.1837397412966,700.9438338006387,1172.6221043352405,830.8764762756166,521.1902547439322,364.89239833842294,281.33333333333337,15472,132.940732674954,8140.755989636115,2756.570914119142,25.64391279220581
768.1975800989519,4789.040019583173,2058.438689506756,3305.0794262941536,1977.7164654912758,1782.9721914394288,2023.7875681822502,713.6692663753468,890.1646703047636,591.506358364618,838.6448126594485,1382.0843567983688,834.4753753530695,1132.0386706067177,799.3485614854941,712.5516504613305,1184.4985761866544,827.9321365929818,526.9713245473861,364.1773776753937,281.33333333333337,16444,128.76568283074437,8097.576913315896,2750.219718134271,25.74407982826233
1227.8618677672569,3886.4178435478143,1260.9993883705781,2926.2448128448723,1390.5624896847673,1800.9833482715233,1906.2473901844342,1362.8925270135462,1146.567242230853,911.7722937377846,799.4205356011603,1363.4735237204957,804.502942436108,1155.0342057959358,792.8874124618308,752.231631230955,1219.289274259162,848.0939322771545,570.2023556050966,397.7023079245873,281.33333333333337,17403,130.78152883779754,8090.125850111545,2721.211784078685,25.84412932395935
1973.8245813210272,2961.039264441118,456.95593362485744,2277.1650865096476,620.2241669003939,1431.021073457468,1243.6291985401583,1474.3069340115871,884.2715644979963,808.5538532307772,765.32557137832,1335.0452094764344,767.8107918646012,1147.319315641741,758.1647266480595,753.2170637930886,1200.4121713427792,878.706890727031,564.3640699553008,401.67469898345604,281.33333333333337,18323,123.77194514847208,8159.495336586355,2709.861126167808,25.944201231002808
2692.4123919886797,2160.2343188555124,463.97869194493273,1502.2847661870271,239.18030731963157,809.7309385503613,418.1591458894579,1047.929230513308,317.6830394097884,393.7267125479108,435.31451833971187,974.9861303179002,359.4460056387911,965.19648168445,346.8921198683296,626.9404376313753,823.08869927915,993.9821604171276,292.3988814507597,264.94932122903964,289.58333333333337,19163,122.29621175211255,7623.362369754899,2305.8906197294896,26.044243335723877
3108.649251065802,1795.1039155258563,860.1359124167172,1019.000345557827,624.9005424282972,322.5469217508452,571.6402369768127,559.1130479049099,190.8086583735153,167.4678075788101,489.3597044597948,559.3407919376946,403.32036585693965,628.3578050890355,480.1785801303365,292.2007702076149,596.7099227047754,656.0788297170004,250.20409164870966,239.5993427830854,213.5,19654,90.22505546109709,6916.655395855148,1910.4826269045077,26.144631385803223
3007.0266887892394,1854.9177028945576,785.3504091017603,1110.7299674620199,581.4518178708795,431.6237223310032,446.7565719571731,635.2414025617663,245.31233904425343,275.2962725742802,571.8251362836705,458.7986119463982,493.76479153794764,573.9729409883982,574.7062884998533,290.9379880037731,578.1964237700149,615.6701344039384,361.17557498904574,364.1171902094658,221.25,19522,91.61194400513952,6797.033857776519,2015.2292770288084,26.244815349578857
2879.635458621192,1901.375883717559,800.8211309223827,1161.071907283207,712.6074517178835,492.5484294573397,479.2370566890989,545.8442198589536,427.2543388667915,397.7139003699283,632.0707971677284,393.9442077191501,565.3320795185524,514.1079223691784,647.5284627531807,244.16203414472642,646.830934823641,539.8980214331264,398.2307191251918,361.3236712090609,221.25,19319,96.60171330719274,6841.196729056993,2030.4328179279446,26.344995737075806
2783.187843490076,1908.8583747209827,946.150773638958,1122.8398880249258,924.863014072498,453.69693622538534,689.8815352210777,334.7305816181988,454.1311864179188,322.3978052682777,636.413263617768,389.3815333792158,570.4638122129004,509.607070461883,652.8017976771168,240.57503338744942,652.6674852715703,533.3175645012013,402.2439506434497,362.36816488689647,221.25,19110,99.30253642277026,6948.203243716323,2015.1594669059175,26.445270538330078
2713.09542514516,1862.932860295352,1257.335972974107,941.6287907955624,1168.7351216836144,279.5209596806771,898.4805059028928,365.4555075574508,228.86413618249685,34.30797557072618,749.2060065607155,275.2904155339494,657.7364079973185,420.1371224214659,646.0539456305585,186.94498906456315,637.4435961851826,628.0864381886564,313.599956098665,358.4905590676197,221.25,18786,99.21875906175171,6657.342304937758,2176.948847452074,26.545408010482788
2822.9567944308515,1737.159456808993,2037.7119847209046,428.5285015884351,1526.7870171673017,566.7584887510712,1045.6263454748787,1156.587830468792,575.7725903702949,832.0126675160963,1215.6783355219507,254.0266012244838,967.2465305851447,557.1474786559531,490.9516306905182,606.0704598613092,304.3186460290523,1043.3598001718465,704.3251502420651,837.8269516617951,221.25,17995,100.02328244445907,5663.814267070029,2641.1455162354832,26.645763635635376
2816.1666973695656,1742.1491086092876,2027.0456914517042,440.78748884514476,1531.5404893504715,564.9205044665046,1058.6421036854606,1158.9614097601882,579.2973007426359,841.5672772407355,409.99241482303466,579.2085112258343,975.3061379351332,292.49231632420765,1205.363360835989,549.8031199573297,1124.5554554872688,1396.5980827180283,785.1638713456804,1216.150670117037,408.75,26151,135.80364906169808,15948.724538839764,3403.773592812712,26.746326446533203
2838.6250143433176,1721.0375081462641,2045.835111802083,400.52816150851606,1500.6672160064259,544.1867127486767,1014.4255979235123,1121.0327710781078,535.6637812406752,790.348703206403,484.63789499328453,502.04465512704996,907.4683784061494,256.60306712927996,1133.2844034350164,468.232942815846,1088.5002853388341,1321.9623687860162,712.0941642467772,1153.5046842541599,407.75,26143,178.93623232937426,12320.644657439661,3361.3293119443565,26.846534490585327
2874.15573661291,1681.5368413839572,2041.0750829412902,359.47527760294514,1453.2013348934177,495.8340353080826,1009.2174404024611,1097.9489748749481,531.8573509584553,815.82827240936,461.6643108341548,517.7079918416624,937.4361070644603,233.70640553091945,1119.3332029821568,455.9834477230284,1070.2786905117048,1306.2548480977264,706.2805098600872,1164.3017789189234,407.75,26054,178.3369774898846,13342.808538316986,3422.033498864138,26.946631908416748
2977.8440823446676,1565.302447484213,1995.530352528928,311.35106474260164,1359.0222984003249,403.02400032272845,1086.4806528287565,1135.9115143682943,630.3633004185468,952.6678961282626,411.74778720560596,550.3277283692233,1054.540602259329,57.804087592312946,899.0243316748871,219.40404752459054,1116.5776581738367,1283.9310786522326,866.0700260909944,1463.4721596746538,447.41666666666663,25959,167.96426965313418,12691.408253905138,3322.439636298275,27.046759128570557
2839.7901368021094,1719.6979175273082,2111.334530382046,280.06332010719376,1361.7531706069096,386.9159261082168,934.0394639757276,979.0059333844367,527.4595327497296,944.806893631166,485.6274059114495,547.8960735083203,953.8046692131221,255.42180683212248,1120.9503346941435,428.5320342072836,908.4616882096651,1087.9644564195332,604.1001056789361,1295.541333203637,471.66666666666663,26090,154.37120588563218,11720.383961198491,3208.6186059651377,27.146958112716675
2983.3526709120542,1570.2880689382762,1963.9135167011264,384.2712063016231,1467.1740498873057,511.6838863578611,972.0745188261585,1020.4275663554613,426.32453397072135,797.7482155092007,503.9158991267648,539.4343196216788,926.2900373100114,287.3993611287984,1159.4250190368557,471.97445285942234,914.3018809743145,1101.2002127585454,554.0794192916915,1223.2607516017488,471.66666666666663,25953,156.24796720627492,11638.36946927675,3221.1026595479943,27.24718189239502
3023.8218987315927,1536.037220873075,1925.0603042212247,425.59360254807075,1508.3642870489148,545.989209273135,934.5054930929281,978.1924246267089,396.8308418853335,823.5540339457984,473.43207165924684,467.7559907539188,889.0701537430393,270.26034730189343,1163.9744446525388,512.3632080101784,980.3078188753494,1148.7137368569756,495.33584157916795,1155.806957356982,412.25,25906,152.51388654955082,11976.442248205454,3169.1528074316548,27.34733748435974
2828.3250783995545,1670.994326254618,2073.3956948873215,293.10945438102004,1390.2354579012137,550.7923707739276,1120.7335841783247,1137.4546201742353,339.24160642518575,635.9967044517606,519.1881038102614,364.39012601278154,795.1055680022192,413.79005204808146,1295.0068704784512,699.1048621547267,1005.0560194110027,1120.3233421679743,306.57752274329255,1122.4995034391895,412.25,26102,160.83987694082225,12357.794357911127,3317.7517261574935,27.44738531112671
2599.354775423105,1790.9825281240428,2176.3799747874173,395.8244619477268,1456.865415970284,768.7626807090335,1173.6286225183094,1090.7345934213608,114.2270674343182,767.7465029113881,522.7956195046299,359.8080657624548,788.8176741564886,419.7452319422648,1301.7701351386168,700.2259061142876,992.2116760745819,1109.0300094162324,323.6593576822778,1132.7940236130069,412.25,26336,165.50911449692447,12387.949878697276,3345.9501143309685,27.547505140304565
2374.269293499467,1876.8513089569485,2205.6147844517714,631.0380427124551,1674.078112878276,977.4405598895318,1037.3148655876969,863.9460293090025,204.02708231470763,977.8921404166169,566.5064789723389,310.6553277478748,735.6287833861542,441.923467531105,1308.490079713216,665.4381025290647,989.2840063636373,1137.7181033579245,335.0527187332799,1097.5573063937734,412.25,26576,162.38985657533345,12352.890574178997,3317.6888668078536,27.64760446548462
2117.9427392330163,1926.9778594814372,2125.0889411205785,905.7301597155467,1952.0631603354514,1048.6513919773877,737.7923758067625,741.5024305339174,439.62648700112555,832.0867941678932,595.7632500691597,277.8862717571858,704.1189618394044,445.9719329605626,1295.427132204639,624.0972162013367,1014.3004417008187,1187.1798811617693,328.7424253332037,1049.609802113434,412.25,26872,159.16417908353745,12335.9576280335,3256.4781641043605,27.747987031936646
1900.9606568766794,1938.0807381319698,1956.4772923625621,1118.4856418943082,2111.2236723494148,945.521760835594,690.5772777579086,1005.1512584292772,505.93173767852977,529.5080133245409,612.6077804262501,261.9538008723643,703.773143509541,427.5403489623724,1277.264797757166,632.5527131454356,1016.3805961797596,1159.8710167553827,331.7991601775633,1073.0607160873078,412.25,27198,164.87247520529996,12371.671350909179,3274.9269256617004,27.848201513290405
1740.6191732089696,1893.8990153656696,1661.678647171103,1240.654271728072,2058.3296175251858,623.2127597438578,1042.2877438279077,1272.3605150727712,286.1811179813106,753.9400495772883,628.8579079295616,244.53243033340843,695.5471545633669,415.89477940146475,1256.1011992831445,622.4743240228987,1038.8907491486311,1158.2525608598569,306.531326047156,1112.0823417581378,412.25,27546,166.0349406049599,12417.957425866573,3322.392091577328,27.948211908340454
1701.3992835491908,1809.7718211909478,1321.7138562245307,1246.142915262176,1816.9939757573936,307.99514330781716,1300.6375479211479,1218.0601514665868,62.89215583318263,1024.8235574359371,857.2256668149531,178.79723265929638,833.4068089832045,209.7560369529607,1233.1127751925987,852.6825903865381,835.474624566281,1027.5139295382355,536.242840735233,879.9201623335666,354.66666666666663,27907,154.02179227717204,12645.681474817398,3146.2603082810756,28.048548936843872
1881.4704419796644,1632.5360397158263,750.8177956634147,1107.0984765114808,1230.5872028180963,676.6868614111452,1325.5010388460541,672.3674752604458,598.7963564412963,855.7636506390696,572.7700573220966,240.3735278826253,570.774836108598,407.5598294276124,1059.2873193105688,684.4246482940054,1100.5424625884182,869.7907557263417,598.6861153893204,1011.5400979320142,354.66666666666663,28494,149.3697883578119,12356.125468796225,2855.499221326909,28.148611783981323
1937.3491485179002,1594.5583234578967,688.4244019960444,1057.3950413060406,1156.6552161600328,761.8798971256317,1260.6570186760537,603.58794288848,614.6928484402315,765.627777284513,323.51066459090333,477.17837838444893,344.9823502388644,636.8352265167088,908.2274154161952,672.0187669622442,1311.4034183856952,735.1098107673372,775.9296894833329,1100.2426140545724,355.16666666666663,28591,148.9497288349662,12085.821589761406,2969.678835076823,28.24882411956787
2100.3992911957725,1462.7261795568659,679.786724871381,862.618901535184,1157.8645050540945,836.5897152735588,1054.2023552026985,732.6702249990901,417.9380895771148,783.932266709058,317.2224774669155,474.45055584216124,296.19441276114907,537.907779245104,866.2691425934446,782.3474454040556,1083.6809251670954,857.6157706342467,539.9101829290753,1096.9680460550296,317.25,28800,146.37332204557487,12009.597632595322,2935.5664238145937,28.349220037460327
1875.6920219334038,1680.1858831250966,576.8286180560956,1127.3621004655988,968.1288087248017,983.8715538681133,1118.7542926338679,501.9246312255296,630.9510706858293,522.7470614475529,277.8476181377447,668.187373605548,114.02145759782591,639.268325913975,666.7563331720932,1016.0949114541037,921.1724874447809,838.5730123861483,583.9160331565691,975.6355774443044,311.75,28546,154.76642114851307,11744.41809049651,3136.5919785271344,28.449238777160645
1809.8425988398876,1751.073037700482,532.2301908696301,1179.724331499077,895.987139239918,1054.6529228044494,1065.0449780049144,539.6957935462601,597.24745648976,562.2107496077904,264.4715421942315,561.8117617923845,197.82250888364763,657.0510697612717,718.3245238866941,914.8203784000898,1089.4984898127582,678.3879867966755,730.9270530379893,828.2795960730551,298.70000000000005,28457,156.2241798826206,11891.225202018904,3121.640044210609,28.54927706718445
1698.0586460043055,1868.860745106408,437.51464400208226,1221.3069201773942,804.6123720998743,1128.9942578542375,947.1587893510222,659.4233149558294,476.6417281731437,679.9893763509181,261.1280459751378,570.2583123350936,185.0119264527125,655.1648159124599,709.5283064918601,926.8664465620692,1064.1723523531252,708.2819196422809,695.6462202886792,870.0703949918426,282.4000000000001,28358,152.82506673128898,11885.635762721,2953.809570130421,28.649620056152344
1576.6576170632004,1982.08837431452,316.88526198853515,1187.4037969059773,824.1520420931787,1088.072954947134,941.4771658519891,675.6264957663345,505.0282044227239,621.412161397455,271.72324006627485,564.2005170387334,199.21747374550418,614.8865029076023,752.1270553353487,883.5790811590765,1109.4953970541148,662.1567503132563,748.7029801236237,813.9533206551876,282.4000000000001,28218,157.16570912065822,11861.027400424371,3020.1830921456194,28.749836206436157
1376.7355123243487,2143.1151053894537,125.43042780053513,1056.6818030479556,990.2275299682597,914.5030456659548,1111.4332862994424,541.7200114720492,703.6015866082196,426.3541905947196,295.04981227333667,554.6586612227823,232.14017141916716,570.5425734900394,799.9070420898745,841.5316346166558,1158.0686748489154,613.5420310180109,794.8055605305075,774.8960548791002,282.4000000000001,28031,167.01149149160062,11814.501745293477,3116.1306543926803,28.850243091583252
1156.3641591672733,2281.51236733309,184.36472199743864,842.5226234371189,1205.0905048932027,718.5813181754652,1293.6243322935925,344.6742222317195,750.984790777848,546.7226173446081,324.7712052175923,533.305712095951,273.0630430000811,563.723053361125,809.6813259858465,856.7771164063469,1153.1929054831558,626.640125106599,759.3141276574066,825.945503732629,282.4000000000001,27801,166.53631221473245,11766.6362392977,3173.4914400566195,28.9502854347229
917.6344503786221,2393.4720633169377,438.03176743608924,602.2424868493661,1357.5456738053638,741.1683585348084,1303.8199556185323,481.0524020289613,556.4556575750835,759.1258140418371,344.9782133858049,517.1657953764225,295.84828829059865,572.2388587761594,802.2799508351384,876.7411300278908,1136.0301766684365,646.4805637213418,740.5079627668958,834.6236475625755,282.4000000000001,27547,161.16762579641963,11740.836305086674,3183.1195165038635,29.05061435699463
700.2429706405081,2459.3482717414286,698.9854490173443,519.0475185499395,1365.2752248032584,1004.3233320764991,1086.7569142880643,734.6843652184298,363.86677977297967,675.8749349678162,362.27296622054007,501.2793883419217,311.08527379231595,588.3251100054102,785.2313357710589,895.6402452057991,1116.2086897510003,660.7237983080563,741.9748440768252,815.1056613287504,282.4000000000001,27275,165.12004802367613,11729.038179369918,3196.9833165663304,29.150705337524414
565.9720789799385,2477.741143566185,988.7259403400711,767.3621479503203,1183.625126797254,1295.1157769853462,768.9529340714076,808.8246504773537,674.2617311822631,330.82196288956817,445.1443719022383,419.16897972654345,349.4768861976908,670.7762834741236,709.3803437007327,901.9842633844057,1129.2280448345296,604.726370099867,822.2371246355932,794.9636200112928,282.4000000000001,26919,166.08071796551002,11635.142719420279,3273.579718846525,29.25103998184204
745.1445773249687,2433.749028313672,1311.5456311591129,1231.1576433481644,769.467369966461,1428.049551873039,915.6948955662139,568.8084197570745,988.2129243226395,630.048171896343,547.8220860657013,316.5503066823711,380.3705148305365,751.6817200529298,673.6650619628599,837.7894214895556,1225.4502440494105,504.5028164197308,841.825896737972,892.6873476610838,282.4000000000001,26459,171.22283789132973,11516.787427818399,3363.8785154277693,29.351308584213257
1103.3815154685146,2336.724940930053,1538.2304034855063,1591.0987089836447,363.9224932312665,1280.8076702524945,1338.099799518589,150.4384866959444,872.8259065899217,918.4928797127908,516.2528844297036,346.5851604809134,382.1378733815036,741.4177556660475,659.8646240128273,869.9307495402966,1200.415742630731,508.3622618584812,870.8985307078541,879.3408214087173,308.0333333333334,26033,172.01051662303786,11557.131478173735,3386.6518442212728,29.45157814025879
1783.7264396727412,2123.989233465185,1821.1747398369803,2003.5595919348093,668.126649264735,708.1678159832474,1735.2259655552298,621.3738504624382,195.5313951926573,761.5570852782897,777.6133434736828,214.97654101585238,317.97047157332014,689.869193590741,921.4658483166968,751.7742664636647,1145.0909664342134,767.4916551243114,778.1810509675992,620.5629298128171,241.0,25335,178.79236326856054,11340.281318225298,3670.342298301445,29.55180025100708
2136.6624125220364,1988.2308292400082,1897.6223932052635,2084.1712595682216,1012.7909202278672,359.5951866356122,1654.8762045410117,845.8542547005408,269.92552867105496,425.48340723602314,475.2193209916995,343.83511968814184,530.9297239302872,931.211823224094,660.9866113671653,613.1192075366765,1466.048866177488,654.6825725482878,474.032043420384,814.2868791426379,293.30952380952374,24977,196.10117547794988,11722.655568181259,3997.9832652739296,29.652023792266846
2147.1140976391557,1983.7895208466805,1899.0823362252593,2085.0015122857108,1023.5464589043969,348.80092846204843,1647.1256552545221,850.9268213496442,287.1496693757394,407.1893843580823,336.6328274968758,619.6959840923314,885.401881874505,1287.4910648583264,782.0634094458516,318.0662181319455,1721.4997106256474,999.5755253926129,371.6167070183223,577.0900972454033,293.30952380952374,24977,201.30150742419002,12000.192711465632,4278.58421797902,29.75236678123474
2135.5464108524025,1991.8476160143252,1903.0344493484604,2091.40084334336,1019.2987495099065,350.2229406759548,1661.4162381712913,861.9042066998383,282.67104689030145,404.82750664789893,335.66159240872196,623.8803353998877,889.4931831913595,1293.033249918219,781.4206344063609,317.11806093452196,1734.719884397027,1012.2691110507646,367.3999885471733,573.0861218968755,293.30952380952374,24977,227.69516747608662,11805.353727789045,4271.401447041512,29.852601528167725
2145.494920623536,1982.005208861578,1894.3917356210695,2081.2200426691347,1012.9317099263353,358.8626393693157,1659.6295988777383,855.0547280277249,274.18835723809485,413.64749114148054,359.9354705355066,628.355782868858,895.4447178388187,1274.0449209795145,786.1158313530035,342.1787362371132,1705.7580553663922,965.8883917317265,316.1683037818348,624.5212009856621,350.16666666666663,24977,227.63243315937657,11838.565568880485,4271.664060134261,29.952613353729248
2102.8724669738776,2034.4539338336465,1946.568347413581,2122.019810629516,1063.0130608616346,329.2510321396499,1610.204177967762,811.591560325337,253.82796179638697,456.98533076808377,329.43208834395807,636.6462683959983,909.0304501161378,1312.1571152591112,814.0339994184308,298.1165805924418,1682.3678998701696,954.0495545896374,330.2033705649985,646.6114067705323,350.5,25018,226.6957173001227,12368.8819646406,4259.116221142645,30.053296089172363
2111.853026403411,2021.9813433858303,1936.7473313485898,2125.3954038428033,1063.858311394928,313.1266898227377,1605.0256438419726,808.0921658359875,261.68236983013634,480.0074283790286,440.4967288974933,584.4931687514775,823.6766503135125,1180.3036569735598,685.0417233276904,392.9066972741215,1809.4261563744901,1077.9960433198144,436.7331092143652,561.0342968004688,287.78571428571433,25020,222.55403959398177,13219.137249276268,4093.5027498388295,30.153603553771973
2100.0831848445973,2037.7989699508098,1943.3085461502337,2106.629372854623,1044.4728281183855,341.44389037611916,1635.9483039460208,842.2679823356976,293.0787954338826,449.73362779319154,391.00584443383764,590.6249115102653,843.2244978948818,1244.922165630601,740.0762056536802,312.06105845370803,1750.0353447722111,1031.4806484123558,439.7322244899496,673.0832427486602,300.7142857142858,25020,217.5648225340184,11755.049485793741,4094.6830322877786,30.254024267196655
2022.8047418575024,2152.5344643296116,1989.7809037480945,1977.9806525268725,920.8559699738885,507.90818232766867,1811.0442409769275,1019.5683140217003,461.7669699887806,392.3312735528443,520.9935783727418,505.91289273659277,719.0971852932296,1157.687128821694,657.4309881574402,328.1716664407559,1797.4463335099708,1078.8805747352237,504.9564380546057,701.6829276624686,269.92857142857144,25223,230.96939103997948,11961.454389486491,4243.820462827208,30.354366779327393
2110.4566869269925,2056.7931723418633,2061.718483550431,2259.066571292966,1203.5039995866578,507.65931770841826,1674.096770404924,959.4767169041897,453.6147869233382,111.16778294165564,161.14888083759357,829.8537176293604,1123.1063028610497,1362.5723705626235,862.400207512853,604.9323973030242,1933.5034421849589,1282.3386588905187,694.3435491348432,327.66041632182083,279.625,24921,247.4901426115572,16757.70134491004,4599.481746170841,30.45464038848877
2113.4307828164733,2061.844116344018,2082.095588744135,2274.1265648541753,1212.2526434586491,533.4716643141695,1701.233464017845,988.1431251948195,473.9097308640894,142.86461752721965,775.3312679167087,231.48323020879286,850.6360524656716,1768.960747978141,1351.0131710853675,713.2653082458306,1710.8928195417313,1369.3649780231246,1001.3406928131335,396.9753683454581,244.625,21180,238.70428352630947,16492.138026891516,3992.4043949506577,30.555039644241333
2113.7927025364806,1978.7527833690644,1836.7878374073423,2197.969174135186,1249.92306541262,375.7158496776226,1463.128155516962,882.4846732317667,562.1869470847644,137.89734073015302,193.35898463027456,1112.031700022777,1031.3829714459644,841.7661577617824,606.2056972263855,175.97243948947016,1177.2103604723425,552.9542262392814,724.7055219253172,595.8327975537084,202.0,21449,167.00522839019567,12295.460921389917,3239.300943132482,30.655071020126343
2065.0869255707407,2227.328523811571,2236.0417010724573,2086.280743758838,928.4600355727756,397.86829063246273,1555.7362832352544,606.3605447687447,244.52308327808126,364.2393728038925,67.01316367246382,984.7561434804561,973.5237031807806,966.8644601127414,658.5314993183654,62.91808330562903,1249.395288698324,640.1589588583355,697.1768309395715,519.5656246612286,225.27777777777783,21022,165.5333532283815,10765.76085208676,3083.3858316772985,30.75533652305603
2045.936892707401,2729.191609164985,2724.4374151932475,1736.0473501761287,362.744523838683,593.5047471492659,1284.6551374845724,84.51822559036007,764.0573632292441,800.0691469447385,182.8340843186035,1100.3248865283476,1011.3590567097907,842.8974359110916,645.6638026556172,198.0075592214192,1099.110436956712,600.6351011059345,856.1327940137627,671.2809679559098,189.66666666666674,20479,160.5809148183954,10466.75704055185,3123.072725947674,30.855518341064453
2075.4861552564316,3218.4158901792252,3029.409378193432,1289.6584256540227,326.077086419029,725.0818806895843,795.9733638886202,561.9388142466303,1023.0380180010783,702.962909855145,114.99515623473445,1071.5288318685534,1057.1350593402294,825.2941903309082,587.9115871164254,242.89603529458665,1065.0717398410866,590.7841949344343,898.6759281805963,680.0298801081341,189.66666666666674,19964,168.666447187224,10976.067534590922,3075.4417134537666,30.955620288848877
2105.649961502304,3510.869926467896,3127.1014450652447,993.102790301399,623.2638270240566,706.7863537287416,647.2329298722515,746.732494842266,904.4103884344534,424.8568030304272,71.30125357052782,1035.798700713836,1198.585336837927,766.0335938309215,453.76922259859714,404.09014321744735,934.6557829538667,619.1927214111669,1061.9006728842135,749.4645310023722,216.48888888888894,19685,157.41268185469957,11572.841452121536,3249.903711580566,31.05603265762329
2147.5291257696526,3866.5351842007635,3108.72686025983,756.424319630103,955.8246672521484,490.07112856079243,982.1851456051089,669.177695408998,506.7645777443759,481.99450089242913,49.5305680083039,1041.4232580082669,1099.3973424454696,828.9328296480533,515.3637449344996,288.74324923237447,1065.6409267454087,502.7560127745504,984.5725385791868,836.7183638513832,200.46666666666658,19273,181.14810732127285,11265.936671448253,3320.588755492385,31.156041145324707
2159.872454741769,3982.3117712614103,3040.9932978505853,805.9752663603331,1015.3061966879902,346.0734351012169,1113.620774045208,526.5566174766517,558.2315517884768,614.6517221396416,114.96650612308954,1078.181886915012,1246.3009391004211,684.1798349580669,553.6356406147829,368.55472799430163,971.5544272245031,675.351013529374,844.9895153920916,664.0153742118515,222.39999999999998,19109,178.55694567646032,10903.26972341537,3284.1856139874835,31.25623846054077
2187.925538185859,4214.974446937314,2722.671057013125,1201.1385900538794,980.7135370107948,167.85701302042034,1182.4096232337206,333.83553499829105,993.6513311957564,608.1253888015349,262.20369594411585,815.383412272648,1073.919472205304,973.7761039650911,230.09872920944505,666.6055194230777,662.4126574134051,928.6826085129908,915.5951526241558,420.87909451809446,182.39999999999998,18681,158.7217766908309,10188.29074209051,3101.3111035625916,31.35626792907715
2267.6365646856916,4414.4418885008545,2169.902903753841,1776.530208951,768.1913368168948,757.584657107151,862.4959935707309,922.3292507298228,1134.6441492491642,166.4439995495285,268.0784935455213,807.0486352035433,1081.7023413157733,969.7484055844258,239.10807288362042,670.8594928257427,664.5578187592882,930.2405579726433,879.2291455748294,456.9096164533978,182.39999999999998,18073,151.65532409621102,10211.199579881266,2925.4013661853046,31.45638918876648
2421.617062447681,4523.679696240929,1541.3921312101247,2260.865386414989,553.707215788007,1236.4588639583528,281.60452648799594,1313.164468782451,786.0109235796664,461.8374674276101,270.77825623928453,807.8804766512185,1074.2219848052098,981.8521307010166,224.74615537496916,688.222930462397,641.6896659916074,957.4439777736048,873.9256431530239,439.7367190089717,182.39999999999998,17461,155.07420058255238,10389.294226982034,2995.5220732168546,31.55680227279663
2615.20291298093,4515.921935981756,1074.5020706754958,2518.116557907919,516.0759852309598,1417.7184840005837,364.0701684150587,1200.5532393015762,218.81646991595142,723.9459560142811,274.4439438903617,802.1684047189034,1083.0406320084694,970.4376556502372,234.50850683582973,672.9008756760817,653.1639521381657,946.7571400772287,896.3301543419403,418.44504730088227,182.39999999999998,16845,168.6474750691777,10453.939269222077,3132.6071801448034,31.656866312026978
2856.8148379475188,4397.662431305394,1092.4571790078608,2553.887343187136,714.7077361336488,1298.2589569841207,926.1552714906992,662.2020711119088,755.2165775535398,594.8820185680169,273.78395381698897,803.065071749251,1080.6202212937785,973.6708724613783,239.67837874448463,670.4997683937053,664.8010134143726,932.9700561193272,903.4506584096919,413.80116102428724,202.16363636363633,16232,165.4315548111872,10416.66418122723,3119.980425738624,31.756964206695557
3098.836662348992,4190.451355606962,1556.0851288327876,2366.4347154691714,927.0227827883288,925.2886666907887,1191.3898220397139,313.4314483795937,1131.0076860104075,191.03905469760863,257.3101973981217,824.1866132248258,1056.5761049614196,1000.3430437474026,219.371576522966,699.2360565014147,662.7261791107608,916.7151054460206,893.5444270652124,426.938330774455,202.16363636363633,15636,162.36797493643195,10396.21287185865,3000.9201863266726,31.857173442840576
3317.502319258018,3907.3863124481786,2077.4494143430156,1998.7163276786719,1008.0792709244217,412.39851814808696,1083.8316287778748,826.2565686361934,968.8133686823479,328.434722180575,218.90702183062353,884.5472738925167,999.161078908898,1050.55170621426,268.5595755095254,681.3031296001385,732.7618150748648,854.9607066017071,951.0838502723188,380.2577598541595,202.16363636363633,15132,167.06734133763555,10470.841068878046,3036.8454029394834,31.957518815994263
3667.0386255207363,3210.656969168003,2820.9854716572704,1145.2531573211945,778.1884236142478,708.7273435449025,326.0950609775413,1016.7969838180762,520.0102546613833,470.8588144787845,386.4252834175736,937.1511392535324,1153.1775739900677,858.1699755157196,439.10515775724315,587.4941020786595,536.1470438717062,1039.6998496609122,786.1477056530779,511.367537550104,223.29999999999995,14225,174.5176698577829,10813.904052818973,3238.7325032978274,32.05754613876343
4007.6127705529343,2154.5807980181307,3120.7852487065875,1378.621464739158,245.89465263490328,1263.778776816359,1153.9508754222784,439.6698773827227,1147.6465714615651,515.2960426174566,291.9460948140777,820.9365893851892,1079.7895393499678,1047.241952143567,214.98024092018701,773.0045157768922,967.8734596470983,778.3787815807427,1119.0392183868212,537.0845358712218,227.0,13142,175.680945221799,10661.831415124412,3091.198575828691,32.15790128707886
4094.9393101293385,1843.7239402057803,3068.215983564349,1706.6573673080952,412.1810299077478,1191.4130587258358,1270.971360752544,768.0709078362017,933.458141950229,625.3626277963842,199.78276157359204,922.1944904286064,989.0605340152367,1034.004263800189,266.3503998751354,724.6604479959954,842.9822193862678,697.8394002384815,1190.3780109725622,422.1926652264252,208.52222222222213,12821,165.41195731003052,10550.800069743862,2972.9482824331944,32.25824570655823
4245.99407468424,1385.8305290273759,2748.734788368083,2295.7290453226856,832.2226793373685,686.3756420712542,1017.7018428669797,1132.0868377023542,454.77366696944534,352.04317792293506,151.19810489447485,1077.5944916236438,834.9360353370172,1087.3666591262559,431.51112590666463,632.7513811152935,653.7022477042368,699.1834249893625,1240.0306999298346,264.33593425124553,178.39999999999998,12141,163.71385534517162,10354.27955104135,3169.0177793616904,32.35831260681152
4413.641750370543,1382.3714421367858,2252.2967915310323,2732.077926824356,1249.880892045109,71.55206174494934,449.0114673017645,1092.2560723072,1141.0447349040317,433.586094699135,161.2425318241595,1097.3767685176113,807.8678084689512,1103.8088471584463,469.9879285926604,624.3674803895968,607.7307899165277,682.7256623108519,1291.258982100139,278.9463850878633,178.39999999999998,11414,183.3099753007207,10318.930459116316,3186.857437203246,32.458592653274536
4518.298430437523,1708.0417789275693,1817.0201697337693,2837.0931154227633,1386.6385570549571,485.38087877549754,54.082018602776046,728.6041189912455,1396.0656444265965,533.4845127033084,278.0817686524269,870.2813940703503,814.6781177892099,1301.808410558317,611.161171596926,411.48273942693504,435.3085148719441,820.4777642842902,1361.6965912505525,305.9056492884883,209.64545454545458,16034,183.56050173917228,10558.084764873833,3332.998539205173,32.55895948410034
4501.42308436422,1538.9323849944317,2004.8226473222815,2902.2416652154243,1457.0033109419694,427.7048865015248,162.103272945107,915.2765369652933,1526.5145562321673,689.7559777512281,936.7007783387237,462.5181212789431,933.1086126397726,1974.647670935461,1279.4940308428015,608.0520354080965,241.26318608447545,914.8400361765482,2007.1327736818141,941.4242764705881,209.64545454545458,16221,182.85295675765244,11271.404508833199,3957.1637691015103,32.6593873500824
4528.696609101868,1316.5950712311237,2215.0293812426953,3098.781508063952,1672.7816011400269,618.3373288538194,347.84870448443166,949.1453015455837,1698.1337740365757,807.4975316236828,959.6154203026639,475.29983176964606,922.7136390725105,1981.1264859688883,1279.857806756275,619.3300690192667,233.4123220595176,877.2629517637063,1964.2918286547424,888.5855856298198,209.64545454545458,16451,224.29144505448028,11340.967757687351,3949.5761145997076,32.75977087020874
4609.291588940222,1059.0294034454778,2406.517654976089,3357.7061528742847,1910.3266719462747,864.1164400484024,476.140179086996,770.9771072845442,1633.9741632145724,669.8083860604336,977.5828890338005,487.3585828248217,913.0257078962665,1979.1971611741155,1274.996195681354,616.6746795909504,232.56864496080144,883.4934228487774,1980.8194426477185,907.640894753948,209.64545454545458,16705,227.98739485839877,11338.977530415481,4018.2966236208936,32.86021041870117
4747.891836423436,829.3700751246029,2509.87137077545,3555.068829193114,2007.2562610276927,962.2267989524213,430.0953848147533,545.6478344945747,1370.3117443469853,475.0788092162897,1052.653275401538,567.1209295112411,830.1384419710697,1908.0093555089281,1182.2447342500725,520.5837237942669,166.1425916125557,985.5608073705862,2061.0347521900017,1027.3894714647092,209.64545454545458,16977,224.84679256271428,11313.139741766288,4044.074594892456,32.9604549407959
4987.775965879813,672.1121505292405,2541.383450033305,3670.405074125244,1940.512471724932,907.8670845644813,285.7050684264338,722.2076263590961,1389.1418495064,761.7676801352187,1140.4258707107385,669.9521432913481,729.9288466599621,1808.928359252577,1110.1983566245658,463.33341225114043,238.9595109111962,1019.712296595078,2104.698371434767,997.3658726185529,215.0,17333,228.621870639791,11358.140175552164,4041.186212861763,33.06085515022278
5363.308747802057,852.3911606028482,2428.1361116722037,3567.7270289096823,1595.7544147239462,593.3868557212365,257.46905322479915,1148.6817052346414,1851.7797336830663,1024.6542998185505,1114.671473556667,638.1533719446446,756.2084116063386,1834.5099370659566,1109.6535353858583,451.10032116128133,219.1296943894766,1044.3458435811685,2132.298613742753,1023.9921044745533,228.5666666666666,17793,227.88340223044247,11457.612313363315,4036.840866558152,33.16113805770874
5714.423629080232,1190.8765505954748,2227.5289743155577,3310.0017713261745,1212.329817331794,223.21050517824017,442.9423464335719,1222.7579875306344,1931.0366245713578,824.8139617517875,1272.0432205024074,833.3506630412618,693.8845167544711,1785.672077263431,1299.9434483168718,696.2535774008641,291.2585980336891,827.7558949550112,1923.3893630129521,1092.161183894027,237.70000000000005,18179,202.37103705241705,11882.868119396988,3781.1386029662017,33.261292457580566
6213.789260600988,1703.3620261920762,1833.5673749747039,2813.957166323942,893.8058345843062,338.1219208268954,625.3733854755446,873.2420071713035,1485.0580075150865,396.05566374272144,1015.0781218480537,544.9203648092574,780.7224285942189,1751.6186955447135,854.9254652017044,329.54395972086627,489.2718179731273,973.5626335393822,1953.754974752938,730.5081853755399,237.70000000000005,18691,199.42953846454384,11355.2637729028,3550.1965980974824,33.361655950546265
6347.133875092188,1833.0736287264156,1706.569303744451,2688.8867971441987,946.995313365713,452.6456784259028,596.3190328281163,745.3903817550639,1399.5523241818,507.9977818456396,1021.9806416006554,688.5768009922439,848.289170220915,1533.899169624602,602.6283886852269,602.0605598501937,812.1125658004162,714.5544882476192,1595.756982310407,805.2879859476369,208.66666666666663,18825,178.20644573616306,11099.17034327633,3231.869545185729,33.46176552772522
6056.459161837563,1591.3551043154769,1995.6612165269512,2858.081832694822,675.4493364591784,494.575723927537,874.2383839864893,802.584247334896,1220.6704748182603,451.35972869580394,1037.5654474062353,730.588341216469,875.8446778083737,1501.4994013082573,575.0749013883416,666.0607814463254,876.7053136591404,667.1221282597293,1521.1332620130743,853.1004971133481,208.66666666666663,18539,179.06588584538326,11010.481848484742,3352.3821460433674,33.56208515167236
5780.3071964698465,1442.3607686703067,2240.9690830394775,2890.962012417146,411.6756495900813,775.7002904133967,1094.0560544468997,628.23301909111,953.028078904697,741.1788894088652,1045.5256140716385,743.4205898200681,869.1008581380636,1491.6921317620372,584.1169581111577,662.0746180156054,870.5256126143647,676.1294248406103,1521.4333053415821,844.3481579637855,208.66666666666663,18239,178.2833027056268,10398.036702213147,3351.249430082446,33.66241002082825
5500.845039897585,1435.2763793879299,2419.1523229715917,2753.0873874590457,459.07487777195297,1001.591275134192,1066.9481398616936,343.43053743856353,1110.8313824623988,755.3615730475922,1031.1355728925216,725.0730233631102,886.0912613001564,1498.254851007288,575.160519568996,678.2799711474155,869.8184232694563,665.156821582344,1542.6471656329823,824.145130023409,241.77777777777771,17956,188.37048118505334,9784.610838031454,3266.375031545039,33.76270127296448
5272.819523949059,1556.3263195552697,2500.7772993821163,2527.854733738657,724.5792017214634,1063.756055472281,861.8791445655676,455.63701466862733,1376.4461004529905,519.2479665591761,1054.8405229952823,750.0086625808395,859.2354326600595,1499.663426068683,576.0345828750148,662.4563026398308,885.1411605633908,655.7872264584723,1522.6649433274863,854.264899718499,210.33333333333326,17647,182.1200162894899,10720.865806597172,3277.6642814927727,33.86305809020996
5017.581773212239,1857.3504804546237,2468.319486204854,2156.215794181866,1047.9912619075055,878.646854592834,531.817405966499,799.3505843792981,1325.5235109802534,472.84024404966453,958.6136523028655,691.0750343448606,953.1454003552983,1413.3438899166963,672.6360727639595,667.0158873172705,747.3674387681685,793.1621760524948,1561.4323628365999,801.988138719164,260.3472222222222,17309,181.84257563090625,14251.652126662753,3325.4971679900746,33.96348834037781
4901.228038050474,2066.423151603017,2382.911929260007,1984.2458983641318,1154.5892595846694,681.6322499017435,585.2554360117924,855.0854822439093,1123.0965608294798,685.0578948651441,1119.2647501772317,773.1537094327796,834.9036909417335,1560.9945285520603,516.0653483900923,736.6108387297221,866.5655392808775,655.52666590961,1650.9888777987028,697.8706752343048,220.125,17068,188.3595764039802,18507.353857879585,3450.245775071254,34.063660860061646
4744.926640985148,2538.0938035214854,2046.2502253315417,1936.1819399021683,1141.6041809387718,360.76362446492624,1060.5300186991005,538.9589686440335,1032.0254664963793,754.3887604650313,692.4600580112933,807.5027585477725,987.7933224549407,1146.09203792426,926.1845196020682,274.68078690954957,1137.0581055656025,662.5952061054991,1300.4100715768004,1118.3740765111056,230.28571428571428,16610,168.08899565000058,7704.123930154954,3285.770169109594,34.163700103759766
4740.271091034988,2568.522414129375,2016.9748719585243,1954.1150685814023,1126.0446446888625,377.1786132071901,1077.3956548196793,509.3771335271121,1059.0485702444612,734.631425464148,950.3350824398325,721.2811259124862,930.2715742018065,1336.293253847656,762.0989416059058,467.6203394955014,919.5448293257652,750.750100161489,1277.7824001291972,1108.3775987663967,227.85714285714283,16569,174.78565052428428,7412.7492309219315,3389.2780762671164,34.26384449005127
4756.5959209839775,2796.4533298091847,1730.715129249483,2230.339983561812,848.2193091174556,665.2342266056088,946.5902690186952,522.8539010844426,1182.7301235219425,632.6194031131779,855.9183043354105,800.8136794611582,849.1396122477237,1376.2267245717414,669.1123079736083,559.3877035775421,924.1958137126046,683.5101485926206,1427.0452261836804,984.8507490100277,239.57142857142856,16282,167.85240636209275,7759.948621914928,3336.061508864956,34.364140033721924
4659.117581486376,2523.5022308967486,2188.6774635422244,1757.358472548476,1329.0052874629716,560.9391847628023,1462.4989330485232,4.968174220317302,1612.7946513899908,140.3038947229906,322.73619138683216,1208.0995859615373,828.2685380989126,1426.7150998128689,808.5363594548011,880.0228067448062,1384.6242530666316,437.8438921697064,2042.3187788320013,482.0737213131691,254.66666666666663,16804,155.6201662967605,8161.725932551442,3768.9935741332465,34.46451425552368
4549.943640677772,2497.8002461204933,2478.2014723560033,1618.5549350445376,1568.337108492234,979.9235327118147,1715.9134518530493,435.01237123880026,1885.9640871621727,355.5094094285729,220.0814608530698,1367.3294848109842,734.4747878935751,1589.6731414175536,670.8145513045142,938.7865574582884,1222.5434220981983,529.1272272769967,1864.4497769112875,601.482698103464,254.66666666666663,17235,192.41346711831818,8369.717000779274,3509.9716207119855,34.56477355957031
4378.524908561531,2745.178979893313,2739.6472452623066,1925.208300560298,1657.3322196680626,1486.2632032834854,1642.4661236430454,864.1367594271645,1663.2717484407194,811.3811230511662,216.44403009764756,1378.320764563328,726.2963204617374,1594.5435661318595,668.0081894578868,935.2724561119915,1233.0180351833935,525.3147299546151,1890.341884631261,602.9453576188893,255.33333333333331,17827,212.88622655696423,9087.777195313596,3743.52042839557,34.66520047187805
4184.59359576713,3224.711462308604,2838.5155879569725,2514.0383217024264,1466.7804542743095,1677.1347616640496,1133.9031911478396,922.4201718651096,1073.2773163340821,726.4044474247364,276.8490079460847,1265.5268739767776,878.6735912411364,1562.817994552904,761.6630939158701,1076.4343654867228,1190.4244561079408,645.7101270630408,1769.4367200216443,655.4497060021622,274.06666666666666,18431,215.40264117566846,8409.738870586763,3862.5191225153535,34.76533126831055
4051.038568349774,3582.492270698175,2799.897751456668,2858.126324485198,1208.3592045539112,1578.8303312159537,792.1503232590863,731.2488887592615,1129.2523345591308,416.03031191520057,261.15008227636787,1278.0307353667183,825.1900466914611,1486.831128945983,823.4816866443873,1074.9766901313815,1305.8574871275014,736.2563919567266,1767.1540152946238,819.8607267975815,332.3666666666666,18799,214.98064311025854,8005.379281759993,3915.244371079604,34.86543345451355
3807.9261263504295,4175.67610901712,2549.43583507232,3208.295064606596,616.5370781080092,1062.6426888625947,1024.5679323050804,148.3344883393739,1717.222781912229,478.2924618979285,286.1052016679825,1284.145962649414,877.0282052292964,1621.5361051501645,684.0390356947521,970.7701918429209,1264.9700663781048,562.9051496393037,1948.9413449172903,786.6787133130093,267.9,19395,208.709992997684,8247.553236384663,3715.395622400706,34.96572232246399
3632.4155173559006,4548.816993010253,2283.9643750677697,3268.756676934999,370.53066258956665,689.3841954306856,1414.2636313643186,443.5375741164845,1773.443303375708,806.2763103878713,285.5838098538672,1255.6580798833302,842.9204405466359,1422.3381755624328,885.2313921479906,1160.5358399847821,1184.5669711941448,669.0441704137312,1785.374616132603,608.4877566465656,267.9,19795,184.9342881343869,8443.976656851446,3393.5498725894113,35.065747022628784
3344.8561846870734,5047.745657583243,1747.6260010374383,3072.301879534288,850.4082931311324,824.641084581061,1711.532683176921,947.0879772595044,1234.0959458470495,782.1928273694185,287.29262307299564,1255.8393063068218,841.8050742077617,1417.1910202480924,890.1846119773926,1164.1564991303799,1186.972389192256,676.6564929847217,1776.2175743835314,609.7380560232837,267.9,20398,180.71609901075846,8575.547490868761,3385.0591095096456,35.165974855422974
3061.1976872384266,5444.9496439176155,1149.8261160770744,2640.091553152888,1423.6799940815006,1425.9936280366048,1551.8134883172154,1075.5013478059805,942.9419419769262,291.38686622270484,290.93864154090977,1251.174798325628,848.2526847465767,1418.828213214413,886.7813917435566,1161.5513898901634,1179.978143738158,659.4231843398792,1796.997651695137,627.4453284205828,267.9,21006,186.51055508238187,8514.917872376773,3468.7024412103992,35.26628518104553
2784.8763026074093,5741.457317260711,597.6114145803997,2048.0641559021124,1828.735340927149,1864.3296904244805,1020.1302963085628,813.3170202573338,1521.2374460869414,375.4157563575301,292.844722759617,1249.590416889133,849.1756672730708,1418.9832024834361,887.6278872406269,1163.5995794387327,1180.7402549211124,667.2678963742363,1788.7179530359217,605.4632191654408,249.19999999999993,21618,190.5100100645261,8435.394593837627,3520.5695533449607,35.36635661125183
2539.0245659062125,5900.799735377934,628.735092951836,1512.913617959726,1944.4936234401146,1923.2102222968742,569.341276051053,253.470406748347,1817.2376180903932,777.2643761924377,263.3890542990662,1283.0954440280525,812.4179246779936,1400.850698782726,913.1993377367296,1187.9945503882554,1169.6232699559207,672.7386240096063,1784.9308477359127,587.5034482773384,291.6333333333333,22195,193.16717601546551,8380.905832905897,3526.3160466142235,35.46671414375305
2336.4528684241145,5936.199182187856,1119.5566339719433,1348.2459407164763,1798.8408055447405,1650.4065822540215,939.818151564904,380.7173396530764,1536.1316227864795,743.9344929391214,228.4706645947233,1327.3958273420105,769.3523014453028,1357.7076186882912,960.1301180198473,1231.869754639489,1119.4499435367925,620.3383890488194,1838.3464176116088,645.2754252714805,291.6333333333333,22744,201.87570840494806,8357.620521654726,3518.330928598993,35.56703996658325
2171.0365550546326,5852.349467070818,1609.5712245900108,1651.3677950435583,1428.7490560858043,1169.154610635264,1385.9573619886141,800.4678107580564,1070.6014423492438,287.39745388962655,124.07747806593203,1459.3177728232768,718.0098628227647,1250.6322506530971,986.8011440361524,1191.362082765047,1166.8139308964962,654.5357961793422,1751.0836265315277,586.0583216198193,291.6333333333333,23226,192.14244107890897,8487.295235627247,3488.7748683672985,35.66724252700806
2164.8327029005236,5845.5999275644745,1623.954568180475,1667.4965166487423,1412.6854173562888,1155.6291378796675,1389.7729118714576,802.5084785006812,1071.1697970858977,277.12298227647506,324.170517165815,1814.4672537092733,745.5824775409452,1028.113347886226,1087.0028400444842,1065.007912876925,1436.3963666540083,929.5176562546086,1401.1931887635058,409.27198865671676,291.6333333333333,23254,200.3275912694237,9753.396283709073,3893.3640448651763,35.76728057861328
2021.4651347535994,5636.099016978444,1802.6920475759725,1956.2060630812093,1191.3458940765825,1200.4172964556492,1144.6085261533879,508.294059204308,1391.5520327662657,564.3244631155385,156.85088734972902,1625.1492280890936,642.2356024885588,1075.1195453585774,1132.4888386174282,1265.235465240724,1169.5742298124433,667.4640212425154,1652.1369805306556,720.8069345483475,327.5666666666666,23563,224.91198827484567,12496.45205166155,4177.435221844039,35.86760592460632
1936.7166371489284,5493.489233932695,1838.9857621523681,2043.3041616395155,1227.3912742150546,1358.7694699274978,995.9361210232105,417.40049549382536,1397.1275225686136,614.7042887495179,246.47614271994658,1597.1715432552633,419.56219311124187,853.417057020993,1319.3796500122148,1240.4976512724807,1422.4111258581827,929.469569308705,1450.64125170785,451.60823885181964,289.1,23736,219.86853603289165,10143.438532405671,3911.010402642357,35.96787667274475
1718.806863258633,5089.456060426564,1816.9629981419469,2091.671360731925,1597.3398540526498,1721.9729039825804,1037.151075635223,759.2219441045012,1020.9544876278911,368.61301874478414,186.61406151856724,1592.6892565449084,499.0521465209891,935.9972564028166,1276.4121707129452,1283.0846551197867,1338.995078842546,879.02576505021,1443.785142694369,465.78344041241957,289.1,24146,210.5226125994492,8800.851438707301,3898.4023653882077,36.067994117736816
1643.1429545529563,4954.549779328845,1758.3948601523723,2028.8595631394244,1718.6670576101524,1728.8573080861427,1173.5816370122732,836.531313307216,968.9607505613575,257.3344974851668,194.82975263105467,1569.622276332786,751.7293151443448,1189.3855665504213,1259.2813071730582,1487.5451836831098,1194.0250928415542,900.2732452844955,1342.59015617265,447.14460242077143,369.4,24289,216.64335057813383,8415.483696108915,4125.010919670774,36.16808557510376
1698.806042438357,5029.567693517879,1824.5811759912747,2103.929234306579,1697.842922152787,1796.6977122904937,1146.0246731564494,893.8707614265348,887.3454002192839,193.35907003633392,207.29527877962082,1629.807280648433,807.2870117624473,1279.237957938625,1190.3148357701275,1598.3392418052515,1088.4564134368557,1007.6563553006846,1159.2628086447519,341.84728141546634,369.4,24203,197.5362061265902,8879.0071416196,4095.3679402615085,36.26809906959534
1562.1244941642885,4892.880090008893,1649.4270082833352,1925.6465527171458,1626.0299163616032,1619.9399279863828,1044.3513628739768,719.6704698023341,1022.4624664557036,372.8435404039595,208.0696979772857,1712.765569739098,797.5621189143743,1299.6736543332968,1075.123521945458,1618.5362024741107,981.0364792603739,1035.532953252283,1107.818890430285,386.0803163528411,336.4,17780,231.30633567420142,9324.13525652399,4087.196387042646,36.36820459365845
994.1523394123864,4505.203623629032,860.0481513255704,1411.6052233026048,982.9375352601846,1438.2356061330893,229.07916617229998,1046.0981998370721,1037.471578584247,882.2927397557003,516.3182997126281,2035.7226804055226,935.275559474802,1508.702688107372,716.3159293432467,1886.7309733076333,753.9056858578481,1451.3747299289182,757.8292313118654,676.8291718330701,336.4,18606,225.4102245305723,9685.363453967017,4386.898336912151,36.468565225601196
790.0300323904863,4489.724105404956,661.6717182231766,1644.168928435073,354.6674095681013,2005.8467095841127,525.2441007619791,1632.564237782217,604.5550827582294,831.57648667552,124.37721749537378,1404.2961608115036,308.5470962549857,1015.8909427975968,271.4134487075724,1821.300061658365,548.9601039721348,1919.5247035910343,785.4371089530473,1176.3893407724786,313.1,19246,214.72278251938494,10239.577009342689,3667.9000575974405,36.56874704360962
789.8726505174939,4491.051267355474,664.1371139239365,1649.8973071334215,346.69312056002536,2014.3478069759626,534.2311994641992,1638.2269567337542,594.3969267095266,824.9367837951079,123.40315584808403,1405.5894131124855,310.447369687464,1019.7287304927769,265.77253799911875,1828.5212596288961,557.73907319224,1925.4044820328318,772.5056395709712,1166.8820568776803,313.1,19246,214.46554055642918,10885.28556669717,3728.370216626701,36.66893124580383
791.1983541900754,4487.251714298817,658.0708969894451,1640.7262858251831,353.9102713794982,2007.6666071504342,529.8236702324319,1644.3629340688162,604.0338056673237,839.8580522907372,124.676013403217,1403.5466913541563,307.1002562403673,1014.3212625445426,270.31635416741,1823.437758183579,554.033281598182,1932.890159332469,784.176535632433,1187.2386072538375,313.1,19246,216.803868613007,10760.930511164022,3803.734631082176,36.76897192001343
789.178544344933,4492.187194429322,665.3901455809718,1649.1060966543216,352.05009624365175,2006.8069714240942,523.985302048262,1631.1129971999655,610.7430554948274,842.6283398527137,122.97283475330413,1405.871286527706,310.4620227292776,1018.2900254779427,270.0707197069924,1821.9053930968364,547.9063916833456,1918.4729580127553,792.7106536040064,1191.2072179001354,313.1,19246,219.7204919980989,10466.146846556163,3854.2535437906445,36.86924147605896
790.6411078842217,4488.6064091584285,660.0832298645693,1644.2612215047523,349.85958361390203,2012.3317511910275,533.2477108805808,1637.4926924625945,597.8130340558823,827.5720068080856,124.55461539468682,1404.2772914200107,308.57511792466863,1016.808848204618,267.8223218951172,1826.759647654676,556.627629055788,1924.7966088839703,777.0470736975408,1170.9145460966993,313.1,19246,221.6351516459721,10364.541353926352,3856.0363044025844,36.96925663948059
790.5307382301153,4489.657923255878,662.5425593621943,1646.646444269942,352.2921753497338,2007.4215625525078,527.525320404204,1639.3368010648994,602.3317754441415,832.8505791047427,124.1167992136566,1404.6946201224569,309.42585015486924,1017.7472329333095,269.7093098390334,1822.6013671920848,551.208095957016,1927.2367313802333,782.3365020831134,1177.7843651452833,313.1,19246,222.96546958853077,10443.073198427941,3837.302601201187,37.069493532180786
788.6511798316697,4491.46695953749,661.9084271600706,1643.7317186972225,351.3530728866897,2011.0704895941224,531.3507973251415,1636.0180848851485,602.8177498547766,835.0846814579668,105.76228748012309,1384.5917796379945,266.359238800548,1013.9309780944535,226.35256728199198,1848.8805538636675,535.4353407326789,1888.8740339536282,825.2211291359359,1219.2473965018353,313.1,19246,199.25173965143293,10596.691834333196,3756.0974167357904,37.16954255104065
756.2684100806731,4520.234155318796,651.4898494269737,1608.182416744939,334.39001711418257,2047.7132066173863,547.4139457900823,1601.0187505963113,632.4462757820585,869.078624159242,168.5059148156442,1284.8404558413777,162.00376761502412,1103.9728061980504,178.60380008151742,1797.6894851571094,387.90742360851596,1946.258847552873,835.9300081943474,1156.2155655967758,313.1,19286,193.91482048300054,10730.167713172013,3637.8056856829844,37.269686698913574
589.1375182358428,4626.60989439814,552.6317389056804,1494.860747483911,182.30838322198434,2176.673581688324,485.57113665471473,1492.9808922257794,784.3792639698116,950.9987095221246,203.58882453928538,1251.3373184119516,162.36018790042485,1140.630838437491,206.3439685945027,1764.0931373409649,374.6491062493851,1978.0038711386687,805.911482729813,1132.4434783319284,313.1,19472,188.91834072984147,10723.05387663789,3636.8275585639703,37.36996579170227
382.681224563314,4699.119724638435,396.5902976581877,1522.5721638905998,46.462337103645574,2146.0540403477744,270.7961495178761,1657.180079213872,712.2521685840843,751.9005957866058,265.08248556808337,1189.890197999126,204.16358873007925,1200.9906043594442,270.88363724247415,1707.7756723097689,414.6576578907456,2002.6333601389497,765.411305092099,1144.2486900123808,313.1,19696,189.35684604135304,10773.401481410645,3569.0244114321667,37.47006607055664
164.11467932728615,4719.010940372436,215.08659434645,1737.3174284719703,312.1674343226374,1915.6045447807544,163.0321635462292,1908.5973369859084,432.2368213424404,625.2769636360031,277.33398746497005,1177.773034781353,216.72712741169258,1204.8094687605571,275.6137628057554,1713.1655118109281,424.8033699635038,1986.7894335228111,782.7718026185319,1153.2251492458145,345.5,19982,190.32299155537976,10794.54156416446,3570.929898969374,37.570165395736694
248.68695117754388,4663.725162337961,224.1058283830917,2039.6783945324696,552.4530359100773,1628.1909488257882,466.015119534796,1895.2860061543452,477.55408001088443,924.5288568377568,263.65657651035366,1190.374496003177,203.36052061293097,1207.5335350569947,279.31710632511005,1698.8879616375661,426.28436751772983,1997.6607703736636,773.9186803997338,1167.662615930494,401.0,20282,178.14803078691955,10801.027669210594,3532.72533127919,37.67055869102478
499.4732309034598,4540.516266991098,412.17136339444414,2277.5226330743235,694.3319209694379,1580.0269877712756,649.290035385117,1627.911308408323,749.9317068336097,1002.8491423721413,287.9364687138008,1170.7564321246814,223.6609758574146,1191.0095075464812,258.68162005830897,1727.749640027914,402.2130784054304,2005.621615987776,756.5069721393504,1128.5727096044725,401.0,20565,192.3666814096601,10823.933402427663,3512.958060330083,37.77077627182007
774.6191778780225,4351.307827973916,626.2553181469231,2414.8235523823223,746.0736625750523,1807.6725061763643,671.073623479536,1437.4730196166745,812.988622799972,757.2796046928307,309.8371250621361,1161.942701397619,229.30034554873413,1165.9838859737617,236.62560556822982,1721.64144411912,391.9028117443857,2024.455182467137,752.2320121193912,1162.2654044287328,401.0,20876,184.08932674155886,10838.178650580285,3511.6995214529043,37.870829582214355
1105.2188037313695,4055.782100877173,854.8042335561202,2395.084205853805,670.6894277684491,2146.8271943147843,459.8672175091231,1695.7440696564315,517.1334849855743,627.2658739785286,344.1969326134719,1147.6658232869672,245.31726661633232,1126.8413715819106,200.576957271846,1719.9637637809305,370.2325190161362,2062.592767113332,733.7636488296359,1210.613477817861,401.0,21214,186.46076479843003,10866.94750041894,3497.9350479958684,37.971189975738525
1428.338608211463,3723.160257059315,1049.7772175111684,2223.089094330966,520.0015758034573,2303.444344634558,132.26147292277545,2013.66251393175,285.35897676644834,973.6367766825929,415.0045575704369,1168.258130709512,229.47194659420424,1093.7918055684138,246.3333080651383,1633.1253682492068,459.63036797220127,1974.9686615836335,808.9851322003797,1137.8964722852722,401.0,21587,179.22963954437319,10939.915991291939,3412.160336499283,38.071391344070435
1854.7705475062203,3248.219879722395,1251.5217115361056,1812.8113169302133,296.789294884567,2136.253464635833,360.4502730320263,1994.4434839889243,750.2860947168824,1108.4449224652453,492.69676020765905,1212.6089624111642,222.7600712034123,1098.8202363361343,333.76676147329835,1564.0161539561313,540.817375700249,1887.9979975768729,840.8216795690541,1042.3660771160824,401.0,22045,176.08011449309276,11048.946201696304,3315.904591305326,38.171918869018555
2329.4126018505667,2735.4901184292416,1436.6722485563505,1276.6964294933996,438.5674188740427,1654.2627821582155,804.9968217490695,1523.7488597448346,1053.683310068148,709.9911177869212,550.5190936208992,1275.4554140701139,197.00925355591298,1163.3138875326558,394.05237462409747,1603.7286805534175,511.47688820247873,1937.1360262436071,750.3457392566706,1103.6720311720953,359.58333333333337,22591,171.0514655304441,11177.184086590496,3077.672692493148,38.272236585617065
2837.2622211098997,2292.6361631560067,1585.9431545692396,889.5729898292626,799.5684110552188,1145.3127986415016,1045.5551629955717,1134.2420986480781,879.7247886753,421.653125287229,470.6672103548599,680.604724401064,785.1218593883885,504.9903658056354,649.8714618397834,999.1843198774135,1137.6944383252048,1288.0216952494,1177.9013432082252,566.8189762824551,344.33333333333337,23178,118.42003200798621,10526.229376282894,2460.185788228561,38.37229323387146
2526.4489868208875,2494.7861458510497,1645.9581360739014,924.1627132841718,811.7240979325637,1208.1752571873415,1254.7886039408554,924.3559862440504,1274.919704110649,27.43031623541807,737.670274674725,453.6687923942203,1133.9920790711753,171.7508247583977,965.8022077667775,704.7333274505166,1486.1015053337815,939.4252413665122,1469.2680410493883,438.1616583573897,344.33333333333337,22778,125.85138568139385,10167.994887641555,2845.3959501681475,38.47238206863403
2495.3133539949104,2508.2748318365416,1681.4135877781168,907.1567816816176,856.6150410781866,1177.1606045451138,1300.7498360169695,877.5249351289089,1281.565571870347,68.79017820067416,436.0323943648091,732.8136789196016,814.5307591406919,517.7833873500998,662.1524824995048,1044.2920930054918,1323.3068581851219,1066.6644856701164,1616.387924293724,93.44142111020244,343.0,22726,157.63557329251165,12161.874093900156,3326.545909113511,38.57254719734192
2489.749814982849,2510.680304592689,1689.0351415417479,902.8383203809258,867.9929955551155,1167.2111220234842,1312.9659946070105,863.4643048005295,1276.6628798661864,90.25607589831044,390.2882018907132,785.9485350727474,788.5540934655266,558.1415762193664,664.6182970292966,1059.6229800416204,1372.467625551945,1014.6588371774391,1658.1513700179464,128.06375717680018,343.0,22726,173.1045312673474,10536.28026222826,3401.178891672218,38.672608852386475
2398.954704415494,2427.1871577166544,2000.9349705300672,587.6831956487929,1043.1189123156744,1012.4171935497284,1087.3150555717998,1152.593558082107,1138.2750709578434,236.86516271419126,622.5823043591624,533.4831450384946,879.7613690938932,487.91200819112737,572.6937754017121,1166.9625972331796,1072.8311655022037,1323.089393958594,1716.276826972028,217.40756104314426,466.5833333333333,22399,168.1322695503229,10304.62118574772,3630.940834426204,38.772685289382935
2510.151210530503,2134.9589187933398,2846.3985537988615,551.9952895004508,1395.0603645932788,1698.5163801880917,219.15619936116946,1928.1252180876957,2007.8617824277455,969.1215264706735,1395.469331836501,416.4169574388795,1091.8423871064645,1163.813528576592,341.45082991633785,1904.4759198380864,1252.016563581555,1430.7205080387753,2388.231760059291,697.8519929238055,451.3333333333333,21455,158.97963456666747,9566.787983058108,4210.036580759787,38.87288570404053
3100.8989016481523,1950.9390532354507,3577.748553635184,1562.5601316791315,1661.438974862602,2655.078147646356,1142.1119848320748,2019.0234381604105,2602.0375324481906,1187.6074521201622,1395.4509789383221,418.34349334115575,1086.0944798499063,1162.2447385889539,330.9298635179098,1894.710287669694,1254.1450485359146,1414.8564283903545,2364.426824078423,668.8050917917091,451.3333333333333,20432,197.2335563475704,23426.647781901916,4190.405684125328,38.973265409469604
3884.19551493617,1951.3051978256028,4069.6775792193794,2379.5289492662387,1740.6438197725756,3125.2046143027237,1862.0190330283326,1421.8075470075873,2221.9980433271953,767.7547704066926,1294.6454740066458,313.36732845327543,1124.3095549672903,1108.8310378594597,416.8597506272487,1942.8114974566656,1224.8115062556592,1501.0193129117763,2472.3663348086975,767.8026556389073,579.0,33994,197.66743685048397,22277.348444979267,4389.52724394659,39.07336616516113
4676.841305312449,2063.39821856341,4298.0186902305295,2896.2468163537646,1581.5876199739278,2995.314359135922,2002.240333293908,612.5465680374527,1390.8129652375987,71.62651906880218,1233.6297664610659,246.4421682544782,1169.3401645693586,1103.7022942887204,487.63352932992626,2007.5477382491345,1260.6180801778303,1511.7528480850956,2512.3367890707664,776.219819043795,579.0,33143,213.7966821966121,22335.017099407414,4491.421208483078,39.17339372634888
5712.164425198903,2335.3211672515395,4321.624686929265,3229.7366353752095,1188.1550652752464,2223.0444564172026,1532.3454053089285,1247.150816507594,1733.3045178840832,1034.007279160493,1378.5600169004542,408.39360724039994,1003.4380635314478,1003.2874597344435,392.9564154780017,1861.526701461148,1080.294105011163,1690.1651775481162,2675.37387771705,968.4109919057453,381.5,32120,216.25383863197823,22145.6327551305,4591.503128012207,39.27344465255737
6712.196252322355,2697.2706849891774,4113.781931487427,3245.037328113655,859.7563881452528,1224.2255116402619,646.142426632758,2101.106722844205,2665.914990161698,1401.5762237481879,1351.0447612411058,381.1009365121468,1039.6202107912327,1042.3607569649027,364.72538788999486,1841.409435715082,1067.457830497386,1692.736207107638,2678.07930546559,1001.1333826731652,381.5,31097,220.83748451060592,22131.572022911783,4457.174300833624,39.373748540878296
6966.762547439856,2767.5781566440523,3978.6452969398424,3134.990409034185,741.3721986721874,1122.0503727308217,413.96185431083046,2082.5579325247127,2629.9540851796924,1213.4958773095086,1055.966206953081,653.4550739450408,1704.8846992448225,1777.6715905659798,425.2239040353059,1233.3489978044274,633.6077855417018,2273.7555277702777,3262.650168893976,1712.3618791316114,458.1,30856,233.3224105556905,23136.4948334713,5204.745443810672,39.474005699157715
6900.056434284162,2769.660906886001,4039.7966804986336,3197.8903062989593,807.4025452691867,1076.8138146099845,406.0017248117384,2152.206413425235,2700.667935608395,1258.3127158470868,1135.6240385416168,979.8580294350037,1927.9518803675494,2005.7014869874135,634.2912174861038,925.0807140071395,325.54947452864343,2498.5826613570093,3444.15523351884,1665.6802879186816,458.1,30920,286.7055345038388,23074.951095369976,5570.458687889051,39.57439684867859
6797.249892750572,2807.1666030939186,4156.032659722974,3315.2672109197656,920.8839599088186,960.4067102588951,320.3717024945879,2234.329431899975,2747.947484825082,1205.8531856839734,1390.6546730841824,1311.3220460074015,1936.664335995697,1916.0209382154212,540.0829554155159,1143.110868315366,514.1075861846159,2152.170902522081,3138.1928152222004,1671.8221386553917,518.25,31034,293.1481787114797,23150.91404648115,5342.570962137926,39.6744167804718
6438.521507111632,3126.884069046803,4596.20884240579,3680.223303142167,1206.000360666662,758.1809437177379,199.53692835140356,2004.008975303222,2326.9949633555193,866.813770529081,1148.8153065923486,1094.2389175581804,2053.832140476327,2129.331361605967,761.6651338942577,866.2092383405853,283.6533579376596,2263.768413032858,3058.060849729371,1407.9909849891371,493.08333333333337,31510,276.25283948578607,22895.891862572462,5135.177893907963,39.77466320991516
6330.200208902775,3278.791909101554,4719.661354315757,3742.8448185339334,1234.7713353456545,875.3607070309388,361.65274561711453,1833.254466325155,2206.8915393166285,993.8081039129693,1189.4391064184808,1110.208523424978,2013.9215506480232,2085.268603501676,723.1322083367023,870.5344478773883,254.09122329455835,2307.682330426611,3094.299055547287,1370.704492028006,564.0,31677,268.25785682414516,23061.533717544327,5122.165989519659,39.8749794960022
6353.466687305117,3235.4508936013285,4700.875630328308,3748.0798070889437,1252.81560774294,830.0191025849815,343.74975092928963,1859.9151190604866,2190.45860713408,952.2126258451531,980.7119968526259,1013.0481449738966,2212.758437924249,2331.380935682104,968.3651393034955,765.8821085514945,375.0867298682302,2169.596364513172,2843.166432658069,1364.0530574749494,564.0,31630,269.3866120657513,22854.48614538541,5396.784260597692,39.97532677650452
6411.228343599824,3077.182136847513,4733.701414915884,3881.5244320221277,1414.606691536329,798.2724623618502,496.4883408883127,1717.0436259972346,2068.54591128594,1106.519875313754,1066.2541716834032,942.4372954806153,2152.8543913014455,2379.6829899785216,1099.943966410899,665.0026121807492,533.2767769318333,2019.4866427656816,2625.374852537258,1585.6205409785907,564.0,31478,279.93100725564693,22943.39731470938,5335.331408115393,40.075608253479004
6406.563225379991,3098.647551319049,4714.716600332158,3855.1629489142074,1397.433930819178,773.7934812818569,483.214870275153,1732.7739678518474,2042.9774910617343,1108.6801828119171,1189.4738094958925,866.5917125250274,2089.536384877467,2445.2025383461437,1234.2373000377152,664.2083654220618,686.7147943532917,1862.0729386464097,2589.25054730215,1743.8258702837716,602.5833333333334,31490,278.8009839985258,23054.06661467781,5166.9004527477955,40.17580056190491
6394.64939649122,3260.095646568897,4507.471696414194,3669.320780967467,1385.7048776226877,546.1336768539503,592.3933206046256,1681.787107955482,1826.7734620150284,1316.623211846221,1175.7625158697733,887.623820874557,2072.000866663012,2412.163683048496,1219.4610372485788,616.3615700338029,695.4399935244314,1860.5722357782731,2525.052170042927,1798.1034987049454,518.0,31728,271.6598491357054,23058.922616277447,4985.532868052709,40.27588248252869
6393.024027598148,3252.1734819734893,4523.2639140682595,3675.0825688613018,1375.5452516453568,554.8571032605611,577.0404898202146,1695.9913758118378,1827.636385866609,1307.6274745253268,427.0912913500049,1603.5822631537494,2053.052119088988,1665.932655431593,1010.6437300343915,101.87573923842639,1111.4955449208808,1792.9396322698647,2052.8616073085686,2412.7560724231516,412.25,31714,206.8331136241177,22290.61550803433,4389.315724237279,40.3762686252594
6237.127515602169,3212.9580837325566,5150.036812174953,3504.4494967046635,681.5343534534595,660.3135615243845,783.2573839628315,2094.999503466919,1134.5743634371615,1973.7933268640688,347.2584508292829,1696.029611304424,2057.4980823158216,1572.339878555065,1039.8260723494384,195.38223055770655,1199.896169918083,1771.5049169694173,2023.123785310709,2496.7876800539448,412.25,31015,215.20389042300096,22197.954047281222,4432.804653444688,40.47644257545471
6013.280987695616,3614.529270104778,5739.808161743381,2960.069219831608,657.4625111816781,976.4701916895682,1634.0808652309709,1849.3612595793231,1357.9252464220776,2338.3235505469643,256.31224348821974,1858.0364898014825,2006.1549846924534,1444.9280786983861,1185.8872403386724,325.983788908382,1331.8166927545908,1612.0496197256157,2159.9569843547956,2463.553745888334,412.25,30153,204.50026361911353,22020.35611177231,4559.75266485505,40.57695960998535
5794.0949268447375,4250.516201425248,6033.9642229815845,2256.6070766844887,1429.1497949592124,1182.1502633849432,2015.7715570177743,1113.1087626466958,2081.764133973427,1752.476466163141,283.3523121037229,1784.2991839776892,2059.7931032271267,1469.3070038246938,1108.6417752173897,317.714343826261,1337.5626000299292,1665.2728894778847,2097.8190113775076,2548.4151500598123,438.5,29370,231.82351271965928,22079.870501421865,4601.853764913615,40.67711353302002
5517.392744078769,5160.12982996365,6090.535451182453,1337.5613110545844,2211.1100024279976,1249.3765169655035,1868.0161403753898,850.8620858288149,2185.84641613026,1206.041386425008,273.3104596738463,1888.9257112773182,1930.409224430193,1517.5078666832094,1175.346137752782,215.07055788829467,1207.3171404370069,1745.2423913925054,2018.0278392199702,2563.19073463932,345.6,28448,238.51918484625924,21928.707493865055,4665.37026385981,40.77737641334534
5225.74311316777,6170.375781369064,5831.812037945727,1014.2012932607744,2715.544644552223,1178.535293190014,1127.0840798995841,1866.4751047545797,1356.6252131911924,2195.9597882049297,327.3922691615737,1944.0178139433067,1825.1658474037624,1616.2443081108281,1139.4964409060847,111.32705545925245,1147.649353253451,1836.252843378549,1937.9392704071809,2660.9055588234073,345.6,27425,237.87454052572355,21824.520088556423,4742.712104725926,40.87794089317322
4962.510920006577,7126.410119669458,5279.844722787568,1877.419528685068,2817.872211308987,1069.9426572462967,118.8080018439748,2427.2205447423808,762.8145115358755,2591.9970144396834,324.3860299415391,1944.999826651574,1825.8734818726655,1614.1600949864408,1144.1630023765433,106.87070238090234,1140.9540495198364,1843.746240109389,1929.8795728641885,2670.0979886455666,345.6,26402,245.75442461274582,21830.45021405472,4752.823456279417,40.97848200798035
4965.914156323737,7116.063014657031,5289.260890947813,1864.576298635141,2821.9211331883753,1074.489619317254,120.8739712062407,2430.1003705086728,749.764343747998,2602.2309381473447,779.3684255686974,2226.4957115886837,2469.557189580654,1152.4419113058304,2159.8899980439887,975.6845164617529,126.2010898174839,2856.813072306553,973.9210639676688,3680.082117040139,389.9333333333334,26402,271.3256187491132,22850.751485474208,5834.698993284817,41.07856321334839
4957.895531601501,7128.590557318802,5269.996157471836,1881.0029073327842,2803.3595235192474,1053.3341749437893,139.39559341160603,2404.937919777166,771.1622433699424,2575.6985841944484,777.4292146687997,2229.7230763706,2460.5732312603473,1161.926246214294,2145.6704609160874,956.6684846300864,145.50340293214558,2827.646127157169,1001.0261178538536,3643.224243638138,389.9333333333334,26402,340.915044075413,22868.580394327582,6031.984977334847,41.17890405654907
4971.872148365226,7117.679442836195,5297.08963675198,1870.5652953817503,2832.1648601173115,1080.8808698113464,109.0292981973776,2427.49634922958,783.0227118055586,2564.063812544529,780.3864160395981,2227.1754095192355,2473.0142151821588,1156.3418988785984,2167.4295235695945,981.1500111625662,114.20958131242439,2853.4486425759646,1017.0314774033474,3626.188283120354,389.9333333333334,26402,350.86435967820955,22891.026369541112,6183.858297608005,41.279228925704956
4955.4045307643855,7121.607390332047,5273.752771450853,1866.1393115703518,2812.3733026232435,1071.6880478584812,120.61309829146782,2440.752629876011,744.4306798803589,2606.804882844482,778.1956716789585,2229.040885655175,2461.4660723411407,1153.9530035906807,2151.5746078114257,972.3873355536646,126.74839937808392,2869.447924106612,966.0096040094712,3687.489911452839,389.9333333333334,26402,357.39231548246266,22903.09340788409,6296.653553112714,41.3793466091156
4970.384410732972,7124.344132144597,5286.188097036862,1880.7486974291562,2813.2282799990567,1058.7333358433575,135.40625146463,2412.2605067506347,753.3680104058988,2605.053139443593,780.5784248738383,2230.0505201686774,2466.8527158126435,1162.4731518895558,2152.386451989105,961.4246211175547,141.02172348968955,2836.9941463054142,978.2669858099898,3683.8464900644003,389.9333333333334,26402,367.0711736760855,22897.496405362475,6376.285254187404,41.47958207130432
4960.890009141841,7120.123750121918,5282.595516281889,1868.2785160711226,2820.799568571418,1073.8087526134293,118.02092620574282,2423.3215199019783,769.6490678069191,2581.4526861108616,778.3948701541264,2227.5601872386424,2466.537440648679,1154.7393686498283,2158.92902678048,974.8639310366865,123.48651319844483,2848.7177000212105,999.5492884600337,3650.877445729359,389.9333333333334,26402,370.9624415486313,22861.898247894278,6363.707518340952,41.57978177070618
4943.972121543153,7104.489625855998,5295.46274758761,1859.1626868734247,2834.823283523274,1069.4151031793142,134.0953761886258,2404.182568665394,753.401978234016,2607.9144555549424,771.3395208190544,2214.3266440154875,2485.3938250294423,1167.8523498868165,2153.8431591932226,952.2317242247128,149.82735039294704,2841.091955298873,968.094540581114,3683.9825851977334,458.5,26382,367.69293177678446,22811.52576222646,6325.511910081614,41.67988324165344
4946.163732708449,7106.699083112656,5293.299033480177,1859.820057814515,2833.3696166634945,1071.8797156014866,129.43811450224408,2406.036496677807,760.4467694162613,2601.6109516927095,776.2300747099072,2223.5980622329507,2471.148765077469,1148.3330001024879,2169.689744222605,973.5063206451258,135.96077954310306,2827.471845976717,986.882998175379,3680.3376975897063,346.88095238095235,26382,384.76508071734247,22873.722449936155,6314.024721963054,41.78007626533508
4720.496362548825,6881.039464142775,5519.247858124505,1983.5427031419645,2736.1992698853155,851.2217764893398,301.8114368136397,2610.2047392717827,783.8442100039421,2418.622743020868,790.3311009475885,2207.306103321049,2530.2992996564767,1365.791259409717,1949.5207841236831,940.8899182143764,177.7211917997063,3027.3434177023846,1152.8784719330692,3461.6650096275807,395.85714285714283,26159,386.1658344853665,22749.38973841491,6570.743810310153,41.88039040565491
4208.048270163962,6397.117138495712,5981.0996556201235,2486.6599896157127,2253.1648948410802,849.9621985347513,601.8255501162081,2967.817184988838,1296.905913438514,2174.177255468594,938.9172854267285,2312.510365820751,2496.990626442597,1585.0260411300064,1780.5363862770325,1203.5629179120026,313.5642286757112,2984.430085511851,1370.8030985074859,3567.2541129781853,395.85714285714283,25639,401.58554313477424,22521.065132206066,6855.826287327842,41.98039984703064
3601.6671699762246,5912.16024748812,6399.815427370457,3098.71351754776,1654.6581494734132,1474.3847547943035,882.3848906108252,2798.4497360114374,1518.70271846067,2767.106891598244,1040.9754071821635,2404.032707715997,2433.2604443221676,1620.7822996882062,1816.5562730738227,1313.2353608315818,329.0672925124401,2879.229596514572,1335.1574175039823,3669.7319893935287,395.85714285714283,24984,428.0923752901603,22178.451551249207,6895.715019269468,42.08099579811096
3087.245694484568,5648.451635018635,6583.9647414177025,3499.1345383292287,1593.0872196892371,1970.9188305252794,903.7160829826632,2175.568400509587,1087.1875470724178,3006.05262887311,1000.1243097504356,2362.7259307566774,2471.372255716174,1641.1105433093333,1781.8174387625606,1317.639054118806,352.15640069288946,2883.0677651393407,1343.7270907175296,3666.9126769442996,391.5178571428571,24372,450.2745768216938,21816.761754647483,6903.374104760014,42.18114423751831
2742.0537253550337,5630.202862841466,6546.350138524716,3625.1209897822896,2034.5509723712662,2102.0793010173315,710.3522578770442,1974.4697084832324,606.5026133707936,2563.933261203045,917.9860103594505,2275.9787583580314,2558.508092828273,1719.8013122179073,1706.9377342677851,1392.7238886380362,424.99796730821316,2808.554397475378,1303.5195282933737,3737.6484071322957,391.5178571428571,23810,463.0438951847201,22046.06130859106,6961.072707222285,42.281444787979126
2507.6112593941584,5919.262923004116,6215.502227278143,3451.618832730717,2764.2374313597056,1793.4716634734186,307.293068429651,2647.3028593900094,1182.929499494319,2209.5926881827972,767.6704328682421,2170.0145322237277,2609.935318270189,1800.7573953813119,1935.6047096476887,1364.642017468669,89.67423148610388,3049.2065239952635,1492.5538663458422,3469.9538036696777,398.01785714285717,23079,442.6405294911734,23044.08351254269,6826.455148231212,42.38146352767944
2550.4509758636004,6299.822257909006,5819.042000899673,3113.747937267549,3097.7998256733285,1320.0044687170337,394.450585227377,3026.930587550489,1559.749774674327,2712.2810680870507,1290.3713997777734,2579.407580035038,2398.9494636225786,1573.6560112912857,1555.213040325989,1439.100731824226,545.2594126660347,2686.8640644923985,1156.428387595405,3496.381180977892,398.01785714285717,22533,421.27404183510487,22977.555430611974,6611.842212545999,42.48168182373047
3029.2777000555143,7209.535445849107,4879.6348391458105,2195.0752231974875,3202.3217278807765,560.391299424004,1004.4047393737746,2773.7342768722524,1365.5954031441302,3125.774083078679,1412.6386080969514,2667.6662148382725,2396.0298975110236,1583.0605374615282,1441.503432770539,1531.7554117192983,644.2396504352602,2570.918127691876,1041.231778735164,3420.8642542777066,351.14285714285717,21562,435.5107685253294,24080.73348829284,6558.964523487757,42.58193230628967
3824.4682374261556,8216.473339606573,3881.8551566139595,1215.4460043236493,2842.338486689066,1370.8533244228418,1479.8778043472328,1811.5046230573344,522.6366321076929,2366.6398481486553,1114.368406197384,2590.403611616906,2178.130990110217,1291.4508020396981,1647.8982056448385,1358.9306141274055,898.0661728987675,2405.9925830913085,830.4005497936772,3382.273293722036,351.14285714285717,20539,436.71279226467345,26750.987691648526,6164.6328277059565,42.68212914466858
4474.050207201814,8895.745492891463,3341.2641495744006,986.7880030660839,2289.539073970328,1997.4314439177574,1460.7322511098864,1470.6594824485346,314.9404809960348,1896.3198292911625,702.3652854002919,2782.767840541623,1560.9393286423378,610.9305342201212,1751.947483517629,1812.7867752208253,1525.4102072653752,1729.9190025034225,409.1239834442816,2682.8944867624887,301.6666666666667,19843,382.68694948351236,12628.461295005014,5475.551879654658,42.782291650772095
4216.569715104317,8672.914407268925,3440.2232533810256,862.5591408460377,2552.9552536355204,1947.0786153829215,1671.3604474098572,1267.7604950393718,187.9744474441037,1687.0813347674693,679.5734311235143,2897.086094212902,1346.2083940161285,368.2486799847613,1860.2833595313582,2018.0317685411271,1774.1919936034992,1484.8806346124727,469.3963426481679,2428.0145560123674,351.14285714285717,20107,383.82995576922144,12980.004611669152,5756.9190760785405,42.882479667663574
3202.0510713117496,8071.759120975853,3527.8043250750707,546.3361960389817,3328.3477616106593,2787.118107260744,2600.156519887084,643.6319109495794,1204.2743952949988,1325.7479834120718,1037.8983044770778,3368.8576073105414,743.0778990195629,582.5543655240594,1862.4469005116014,2705.286129921767,2106.924538098113,1610.155834337011,1212.7396086312885,2609.4410190027456,351.14285714285717,21117,380.9184684131637,13497.785090067367,6395.175705738926,42.98250079154968
2305.073281493379,7876.808114837605,3432.723363419318,1024.155326845132,3615.406350416172,3621.038647201616,2881.315449179673,1503.895246659864,1631.4425554524648,2221.589705336922,989.3757252306393,3316.598134632518,791.0497077424883,543.6816083689218,1916.2895031819314,2731.407356870263,2163.278806617504,1595.4552032099177,1268.1051594995113,2620.4884617784783,430.47619047619054,22035,413.29493458188267,13365.821443191866,6451.090240516018,43.082932472229004
1483.3623215253492,8057.095311410469,3152.508000990075,1573.3305702152657,3420.022720832807,3958.393060209004,2463.4699063051344,2070.5495269924413,1290.788538846113,2403.291783106356,1154.5661733620425,3479.0235419871965,693.033555684768,597.0361689523359,1785.8140651528151,2573.254945337211,2094.292954117799,1465.546315072531,1217.746009091186,2487.3432530262303,381.00000000000006,22886,411.18380504079676,13668.648358936844,6309.73137702494,43.182987451553345
864.40445531948,8644.899217102426,2647.7272050759757,2090.796435905225,2713.552355069739,3635.997951948536,1474.940654349351,1925.832799222226,297.56538974026097,1520.7916240430045,1158.2551266342675,3479.571077876326,701.7321299922269,584.0470214618972,1798.4522191344101,2573.328056893115,2120.994194489383,1456.8973592070552,1255.895024901586,2519.5230794608124,381.00000000000006,23909,393.6092063415101,13769.313368548637,6231.214780623134,43.28316521644592
1250.5671766778044,9495.232579521475,2019.7770683114677,2445.8000245954854,1726.9994618758183,2764.6883780459784,1145.7867417385144,1109.184192622764,932.9704368827106,1215.479757799531,397.13510218649856,3066.8970275921083,779.8741195303237,1276.6813618385797,1386.7381739842117,2492.904132313556,1402.6514520428054,1276.8249916652894,1134.749517640198,1885.1810436293508,423.23809523809524,24894,334.81479845754666,12984.009600543068,5538.773259560592,43.38350176811218
1384.8596047258488,9650.84669170988,1889.344044551204,2436.890278904077,1597.6373900328415,2616.678131975178,1297.158909978374,967.3426975912735,1007.1664004857731,1378.7518123601026,195.37136667739674,3015.8789963932372,930.0087782476627,1608.08694069923,1132.6963101349415,2296.892436667624,1380.0848831122055,1041.5188487210612,1414.6474756348853,2031.7190170301687,381.00000000000006,25066,318.86162191894437,12580.646685555801,5352.402971009179,43.48368978500366
1387.759052622402,9653.925292426262,1886.3862422499303,2435.252479042275,1597.0969952569335,2615.915915960921,1298.924350276761,967.6442601512958,1006.0754561336624,1378.4612844748597,215.68465059168096,3022.364350768706,880.3142776101215,1509.4468011214228,1215.110570678987,2367.9087275468933,1364.5548092795393,1132.4203847303836,1307.150353480087,1954.3632492027236,299.7619047619048,25059,329.91612073323586,12677.681931691974,5392.604501938138,43.58411502838135
1325.8744807078035,9596.234833526245,1946.9350502561251,2496.0122514069626,1559.390199094207,2574.831246868985,1319.139370612381,904.5045576687377,1055.0682351287737,1441.4533394076734,207.03523784308703,3033.024735985668,882.7247033341,1542.9738825037355,1164.2340585425013,2315.4346887537786,1414.9474180793056,1090.6204747610002,1316.7923110270403,1997.4179634140555,341.0,25004,340.5137492341195,12638.429216909433,5408.382042989085,43.68453860282898
1252.1231341826501,9541.39323484995,2001.5895088147067,2566.2986086582837,1487.0934766446294,2501.1863508669658,1391.6336381498606,873.7406775587033,1026.1958458571482,1441.2022448796588,206.73129186915855,3035.6830254045403,882.4305955226337,1549.0914827913914,1152.5213528511845,2303.25606575531,1430.2511557635469,1089.3355420139883,1305.5076049520114,1993.8495405464841,341.0,24923,333.0768698167717,12623.440364465156,5427.552137812712,43.78488850593567
1263.8820135767,9547.279554092107,1997.2578901376337,2559.238762364594,1497.0880975458583,2508.024795610967,1384.4560390886882,864.7881129290249,1038.06569912223,1453.4011023694788,324.4645786021704,2717.659001590177,1220.448911791326,1859.8456848735152,919.6278859582677,1989.8460110452686,1736.0127089426373,1037.7966163199762,1125.7954261458897,1859.2731681169553,276.69642857142856,24939,322.87888854702334,12976.778079382922,5266.447786414867,43.88520526885986
1549.0572362188655,9609.257646649297,2050.775800382034,2578.9530073126894,1579.182686857543,2420.5838886761826,1545.1829539326855,639.0386106912368,1050.8329143882645,1474.7532387686347,429.6276259169798,2582.819539169559,1347.7835826744908,1987.5349679584285,783.7247142186039,1896.3946330221604,1810.4546331273739,1173.7705691138915,1015.7855375460801,1750.8749714647884,276.69642857142856,25228,306.5450071718441,13110.678286468494,5152.654049199617,43.985532999038696
1655.7155633094594,9601.121965918148,2126.4798583718584,2656.117906088224,1539.7395558863698,2317.486487088047,1656.1890301617645,697.1948506434246,947.8131033625973,1366.2070500688249,248.09856036044803,2839.4911738992023,1093.658755469331,1725.7674377794885,1058.4300674496405,2121.7782213365526,1623.7629138140935,885.0764810591553,1292.800869892819,2029.753997190262,316.23214285714283,25345,317.0103550447636,12841.715907561462,5440.458839335644,44.08584427833557
1202.6289564686854,9817.05671146782,1625.7038126710095,2123.8922584058405,2040.8424299275357,2797.6589213224934,1582.767121351369,250.10442891022745,1317.8252036323036,1571.367653989448,743.058730458399,3583.736123208445,862.5247083784383,1501.1359078832784,1639.1617595504172,2100.541111693226,2178.64340714237,891.353740773288,1131.5023048792114,1645.6724504808242,344.85714285714283,24799,330.6969299897147,12080.513567305168,6105.61112147369,44.1861093044281
923.979042956893,10238.682401016762,1023.5640347285918,1595.7510398755953,2594.1183622456538,2967.2163082072484,2143.5508121195444,794.0449685215993,1147.906242238683,1102.1633098415523,561.5018471839774,3462.599326598735,714.9866749810512,1337.6021246161522,1730.8035675148421,2278.308376741534,2182.880034116847,865.4375702379566,1215.7986408042482,1595.9255247571841,344.85714285714283,24199,372.5921964388109,26598.212594174067,5946.276169774701,44.28649592399597
993.0408277133242,10613.35428579555,685.8275697060438,1492.7129816862464,2804.6410309864727,2780.4142305307673,2469.1274170847037,1087.5841481372995,732.2150462797363,818.8827588485663,473.404205874833,3428.470281138391,626.5565058816486,1245.6456685351384,1823.9210403555012,2331.793885010516,2275.1602488325375,963.767149733732,1142.2340459884213,1475.7062766963684,344.85714285714283,23782,370.4546602871511,24569.27680701676,5915.681337738618,44.38670539855957
1064.8049778654938,10737.312236678295,670.3950483861308,1569.7063505937579,2764.6373998902845,2655.843845174543,2424.1951494908913,1020.625365016686,731.2140295766817,943.8234102324913,139.31063331375415,3360.704194563181,273.1478171807309,945.9357220857528,2150.0340934740384,2401.429021030026,2564.3123500943757,1225.128613033817,914.6910814825724,1347.7952631616627,367.85714285714283,23659,372.87417336286154,23813.30725770114,6096.447260146813,44.48701024055481
1029.4007105297605,10692.755029657776,645.0133406805817,1521.0286365537524,2813.3305928943796,2675.037075131204,2476.5757937561816,1067.7041524244144,675.5091881531005,968.4800729279558,191.54770169871867,3331.7357171801173,337.43362318489153,942.4139701052566,2144.7275853087563,2467.30697284623,2597.3036532637075,1277.6166767807947,863.0807056300988,1331.2294097631243,362.2857142857143,23696,379.22788619407413,23544.08194921344,6159.8936620269415,44.587475061416626
1083.2032608781906,10745.463913544063,698.7210139315732,1578.8869231607136,2753.5694218576145,2705.144679434786,2451.0662195349455,1078.1694050030057,674.0435389490808,888.2011581379921,146.1972331745392,3417.3017297610622,293.1304120720842,1027.2875393156944,2059.5904736623024,2381.5207507016003,2473.856613009226,1182.2903549845262,964.9448382220882,1223.894185683377,362.2857142857143,23648,379.423312010722,24092.03319389323,6048.3676381753285,44.68779540061951
1063.984009434764,10735.790002260186,676.7028576174715,1575.2238302880326,2752.9875556046595,2676.6977586562275,2422.0343555358068,1042.5542183015807,715.3376567663944,863.0830906625847,160.22099653712243,3445.2012343884944,329.32585722239037,1071.7353425048113,2005.492440708498,2427.7291105096365,2465.0110179311496,1230.7100112397436,941.3886064716128,1123.5194961475684,285.42857142857144,23650,388.68570908016784,24319.77641174041,5855.582597000981,44.78796982765198
928.8118122331623,10672.680941679335,536.6522268091749,1570.4657613680035,2738.3499618918286,2545.6044362967154,2286.2657219739285,927.3005407032431,835.0675667837764,754.3587046056374,180.87088904201602,3487.4155398215676,349.7129677274705,1115.671156087847,1963.8111687783871,2435.0802187898644,2450.726829379096,1240.3529729726026,938.9656920688905,1116.0985706590393,347.5714285714286,23804,364.7773814989223,24381.98465054763,5615.725054650609,44.88836932182312
853.5779418804002,10664.565231735693,482.12521905271046,1621.190411047386,2676.1401537913052,2534.5673278131303,2242.1878212543647,963.958746355099,803.026732912315,719.9815945447721,973.2459762387928,2391.928159104838,757.4160717938033,959.8638003449609,2484.6077860320106,1433.2455878889334,1399.806972314622,1100.1091523565794,1736.8623299014973,360.5255303287476,223.4285714285715,23881,246.84380419761771,23308.680125877796,4531.938740159621,44.98845410346985
1693.4284000045,10526.922639705963,1075.577783011662,824.1406196995592,3512.8409551395043,2025.9064937155422,1988.5885510761923,190.17320802353666,1638.7427399572246,347.09082472463996,874.2439363294305,2491.8826199032633,657.9332436165513,922.4999040478672,2420.8238671474382,1524.142866614956,1500.654904499114,1069.782300297102,1645.7514333414915,383.6661067286011,273.28571428571433,23035,238.76336445226661,23495.99153980903,4600.6113182259305,45.088719606399536
2222.1145670493443,10312.211478933143,1461.5537965139547,312.79663010707725,3877.9706548220324,1501.014424618367,1503.9271348683162,661.6249700097044,1764.3934127011412,300.6628615217575,577.4990708401809,2791.678600043988,445.4305672748643,674.8345862629561,2495.9866669307758,1593.3253997806012,1687.0873091811986,752.3197922818895,1800.5547834525028,115.23838318701985,273.28571428571433,22509,248.52649905712195,23767.305740171832,4922.566416606438,45.1888644695282
3083.4638369483346,9762.986693204473,2023.597076022623,786.795599705677,3996.2385818926605,1051.7336009590388,929.273962450858,1352.2498984042606,1107.213228217175,740.0527361291885,891.1195325057789,2515.900255400991,576.0906223193872,1027.5457487460321,2188.548515419337,1821.5620566767227,1848.4668987870182,925.5216918370892,1478.3622365518352,465.91582844236194,248.0,21625,284.82994002431735,23324.64296743651,5356.347971223404,45.28891396522522
3903.247098693691,9076.459751907765,2486.387596787883,1629.6044712186388,3625.727566490963,1752.2664770056508,1627.8003598101207,1506.1902137152676,504.92439156204995,924.1187798190757,874.1899029710358,2527.155536550685,569.3998424711656,1009.0756526290704,2207.7431890338635,1802.5450053992918,1829.732428644631,924.5271632493985,1488.2091692412369,446.83312539836476,279.8888888888889,20762,283.8011152546433,23453.16414567118,5327.4956817268885,45.389188051223755
4812.394387462997,8168.973018476319,2895.355722163709,2438.7138767072315,2779.969970565834,2661.3224553589266,2483.5458535889034,1090.368517730956,1449.4185808705563,696.8877168750512,954.9146176282687,2503.743937254779,555.0578412333864,1063.6426914540627,2145.355939645293,1863.383709481955,1885.0811829746976,823.073831811706,1590.4021763004307,344.43587874058096,222.77777777777783,19794,260.28006293895095,23489.974230532975,5382.355120647557,45.48949694633484
5372.094170167485,7543.563395284962,3029.2508233959684,2773.004087346067,2167.476518612369,2910.1039989991987,2587.619139087477,499.91636112120614,1728.2009254833376,273.90172808241516,759.6751199930014,2478.115927078468,795.8367697812363,1150.3375917207609,2087.5527518427125,2020.6005812668247,2105.520628627496,897.1473270851122,1623.1439735257682,454.75803152123706,328.11111111111114,19147,283.40925168274504,23939.243534037843,5584.6517458156795,45.589505434036255
6250.2950777629585,6542.041292527336,3057.828960093157,3003.564061733148,1843.689816703413,2673.2196461629424,2000.0706339454334,727.7770940468569,1284.2228658650938,756.847283961632,949.7354191123051,2627.922761291713,408.0220879500489,839.7418739491959,2400.2248823368627,1629.069221638405,1733.1608409993994,1209.9659792302657,1236.310160387773,781.2830087848411,256.22222222222223,18144,293.86316008539467,23567.912888661805,5865.799382972538,45.68951344490051
6223.728002862257,6571.351498534314,3061.853511199791,3004.4554856365094,1828.5917554120163,2695.747372350208,2034.1289267948493,691.0776244110459,1320.8840352668633,734.7127602054419,1139.3606396948376,1916.0343310760322,1626.098117618268,2048.6194625605226,1315.1099012119696,2477.1332853031977,2026.6042610469897,1034.0768069162934,1583.2103901752612,1196.191290289341,285.1,18144,296.6039920885278,24828.15588746172,6398.580661640726,45.78974914550781
6105.434939637469,6682.933264150984,3192.4885421763956,3149.421566390892,1650.7730136308903,2854.8562233627313,2110.01976436263,809.4014374503804,1335.3925178590127,903.6418315468809,1407.9026430144638,1671.9073405557058,1811.6190514048546,2177.9051933067913,1510.6226093309651,2237.651588563575,1685.7269784090113,1192.671769019494,1272.414370442384,969.7916648946106,285.1,18367,362.3229768021889,25039.284742318734,5911.002307730532,45.88989233970642
5814.705825988657,6930.24126654808,3739.6272995147324,3720.12714593999,1261.178958094239,3077.495893712814,1922.2819400559958,1364.6005157332233,887.155150470714,1094.2640416438612,1534.6499122575544,1560.3863031352355,1874.3420930218415,2202.1627380419336,1613.304680046993,2140.641870334506,1616.8746783465874,1181.849655670343,1275.454738137087,930.7166954766562,297.1111111111111,18887,350.77985401181184,25094.07611666794,5897.487687200604,45.990071058273315
5661.571890302914,7034.7541921194625,4285.161637128803,4185.2428801318065,1500.9706588067336,2836.6328190863424,1375.7294692130106,1484.7904795436584,575.0855796730315,637.1517557002182,1447.1689994351775,1640.4364160722007,1841.7876450801327,2199.203617890153,1534.558941131422,2216.466210742153,1665.6562285981029,1194.2630220155636,1281.3994262527142,995.6610028794734,344.91111111111104,19492,345.2190846061198,24991.573767862512,5996.282542263398,46.090325593948364
5641.587123392913,7020.240365299005,4703.329485250576,4425.6273120456035,2001.4083319260567,2362.78562968264,1062.1061164216064,1198.387008938686,1049.6923731138352,350.02523931603594,1317.863195999941,1769.5288902953062,1898.4007419163513,2312.285798491671,1483.6791319895333,2226.9686650752647,1541.9173667771754,1276.1728780137014,1216.5090641387433,859.2027412854761,360.2222222222222,19970,353.7652951896288,24876.92085048039,6178.508657763245,46.190593242645264
5724.28072957752,6902.082147642378,4904.97795626234,4392.564916953781,2329.5717303491983,2041.3288502714809,1355.5124316911783,807.358112394198,1236.6750568820548,757.493980403623,1503.9978465816307,1609.511090471005,1714.7650739593275,2134.348091088626,1335.1357823036549,2435.2501940756674,1622.499193620873,1489.2962454216206,982.551844842259,789.5978473813667,360.2222222222222,20386,348.513973239394,25075.1442460594,5948.162935814249,46.290942430496216
5967.515829385105,6608.891211289221,5001.409464419213,4077.073710356451,2536.383878059766,2137.7475037701665,1895.7009452889497,961.1304140486739,965.0655870831904,972.5164205832758,1616.5016153789456,1548.077922700212,1590.0575219157008,2101.5809486882763,1199.4147680111153,2523.1862425336262,1505.6906871265517,1551.9575585424416,1038.844132210634,643.2168257221433,360.2222222222222,20961,318.13406068112573,25191.92756522123,5768.511704205797,46.39104175567627
6423.397167725366,6103.637010638055,4870.56489655545,3428.52385839907,2406.47736984954,2831.4729284636287,2136.083984045118,1663.5759506917802,265.4207768248885,588.9040216314794,1646.7651746690492,1545.445004894137,1561.2770113443382,2123.9914562232993,1174.957738652616,2506.976465458113,1452.354210861753,1509.0825339260707,1104.6993931466436,681.3862559386228,329.2361111111111,21665,319.3617532274528,25254.355215740343,5712.780365029492,46.49108338356018
6995.947896214824,5491.246419393383,4518.2081094649875,2717.1006893321082,1947.5025610408013,3412.257204396748,1841.0565591095706,1916.660857433188,832.6443938118897,138.77096077064445,1609.7750186692138,1563.2645327530536,1602.9684756115096,2128.337169605723,1220.9270368755115,2487.0132686229317,1507.8198571347978,1516.3676324115427,1044.9480592816435,677.6291980961461,329.2361111111111,22408,332.0925247841028,25240.046362964997,5754.456431236524,46.591323375701904
7746.006353262778,4698.849414653999,3893.8384985918337,2220.6524529059843,1155.2504518181781,3557.785969137824,1047.0993286845442,1505.1242590288434,1411.859210151987,882.8420272858373,1663.6256560659683,1558.5329964590069,1558.1513259193903,2167.9671324797287,1199.37376319465,2442.8547339762417,1459.896181502502,1433.8943246324038,1095.016405957356,769.0385640244918,277.66666666666663,23212,349.03898473831543,25262.01285534195,5753.997081607127,46.69179916381836
8489.696308841687,3932.4227646479644,3172.9606956644834,2440.512838729856,540.8779934503092,3152.167239780617,688.6750249529676,740.0477995386796,1315.3838702182695,1075.2116997028456,1502.8244378115703,1406.3164159260616,1494.3017664438428,1919.1412471560986,929.2167284869398,2583.5332367887427,1199.8148173988998,1236.6628633815476,1291.297502159131,1010.5458213759906,297.2555555555556,23993,328.687326738685,24842.711814586088,5337.153268167469,46.79206085205078
8971.257349221301,3475.4114023948823,2692.0035671450105,2873.4889419503793,793.1014428863292,2678.0738579466242,1134.5341937967319,728.6853935193968,872.091171500017,744.2089113399406,1434.7533010001707,984.8132264034526,1195.7367116570272,1768.3487219136798,576.8932658738162,2375.1680591125114,1279.1001985751166,732.518307452061,1109.8295695672605,1146.6797285188516,297.2555555555556,24472,261.61672588787013,24039.44652445402,4539.13712957983,46.89215016365051
8656.646552621773,3728.3987896966596,2962.0227946981177,2566.079766556306,478.72177372530246,2917.5961342707606,945.3754196299332,414.32767409105537,1090.2792640708597,1023.0500340449611,1449.1920095168875,967.1575603842302,1184.4204284962827,1779.573164377534,595.5426638772507,2355.8750650323605,1315.7617414988526,732.1639216600331,1095.461365838926,1152.5900062059795,253.33333333333337,24158,271.86719830835136,23952.970470758224,4573.754840390686,46.9921658039093
8320.966298191475,3946.880252746613,3168.57990359849,2353.7318015760375,368.1827393017334,2930.388068490191,1166.397255951194,449.0137907112735,973.0591961112021,959.862317996499,1457.5684477064437,956.5401783790385,1173.6297927679282,1792.4234691377728,610.6209292745075,2341.6944003297817,1330.459549568684,741.8047301965728,1085.5747050635957,1148.1492681794275,253.33333333333337,23806,274.5647349334709,23857.975197659936,4568.821213587722,47.0924608707428
8079.89135019451,4055.4478102849566,3230.779081376013,2380.5195830407415,599.7491987723374,2732.0319372047147,1415.3258211955283,708.8786564740354,709.5817604250568,696.0741496480495,1411.516662111197,1024.014009026235,1249.3425738777225,1707.7450848074773,528.7163672958518,2416.294814411166,1297.9056070411723,683.5016818501659,1119.9799518513876,1191.4313600188607,219.27777777777783,23552,286.30816546554263,23924.741749965753,4640.022788100351,47.19266724586487
8086.46961640009,4054.7199462180834,3232.918778310716,2374.1983891523814,592.5872143996306,2739.9969744907066,1415.5666046869146,709.4249715979666,707.6758948682857,692.2264031760985,1246.7283619104317,1305.324131501093,1542.9913784538592,1450.5519632076055,480.24082905983977,2466.1094234310353,1513.5370841512527,867.2346093563908,889.4152356050919,954.6924438406804,219.27777777777783,23552,289.424480365053,24385.130244269116,4904.9421946534185,47.29306769371033
8112.369126608545,4060.47966188937,3253.85743173397,2340.378101095538,579.5976338598383,2756.1146634916686,1441.4774767897434,737.5930291505131,677.4710155969186,661.6073231132763,1195.2619857026498,1374.8555652019068,1589.806897496203,1465.8517933762164,553.6289905967252,2392.3436012748834,1519.5754131203203,856.8424980208544,932.3991330511589,1019.8875445432327,280.4444444444445,23590,306.3115183293574,24671.497523079506,4867.705948297848,47.39327645301819
8181.821193121431,4112.805056854861,3353.2582672955523,2241.3364629632492,633.2738506178868,2710.095651458248,1542.8412952340248,822.8200801709305,635.3340219446666,671.5830231854607,1279.8066240715204,1290.6540101796531,1566.5169915394831,1388.7524921974307,487.3930361194936,2457.6548648255957,1608.1270361465604,962.4698750400752,829.7223247253417,952.4397588237305,226.41666666666669,23698,283.10623929651115,24565.368608352837,4782.237841312495,47.49328255653381
8004.898392984827,3856.0513018673105,2993.929766477568,2428.038770208337,287.97842411336717,3063.8148821942455,1564.878155884631,1007.4802734627748,345.7368292044117,320.6328578228869,1543.6985876650479,1050.0767542630251,1516.2450408776174,1207.5748911759847,374.3142150706379,2706.004078200474,1873.6842431199127,1287.6768506142935,496.1295367837847,750.5631950168473,281.22222222222223,23339,304.93965402865484,24052.661612341537,5155.482178173287,47.59369730949402
7898.132069958312,3550.088477284581,2700.8387695227857,2437.295966631474,135.90802633843177,3315.7612041032276,1904.133385836587,1328.9504618195208,193.84782577217334,569.6790120054974,1560.1198738319324,1036.0045036648085,1518.4843852959436,1187.8324372096542,391.55036395372736,2712.8570720934904,1912.700019873866,1316.563383431533,516.0666737351711,803.8746052968323,361.05555555555554,22988,332.0129311148464,23808.146359263214,5257.373319655896,47.69380521774292
7844.402727796099,3075.2076609176834,2495.576235722295,2245.8722898214146,624.3105059553197,3331.2347000598966,2263.136759325674,1444.1749772778064,686.4138269030312,949.299845980168,1797.0770813118681,1067.1386274478025,1729.5366904508758,990.6922815009154,591.9992159188746,2511.256767362398,1834.8291384288357,1160.2280135074143,645.5524410916935,800.3180319850835,306.25,22501,254.13723844531216,23578.266033877597,5353.087304951343,47.79392218589783
7895.9121027284655,2630.411212116523,2602.091852284195,1894.6485058360975,989.0028608603191,2994.9544205826523,2183.3470357211218,1115.3773433857227,833.0009381690511,773.7948672069899,1680.4097389183892,1022.4662357469633,1615.8663829375091,1060.040269319109,521.235263519116,2609.8076687236176,1924.0763806059472,1258.7640134520755,633.5478668341632,872.7382082889396,280.52777777777777,22053,286.8149707881141,24812.515669176988,5367.17644696678,47.894160985946655
7941.325242407063,2483.1902407534208,2710.898249272069,1739.8797636844024,1062.5329435989345,2837.9139171342645,2050.241561601736,962.6873839619957,756.3361413371808,619.3257088122372,1107.134147266424,707.4424113451638,1198.5534923462046,1060.1236361507483,964.8823451763008,2491.6781016837126,2136.1260846406485,1006.9512752067693,1035.584133383366,769.4143673892526,280.52777777777777,21897,347.3599298750982,27879.08390782241,5225.591410494728,47.994223833084106
7880.505814426583,2591.0710851441395,2579.1228153644265,1866.1366966908247,1104.3411821061484,2912.651508116785,2169.031397614359,978.4970981075876,886.5874522653045,645.9433101251363,663.6450817653806,594.4191098170735,1436.9675679230304,831.893388442262,1560.3195371158383,1790.7295840854536,1529.2059049374407,611.646231151792,562.8917460368286,551.9602132139021,286.8472222222222,22037,297.0558337502874,11318.457112239357,4485.518370250924,48.09469723701477
7447.500900207394,3096.950396507541,1796.7652471675053,2349.2419575774707,1877.2748832644406,2680.805988705567,2211.2965525677255,381.82311597038813,1051.0087284637088,188.24435267615274,684.3059525544867,573.6457002424239,1402.7232877129968,833.8251739349029,1510.9730675808837,1844.1904365751425,1571.5928715355553,620.4442704320048,578.1703740864756,545.6198143158005,286.8472222222222,22831,306.22546529609286,11209.02066294325,4521.065491467369,48.19472122192383
7237.822144964552,3267.9843283131845,1558.814635310934,2431.0730326271273,2171.7739091825288,2386.6953677335637,1970.4835573548262,48.58192322665145,848.1492579948236,302.2086566672702,900.9382902219464,711.3162291056453,1058.058126317507,1147.2996549544678,1406.0511470738259,2168.0884641392745,1990.2641900208218,367.4468838038294,1032.640102052689,100.8172417505296,286.8472222222222,23186,275.30875147307404,10435.52891339947,4999.596967611458,48.29497838020325
6821.076394685016,3467.0300202746494,1541.0829240253236,2312.4314240323533,2414.7320716395316,1847.729034481822,1401.8686430922735,566.0900240848835,349.89664522866093,498.2142031117933,859.982491374018,730.4747033102224,1073.8058406298487,1092.3726304244424,1478.9345713182415,2000.3959979683902,1779.2943263310367,560.702764489578,827.0668144889007,356.62714326021455,324.3333333333333,23761,276.60110426663357,14497.030871746048,5002.617646231563,48.39528465270996
6549.6273454636175,3520.738035187259,1773.5458252377396,2100.3913861448377,2348.527919011006,1846.4700256415283,1420.3036108473786,760.4929157572689,652.1701050991047,432.19563600643835,861.043170695366,719.511724849925,1076.1892750200293,1098.382017789058,1472.8275736372536,2013.0683905436304,1792.091155876662,523.0853637804033,812.9531675945219,351.4130054964856,324.3333333333333,24140,279.86898432440086,11806.758202364073,4923.960486598524,48.49549984931946
6225.132973521306,3503.39350233442,2142.927283035072,1748.6316547360075,2067.988335109916,2180.548133979954,1789.0858644280152,703.8302199116818,924.0273878815178,119.21781518413184,862.9783466624029,739.4559584776756,1068.8559718471167,1093.1197464682832,1477.3699784104954,2007.0293348140963,1792.5423047249199,548.231739438501,847.0278766884994,318.32021512617666,320.6666666666667,24498,286.3767568165154,11074.301095086063,5036.736405528044,48.59575867652893
6086.552233405643,3456.7289975114077,2289.8105652585555,1601.4157066120536,1916.8457444948444,2310.041424038269,1881.3331688253243,561.6884432244133,843.8463859380869,64.41028966526883,898.497735215402,852.1304976602825,986.579232865431,1140.2145233257995,1582.3553350748698,1896.828382892176,1714.1264428896745,743.4115315454201,998.7383045221097,293.966975011208,297.45833333333337,24669,297.14802563721173,11142.45013592633,5222.818300479004,48.69586730003357
5768.904394544056,3289.3401389100513,2560.555373025584,1391.4174350341161,1686.6681867987606,2403.8605493949535,1820.1301720285342,378.4892311803101,514.638223904168,394.13776976835896,888.2335125756729,830.3373669833074,1010.8194125092015,1125.3430753273904,1554.8630662278383,1914.5636727236824,1702.1721876402892,700.3905263344592,910.1471829151343,373.4038594508651,348.69444444444446,24993,308.5815108720693,11408.75351159774,5186.7928351754745,48.79635763168335
5511.098505550966,3102.0707210770283,2688.996639187844,1440.3423491770332,1750.0915530635816,2246.9740592048415,1570.0741675794663,624.9759183738545,630.006601547993,408.1674718009869,906.4579324856493,811.854047570985,951.522004303341,1184.6787423970716,1613.4861737776837,1886.179319608022,1732.0167978297477,712.0104736145358,971.992086732016,275.7804048597698,292.04166666666663,25247,332.47074911176514,11588.418635707463,5049.431839697017,48.89654326438904
5184.465112607506,2822.5166885568633,2754.1975746026205,1697.0009437430565,2035.0812170552233,1923.0133744355257,1328.6088334875928,877.2821963102245,949.2426401560928,231.43583361741634,871.4843541985383,819.4331706626315,1041.1362844567584,1136.2798643876965,1585.7375380528795,1846.9654797829776,1631.3023552197806,800.9669662663133,1035.804526962371,262.7997206249388,285.3333333333333,25590,304.5578741682551,11534.83571894806,4994.654476599518,48.99657368659973
4987.702423598788,2626.7624105661566,2704.63731634145,1896.3912483597107,2218.5429404221004,1811.0815292706259,1442.5043777544975,805.553341073415,908.56705973494,77.25457412552268,758.4288292933359,849.1927554104011,1398.4694674569853,1230.749515123764,1796.6132551808716,1500.7965203866418,1445.0593152211497,1060.403239386382,1301.2738508370567,59.35988267093758,276.77777777777777,25764,298.00432163855066,11498.7925102627,4814.401921165052,49.09699892997742
5168.663423182094,2818.6890195984483,2831.831296690644,1760.0075583959922,2156.3738142189063,1741.7786018958893,1253.9443485504414,999.4206982081614,1102.957413929072,119.56455019172364,910.2871499983958,944.684812128461,1210.692138137471,915.8169847254935,1447.1514073464798,1746.091385301899,1198.8535901973355,1271.8088392392988,1536.2583043605412,333.4499679290072,249.8611111111111,25608,263.1276001080227,11524.836854532141,4399.496044457725,49.19712710380554
4872.74154172963,2507.8529962156317,2519.0152064544354,1840.8081317234603,2027.4271384274155,2064.0566106841407,1387.427527506992,919.1469641020147,1069.1702055599503,366.4272591497615,945.2240650433095,960.519095045596,1146.740227513817,864.9402110679234,1342.7717913773113,1868.5562982474407,1176.995966969273,1331.4941747469518,1617.3350063217572,511.10732478457703,313.22222222222223,25903,260.0187808089136,11557.217280933146,4478.146158152951,49.2972686290741
4686.586613207586,2330.7577066474196,2281.2692236554417,1811.4839502990449,1838.2812921393556,2278.101343530226,1320.306385009111,1119.0432524876878,1289.3439177431549,547.198634409592,1045.2289384850062,1068.6557319447868,1218.0751366413106,784.8959705260459,1376.4380893917582,1757.7218431412568,1167.6798555502946,1269.743276632338,1509.7752015634624,387.0513325409579,273.0,26187,340.4754710172815,11641.870373295646,4846.826448940945,49.39733266830444
4322.086197401266,2136.070723160304,1775.3564992904637,1464.2110635866577,1254.7043516052838,2407.3714552261104,726.5256408957466,1559.2035132313815,1569.4587510860572,445.6771455124083,893.8868581152881,908.0886288829403,1024.6003720617548,749.5441072779031,1123.5314216953868,1947.44475257978,859.8539591029614,1610.811025174342,1798.5660967190552,399.2351725810977,317.8571428571429,26748,335.4190200666243,13270.826401302276,4837.675462276503,49.49770474433899
4225.759131074626,2172.186644591445,1683.2968313882047,1265.944749267862,1155.1959706138696,2292.0366982695305,595.6443389953621,1520.280125718639,1437.2182142543963,291.92942931218096,1277.2120213218077,1287.8777980745238,1414.7012796794138,863.6471658627902,1514.3222490183384,1799.485523502299,1251.2111958904904,1393.0179029992048,1805.0831480420175,672.8169055805516,258.28571428571433,13363,293.1246144671662,11976.533541277284,4291.693996503538,49.59773898124695
4120.202245949873,2550.2139541316365,1875.361260471735,632.3233233487163,1536.1464376020501,1664.4698060542676,1104.9478958113211,904.126065742317,897.4717605389646,421.96006726203865,249.68590479317947,633.1757770490973,630.6300473949128,435.7102887572087,1103.0735218164562,1450.0281286717448,1262.297840877083,1021.0015079265969,773.3111413529798,840.9905478282528,202.28571428571433,13986,226.4724908817286,10990.36734301471,3276.52002473026,49.698079109191895
4120.681824619554,2547.358882124674,1873.403315866827,637.391679559105,1532.120736112928,1670.576677162388,1098.5003794253942,911.7907290385549,903.1223767340826,411.6743028695987,645.5068894449424,796.6006539656528,874.2510466431181,392.9766320720334,1173.0988882727913,1515.801674036373,1148.9723031533617,1070.7599588201272,1172.7464051275485,583.2145439525879,183.9821428571429,13986,192.97400609211235,11327.869636061707,3674.1821274096783,49.79823064804077
4119.1375986233215,2542.086536808746,1867.9159644797846,636.9542527852578,1529.8029971027058,1667.0053913719623,1103.0919509271093,904.2063931012244,897.2138016840057,422.98154785167304,645.437570584326,795.298733864937,872.1919710619749,392.6887391340242,1171.7742120259848,1512.8047194260687,1153.444547645811,1062.6375247036954,1166.2698487163007,597.7956699210472,183.9821428571429,13986,240.38021268486452,11292.480658661745,3657.621574775203,49.89861297607422
4123.6942664005055,2555.1042944832125,1880.6791195662338,641.1021289841194,1530.7645840868508,1678.3365372311696,1089.937812812707,919.292897363663,896.4606707089662,413.117069487147,693.1406829345992,787.3072353391264,852.5147400470793,435.7435021064717,1125.3404313049289,1526.0550656115145,1153.4678977980793,1040.6456488390704,1135.930484432611,630.5703966501696,183.9821428571429,13986,237.43858395788422,11373.377641582345,3684.1373567030682,49.99877095222473
4142.489708341938,2586.5628596363094,1904.0912099193017,673.0428596806188,1502.706552555475,1707.7388848341031,1071.0005937077165,913.5501165911935,863.4698633282625,448.3315609973392,762.9520299281279,744.3910145284474,778.8644773681654,461.33325364720025,1108.035237723195,1447.4404236017515,1251.452957069999,963.4591192968951,1222.754018962648,588.1526738518447,183.9821428571429,14036,249.22336783720996,11482.113228270697,3664.1493087513054,50.098938941955566
4182.553826019712,2634.1942911066963,1927.2190004298213,735.423628608184,1440.2485989040542,1725.6315467054321,1089.8020948744424,858.8410620725215,854.2649401576462,481.32493132942875,706.0706107484216,772.7509771001271,831.9056664935442,430.7769255028725,1131.242968444243,1500.4828821454441,1178.4623149092467,1026.614892272238,1161.441448681226,616.4928057812373,227.0,14086,237.73986184293364,11414.794804894222,3764.4143356005115,50.199283599853516
4128.648404738096,2597.4260350205136,1934.7654826822497,682.7132961737875,1492.8406525041257,1770.0209031148288,1019.2571456771349,911.1899322622418,785.6025959705834,542.1624041933894,639.5197779719399,826.0531823041339,916.5680288567155,434.847469835417,1129.4889031779592,1612.1546297689752,1072.0249431926727,1057.0522333491838,1028.0010236388712,761.2202390610081,227.0,14023,237.82079267495072,11326.762806029928,3848.5289320001616,50.299519538879395
4054.4107195617194,2582.5192752176113,1988.0190448574335,678.4243775453245,1494.4925167765932,1856.6858347367634,981.6798421984096,870.3981718961843,768.1456084855532,575.903354043107,614.8256507830325,856.9499571899437,959.6674238246586,466.1863957278812,1097.419591764591,1659.4632771878696,1074.5474339857992,998.4238702358462,1040.785206840178,767.2184800487646,227.0,13933,239.5591551820528,11296.04965291083,3891.398527772986,50.39966034889221
3948.2260706947923,2601.6342241516363,2093.1118313715738,751.0101834299685,1422.9673328422732,1918.477484068198,1054.5607225632418,754.8799786376591,876.3195394729355,482.1077063163971,597.3482538299112,890.3197221274366,995.1314049448243,508.3756948511447,1050.4808793673956,1661.5404062924067,1126.7120349291322,942.255953868497,1109.2200905746136,696.982013805419,262.44642857142856,13814,223.38016330968682,11260.793862436032,3919.6327008854046,50.5000376701355
4215.9036199048505,2479.2001613916973,1816.9216547367255,482.50908226427083,1697.4481787830675,2035.2833789683714,791.4266796336534,861.584980103818,791.8377256986397,687.70079740584,730.8447286370471,602.1948353388237,936.1587540826632,371.8915247989371,1257.020695108454,1980.2157446675724,1010.1220954116058,794.4115893372258,1219.7272253724425,758.5409063262247,225.3928571428571,14094,258.26187972234567,11546.68761182629,4217.190773363207,50.6004056930542
4431.198615880541,2341.609812810416,1634.608201270642,286.4093732472017,1871.1199006632082,2249.344963721476,799.4372068880986,738.9064656371739,999.0492402403496,593.9004068709219,737.2675926146649,593.0837673037852,955.5237894657341,393.94922746994956,1237.682727290439,1971.8193978160907,1029.0886933850607,792.7222625216715,1208.376107045575,755.454580422385,225.3928571428571,14313,256.2430679169817,11564.463099024913,4148.374262584009,50.70051145553589
4683.444154017122,2138.4263634917047,1528.5861350062883,303.7038437495202,1935.893690483175,2429.4648638704966,1043.028763929794,490.7555592163213,1124.6641319300197,356.13737364630646,747.3949987392833,584.9737601833601,993.5320178950632,431.45745919356807,1201.3986269246625,1944.0912480193347,1035.951553709559,814.1060022300431,1181.370913805038,776.482326478977,225.3928571428571,14555,252.92476731052426,11631.19193156732,4120.40933265505,50.80056118965149
4617.939580062524,2201.4583462660785,1522.6890732908546,244.6743963268607,1966.4997214052983,2437.4811910629596,1000.0800596086588,500.890255348431,1172.7473585157816,333.4021816575946,725.597087886855,689.3614685852291,707.9319938799875,150.50864895437732,1507.069420273741,2215.7484360907993,1048.211529603876,585.9802653191159,1523.3226393537418,470.02915906473476,264.5,14507,245.03171402935388,11377.26126347776,4465.165692819359,50.900665521621704
4599.232390568812,2221.7054930771374,1512.053008196007,224.46576309798044,1986.189937579601,2455.9320655876963,1009.969121296654,482.3758882291159,1187.9728237945003,313.7773120772747,731.6724682117324,692.7016982919115,690.5790084799723,148.47914734741371,1517.9463734463295,2230.153292252624,1066.9088076003388,569.6738843879227,1521.80735095567,463.1690190172126,291.10714285714283,14460,259.70494021599427,11314.671933487773,4491.792305181705,51.00102782249451
4550.622165476926,2276.4122122634017,1464.496385350747,185.13331278134766,2036.2310922610764,2506.8147371328505,1066.4850438352455,441.6564634427058,1161.4866186676334,334.8023697951322,794.1779464783854,669.3235999825968,651.2234798740461,235.9929200228007,1464.091262282412,2177.3903003293276,1054.7526647999737,643.4196893934661,1466.6523178469365,524.8401197421281,291.10714285714283,14432,262.05687585025095,11109.82929515259,4412.2955043696475,51.1011803150177
4423.279957797841,2419.0582230931536,1296.3900874638841,247.2347847154572,2092.7375944620585,2542.3343251769393,1154.9525997891599,543.3998919994061,1000.223004885512,494.3643981061485,1067.411417063685,575.8818855875851,791.1083485182534,544.2593458681132,1150.8317041293062,1872.51470420309,756.9921369370991,839.1909900840258,1710.9667620431433,357.48937786796824,251.99999999999994,14238,241.96696150834146,10727.207200997622,4206.357595190842,51.20123815536499
4173.714992804334,2707.3727653257747,914.0833269356182,661.3507596721154,1960.010904153821,2290.6254865654114,1019.4441770933274,933.1787656495115,1171.3267150661009,527.3388428428063,1019.6082735708422,587.6109116131344,753.2153385315216,501.3750216542243,1195.152287723406,1908.4477669191026,795.7769004113152,827.600923525098,1679.4172042848677,377.2665787374155,237.3928571428571,13839,253.43311881347452,11500.998957566555,4166.180770228918,51.301631689071655
4027.5946921412224,2906.4562940425726,764.5749040263946,997.2289818696397,1661.99693868859,1921.8381341717966,684.4536847437107,1027.1765186668267,1517.993383070921,282.05811639818523,1003.455205176983,593.2926378232378,737.8620554412781,484.1988378641316,1215.8799448835387,1924.2827492781146,817.3835323646647,838.1005525481747,1657.033461705205,412.1958975722088,237.3928571428571,13458,231.98697718702874,13778.058158644788,4166.051558137287,51.402045011520386
3967.8520989133704,3041.8591794603108,941.2684716475635,1248.3105226400503,1284.3299041364887,1702.0411544574217,419.9361688653372,785.5429767533092,1500.039521983097,149.92760054802133,636.1999352779982,938.6153791020508,447.9646712818325,759.8237097772744,989.7535171354413,1558.975271997503,452.3824222361094,917.7752051778544,1937.3445544013405,211.1254255441872,237.3928571428571,13079,226.56320770120556,12051.075005271487,3850.4139185388412,51.50241208076477
3970.311385103542,3046.7567096729485,982.1122482245787,1257.9120037915188,1258.447001629401,1720.9242147699808,447.27143556861387,743.973215942473,1459.1632648681455,177.4889727424452,618.8342616673019,957.452002919633,457.82609239274933,781.6428357360205,959.0778742773915,1559.9636936600655,466.0563891926587,871.4830996003882,1893.4513751254767,255.21110498856905,229.125,13042,217.24533584745882,11953.97653352261,3875.942426170607,51.602747678756714
3973.415525231873,3044.899327465895,1000.2116826790832,1254.1773088901039,1257.5433124586857,1738.3855514827653,467.2114688220181,735.2413117492774,1443.7069858516707,172.20443887935156,501.15911988514154,1075.5408311813078,519.9272406254433,879.8058768194344,855.5060042011175,1619.1309596018584,586.1180526466889,756.4001872370627,1752.3572398716012,299.35306886530583,226.58928571428572,13010,201.23606076670706,11510.542343814872,3737.1066528790234,51.70281195640564
3931.8328381386377,3102.40264135075,897.0683135831839,1354.4951476737033,1164.6490900657202,1647.8548553755436,445.64440146096575,629.5014511265606,1347.8660033692697,287.57675833530874,600.100341196185,985.062827499403,432.782427913552,841.2840629046507,886.2480515453584,1513.9824363747882,481.4860630886765,742.833427373968,1752.6400699627814,389.7236302728163,212.875,13147,200.6887488842679,11485.732082312223,3610.892894088396,51.80289149284363
3895.5819120095744,3159.7285255935008,867.7661515751977,1427.4020716936839,1092.1235920364595,1670.4870516923936,516.9120762557734,588.4045432982626,1309.2627307035793,251.5991254930268,819.4887814796091,887.8770497457227,179.64232812942325,998.3615018574055,750.0488623649853,1343.0280738800616,618.2239131606634,457.53819790983744,1465.5115385768709,532.9944158785719,189.28571428571433,13204,182.30271455454744,12104.184589359142,3323.481255798827,51.90310263633728
4082.718747573832,2885.7817784006083,899.8611247813483,1223.3767864798917,1293.5191164827113,1398.009932104562,354.3857878046333,486.3074480576145,1126.722625860054,549.0233870776128,854.147838370598,868.4952728520387,150.8265886840902,1012.6847569322975,757.6604103555441,1291.801998575575,635.3800349796288,392.82820356239097,1390.326878923785,610.1316056549067,183.5,12924,188.9059971414717,13752.498372696467,3376.535731463412,52.00349521636963
4308.814701317023,2594.942556745888,897.3841193404862,1237.3326302713356,1350.691292227949,1138.099231816911,598.2520239047008,228.38167065710948,853.5018830921514,626.2493006079843,838.7787905298806,853.7876851575153,174.25624890640174,989.2784554301826,788.4479990162124,1251.354173282877,638.6012357174524,350.9658082607717,1338.2159061720704,656.3731572446271,183.5,12615,187.66845692147356,16341.821317642021,3385.67349227637,52.103615522384644
4515.380482808644,2364.789078184617,849.593793135053,1418.2819430206723,1251.6989635843468,1150.262633544628,790.8069075249387,133.89849013276168,955.8154634474163,420.1440031112528,654.2972085199292,695.2077810830754,605.0625697742354,830.923399997274,1127.3975426878437,876.3559994656582,1017.6717651437517,176.4702774399199,1187.638427855107,611.9818525839592,159.5,12391,163.69772404146403,9796.722567008974,2963.0990747979586,52.20376753807068
4305.457901008195,2559.9711445076914,983.0286423184847,1196.180525353793,1456.44025735643,957.5710669120264,832.8879011320024,88.84636038139901,756.7867150687853,581.4242642186994,677.2590793466383,804.5907634963031,455.4434247389728,737.5183124119958,1114.7597776433436,870.2839258604218,866.2466508791045,107.76878027853955,977.2116803259298,828.3311422245534,148.1111111111111,12603,145.22423289043678,9579.450251003982,2711.1454369951325,52.30402112007141
4358.204818984506,2523.1443149004995,932.6083851095896,1239.2532246772223,1408.4256257133668,1007.0797948387493,779.0866245001239,89.65018500797609,734.2743363655775,619.1200188619866,690.6676510648954,829.3933862563977,430.5709103025933,728.8167502512631,1113.4338689425322,880.6538244655609,832.7270444010186,142.2844822869723,927.2129345489939,884.105834922523,158.25,12559,151.28946242508962,9535.650079069048,2708.3603550166345,52.40420341491699
4412.560107044621,2498.7343818920394,878.4199018223815,1261.2245399090007,1387.5137895471426,1027.482427709681,744.7621178445605,142.2890485003385,681.542724176053,665.0621052840489,691.4845580907307,818.1987633373296,423.51310577678635,741.7817995929489,1099.750798005421,895.3345694306338,816.0824730900442,149.34153677979293,913.1065435541262,903.3837133381246,158.25,12498,153.0875495631319,9555.491808099669,2714.223797773524,52.50455451011658
4031.0643522123487,2575.4746195018524,1222.7803946304825,1398.3703718217216,1268.5615715994727,1280.5591290824584,654.9639475593619,361.79908646988014,800.315347785384,936.0428198640127,947.6745428522141,239.2270836862518,525.2013997669245,1332.0732262853312,573.0183924208984,1427.3402562619856,332.6260127051121,628.4450212257967,474.6507733480825,1358.746894895029,138.75,12884,141.87987341689916,10176.439004328808,3025.585253612893,52.60480976104736
3412.8791509308076,2631.315813065142,1721.3838445019726,2007.3197329519724,824.0217517674155,1923.3915423824658,331.55444442629454,925.3071535771406,521.3754686806803,1418.5980388394548,953.475086479177,231.4508582032801,558.2500786627281,1370.91671553789,522.93757990127,1487.7529609108542,282.9405273976202,705.2767328675445,396.92955646957444,1432.1693984216581,173.6428571428571,13544,171.93429334957625,10214.811058335368,3160.0243966912603,52.70520520210266
3013.4365504428883,2625.167050296117,2000.8030664719847,2456.3275964551995,401.6426008345415,2184.645057727159,311.6547277924064,1043.623645635055,134.20293653351368,1238.7533168746186,853.4282436222062,349.649616627005,564.6077452128097,1320.142003097503,495.5894530808209,1521.5825082950746,175.08693802183618,760.4679849213428,407.70282406552735,1556.8496615478696,195.46428571428567,14000,170.7035185486139,10096.109257169217,3307.886362710109,52.805208921432495
