tribo_f1,tribo_f2,tribo_f3,tribo_f4,tribo_f5,tribo_f6,tribo_f7,tribo_f8,tribo_f9,tribo_f10,diff_tribo_f1,diff_tribo_f2,diff_tribo_f3,diff_tribo_f4,diff_tribo_f5,diff_tribo_f6,diff_tribo_f7,diff_tribo_f8,diff_tribo_f9,diff_tribo_f10,tribo_feature1,tribo_feature2,tribo_feature3,tribo_feature4,tribo_feature5,Temps
1051.7675668385755,390.4892472044587,723.1709478874285,442.1684274999589,312.53083792984813,420.92400661844897,548.3125911904502,275.2144104560688,152.94740765428716,297.2962642213117,117.41325961105133,74.42973591067843,300.33143969288614,247.7094299728767,194.90540460909693,368.4881295535114,525.2200057510796,371.43532277176195,231.0950881140038,384.88608527234163,87.08333333333333,4221,93.84392920746365,3494.6876335454435,1639.981225806976,4.000000238418579
1054.267681732228,382.71317308566614,684.9284979960456,393.70462412055946,316.29591398172465,369.20029296486183,521.3711744146235,308.17454830015015,204.70101393925773,300.8706524778189,20.257562137590167,41.81780808064156,278.33901789083336,276.3982263292642,109.04228226106775,434.4622228692807,495.89862365664624,407.89827952454027,196.50254147327212,328.28466888223727,75.66666666666667,4165,93.72417133619632,3375.866513349758,1574.8564516329739,4.10015869140625
1061.1983021392955,364.13301942592483,448.52772901624644,164.93480294769347,254.22088475357282,335.73363681339845,272.07220531608885,541.5933418380781,337.7416425920627,52.7604872520587,14.998561717390139,45.441866176880836,235.374716765844,247.89892294824128,47.83225581922149,436.5072908020805,404.10702776006286,523.7612553243455,288.6010640472504,197.4363507652866,84.52272727272727,3918,95.63507031802197,3351.6620920234527,1582.556261854419,4.200382709503174
1063.2821436962217,368.9582452647601,378.83145727117164,158.9896481724807,227.3928592281721,399.7463313826405,255.86563011795397,553.3388537824129,316.959775529216,64.91800986334525,82.5802407386402,31.13095085133718,215.6531167882886,177.52226912484932,121.01912044524482,360.60930063265835,343.9086319995444,575.9864491969394,371.3281414511672,120.62425601604406,86.04545454545453,3842,99.21111451029455,3500.7792383041133,1660.9263389892494,4.300421714782715
1058.3735596956478,374.04662156109197,260.41173995664957,284.8739933039004,117.89775275378193,527.3621521775591,392.9357073183,425.0636915809857,169.93465036429816,198.1604230271536,82.74910319951651,34.53834986643855,197.9379873920463,201.95993349688135,71.41220487969953,415.54580600542073,401.65624823400833,505.2549752491399,292.5375769394286,214.22524727671689,81.75,3703,97.52118900207961,3476.350159405696,1640.0841461387354,4.400625705718994
1029.2581389907234,354.1648496339621,323.22131019104484,419.4891130658363,65.89560486188712,449.42633726051116,400.03726524489497,475.03619289973483,321.68374983286594,48.11965982758983,39.11479760919673,26.39374517410218,254.95249191264443,176.71919303503782,151.7626891367781,346.59596388593167,301.09837980576236,613.7398451496553,341.8573913944104,200.5490236820221,84.47435897435899,3534,95.64846164337925,3572.4240593837085,1689.2958091531127,4.500735759735107
1001.6573349975467,344.89045844724535,444.17797360005534,478.1480745393819,191.67859819711552,323.70024605665634,298.6895999708221,594.7198287813022,352.71730345293463,155.04796545889124,77.26701559527665,113.78596942059515,311.36311607078693,108.1514845111826,205.71461393053735,412.41732074368645,333.9060413728576,549.4038832337864,246.46700138634097,236.32893968736207,78.75000000000001,3399,101.18322251573079,3907.465161321646,1600.2035638152804,4.60087251663208
1001.6573349975467,344.89045844724535,444.17797360005534,478.1480745393819,191.67859819711552,323.70024605665634,298.6895999708221,594.7198287813022,352.71730345293463,155.04796545889124,77.26701559527665,113.78596942059515,311.36311607078693,108.1514845111826,205.71461393053735,412.41732074368645,333.9060413728576,549.4038832337864,246.46700138634097,236.32893968736207,78.75000000000001,3399,101.18322251573079,3907.465161321646,1600.2035638152804,4.7010815143585205
973.9743956884515,343.7546157905129,557.3563981176973,494.6092810513992,283.3631630674756,246.50204066279215,189.1356786587001,622.0486525050319,278.1187772595891,229.5525350926563,143.302188271924,97.62339468491608,256.6533581668063,295.7947132411941,208.93532190717337,233.7306426317376,205.9885757468556,722.0102363116648,359.2196442603638,314.7126626161399,88.83333333333334,4089,95.88550098641068,3670.19370049204,1626.6189330759335,4.801263332366943
956.7984263581516,330.78863660894626,581.9964679840309,466.2202833849459,274.8872459139114,281.12805849830187,215.90897607544917,584.1221653028197,273.0438831954501,191.1933232510981,113.57163636212243,67.97970601460311,228.23290483894843,278.63015321536307,181.48138059050788,244.39592925089212,221.86677655149518,731.3165606675934,374.67003342425136,316.3083364603304,81.1923076923077,4045,96.0002395260289,3558.122383261838,1596.0839964109439,4.901299476623535
865.3923813432024,258.0931312090639,618.507876258602,290.6434679204945,129.0435779484211,423.54163248144624,366.8648624609263,670.1697338491837,445.70485772189556,341.1140833742969,82.77682473450459,86.03806753403657,130.8892503165677,279.2815959505967,141.16075403799815,268.41581628900724,268.77537911487036,850.5882504358755,464.3412167654871,448.19365678291695,86.39102564102565,3875,111.3798019531651,3688.4047286448663,1702.7285709163752,5.001522541046143
685.7238861864892,273.691533329548,562.6487596192828,328.6065593945041,214.2754672644773,380.82187639302356,286.9337988149372,822.8211220467819,245.71336031583076,257.2535542714264,133.46273723021105,149.21604196539417,74.65636224066111,352.9127136475321,219.88563355575297,181.8040074366945,179.9386045250587,759.1124615384166,382.01307532781055,318.7157205090642,77.0,3890,104.6292248388619,3947.9561692621573,1646.831364568503,5.1015801429748535
560.3047885221214,494.8829713217205,435.3578174489702,677.81254830771,479.9732120318558,96.11275344515984,38.31110768957873,521.9163326652814,313.97671539484065,228.68864145206132,45.4330961176878,122.48508741860633,165.61202670029837,389.2578038977155,325.03198467679204,92.61011048362975,35.97924465707881,654.5411134974607,379.7219343760492,297.38539049368444,81.35714285714286,3601,95.68541311521561,3566.3668995843054,1602.9954673737202,5.201689720153809
558.3009498067257,498.10750982420507,430.6362910999742,681.0309075560193,479.2111249075604,89.10651563483732,41.25725435740588,524.0192456454453,315.0167126136369,229.56170426392535,85.2259314299185,153.44454092923422,199.61664541476267,418.3856110702125,364.4852571312678,82.82976334354314,40.557405045810576,617.7166232780887,406.977820775417,322.592542569322,84.23076923076923,3589,98.45542593983501,3642.527479054442,1609.3849741210763,5.301826477050781
522.5967898955732,526.2169979536643,339.0413283357116,674.224438317916,407.9384061249111,116.78972804357419,82.54052900592892,622.8993110196275,222.20846371062242,132.2570211066318,129.5775845013056,56.73738552723338,226.48980918235105,229.92187242525108,283.3028383561442,262.27644186973777,142.7884424797171,650.6567057466251,392.49837484269244,341.35985739308813,75.61538461538461,3495,92.64094573152613,3435.2045515769105,1578.511806101547,5.401952028274536
522.5967898955732,526.2169979536643,339.0413283357116,674.224438317916,407.9384061249111,116.78972804357419,82.54052900592892,622.8993110196275,222.20846371062242,132.2570211066318,129.5775845013056,56.73738552723338,226.48980918235105,229.92187242525108,283.3028383561442,262.27644186973777,142.7884424797171,650.6567057466251,392.49837484269244,341.35985739308813,75.61538461538461,3495,92.64094573152613,3435.2045515769105,1578.511806101547,5.502145528793335
494.2465934053497,539.0969250117604,256.7443613523544,632.2451050535458,326.35675437640157,198.91953019339667,123.09915326833658,662.5242238941297,183.00950389081126,133.35838081554596,29.70497343226638,84.39025056519188,161.65744530284925,338.3977325572921,284.8326650128377,155.46543489635684,51.189796313799924,694.8646271620797,315.95905401133916,234.224133170385,79.45604395604396,3406,101.25382950197772,3517.213485123208,1710.7744646006224,5.602339029312134
446.17204634746423,557.5512037903388,121.47124328873657,447.02260061423647,215.68431522491824,352.8782522663105,202.52165464692825,533.5633923807914,383.6614790410825,331.19819916823997,28.807617346551943,85.19898464991904,143.5664756097102,317.0339726253215,230.53321226768296,234.29059334213414,148.038475812842,695.5767088582305,412.0877039882426,417.7041355465381,81.72527472527473,3190,103.35220595200175,4416.859497455073,1672.2526575954992,5.702513217926025
425.23588955500884,528.4864017291522,243.0575674022243,342.87616798545446,355.0212812398088,272.4088666902097,88.83427970374893,530.4155525763425,271.77990458108593,191.03353076314784,68.78826702615612,167.3561988023707,113.2439154548955,209.99675439615947,272.26399407309094,248.6704158962932,93.78947691928462,622.0164415010946,353.22607216782205,268.4368229627872,82.33516483516483,3066,85.46805330859073,3590.0782967219598,1429.4483811818375,5.802714586257935
425.23588955500884,528.4864017291522,243.0575674022243,342.87616798545446,355.0212812398088,272.4088666902097,88.83427970374893,530.4155525763425,271.77990458108593,191.03353076314784,68.78826702615612,167.3561988023707,113.2439154548955,209.99675439615947,272.26399407309094,248.6704158962932,93.78947691928462,622.0164415010946,353.22607216782205,268.4368229627872,82.33516483516483,3066,85.46805330859073,3590.0782967219598,1429.4483811818375,5.902723073959351
438.16669914358437,554.7734271612159,182.59674372679387,352.2271155757982,309.1522185494188,332.16744702514694,149.5917395409453,470.8782356661005,323.21323628606496,187.5726189175015,94.79484510387006,195.9905843067503,98.80309988917169,190.4670795845658,261.95322163371173,295.050549661781,142.8889649964394,564.7469941846807,394.4532780275438,244.468359676099,83.12087912087911,3107,81.93648134682724,3671.3772530983942,1374.3076730184252,6.00285792350769
414.00891125945526,508.11011074662264,240.23414733521767,383.0569857076285,316.1634660325944,287.894193802044,137.43287216339414,507.6834119547146,353.13650534313086,254.86472239172855,31.429100127240094,136.92701851589834,92.09051232222998,264.3197963626715,202.99289643306923,300.5227690504217,178.0012603084495,557.172224930075,473.5419987887151,336.5136704977145,84.71978021978022,3061,92.45544892480123,3871.9677006404177,1505.6519566982,6.1028993129730225
409.61490664078804,499.1896014937438,246.81808528260066,392.60321798325026,311.0676719345592,290.60462727152856,146.50313743076623,502.71413115453464,362.70336151380985,257.2177547593822,66.07832967362268,154.24315927511375,50.36249780716363,275.63071137230514,192.354730825711,353.5148161118394,177.16365807488884,560.8505441753982,375.1217172894282,281.64429624875345,82.13186813186812,3031,101.51175750920262,4058.9347989935536,1568.0266172038826,6.203006029129028
366.09181483132,407.26986920077786,282.27581022668414,485.6630978384241,220.12274084383535,382.7221955342325,228.1697059151492,411.19620006900453,356.57218213776457,162.5147130152396,65.88135578262211,128.98234475736598,140.58808398501637,304.7558113234811,168.44141199089015,349.85118465732484,246.11251238792602,475.9013986474587,470.5667604437002,224.93354100234419,84.61538461538461,2950,108.65182172775337,4078.522107195245,1638.661802979548,6.303079128265381
387.9551744836555,448.11649787971874,282.1788332266596,458.71667748056,258.1205761033014,352.59714186053696,229.79067262282726,412.92662132004426,397.1628497559985,175.97235202297009,44.34451030081736,166.56544085474204,69.66360422767674,220.90091594422498,249.43515803998778,255.66681740579057,192.03773340530856,545.2716163805156,552.3259748543126,314.24130231073985,80.35256410256412,2983,109.02341512265984,4556.889470175209,1594.0424874826217,6.403257369995117
341.65235699584474,380.2953782794064,252.59551679814803,468.55191621486927,237.00902339170418,348.7494705766879,163.09234209614218,480.7621185762512,376.99938420832837,244.25948915375042,98.39930310129422,101.861749258538,163.9546529865908,340.3480023988191,132.5468355509295,363.68688644389374,174.8136233425188,581.7525716233997,446.43366921265226,371.56045821731107,80.61538461538461,2913,101.83142092798414,3063.3941257275137,1475.5727749972268,6.503283977508545
361.0096090096404,401.31937448463424,271.9427346978159,479.95756623362945,222.2058342856894,370.12374341227974,186.35462349486346,464.088353867579,351.439513486852,236.5191011671572,71.70072891448777,202.22129692634843,115.89149915374897,241.01676497200515,235.95605395467624,334.4841087531905,278.5362075956873,454.38787900519213,434.11548196437343,263.36351119523226,76.0,2941,94.6806000675061,2916.970492667937,1381.3685787683514,6.603327512741089
304.12592686086106,366.2253807842226,203.71650733226085,417.6223416886177,292.08124965275493,302.7311657396341,202.9459138613394,425.37600243226285,392.60985670108704,167.14755497499803,56.624396109897255,183.2402510690483,111.52283366336133,251.24940130842248,219.9238421562672,331.32662677969665,258.3875236415255,475.12519926921203,439.75785682997724,276.7123518300422,72.61538461538461,2867,91.56225376839703,2935.723639074389,1389.6440785619038,6.703550338745117
176.65790812324772,392.2040773436782,29.515504843833988,232.3095397100733,457.7474826518487,316.9874623979448,389.4314417882627,245.84275571956073,298.62621682739643,213.79555551914135,86.04764461045932,223.90987090938953,122.60756293034298,215.84267396174658,286.1101021743357,369.83134638765455,365.22733302377577,385.01825675220067,338.173506351465,329.5662469931846,71.53846153846153,2685,87.07661267180089,2892.6036078980273,1416.0488695693762,6.803574800491333
171.96249203628017,397.9475810369361,29.645106423817936,225.42957973251663,462.21133104289754,325.38862138851107,394.7533031205959,244.94482943553209,290.2283135531862,221.09257357447868,60.36454527973162,104.86386528013159,24.50620991422196,108.01079335317083,389.899396484364,305.5236859533012,448.66869590817765,261.48075968865163,351.686996158437,348.693036919433,75.92307692307692,3308,92.9563896103393,3600.7602383421317,1469.0997447443472,6.903575897216797
201.87626983854682,361.79809248485765,32.9340914958259,234.92777610267555,478.9770431880219,294.4408763556163,419.9767056988156,204.1299679665204,294.38271894656737,250.10753892524272,66.59473459072396,102.20499576138165,30.866198596000793,102.64264157444184,396.6553692615158,308.14328641671983,455.5331604466994,257.5964138216852,345.8703838538223,355.0588712537985,75.92307692307692,3361,94.93390761837927,3024.8042166795753,1479.4465753788031,7.003831624984741
238.01516691451405,322.2248647712086,61.82646581688867,227.17307116135976,518.0038628452497,302.04220554558555,461.8527072871061,181.03513865491786,256.37902769229765,284.0255667859849,44.6425582079477,116.02751775937334,66.15445801290413,179.84112136772112,401.78496321337246,245.49967169674093,512.016622356815,171.48023495164645,323.7167854202969,444.1812083165821,73.46153846153847,3393,90.86154128297883,3035.4124086438183,1404.9918985885151,7.1039721965789795
183.30342288225668,380.81836944370565,57.63226931341601,269.8843931340541,465.4624944194975,248.20006082858606,445.8777851106119,145.2460860955109,295.3940240946812,322.3691312345297,47.74821025211735,126.9190940805413,19.704561740621223,159.40456811198075,333.22415391718704,225.5994355591236,438.44704636188607,183.95721218649103,413.4599344157227,459.1067853812395,73.46153846153847,3342,83.93664845961843,3009.7197323699893,1316.8509468727461,7.204163312911987
231.60692497249252,333.5576553991847,35.048984983832206,220.32302533492575,482.31780899879664,292.8155835845928,408.5802205771862,194.04314147880623,326.40538060317397,289.93643060946675,68.52589734425531,138.51478716568155,37.68431534921004,159.60766809790977,315.3726144338176,225.4254865433505,421.4792676304345,192.1163107997204,430.8986951347157,462.9115481730386,70.53296703296704,3387,90.65371038613368,3031.437560680871,1316.180348318766,7.3043036460876465
280.25800048106527,296.91650672001776,47.72906024491583,182.72914970669706,463.4330850803373,303.7676214610195,364.8255706629378,203.4495930659367,365.06793318416584,332.5721868824551,68.34874036463118,139.82508489051034,38.022249530732644,162.36848996724504,315.8973814614003,222.26590492269605,427.51863111092985,187.54589493051787,422.9148370194877,458.8241298461183,69.28571428571428,3437,91.57676516871848,3047.566285425437,1309.17514984948,7.404538154602051
330.8645563361038,275.69189242018126,82.03242380249225,178.52965182446655,419.2281284634764,279.90740746108577,364.17214039301365,168.70291843553537,351.7529150728017,364.28407171261125,67.79214096297396,139.6377043205096,36.635047663366876,161.33293425676297,318.58979195969226,225.6112632092172,424.4632783425679,192.23525421576574,428.5268748819891,461.9662684366986,68.82967032967032,3490,87.62617890846349,3069.7628004287044,1313.6559707858241,7.50477147102356
384.0940142659517,281.1482625037976,117.89744729108769,219.87874254232884,367.62866251693106,225.62011857767345,416.9108293945886,122.81093016811118,298.97873924992615,317.98339115124674,58.67145132348986,94.18342305213082,50.213073528466666,138.3318958367529,285.6694804196869,206.6699090018925,434.2608670714309,150.52923492924853,393.2820944198765,450.2060367137408,68.82967032967032,3539,82.3369305671271,3005.3737690819285,1271.4615494333711,7.604846477508545
379.6898208406475,277.59384847713807,117.65684109359077,214.81556778693627,366.6689478183439,226.29289612913303,417.3699960016544,115.33579581871652,291.35535080061896,313.92741151936787,112.60961399981218,51.54225745539234,126.97723092538001,168.0787726624326,208.5110462098033,141.19151032281812,507.08433606959426,104.91266370653373,324.9369030012479,371.46019290106193,65.46153846153845,3543,75.19922007482018,2843.8679585370573,1185.2267315720646,7.704987049102783
325.4915649837387,236.93906084945232,135.61249718089655,163.41911059145548,356.4344133984643,234.38712747847785,437.55401514198604,52.476034151344656,230.30649913644837,276.95859417045887,106.85576574998625,51.96521394755896,119.47754446894318,162.98233316724858,217.69616204575527,150.2333983994635,495.3154159392325,105.046648050715,332.3777838776537,388.07558254978176,65.46153846153845,3469,76.48783341388491,3338.1051399895446,1200.0125301226435,7.805166244506836
279.5281971577312,183.63764152118412,202.85733494738034,171.90897256622594,299.81792919447946,189.4448294706426,512.0343451186076,66.71259977836749,215.96718925776898,226.48718388754446,21.319689312983513,85.31424950623207,96.67563559578566,80.36627218507041,245.84484444600466,194.9986639295894,553.7996457086867,79.81943506692154,252.59820329291856,285.39807080598115,65.67948717948718,3402,71.17827293784102,3077.078919236573,1183.9905429074975,7.905219316482544
295.2202862776355,213.55009373768434,168.39596617608686,144.58810403267154,334.8737540661496,224.47793422747552,498.3672791363909,39.60575136030424,180.23684509489402,196.94445878695058,93.81561923995368,68.4351611443382,76.43890138639514,120.1449996008558,278.0436588317371,224.6258277917878,471.33264349831825,3.817345066008483,218.5881029646214,283.8599327484178,64.16666666666666,3433,77.38921058895312,3766.5974986734736,1177.7400308635333,8.005343437194824
276.59017610472466,82.6625758411453,292.41412583351723,281.68042740947385,252.86529732405415,160.7961704587829,425.3574956011032,121.54185531764627,271.4366932793523,313.6397562387039,125.2306237866689,77.23654811191075,115.31043612335897,173.9680042517165,275.8244346845462,225.10688082498672,403.9181934270868,93.2947016581423,272.8209337037059,366.7702191590972,66.78787878787878,3296,73.1907667917973,4482.19926205758,1269.1729536942355,8.105589389801025
277.2565476588895,81.3965984219932,292.35008206804537,281.66172122324997,254.89148117492738,162.6991417608501,425.21478994871933,118.12633723176098,268.46286135609483,310.34775695927726,92.140379430844,55.347356788011396,96.87431073591912,139.9148797385139,234.2461107178171,168.85206060865417,470.7364552870598,101.30825256529008,334.0678286736444,425.7748221794103,69.57575757575756,3296,74.53575969532234,4536.858077004941,1330.6841991657056,8.205756425857544
303.3136010671574,27.628687082638166,314.7442406002868,309.30133455908725,304.25901006982144,217.62143576159292,395.8690362118394,72.8498928306533,213.38678320399197,256.07286640220207,31.978391507463996,46.14593587138148,195.39496691502464,239.43426933266988,240.42024185751512,230.19968949805255,364.91962893753765,102.05844778461051,234.22480207622684,314.58807126881135,64.99242424242424,3240,75.35482307916436,3068.554897053881,1189.9089592653845,8.30604338645935
266.3545115534359,85.03466459475096,318.5329548959541,316.299619063486,248.47871054298804,192.4296952410651,365.2185663066457,131.04969467619227,217.1601755300534,242.21814775928067,38.414782295981176,57.763966606369614,206.3631868775893,249.3942705228769,242.3068675374784,234.75717716663146,358.6252760861337,108.00650143113785,236.20685112332617,317.7692904407839,62.58333333333333,3302,75.70402850946867,3285.22838422338,1172.5165522404563,8.406173944473267
238.09476973369036,125.11441942002418,349.6444666084589,354.0083440211293,245.06323972913526,228.3316712097655,321.1862117381968,129.84525274547258,171.10932710248716,202.69439367024256,99.56741556517457,92.82606435237159,139.03572895126715,209.79505295756707,125.1387836394355,203.27741121545498,298.2355170229824,217.89196672005085,199.27525262367945,225.36715383931596,58.41666666666667,3346,66.20057420961396,3645.117792880021,1073.2983376138418,8.506484270095825
318.1241631966048,76.93446694087243,253.61234230648233,250.9466296782007,190.97136785608325,132.20156468133786,365.8301376450759,224.73733284163424,225.71530188469654,180.44296888859415,127.86300342934646,119.90170098024578,134.97994990539434,209.33098778222097,94.973869681397,205.7240315986157,286.41271539967784,256.98384184563065,197.9923420195563,187.20620195036705,65.82575757575758,3243,66.6521645182977,4243.6108763877655,1134.180027394443,8.606564283370972
381.19359845692543,118.89290431978503,185.6278044836342,201.37809604744038,135.84374782765238,136.60487852754764,342.6615808460171,273.8170332631834,200.2699827196339,116.99585514174062,109.95672665181662,100.686399620086,129.78903483578335,198.84605766213986,107.41255145712998,186.0451763169075,312.1286479190448,247.01850911042823,228.0249395876965,215.32585959015748,63.40909090909091,3175,70.39701002003014,4796.575524351766,1179.5069214201137,8.706730127334595
434.74915566487863,171.32917262353027,139.83675942092606,205.7008178529326,81.41886897677955,189.9171294500126,288.5998164531463,257.29391176628786,145.69245498476215,116.7715780076008,93.14120527262905,84.85281823571606,44.559755777277175,75.1231374797614,67.95839054516836,202.34199337837453,285.5862011178705,353.7136543706977,141.15716495182184,141.0406566839975,61.18181818181818,3121,67.78143551824216,2866.035974385595,1067.0199872229996,8.806896686553955
363.6644777390858,100.72275092763745,181.4198419171607,160.10029912833352,137.59796170092335,145.86658899608332,337.19692160842504,327.7528317311957,158.9203768786704,50.643116311689425,63.070432764482796,44.45545714550563,66.1878236540082,85.33685434774303,88.86390175332942,155.71355673510251,330.14068529781395,374.0601215075967,184.2176406974062,94.40121955206166,63.36363636363637,3190,67.14494547154504,2813.9709308131187,1031.5199208918186,8.907186031341553
387.37490088277184,122.43599534472473,175.99624759444174,182.59438761521702,133.61577734183987,135.74300360624977,345.81611450562656,321.3638767862591,179.80285886663134,40.40500494677217,70.98648619779947,56.03821778750144,56.28285175456362,114.54899699849959,77.4547034998507,143.07245896511157,345.286269792836,352.9915977500462,239.72095417207203,76.2346678623668,63.36363636363637,3171,64.07361855734797,2816.0593832935087,1029.0316936019285,9.00746464729309
324.27306051639994,83.45212588912388,168.8255916810049,120.53108681968591,104.76671604573815,200.39983246328225,279.82979267483825,268.6240653266894,153.41241404803478,105.30209821579318,94.29442083611445,86.6401466090043,19.908001183017305,124.02456030823528,41.22006096018569,178.25417092015792,320.07394046152035,311.6552741391859,256.4984246819537,115.83254494052085,60.72727272727273,3229,57.5160966732045,2873.5690056219764,998.6301389859796,9.107467889785767
314.21239693446216,82.57783576940894,167.11495781039557,112.97329385620591,98.36700073619002,211.8112356040123,268.99887490116294,255.70116961029788,160.7206284932456,114.9034426593996,41.05126171152274,11.810005653901484,109.35416217057809,35.7100816786442,93.18810749979569,224.42340739523786,246.55221271842197,270.34866699135944,221.82302805268748,191.05413721995703,58.13636363636363,3252,53.82402936158577,2794.0041814620126,968.607402991232,9.207539319992065
300.24039537695523,92.899337364793,153.23362538090987,120.34278256027001,79.54608266547815,207.75192843620255,282.5267005787805,264.823284758638,166.57645601657487,94.12970435036277,33.34596559093226,20.945081054180815,90.74825297826405,55.29367510820729,54.05245172741056,213.70670741526985,283.51264173773353,293.9346420231031,243.64219288480868,116.98187174515589,58.696969696969695,3258,60.92255647736031,2847.9931256953123,1069.7724448263903,9.30768609046936
325.5779541771967,65.94489737405769,189.41379875243993,89.8872134520236,107.14449043667263,240.98581928352698,244.00353132091004,225.4243778095006,198.65611809461163,99.25490722500804,109.12575970501103,81.61136382764315,104.05371853861331,104.22597721853438,140.50301935658607,221.62708125780193,222.48665989585322,238.57613066143566,266.3733081440004,203.37328300285782,55.90909090909091,3232,56.660291018901745,2786.868424232054,1059.28600886995,9.407826662063599
287.4270439604486,135.81042497110207,112.5868999575705,167.4146869237986,120.41453314658857,171.14245164687765,280.9263750681922,264.4072335893207,151.18233585846016,174.8813675561386,14.662534259368385,57.58640192420438,52.274191965535586,121.45194671071278,72.00992769035739,118.62079953577032,339.70417070638626,357.0856841948902,151.43365549113017,272.26577603815696,53.44545454545455,3299,58.263350468742644,3753.3120755651144,992.4638600822501,9.508234977722168
313.5030885865064,61.49169646865475,175.88436918138927,109.51698804253085,53.32450759692608,191.33531465137526,321.74655855215235,312.3131741588924,100.05437490195038,171.7847196231107,89.8680505424182,43.88260545208597,113.14748062133468,32.8969161824042,67.35438462380897,216.1820230004554,323.6238119592935,362.13434879595803,151.34647221535332,220.17073292794825,48.89090909090909,3234,51.12248955068091,2684.5083794612997,915.5325451603147,9.60845160484314
312.1830587362935,65.95508304390395,173.26707885425327,109.44869808641624,58.05107945107645,194.31889653303273,317.2036639849285,308.5356435851555,104.27477102264274,167.15950119341593,51.39315582194272,108.39070985005148,40.86837065207965,164.91592131858974,124.03189939197375,143.48072769299313,274.77943825535567,279.44032719863395,223.97666597386956,167.11340609802423,47.2,3232,49.93509822087614,2559.820959924936,912.5968263924619,9.7087242603302
344.2738611818885,64.40024572803506,219.3348723918385,186.6010490647879,81.55321377765476,89.63623013421153,360.41495763476877,309.6831155202785,159.97802894865643,181.5016773036763,29.5984617854832,82.9260779578814,48.89032744683577,149.18994343665256,103.39501907478518,116.50206044736306,304.69444779869343,300.12769244500305,220.69220444671103,189.91995740944188,51.06666666666667,3129,54.10518749922017,2649.7948061041166,902.739915505303,9.808969020843506
372.5055835707579,135.50851124087836,245.57691071430565,259.12488800684037,153.40361859770815,51.532402651490784,330.5477681830836,249.87169189331382,221.09011352082422,122.41655379426747,63.956915789453674,120.22124331023872,30.847880966036403,158.48957758097052,116.82810708313505,156.35489664995626,287.90709096186606,311.40353203135794,186.51429406693967,211.28273597286292,48.11111111111111,3055,52.99702786181678,2766.7148898010983,876.8781189426925,9.909081220626831
421.7521631914922,245.34382099358098,272.88146470401284,351.6072376917813,238.48443914854028,155.55442226879612,220.9090550470944,170.21581565091833,212.01759807947292,95.9609584849256,37.9044884844254,76.60097322893417,91.07143137108255,192.0625986127456,154.30473514885009,136.03597291163692,246.4141755024423,237.67007701341956,243.5128531613732,156.5546140583845,52.44444444444444,2943,48.48121314485817,2855.1968854552943,825.0684364490935,10.00925087928772
422.0228570571478,245.96980725621188,272.76239621615525,351.753105862661,238.4554172730097,155.7445247334255,220.89836502547706,170.4827540982815,212.06255123293565,95.42742533364232,58.590036107572,72.90276217543234,119.43100253418501,209.28761285034923,174.38793495317074,133.7728826043305,238.97861475732174,202.85115465736195,278.47955493980606,127.73172800250451,52.44444444444444,2945,47.26586675567956,2880.9654814506257,868.500131109744,10.109319925308228
438.2442261442879,285.7228819950697,253.91919265873952,347.65356236672574,218.7957039648838,159.73310068334152,245.07773077250883,219.75297703771963,190.3398016880539,96.76408660045436,28.95614537347586,68.990018374059,63.357395632322785,136.82487909858332,116.92263180769687,65.75460543845661,299.9837489363722,197.87716192034486,327.23109684088087,77.30424956472883,48.2,2892,52.16031851751651,2661.242716400924,870.4368540082708,10.209349393844604
449.51393151389806,313.4617990187576,223.98970064541743,320.99196164106246,179.39356824305295,131.59804921365455,287.3524846633254,220.73586835110154,231.8340819099145,54.45778675993013,16.97363984143263,57.768214715365474,80.76610887373654,163.65992634569778,142.17294132848758,98.9422491750761,264.5607245924761,200.1855949054039,286.2007162030525,122.557660877486,48.611111111111114,2851,45.51002629537543,2520.9038252894065,849.2467254550688,10.30955171585083
464.93122198568216,347.5049815553228,169.55550239889564,263.7111418194592,116.14953325625204,69.11219996634186,320.32016666352774,173.33772726683415,276.29305832320614,65.00837448746212,17.170082467714096,58.16817237757405,80.70598743001044,164.40941562978352,140.19183416737104,97.38621711091305,269.9255321302466,204.43758097801938,294.06701428500793,108.69041672704296,45.099999999999994,2784,47.42518426935323,2782.289492231511,816.8093489327002,10.409603357315063
477.6903197393404,370.6110986678861,105.83671030259677,200.4369261475789,108.16051984342587,46.41178898149585,286.1045847737125,123.90052125930718,233.08406575707784,115.06149609840234,36.43388478600077,78.70377776412879,63.597130375615826,147.6511614257881,119.45539340199707,77.73903433948105,276.7850195212318,185.35553753730687,290.954147967644,127.34518070795225,49.3,2721,51.47672381242255,3555.785383416622,833.2196891557824,10.50978398323059
486.8331928301252,382.73693659412004,57.001590317698415,168.29170923589228,150.0502546521528,94.03720119426558,236.58955551366446,149.28650586026234,184.90610159301602,114.9593661052549,12.95333423543179,52.35001087209971,87.44039503341047,171.73920839502728,136.8051710549453,92.51775422638626,282.38231042050154,198.81060771460062,303.3706119364002,118.94906218233326,43.5,2670,50.140204557764505,4282.393760963675,854.4151377119936,10.60980224609375
506.46140155309416,395.33654041001284,88.50744395746956,211.87858389638814,258.5252469103643,191.08652783036956,198.5348658921528,254.96931387775274,242.05057989127152,5.502443111526619,79.22284336761187,123.43407219318662,41.39900913193935,131.09420796095387,197.72600040466565,173.3175960737868,207.6992549950433,299.53702464872254,314.4357681650959,7.618003712552708,39.46666666666666,2557,44.64776479208196,2071.7925027029423,774.021374257801,10.710114002227783
506.6327803699082,395.6112889249473,88.66017045829562,211.83607317343146,259.1780322724211,191.95336804816066,197.82120660038808,256.22883600634094,242.39447006720712,6.463117549728411,14.250063506998686,38.15710557110593,94.82346056252284,158.72851162168408,108.8540105944614,84.60027980438284,228.5069131956048,228.43725097032555,227.53524642747536,98.34727284831332,39.46666666666666,2557,36.505562173656216,1980.0087737293122,676.108239339589,10.810328006744385
512.9632668789783,372.1231452692362,179.17814761391654,302.5351780953617,258.09944034670855,153.43917331083628,283.415377026114,171.29299325299368,221.65228772381434,93.88234311780458,30.495543479010696,32.851574244254834,106.50351716283504,160.10235273908128,93.15370670677575,80.7785482101798,220.17467963156975,234.6798493727344,217.23367732943765,103.29734952671949,36.11111111111111,2464,38.25775957876712,1954.0812069338622,659.4985688952407,10.910606861114502
524.3512060322508,340.264934406103,271.4451092613355,381.06470703260305,215.46470252843122,76.6729969904987,314.0705018923918,111.24890405084905,116.8300163589056,147.3496300282566,20.515876018478487,32.67283294216549,102.5448626380379,164.3843615838605,98.55770314902345,75.04114773331673,229.69030134602986,225.50407255433078,212.66733741624884,110.21106598890215,36.11111111111111,2354,36.703561651715944,1953.7378633872208,664.8283490453562,11.010694980621338
532.955145038859,314.55951654960796,321.39966958570477,407.96897492706444,161.39828641671545,18.94090009995458,277.61791104056977,176.2714082148121,107.41608960032595,116.69877958621521,24.41268228461774,49.7575795643929,106.59421736641599,192.57536944152542,111.01669218262104,47.4485647669433,261.32887929663804,198.20644155430418,182.8852001489099,140.2604900800905,46.22222222222222,2285,37.383400856636456,1995.6972779205075,697.4351354566816,11.111005783081055
542.9785800392036,276.1636889827173,364.1117748936551,403.1568257781372,72.47395886105548,73.15752375277825,188.307642537848,241.033962830007,196.94870368632868,33.029980249445785,23.873243909105327,48.05218341340598,80.96147781364924,148.79712568037613,131.53094334724076,88.51020871445725,264.0666965754894,185.3735036931907,200.7955596833787,153.00046120819928,37.77777777777778,2194,38.12998062828152,1976.6816951123703,694.6740846492943,11.211055278778076
557.1125871387464,231.49329731397233,392.9910159326925,356.9611181119458,64.8106520795695,155.21056296771715,163.0061287611895,231.49028413238128,234.97075592378258,129.9991803951377,20.075254413173028,44.34363538399278,85.20746323806289,151.1954007202665,127.26769243292829,88.61579800920236,260.0648552405423,188.4375770495427,204.53541581643722,153.05600432118715,37.77777777777778,2088,40.7841349879091,2030.1535854763506,675.4998872059065,11.31127142906189
574.0501621637852,198.3444577270199,400.359849859483,279.41060377787454,168.60056357439097,203.7857828803907,261.4625924051495,146.01133482157573,174.8061883510791,182.0870028215809,20.023434096713956,43.533120008781864,85.89861338700305,149.83793807407258,128.12354342956982,90.83855060336644,261.57717169320046,185.97284688450412,203.10375059763996,156.34608011891373,37.77777777777778,1986,40.646528197558915,2046.472577332329,689.0083506514059,11.411463499069214
591.490407621351,183.9682336062714,385.93605477461716,185.18314456505607,246.64509885127387,206.47045973833912,334.236859531476,74.30253860929031,82.8251308047224,132.67186349474179,17.5904346435971,38.85142940986343,90.63437883201155,148.63237649871493,127.4233555802846,95.28281634400456,262.8403570845271,182.77074855951784,201.04006279950377,159.126459095142,37.77777777777778,1885,41.28563966456667,1958.6148280903549,700.9825731278129,11.511792421340942
610.0367877612964,190.7687828987778,348.9327475353644,94.53735379366815,289.2364505201249,162.43693801071115,332.03340377103746,162.96456054667976,152.17503494694293,43.81426968757641,18.121141278652548,36.52657495216318,90.57085226436243,145.02181295586865,131.60525326051413,92.4552591579056,263.6576274013863,186.57963877464113,204.6920365904905,155.51114143830296,37.77777777777778,1789,40.29954448625861,1814.783995901558,698.1549767434808,11.612125635147095
626.4801511498554,213.00777140481807,299.40261383548227,107.01104500236247,289.09867896405905,92.46812590721652,266.0693629339707,229.42997283028254,222.51957905506865,124.26773503621423,17.636890887096957,34.71977554000319,92.9680924957406,142.93975993647075,134.03742672611799,95.51493898678534,268.970113172025,184.38398926228666,202.49557290256126,147.30119455011254,37.77777777777778,1695,40.039020901775245,1880.5649840400579,673.5996822934146,11.712422370910645
642.7714103699907,245.64582171215883,226.2936337064914,201.39928926023003,241.05643194022272,7.87492978928968,176.09417161785757,217.05770218087633,200.0992050476995,169.45667811144074,18.94193307126247,35.093701794042644,90.3017442150734,144.78939626032317,130.85474447577474,94.17730365352823,265.2865528772684,180.6652920283483,196.47486523612497,148.77318799060586,37.77777777777778,1603,40.478745626812795,2401.862401153495,660.3818436719007,11.812440395355225
656.5922236519089,279.09553227573946,150.13276026922938,282.83131123997754,168.43614415145237,94.63409273592988,193.06472297203115,145.4771219802271,117.8945885316298,130.37770274459749,21.035198765979768,32.97373204951518,88.95316705588823,142.5725872809189,132.47225981933866,88.7728340413172,259.3712819559919,184.83511185745425,199.45161127354797,157.60826481917758,37.77777777777778,1512,42.082258770620086,3156.080319895964,664.4239134305651,11.912574529647827
666.1017244656639,305.74271117208076,73.73357656483081,334.5255820325601,91.02483079000753,152.92476774896303,271.4611731469646,89.01808534421899,105.23586566244018,57.66904871714719,115.28711435762855,105.98526170642931,36.73764810731382,216.26281070414385,64.45401463574409,148.0558910987482,289.29247899536995,93.87084086265871,130.17003745579848,70.95099208315183,37.77777777777778,1436,37.2677534873617,1608.7360117213502,595.8695642324299,12.012768268585205
666.0695824371579,305.074926318129,79.15601607502413,333.8447917283185,93.97109678476077,153.01300136615325,269.4159099965257,84.68166973859923,99.3139188263072,53.37847619427149,28.56790364382669,19.001269887755083,96.83235434090336,130.97464891043765,147.1089399871614,75.03335339229452,205.37662303635412,141.22045310262473,95.3499656384851,120.79447684735672,29.888888888888893,1441,31.738421263860047,1530.679345961394,534.1985834595856,12.113049030303955
659.7066413015829,301.680331074451,48.49598686129178,307.9455882490979,129.4152160930937,105.51518936072152,232.24113145432108,159.98492369909704,133.01957318707744,127.05168713962061,31.513583174078764,21.935344757215674,93.60670631063297,132.72206020503017,144.91489373227824,73.37715574212645,205.60524832047847,144.17090745346044,99.56335196328882,124.89998666238591,35.736111111111114,1363,33.264058268558685,1539.350863255927,533.9850611599295,12.213378190994263
650.2302561319309,293.9310445967645,116.84130530827798,254.45084381681582,207.47006038021715,34.93224072988951,155.03011466505652,186.85176244502475,103.75260832184082,134.40606984222327,18.804100176319718,11.648827950552153,107.49867577348654,128.92674816151174,150.4796677328917,84.25486816075215,211.3568142330021,131.22017880208938,93.107138977162,113.19615491445289,32.125,1286,32.110949988549685,1527.4575051928985,524.5230202301773,12.313558340072632
637.0654250172112,282.59044619983973,203.5297512653006,172.89898956235876,277.0423114093959,53.05567147823767,123.38728520798782,147.49868044740006,19.520937819600647,63.888052910738665,32.03103369461852,20.475803354202416,98.4669152939668,120.35074890776288,160.01169327926465,69.34321571214397,194.23631259631517,137.3528462071593,76.92514085167501,104.5892305019644,32.125,1197,32.28100157111796,1544.5245714806672,507.76956642522185,12.413820505142212
623.4317418535858,270.31329075143674,268.14021286786976,101.88799048486382,301.83881258200086,114.92722587812166,190.82277878675103,74.73847779335875,60.96168255701382,43.48746121597354,62.78464537529989,49.43544616968625,107.11103586368971,89.3730780561618,194.9078577072615,81.75190500042422,194.8511309826781,109.0435364886264,71.16008539251652,79.96859106745323,33.785714285714285,1126,30.556416735245087,1573.7371149847056,475.87350110704375,12.513982057571411
615.2962969775624,261.53724256874625,290.4314814969767,86.02089481005217,294.69602036261955,129.40398373651885,216.95125855877913,64.07577436513576,82.11231114212052,75.56875151367112,40.85444615928148,32.96127873622543,86.92096765435177,116.9234608862505,176.53101206457802,53.93440677200703,168.34476808846446,132.7534604415396,43.25950478016419,57.553002238684385,33.785714285714285,1090,30.607179823966295,1514.9621599955456,436.4486506697741,12.614208459854126
592.4843107921292,233.31331542483318,316.2116988501439,125.84617509266941,239.70892100151022,117.25487056662455,211.8670181005367,130.55581860131093,65.16554378418203,80.57777072895293,33.01853291025764,38.60230564551195,67.00021651859146,138.62252848483544,175.21739985309156,37.57519997635439,146.02317964419717,140.38083001147447,35.688631581130466,33.29148754520144,29.285714285714285,1026,26.773127260425255,1491.1889476985364,401.04945757874725,12.71424150466919
561.9483056389795,198.52410531362509,330.7791530732328,209.775040667854,155.61028539881065,82.63312408777684,151.44873984257273,187.68367001894177,40.39772386554434,50.534898338262344,33.42867897431857,38.556083736983815,67.7179220407621,135.97495309471338,176.3472020726268,40.387706658046085,150.51353196943285,138.6052565497243,34.62459022158123,39.13834654502075,29.285714285714285,938,30.889307675407256,1559.3971942427684,431.8954289214195,12.814325094223022
527.8997964926168,168.55133093822909,326.2496248636226,288.8681383245314,119.51150399913467,51.79653035129169,65.50584398294782,175.35592639677424,68.92439875957761,44.897003994344374,44.59747332769204,14.439279239371297,108.0040218438513,152.6937986465466,135.12258736479876,2.264210999836172,109.04335452503058,167.86303770994766,52.85108389930833,31.425100751802916,33.0,851,29.416899475210222,1712.1036917756342,429.23698647001993,12.914368391036987
509.80154674840156,156.5987335024894,312.98923338997486,313.6364852527312,150.70633894749358,49.881355840271894,77.3272607791197,138.17946434606046,72.19179952337109,52.62626704074173,36.58317215487472,33.72959461425286,85.74275950053718,123.97017574848508,154.5218349930448,32.12867018110406,133.61159341852112,182.3494378721589,33.65390432914326,15.305081106415031,28.833333333333336,806,28.647589582199405,1701.494867620182,412.14318757512353,13.01444697380066
474.38490485730244,140.41462899933683,268.73339240498444,325.2457793114721,227.38077311920242,66.57328205112174,154.39486029552478,90.43657558680383,39.2444542353283,45.16092930621714,43.970936123737644,6.660230470346051,100.11684407267877,162.12323873988367,159.85255522529434,28.923196420579508,142.87730016079533,144.18565698758948,18.545047436303012,25.14675741388848,32.833333333333336,729,24.123382773542723,1617.7303613152394,388.4594204187596,13.114649057388306
454.1163755476853,135.3824755760551,236.54545494255632,312.920483576464,254.54021488570154,74.57563019381392,173.72184588305245,124.66394514651756,20.119437355818192,33.995478655689084,43.3357570995356,38.46759260706948,103.96383630726221,132.33905260124249,126.4363679237957,12.437854605193735,101.95907901718343,155.91007468822042,56.78902017165793,43.86843091209029,32.833333333333336,690,20.38967320926534,1491.7003890951642,344.48338755691714,13.214764833450317
411.4684410188366,136.0354783851536,160.71491396589906,258.07938211538607,269.60662119337877,82.14465849441446,155.81385020938535,189.3081871660411,61.60239557164465,47.483167845164765,44.030609099525044,39.28341626244422,105.02423809522527,133.11937121221186,125.65462649758777,11.789831867809555,102.79918010096394,153.96412571123975,54.82924446122803,41.868867941867386,32.833333333333336,610,19.941220576707476,1511.5361414909707,336.6564328505876,13.314927101135254
367.62705419091543,157.64975705052498,80.57789720673831,180.51940440730513,244.80127154885227,94.2545588591743,90.56674488660711,192.4245489529823,101.81003011752303,84.23747602518482,45.512999219015825,41.30393095198319,106.8992692073374,133.79499865887004,123.8186821452553,12.245006617641316,102.73545233011531,151.71844633182815,54.32366188841671,41.97176075082504,25.799999999999997,529,20.7729568261314,1694.7217903708863,332.884481694758,13.415203094482422
325.3722706920441,193.40535363338094,60.83511069492591,101.56532858346407,184.21971071913026,103.0963417248063,20.013811113123953,130.08399431844077,95.74394341410522,79.06665463252189,31.791283869355155,31.02558110578324,89.21180166180827,117.06892678219083,122.89068486911569,29.07551369481326,85.34281128079614,147.93929617967223,66.35325414816228,53.23895384914293,25.799999999999997,446,20.99581348783559,1834.9633018704717,322.934500707169,13.5153169631958
295.80551747183813,222.7160309101795,116.5183634394485,88.7600133687448,122.03843105346665,98.75904732935433,78.75308055225456,72.0902277282114,54.47804292516818,40.36344546654238,30.12951683349994,52.41591710764789,59.67066599676551,73.25238586518948,99.32424695717265,70.43686898090898,76.8124099700277,103.79465779776798,63.45253748492063,47.99663227204944,25.799999999999997,381,17.60845619651398,1527.356229100439,269.85818977409826,13.615660905838013
283.93286619666,229.97056079753543,139.46334974083183,107.10589712004892,104.61269635074028,83.77253557510106,92.63392865730859,84.03628948538388,33.43533992012275,19.67222511342219,32.90714647486782,57.466935749269545,61.63010988952123,72.44528827198178,93.8029086512959,68.96113547484592,82.5602700929988,105.50100519433308,57.377485949295604,42.491990121870444,25.799999999999997,361,15.986247857662134,1513.8780720232323,257.06163125965406,13.715969324111938
277.518538664964,231.6926985377115,149.47901457791446,118.37435828793798,103.02625895477867,72.8823410793043,92.7702385725671,95.57084354037707,35.156041463851246,24.662241884584102,34.54585680988583,59.5112089820524,61.32568745679764,70.28262053039926,90.74647483761791,71.29293348783668,87.25499817064501,102.84485579634331,50.520424349921576,34.293169804761035,25.299999999999997,346,14.648042150336313,1569.5689763501482,253.3276780066409,13.816328525543213
266.35611336881675,228.78055710255893,158.0857534074702,131.4575750551044,116.33814413435735,63.55105515016512,76.7511372290377,96.36475805537961,50.12242531566313,35.00658322584282,33.634892992728986,58.226274912872455,61.18726871853631,71.19995103637925,93.54345575419777,71.64544157171231,83.60111937379988,100.36193016568484,54.14709021549008,36.06608833398151,25.299999999999997,333,18.657742485834948,1680.902079127356,272.6785111482284,13.916471719741821
257.08397227682974,224.063424431189,160.8195559602351,136.8527444318197,128.31753752364202,68.2257136503852,67.78787046571371,87.24366750394357,51.13749683787473,31.88987945009191,44.08569490165609,36.65365512921232,21.10919677640334,32.48879435162024,85.27453371193666,101.8884386307325,124.18918754210222,114.9092159625577,36.72634142881362,48.404362445932435,22.0,319,15.895598238261567,1678.7408718050583,243.39137309486185,14.016637563705444
213.15912723223687,193.75528196620056,157.89219882014334,139.52372080950053,167.23395516623032,122.46598823122535,100.1813177106139,52.279353904419295,15.554533149796008,24.846528032263034,29.165997500941053,53.65573292200463,64.77456408975031,77.2380762427283,120.26694636208605,107.86503336922692,106.28930028207554,70.12971873985929,12.052173929967637,31.6332744429107,19.833333333333332,265,12.284131632240431,1582.5696638495137,213.80527818739014,14.116745710372925
204.7099418714064,186.69911055744393,154.46693989255553,135.7665738258645,168.30717012779067,128.4201633322216,108.90932905580122,60.77871874293694,7.7916363424293715,27.7980418605702,48.25705313527391,49.93715136116389,37.50247263374327,51.51988509805538,76.74020377903285,66.2650451747883,77.98570539198292,86.584973753273,51.34650277715951,16.653912263947824,14.333333333333332,256,9.736594259966132,1426.806954388329,169.44590403949627,14.217105388641357
157.61038450581765,142.57311016249486,123.9800530942421,98.13314051860878,145.77912360947508,129.4895049813,126.27475020149532,107.08429582768501,45.4563218774673,34.59499990068882,47.47408881524792,49.60262349469493,37.8079040138883,51.8911490436122,78.01626907775984,67.64089216753112,78.97002131558665,85.79314242315205,49.071039254891616,13.985684093176458,32.0,202,9.385347908745374,1472.5543221106145,160.91238313337323,14.317394256591797
110.37090630031364,94.93435637743698,87.5856347609981,50.56057957292229,102.20305166826635,101.98299443706291,106.96860629393223,115.88803985020603,75.96994768550654,46.4275353485514,48.42977304339129,50.48842952239289,38.544241456023556,52.84521929543299,78.43542848424188,67.38495626619783,78.27296415730443,84.3875075553456,48.10972678102696,13.139573364092612,20.5,150,9.045019802419892,1630.8415530939105,156.44988989665322,14.41754698753357
63.59788190490726,43.55168138152513,49.373039862408,4.463566039863494,47.42554268724356,51.908882758578926,57.65573859913502,82.73284346470297,70.67388713127879,43.43828243521499,38.56744637616171,40.78545205147664,29.251464977703648,42.807844857160845,69.04192285534062,59.990033899582535,71.60017055914314,83.5950080964451,54.339133397892994,19.565520155543407,14.0,95,9.530592989141223,1762.0142824242657,154.1406041263155,14.51787543296814
37.08748000413264,10.39437189506479,31.837378431114143,46.290088475235876,38.42623679897681,17.428390571259822,26.419432550034376,39.699200806444914,38.066225267755925,27.67013059044413,5.820934034873355,3.2533795800556944,14.865881466763764,28.609349368517126,29.40920030429233,15.82334780690804,27.606955256166337,46.668284347928356,49.444463995589196,39.132626957992684,14.0,51,5.807497631180946,677.4934163199054,108.59908552702251,14.618077516555786
40.01437842618215,13.307336306790088,34.056618151832005,41.23745382602238,33.096804005689734,15.662768476646429,23.27661800728509,42.40897533458994,44.620117932645655,33.57835974918011,13.548247663807475,11.07641566172315,22.45680029916708,32.84949201099331,25.41411918886612,9.50700490209558,21.864083254202445,42.34942807617185,51.02634328627312,43.46569950943113,14.0,59,5.650043027944531,662.4295007866626,110.22410911874454,14.718214988708496
41.157003671994076,14.800949985699202,35.572531303687484,41.56455192682573,31.753518890283186,13.88341765896997,21.802255852677337,40.4008988034617,42.86119489060732,32.20610742857017,6.4580236425982,4.630636930040429,16.608356311211914,25.68793023104466,24.302852811677955,12.605853075203111,22.78305409868614,47.49410041640029,55.672478211251494,45.54664287140544,12.5,59,6.802903019068428,758.6593459149283,119.90290297803496,14.81827425956726
40.304812638687714,13.76728160272306,34.52256632346176,40.70793439664985,31.844907909472823,14.529682325939602,21.495005745354607,40.80700819171227,44.065888849626155,33.82092608128228,6.325405651934983,4.307359719990745,16.118063888736785,25.159916030497893,24.37452750058809,13.193888997011825,22.46371102724359,47.972937788015706,57.23799832519648,47.83075162641883,12.5,59,7.77042539896099,999.2933530980526,120.47779737284418,14.918610095977783
41.44164930029514,15.013982735549881,35.663233951312115,41.99384739757534,32.4884883410054,14.759620395405342,22.766881837304602,41.78886284132296,44.545862935705415,34.226479788539685,26.973489510168573,30.676736022149292,40.67009196582401,36.63205177194667,18.14697448406108,17.4755608881861,31.77492835768237,39.919274955991405,37.49903031924432,28.512773877047202,6.666666666666667,60,4.867496023592127,1144.7767139525117,83.99202569815034,15.018940925598145
29.751335620825643,6.624729450854499,28.69031865990763,29.645211730114973,22.058097233515678,9.313866682729847,11.085369246537505,28.993852390270277,32.19458511345916,21.66781407790489,19.353511990647206,14.928118300788304,4.475293058557999,16.452468250509547,28.15372919770082,25.17835317070129,8.114248746888263,27.357097032616956,39.47328391482286,27.636777772187422,6.666666666666667,47,2.40103988365962,190.60550263364786,66.51815029350428,15.119295835494995
49.599358428223404,20.276720412095884,34.15823059663777,45.05710312682148,42.5772307404846,27.95844368370542,22.000481952944323,39.761943500634025,45.68017743734293,33.90056140672494,23.262970386947917,18.936552384980764,8.1013953660517,18.1714517480137,31.378694030213698,29.14727548564352,11.355278935465652,26.37081585699548,39.09970297728197,27.38809973707036,6.666666666666667,68,3.353218823221354,216.70626621247828,70.70616355697149,15.219387769699097
69.132358265217,37.848167729974264,41.29530993183166,55.71818991603517,58.193737102526384,44.83064369178976,29.10111840183934,36.31595367070172,40.81773628194262,27.909220979286427,21.407995994333316,17.08848431033938,6.962903313436221,18.63739188025963,31.31366947045556,28.610132317387322,11.968260537921518,28.495095205680123,41.284630896036425,29.648351970916785,10.25,87,3.336808807627028,205.9641156278357,75.35787448310651,15.319684267044067
73.50096206777172,41.45041052604313,42.0534937092579,56.25951851957351,59.33226884898654,45.88137314434949,27.564823589936882,32.15508481864591,36.33715594270531,23.38775292443116,11.636124245318356,10.311319833720349,14.623402109878139,29.815897309030838,40.41777733302286,36.724985964755504,25.579139876869583,39.11134087121355,50.15279316449063,36.88707253082208,10.25,92,3.704201129910551,188.09235070742093,90.1530979653713,15.419764041900635
78.04897016704383,44.56289745762489,41.188264095614876,54.34294194139327,57.321074626372166,43.22940040321846,22.99320599401612,29.233682002352346,35.407838938394434,24.053463554755744,11.552558591164967,10.901458754163915,15.560486385852025,30.612037233405037,41.16592351292399,37.31587579391543,25.45424934054543,38.35768542389518,49.42031620583497,36.294014409495695,10.25,96,4.519072946524982,479.5670627347855,90.19356074498577,15.5197913646698
102.63835714631199,60.79212647990844,34.248874680670646,35.16443706540457,34.44654649809819,17.138279315189266,20.23725169577232,49.582210894775855,61.078210810353895,50.19561479760834,25.620237962226096,17.317515319120712,11.408135424599566,21.793616305384624,31.955933047068818,34.49719669054291,40.88020320432612,60.81672849027693,69.58015033339912,52.67188890377032,9.25,123,4.385668678348882,523.8830286011305,110.73860101683125,15.620071411132812
128.61038660176098,79.10905701748597,35.412992795955525,12.890384217808,6.979733608442109,19.535028758386783,48.52202900669768,72.58317614869998,74.897179667887,54.41687966902635,26.49135772310588,18.161769912274323,12.449310128072314,22.371360697745793,32.54809513846758,35.59386852423425,42.209995141072945,61.400829057114635,69.27561579233637,51.628853863087556,9.25,151,6.35575853053399,605.2109129424415,109.01406865747268,15.720173597335815
154.3792598742105,97.21800730933302,45.63514554494228,19.592386078574332,28.30759329638405,48.04885839258876,66.43174856397073,73.80819423517701,60.482104999217206,31.024452344887855,27.196606568532886,18.649321056065347,13.318240183434018,23.19132208739877,33.32826494237206,36.29914359393074,42.45676156605556,61.187310167942684,68.81156569666538,50.937265262752746,9.25,180,6.8011491907528665,636.9240832884125,112.87034940039433,15.820303678512573
158.18876817345284,99.32914674739187,46.63628821348642,22.217239322348718,32.16849123966193,50.10933864262038,64.98434918712537,69.66764966650697,56.16034014899824,28.345542817754808,28.839426779126853,36.7194616730371,27.73617211408067,19.32088377357634,29.4121675491249,51.43761316082771,72.41374822416378,81.7456677497177,68.30718500916022,34.125499469192384,13.75,185,5.65316570363203,612.7002346173357,130.0525250002092,15.920463800430298
175.15839217452785,106.15455637273628,48.30191176473683,33.16603596996958,44.47728442967077,47.578039553756696,44.44180360503925,53.97619929748405,60.69744012041354,46.92152811175154,22.349165191862017,9.79143105433008,4.695360213774777,13.674737982684206,14.185430452137014,20.68172629085131,56.574560993628324,90.44998757127227,93.56427187515744,61.296866670940524,12.95,206,6.220603915879993,728.650588352805,151.26000423719887,16.02083468437195
176.8184500255182,106.22037999032818,47.631109137114585,33.34285971248099,44.049077515489735,45.36024474953895,43.16831020668332,56.115410502848924,62.53466618662103,46.49689957491556,24.162632745491816,28.281762873214387,17.68744889746593,15.656035808481187,29.053944576293596,40.1325691887509,49.87054915904024,67.5508585840474,77.2567277408774,61.10893459505703,16.4,210,6.789337398239576,562.6538757043373,162.28823116549898,16.121066093444824
182.9270675985218,105.0389944831322,43.23126704843208,31.948870668180632,38.90855633434902,35.311604937854526,45.69398340286865,66.18163666379473,64.18017202439412,38.5798154885448,19.83192434480379,21.457207882390854,12.669041842694076,9.48203444673096,24.17641351126671,40.8435228986325,54.959163561148806,68.49480564916628,73.982018098217,57.91999329118366,14.6,218,7.019723706577514,604.4245547627163,141.23183790437974,16.221177101135254
205.91115853999037,95.80676424610465,28.59272105295852,32.22509163330573,10.57457176308914,43.349433107332175,86.85567889497074,76.80116234126761,24.867804496843736,39.09895698264501,24.651774726577884,14.412093329731215,29.71686203627957,25.934355123215088,34.95134377977339,69.09064688077959,78.09670845710033,47.372156745167125,57.718276857078855,78.60816824230382,14.6,261,7.074390525657469,565.1739469088958,176.06939474572596,16.321550369262695
233.2804093417752,92.47599114655304,50.70963907719634,59.71727942057776,43.97760658680704,90.38927933035241,117.12443626859483,60.797849453815616,35.26934395359771,83.36390189796819,26.820206678173527,17.051760494527045,32.60444110622831,28.862962393056947,37.71656172708763,72.01205373001996,79.5125651793771,44.83194082757535,58.455611002974855,81.62868043811308,14.6,307,10.168851597398563,595.2293429523538,184.60919711445132,16.421600341796875
261.13304570035444,98.04469282059152,84.63110642719805,88.59792530382524,79.89208823164213,123.41205856256471,114.32699071445545,19.689015848014304,75.08145215671972,84.4987026225456,28.044677173787914,19.06771268796064,34.34400113039623,30.018940212630717,39.07774314792573,71.96464389595832,77.2938703478493,44.665202558994025,59.87735506405761,79.36073820904804,14.6,355,10.720765531170338,607.212158721773,186.85478192073316,16.52195453643799
291.2086083344115,113.17319803976692,119.90614811876584,113.54990949034872,107.10618675068828,132.69346671205153,78.8046550618015,32.62262679723112,81.52527279970447,39.493861991540555,30.27198487988148,22.809424138872227,36.656333292364316,30.32605428131037,39.07144598691487,68.94046663264655,74.56473796251142,48.173936742476144,57.13868708271676,77.46644513443029,14.6,407,10.264501836425952,615.5240781740089,189.77983461740496,16.622140169143677
322.803763621892,135.76334544861734,152.2074296390789,130.6228479086091,120.20874632521354,113.61408596337918,24.377356391500086,75.44394402776874,48.83123176993426,39.49014291363374,31.420436894469532,24.665677852983134,37.55222623467335,29.997178046535225,38.35844048195669,66.75835247881608,74.040844461387,50.502052982541315,54.60008400794366,77.76099679451391,14.6,461,10.742517699669254,593.019801711637,194.63346398655494,16.722348928451538
357.64065480337945,164.71366628402868,180.5515747783677,137.96529357701013,116.19528983898948,65.47026276626585,60.44261599287506,92.31254393560285,13.849017381219818,93.44569166166205,35.32093317274488,30.405447244357763,36.62960492670317,23.30801988866536,30.228418280001787,64.16445916295014,82.23991455617987,46.41268302290814,58.951611679949266,82.82999574262485,14.6,523,11.113028576413663,603.4914570892731,204.63087494027678,16.82257318496704
368.0776159828383,172.75478847330461,185.12914577032836,134.02272794877115,106.72614246910504,45.464296450423284,77.06683504358935,82.62513877859514,29.628628026547375,90.29978012812232,41.20345390430311,35.501519799132474,66.48174411271994,65.39399274852389,69.51103969305457,53.55667810589756,63.66422955790612,88.96604122276406,22.047582611686934,115.76531249923907,21.9,543,10.822069042038972,570.3389077983061,241.50672194867576,16.92259120941162
396.2952035081155,191.4251666214642,183.4246172796267,102.08338249070518,54.34615799546649,50.70420634961055,95.79284585937611,22.741402684392966,60.70021156988987,29.22363867744609,28.69675148897992,18.508467962904643,26.61652426177278,38.16402438241197,58.84036884154066,87.10329782766547,40.678657399457016,84.06966538799077,31.574601909416906,97.70183192912044,19.166666666666668,603,15.106959590855276,1469.9053983661038,270.57537044095915,17.022833347320557
403.7826093317905,194.95722930967324,177.85274879238779,87.35619172279495,35.745896608224804,69.06607502820702,88.25297957393178,31.23808967748466,56.06178798306498,38.83312203073954,44.415175142132746,40.242052749700946,65.11297827041602,48.983889781986214,40.67283140173426,54.70801599630342,79.64477225524969,46.242754841275584,59.13867534026431,60.565538000311726,24.095238095238095,624,16.730824835901167,960.7740726839079,299.75587637182707,17.12320613861084
430.6506422949962,204.56221240443574,141.99517580909423,16.64231194248276,56.07954044702141,126.20982942836548,21.92391304833388,104.90668256837347,21.813291772343046,109.13876811381543,25.646068508951135,12.299762827223793,36.025347150030115,67.17192128109426,85.36318796501031,68.8263813707984,64.25314790543953,90.14588645277698,46.52551935671898,99.55089088055543,22.0,695,16.291050000301784,804.4590455205482,304.7439197672075,17.22335410118103
436.9692869260384,204.8671840326056,127.32511305117121,4.9939865848130545,76.20906434116398,128.55281630715763,4.698139437849462,107.62987154321405,22.512021032493443,101.18941094889503,43.75791494450795,37.97045512176064,47.31376940702147,24.88482436414014,48.41480470771926,91.03913222735544,30.76204949071599,101.3539444716768,3.0375166964673324,127.49658526917284,27.07142857142857,721,15.795303726047301,644.629992177254,292.0136285718477,17.323598384857178
459.929002080295,204.83624421541998,64.61424852191422,87.68930361883544,141.71478841910914,105.3614145418615,88.0976403371947,72.38793982790138,73.12976626276945,16.44468827236635,22.226664475856325,14.917214816570334,59.60949838790218,77.57595319430523,69.36236482465938,39.018085220308905,83.88335272854016,49.48470333963585,50.77880338943339,98.03840848885642,24.875,800,16.633243743797223,719.5504819851669,300.4104846870896,17.42364001274109
465.65626183952793,202.5920334598998,44.37133801630664,108.684431551027,149.69327197060363,84.43352021763165,100.22711914475282,46.32205933596141,69.44007176887054,35.77220919036637,41.81122531434492,31.8563446755922,24.614797083316343,48.442111777465996,82.5220083689558,70.75817204643403,73.2111515533925,68.28847900301312,63.302553615670966,56.58547412652097,29.708333333333336,832,15.52540002898933,594.1154427847439,295.6469142514919,17.523844718933105
471.21373312034234,195.8084533363678,21.48635886135296,129.3503284931582,145.1249709077438,48.00954655614881,96.55502311056239,30.05066704746594,41.8837859217416,67.56415355024826,43.19262838188439,32.574013566461105,22.090640010790906,52.10035096040283,84.37621018266057,65.26991337708316,76.36849663631408,61.33927900459037,58.91086737042993,66.03314537338163,29.708333333333336,863,16.587766523583163,784.9778142604906,280.4694878670923,17.624190092086792
472.48567632781067,184.24598403151566,24.055158420354157,132.68813719264406,122.17725165768476,43.72129702897983,68.59856593346858,60.95968889385968,27.58545188272274,53.10603037311767,39.367617443665154,30.204600757080804,26.27791215253108,47.26474626933184,83.39902603485804,71.26958838468191,77.40750792108686,63.33117393035742,67.99242435345458,58.0936808821647,27.444444444444446,898,17.05576647017135,945.1328099144803,291.72990114714514,17.72420883178711
474.88262711662395,153.4040978596426,99.5310000486797,133.1213482937501,35.780794078176456,127.67110185103465,39.707406355376435,128.38885753630865,114.04998752754605,34.54370521647104,10.968754284018475,40.64850495321683,76.0861932849296,3.004105439995899,90.48867947675849,120.28697761584597,104.14521105946577,84.80670795735752,116.97493210080142,59.64631064672313,27.444444444444446,983,18.146682182788915,1144.0874480748603,347.96381701791324,17.824549913406372
474.8254309386374,141.22727800230064,133.7536448165796,126.31698707475098,18.74506146087738,159.14030540528543,80.60870840915169,126.9898446431016,127.24336264148172,51.88469162603166,30.66815142433122,13.320807050701585,46.31986258054076,38.26831545989222,53.81838918864064,108.11774961263292,66.75050772529143,111.42877226847266,122.26636503329378,30.302751517271354,31.911111111111108,1027,21.684671707019596,1248.0132809008987,383.4301572368547,17.924924850463867
472.1753656652821,127.8270633069887,165.180406182033,107.3111724142291,65.16403948268709,168.34303217728188,107.37378048022065,89.51304374419634,97.44852439821813,45.60817075500247,29.38554444965353,12.990036689816614,47.24642499467141,36.605331816082725,55.29067109511514,108.48461206461623,68.89060716521696,109.02867009382314,120.63260167873153,30.890195061382226,28.799999999999997,1072,23.29562628257035,1343.2644169015075,378.9790049058624,18.02501344680786
465.6156635408458,121.5560960181047,215.64373087730624,69.64454767481396,147.39628900662512,135.3243137616557,116.06739752141192,46.35389697397134,39.21294814897565,51.32552520357991,21.102582960496253,56.56141693417515,52.28640209979422,51.75688177773518,90.20783635357887,62.42202077200052,27.66849562649838,133.58157958705738,134.96166617543315,47.97094213445154,28.799999999999997,1166,24.382660016529677,1335.0973491602235,432.71229048562793,18.12524652481079
462.02403263188916,131.33153201152308,235.1283247990738,64.47819304903372,176.0669164735376,98.80115361275365,99.13610774928485,94.630810932395,87.16615073918017,61.516602657452076,25.11166403801068,12.299775619310026,64.63639355775258,8.56515949457146,90.94369835936865,84.36573072242886,73.63321045996102,91.43772196891133,91.10827020446887,40.69531237351477,33.27272727272727,1214,29.539919090663883,1418.98739578459,476.6069916019018,18.225287199020386
454.8077130192879,168.671282671122,257.2568988225926,95.46814154857995,197.13657954977242,8.321724146777099,31.762199214054522,155.46983906400925,142.85050854517598,59.14429773966696,24.070382427297343,56.02241751580151,31.67345118687618,55.602932272638085,56.46274487449877,102.3122421646675,66.72752728792942,97.26347754275616,94.88853424128524,17.33633555420179,35.19090909090909,1310,33.015717010739785,1756.246532238292,514.4767348741165,18.325319051742554
452.0887635795591,216.45669050348982,266.9480349719396,145.19454291423517,188.0066919582851,94.453177998854,63.41926062305575,151.83464279071248,125.33110552437684,68.5497736926526,20.94562254993718,52.62858896848394,33.16516458684079,51.551440355017526,59.44887802402379,98.64196737968216,64.09052780271432,97.72872922606696,96.58024563187337,8.923139659316242,37.10909090909091,1401,33.5352756265744,1798.8698393826232,486.70587035258995,18.42563223838806
450.8430090818283,243.94794576956036,263.253868008818,167.53629487979774,163.75799254947077,135.3511318769611,92.30679396035143,114.49713492514009,79.4847285519296,57.01727410006995,21.845233635527585,39.865145318802725,75.869069563848,57.261256172548016,96.46469134669293,83.92517825776947,50.338957627515704,131.99220634455193,120.0108688955089,51.06223259725227,37.10909090909091,1450,32.30915841440695,1634.3554864097928,532.7475673128023,18.52570343017578
447.8793307518391,284.98208306383174,236.25927843717557,183.7807241544639,87.3164143201175,164.51561077556582,106.16006642890349,49.20206540498801,72.91854739004832,34.30930447224844,13.627711444870263,40.66377394673622,42.85198569546496,32.31580592554434,83.74884865542553,67.79148455298649,28.18393934969027,140.14803585790213,145.3486893776828,55.539034926361666,39.53636363636363,1542,38.34612538714869,2229.4689413216283,585.8215399726214,18.625937938690186
448.633297560972,320.89109645653934,202.92161039734512,188.19251125590483,5.10555276559049,160.99593560375732,102.50253961269097,125.15421333332672,152.89124082661124,86.68683056021014,20.715937022344022,39.58574713909586,43.78945887884967,25.73214762727738,90.43276357802006,63.33048760254969,25.589244188810977,138.978345802923,139.3597044762764,48.27640508412309,39.845454545454544,1465,40.73533108343658,1942.621570022201,572.730949380347,18.725961446762085
448.5349456484555,336.82331302275355,174.12058320086769,176.58404298106285,45.726455286698,131.88441327498916,77.0222175091423,157.18120017864175,159.19888617226823,79.53932002143571,21.447899905884757,58.906433632380214,55.13691427492747,66.94741548155308,48.996642427382454,98.47463145947962,58.21433426517744,136.99790746505187,163.16242418324242,77.18795027819446,39.845454545454544,1514,41.42856977795934,1720.3515124859784,604.6268155959415,18.82608652114868
448.06468701426746,354.4370755846899,114.1794769587906,135.81609203813832,124.19036936705747,48.33036829617049,20.125612050927334,143.14874800857334,88.62300634941758,16.23583868259799,17.593389643209928,28.49362806750391,60.55194214574201,45.255369308497386,81.88642304549116,97.96548633854724,66.9211776404909,99.44573872121337,132.25976751062146,65.62972263610396,37.727272727272734,1603,44.23360579435882,1970.0347315467068,649.6747609329348,18.926164388656616
447.74512482977065,358.8792004772017,77.45354588076107,103.61072409336803,156.56525101754542,22.58809705443139,45.58742345072734,100.50913084268537,51.25202401815116,38.041044406342166,35.923949672081356,77.91830285292225,28.694687517292806,47.90899579217786,89.60618040309036,50.64339130218728,27.5041026268629,121.10982280452401,100.55523350289188,29.75771909281105,39.68181818181819,1653,45.45882047299563,1986.3396555725558,670.6810897664261,19.026256322860718
445.7811956800954,354.68683163441716,37.21288972766186,48.51359917547425,174.3013351388462,94.2186153378873,87.58685288056988,55.67300796872515,117.11826592252194,73.27814373043059,3.514438989099418,45.16879468850069,49.67801618647885,50.29343634637846,66.81185524223068,85.42005150363333,44.37064204172515,129.55330300169885,138.52923621818027,42.6403827792643,41.977272727272734,1724,46.72751566173906,2022.777609820991,685.3283693385799,19.126258611679077
443.57150894733763,343.40911826366045,58.38525419245036,27.629967775760214,164.68115302620515,140.21535778801336,101.93145159080042,111.57978360963469,151.67136338035343,66.2985741761662,5.05391758154847,47.05402404434692,48.1239079913672,49.9103792563019,69.01774554412992,79.8069780795909,40.874723507250955,123.92869303480829,131.8245704779545,44.068238067688476,43.33333333333333,1788,43.90330997431013,1905.2809597645705,644.1004314032477,19.226608991622925
440.30722395418496,326.8858770823423,92.28032106690826,57.84256057254183,136.0379439067587,153.8656098072511,88.40507761152182,145.78143632755712,131.63577262957298,28.06931062647183,12.288381009989976,55.08565753708324,38.75087013858961,40.154372752839926,80.84021038173194,81.59625911230088,54.55867081337501,115.451260390175,147.50226538095427,59.3943999838372,43.33333333333333,1832,43.349915486730794,1837.5775774896533,647.2914982910615,19.326995372772217
433.7945277808849,291.70348843271904,143.33227025133354,111.75620470766293,67.50227128572523,132.01230202228007,36.122936996145256,134.2171087686325,58.448899145838695,52.550689570708606,14.37183227010819,46.42100588176917,54.93708712557546,57.830961261833124,86.35205690403055,61.45273572424604,57.62659790461516,94.09829955597343,151.55995881160777,79.72306521560428,38.416666666666664,1872,45.790584344883456,1905.4202422126486,694.9246271800225,19.42722988128662
428.79934195491984,247.66053704567577,196.7273103483226,165.77489577633585,19.548501772811377,80.32819995012234,49.277188089910396,70.86276672116227,107.99547624628565,108.91612625361911,12.295074832871649,43.894239268435115,57.8803870151248,65.14758166419495,60.56482743657403,52.54835282413767,40.617404433282985,81.91145746377994,142.88059549566503,102.48751495431681,39.333333333333336,1951,45.093461246108845,1928.3422101807673,676.7110306440268,19.527555465698242
425.71654742502994,218.96330313318614,219.55707582342765,185.03575392125921,66.09375287712014,38.62711901708762,75.75897986372168,27.690284395902232,144.00664333714718,97.90166433902048,19.743242729890433,46.43718422359409,60.35958492812384,68.5684507042035,52.4700097959003,53.05634712773886,37.04667790712829,79.65538485569036,141.2827213544824,111.61699444296285,39.333333333333336,1999,46.455471345990304,1917.7843921314188,663.1695253832231,19.627562284469604
420.2120496898924,185.04414781779488,229.57173107459204,185.82764818593841,102.1553024659833,13.934926399527491,77.98616662809803,62.17713504794511,128.61105934110074,52.2281002908357,22.80399221798079,46.32415149723884,63.05224090961165,71.29839908582107,52.00934938533765,51.16057565954975,38.47266438434275,78.76470449722112,141.4465643653176,112.16471539808161,43.083333333333336,2045,46.56287630375918,1894.2982252695797,678.5291161696468,19.727834463119507
411.9131088256922,140.44061649714058,228.6831259905986,168.7345428294096,129.15207696894737,67.95280791731842,59.592105474093884,107.43210351861329,75.03012688554622,77.6484791467489,17.15677853475266,65.98128775763153,32.46535454764567,51.843133114210154,34.73813056065221,72.47475687649255,37.91509352606104,69.43100518223926,156.50853724182969,128.48729731347282,37.333333333333336,1938,46.11191880926401,1920.118070176403,688.3549457534893,19.828140258789062
400.0166762159045,75.81962629900829,212.64283499063322,124.9996521416201,143.96999449342127,127.35739068441634,37.30226541331421,122.96525010609335,95.4625023744288,139.3286418741652,14.603326693639547,41.726137336137725,52.43781357098594,50.30090267996296,59.88308620040309,81.35030330820727,13.285033573861993,94.33629015596725,142.0562313488303,150.5459463913414,41.49242424242424,2015,44.023825570123336,1899.3299726202,668.9585157946581,19.928553104400635
392.4565008474137,39.92574138962184,194.2498267828993,89.33694591695829,136.7134202212766,142.73740573899133,46.25732981286412,98.46870239096029,136.83547966800447,126.61629965922457,13.258245146015526,58.796894203803035,47.65730928732801,62.25468364794928,49.092292282507685,62.259666338873565,21.99854094592788,97.47731080181467,123.28957007265728,146.25530046563,38.6439393939394,1620,42.169913306419744,1920.8347044058892,647.9023226568622,20.028727531433105
381.17307033918974,39.07687260287508,157.82638348818725,32.20021949153356,103.82642832249925,129.52289851252021,62.883965910594675,37.41662714330222,139.23176778567392,65.85268407258101,11.095158863837048,50.68489198639898,49.1775080257176,56.47996706379263,53.096486843932,70.07071373893439,16.779890076777157,95.05465246547323,130.39485706405182,145.87812261699463,38.6439393939394,1682,45.809397637509264,1911.1299201870802,641.630185467639,20.129078149795532
370.49640436566347,83.09338738562222,116.57645537660433,23.280220166263533,58.676769491479476,90.5294424407749,70.1838251347593,61.4555894623225,90.360527035103,94.33616389409016,34.808153853937654,24.21051777957867,44.30363683437181,24.193260655915278,40.212941514324875,73.10682087567216,49.21128714373561,76.70015872924141,121.28391790196038,135.15060526287257,38.6439393939394,1737,42.40116888877739,1873.6698727403702,614.2476425368229,20.22921919822693
365.2487172943633,99.87884765108302,97.55021287476073,42.24852075032215,37.726770884697764,69.5817626226205,61.752597321065124,79.34748005588465,77.0772610910354,109.40654595878581,40.70952051689832,23.339850219730437,44.415741038155154,21.17491523670779,37.786492318014425,71.99088133741034,53.75622505299534,78.0755231987882,117.78279820658926,137.13018431764803,38.6439393939394,1758,38.19286774996828,1867.3201625979316,622.0269941193167,20.329593420028687
360.14626197320325,110.00483120948796,82.64858715989304,52.78819993512183,26.952551544679746,60.21213515062927,47.363463214305696,79.97978578878731,87.97090548690336,101.93477970571254,43.787309214577895,24.242096644367198,43.77640593391231,21.555253513207887,34.84938718950229,69.0171009093957,54.72260018359277,82.33502613471667,114.11702198401167,141.27458256072666,38.6439393939394,1774,37.85948940170785,1866.7519380067934,618.1263101854593,20.429787158966064
352.3795719543249,117.84130205986986,68.56895664701021,57.63830738173817,35.39130958304754,69.91912292409337,39.61905711013013,64.2516285403094,98.11981065111091,90.8534137933403,47.21855599821961,28.37624279239852,39.45743691422559,26.17440835447554,32.899638648755364,68.41210846874755,51.05112053385726,78.08393910786603,118.0076388729177,138.09824035520177,38.6439393939394,1788,41.9220719330354,1863.833409702554,608.9553790506855,20.529890537261963
351.4474740594564,119.14128451284115,66.51332818748794,58.89803167251967,37.42616378447657,72.20320200621548,38.90490877830531,60.159436482647585,100.61234171148716,88.76618113811412,52.109607755779926,33.30797236993723,34.90843936835327,32.74063814054395,27.58384355819322,63.712018643381406,41.9360524536436,74.70454425891114,129.1165262927251,125.9004684957844,38.6439393939394,1794,41.98926530717449,1853.9552808739754,600.82478320017,20.63009476661682
386.94594601543935,129.14861796959647,86.08080730752984,97.71146271559492,31.30307630701248,58.01193500531869,13.960431934497521,59.62542025927812,149.57675155446077,55.60147597869741,109.30250484860642,98.24048814801026,30.3685471572299,92.2692485088411,74.912708425238,108.9087174540472,63.5213713476179,20.51894540084173,149.37781678372755,136.75312947791406,40.45454545454546,1740,43.834318449378756,1779.612082748876,681.9405530783333,20.73037600517273
373.7931672016107,119.88180912180395,83.14102291486877,81.72101313779544,15.6508807725936,46.03431408738195,5.737697288443247,71.27401666748852,146.89705675697854,42.98185492217884,61.42925485129707,43.85145850402563,99.93706662608048,96.66951676261782,64.96185618529428,66.71380088496505,63.18777028678318,96.02250499100158,234.7044518541184,95.18993970000015,42.27272727272728,2560,45.74032069375113,1994.1136004460188,773.5985941042304,20.83073115348816
351.5619461049361,100.6182988152526,97.638845927268,69.40460758609444,15.779074928829038,25.509761127805795,29.369554482421012,86.87600377808708,170.36650542703796,43.32348045613346,63.83189055650354,44.208267820099145,37.42897350480127,25.46354137368094,17.10089345021152,10.759124439371284,41.923228341066384,118.79610062927784,233.06882403886183,50.1698786313648,44.27272727272728,2582,47.58902044475501,1814.7879457073343,805.2054161305166,20.930829524993896
335.7490328740696,86.57334634322359,112.44984938711137,71.20670514473245,32.824790053297555,27.13479155232806,44.44150699261079,91.05087837338213,181.65021670744343,61.49701786553406,67.53166390836262,51.86007993304862,80.7677459752207,93.86265276993741,49.245170220559196,69.63773428762491,16.511720593142144,71.65485654395049,187.10826002610457,53.65418493103104,42.36363636363637,2599,48.37764143284698,1904.2682092674777,805.6747203092159,21.03089427947998
278.4308222927077,32.321962197124265,169.95117650726186,125.35171269217832,81.58856839091312,85.16265259457384,58.45994865469947,34.54099581550434,126.03659064964529,70.39115847694815,43.71678278225036,10.058896671182872,77.10180404275435,78.1316208714303,57.33146791848149,73.9955055835432,52.61406181287554,42.30343393447358,165.46340276490693,90.45027245361685,43.836363636363636,2658,50.51320380057241,1889.1770715032856,763.4983021722682,21.130921840667725
310.4405397713821,63.785408684438735,144.76606821486538,96.33726406023095,75.06878888639068,74.36744969295437,76.98885709460671,60.92488903885065,144.16879175981285,102.29356610662607,50.78278085549074,22.984156790656222,58.70847916092283,52.24106695931726,46.15162828569998,55.896624147755624,76.53361803670361,81.1910320775027,198.92102432540722,147.18625673275508,41.445454545454545,2625,50.31535351698553,1925.0263258762207,800.5520419694462,21.23115301132202
273.98095242418515,26.17183250098845,170.91588736141617,128.50428144058142,70.64101353082287,72.03773723985809,27.811438337796766,66.92458748733891,167.8278348761414,69.19151668038096,60.80499111232833,35.20099843392695,50.01875065467423,50.314873295890216,52.535467715534764,67.66853921276633,59.01434967110373,53.092144382168016,188.54554296543236,78.8553097350189,42.27272727272728,2663,48.713213160244635,1949.2661288667625,780.0753225996691,21.331591606140137
273.98095242418515,26.17183250098845,170.91588736141617,128.50428144058142,70.64101353082287,72.03773723985809,27.811438337796766,66.92458748733891,167.8278348761414,69.19151668038096,60.80499111232833,35.20099843392695,50.01875065467423,50.314873295890216,52.535467715534764,67.66853921276633,59.01434967110373,53.092144382168016,188.54554296543236,78.8553097350189,42.27272727272728,2663,48.713213160244635,1949.2661288667625,780.0753225996691,21.431821584701538
241.01246167960667,25.314771290361076,163.21722291295924,115.56646598725666,33.050889710990376,37.56549435653248,56.63723401990188,71.5842316774881,152.9616195564859,80.1515600169752,64.52596242600077,40.14564504859689,44.708540405584976,44.790499476214734,52.18681697424843,67.20133914101159,65.04303861239814,51.04699869411139,182.60867799080006,80.43861081795939,39.45454545454546,2697,47.972680929642536,1902.2539251551968,743.0070857078035,21.53194570541382
217.93601132826046,55.2417276254754,147.41119207511105,93.26787135924658,29.814564494843168,50.55384512812442,81.49447684961498,48.29816893213371,124.32663890758842,52.177798416507436,60.15618497950299,35.569958320010535,48.13917647540951,46.94753886394722,49.31050466310721,64.89939560385989,63.13702698076867,53.02149517960201,186.4640176020237,83.00207487530292,37.72727272727273,2731,47.16669776788376,2069.370603362731,746.1955181116429,21.63227653503418
202.50805314143187,82.20619183262355,129.14815633468163,69.02627578559165,54.92402020821723,77.72733037572458,91.71179826408901,20.711005467521918,123.01656374902578,33.93969220586673,14.675887525401578,39.164217328665245,76.67027095774928,51.983638773688256,52.799054034223225,85.38314541737621,119.65971417818298,15.605051974201746,148.14613964247536,32.12510962961816,37.72727272727273,2757,47.22515416045975,1842.6706562949066,710.8955403714508,21.73241090774536
213.5940961833289,59.07152247786712,152.61882238633189,94.29544123122545,35.14848812075181,64.69659443086417,107.79807302352972,35.641969446053,98.03915836753292,14.541874561079034,47.97831195114612,14.558420303352463,71.89031076653072,66.49320177525422,12.297261556972613,43.85469049890494,112.30904791561603,57.0917995929346,116.54652456517977,26.604074252478927,37.4,2731,46.564909766808086,1955.9930648281104,683.6648905142919,21.832602500915527
210.6470584838937,65.58271910515975,143.7303371567237,87.57306519223368,35.66252549446049,60.80574152489014,99.7007769065345,38.379419298877856,100.8438401948906,21.67674823562904,41.506291955965615,14.678259757900216,70.98684514366659,62.075526962444606,19.361035331716902,51.305978700605884,111.66027019703816,48.110245796882936,123.94594153465451,22.271577709128827,37.4,2741,43.10110480353116,1852.0042463733582,696.355313749755,21.932677507400513
209.9348638456794,68.433383548874,139.31553549502155,86.86697831233877,32.539011728241775,55.11440839647383,99.35974527212868,44.463928117354094,94.78607389412552,19.72892433654959,10.905659418398558,63.99221938638389,40.85412574229762,16.36034491907164,61.262653899727724,52.69123669715749,72.80502922070445,91.58260146764833,113.07928660090903,62.66628868392699,36.49999999999999,2746,40.177241067268355,1873.5167142898888,648.3446752434065,22.03283977508545
225.85389948987796,100.82363424265802,198.0377516924334,86.50136906803482,125.67336090751951,136.8145381046806,40.611535551673406,103.50581205851722,161.64284798395593,113.66733463133232,17.269364601100296,69.58079993083878,61.14643377240929,13.5644204552484,91.4776600903739,96.33897807621776,22.537064410078788,121.17226354954683,164.89487977458657,128.55454137726255,36.54444444444444,2652,37.66950762571051,1337.607996112314,645.2524195454919,22.133214712142944
240.84434825420468,146.4896202164476,220.8565817122683,95.2701221911093,163.8758131081598,157.20559246573055,23.059853599901334,139.52928377515062,146.51927675878235,117.67891243317472,62.27972894528723,111.60669662986501,37.1794992173994,39.263501457652154,74.93403586552017,48.76359503572015,72.60206647116935,82.1528401348453,143.4206964672584,88.80276134916896,35.222222222222214,2604,38.18639606968418,1526.5436790504646,614.0822585873104,22.23357367515564
260.2984581519125,200.9739664017999,234.48907513005577,101.45037311359938,184.9551712027585,148.68638270179773,47.81319777072768,136.7805586900808,93.13023092295556,70.57618706591178,18.72457868574997,71.89622867476358,61.65453868908035,14.67865786816268,93.74673336464173,93.84643468133947,27.971742531967195,120.136640256222,154.90004803650973,118.06887425700356,39.977777777777774,2551,38.25813194538557,1778.6982578871607,666.3440691822072,22.333704233169556
279.58425193956776,248.59708478602386,235.0104451541287,102.37542120768337,180.0680323884214,113.43906925015656,71.22867536887571,94.7877151551409,94.02625101660006,56.48462804625218,34.630267752317934,74.0298707767787,99.53601891514072,53.013278224865275,128.28152352017324,98.95986572999857,64.55761982241563,111.1320784601207,127.68903853829275,86.06285088858014,36.68888888888888,2498,36.9979560280221,1660.4141421916993,600.448014802232,22.43383812904358
300.20151086238957,293.64898962145014,220.85726117569718,95.2263651011162,147.21699520351765,60.80535900274228,73.42849846103509,59.71614451451216,145.7306193089588,108.0395247832708,52.43054256129835,81.98726037395384,37.99343523308384,35.13487523386657,90.92621667213363,129.61167136776626,17.225755370421115,161.95245136042325,139.58285441664736,103.77023631087043,35.222222222222214,2449,34.730546624957995,1610.8856302558393,584.7943708200503,22.53388786315918
325.986523649367,339.9820449852645,192.93105654241884,88.29671887512575,90.0298500840091,57.977957835620174,63.647670718939196,110.6487309446557,165.0888283899607,124.46256475838099,28.101140012127257,73.09105879068952,50.38915812104858,11.446504009776374,89.91199155441413,102.6888326824207,17.5140488404598,129.70050639756718,152.93038813880923,116.90759265068485,39.43333333333333,2383,39.3019388723245,1561.4338880420678,647.9319118890612,22.635311365127563
369.46805303476236,399.6159614432984,139.88664002632257,99.9499904160678,28.57721978137889,152.60868536066502,64.59480652940134,185.56607855820573,101.02230174174548,55.20794125961614,28.757794923255002,89.66185198593513,35.59317420540143,21.50313338322423,67.75688508548737,126.13331227308383,24.965848038981328,175.4323646126369,118.10250625198954,69.8631853424973,35.53333333333334,2292,43.65898880254088,1563.4263570036887,657.5988488437227,22.73547649383545
391.5779679103076,422.58162329889024,110.95685718969428,110.28806525572183,73.05296811424434,184.62070392229447,69.05396643640269,183.39366306466897,58.268974200588346,18.402321283940125,43.82081586316278,61.92630829775222,61.59821295165175,22.77820529103274,94.62701990739434,92.4215838551454,18.206824473599067,146.6163052745344,160.99988267563936,113.41777971008969,33.666666666666664,2243,38.71119902210076,1578.825675997521,609.8473674880488,22.83576774597168
434.2300098284677,453.9619508600893,62.34020231906868,129.66485270909922,156.48082551025595,200.61655975468446,74.89920417049473,107.62611633309007,120.55862937610351,107.86372778407093,34.066357267319944,94.08749533774247,24.36990158152074,33.211495853616206,96.88503561549854,131.18424844717947,28.938334786217887,130.0399420912409,152.30619981112883,123.9476850935608,35.45833333333333,2154,36.47033429506767,1653.1256619349015,573.6249402518638,22.935970544815063
457.3246371458714,462.87565246725234,57.70090910184227,135.46970924472944,185.66926982554247,177.9436150841948,71.06370133928311,69.21768783193265,153.7083373760391,118.42862464158694,38.94617930233926,57.654071974184674,61.315280271709554,4.272094718342794,67.5170516724749,116.9373374085828,23.115799963995993,169.22370797434144,114.53733398259556,87.28801860024022,33.25,2103,34.380413706887765,1612.5698262576684,547.930021528819,23.036048650741577
496.26676891972164,465.11802376102776,100.30443986352259,138.27059161440982,203.9370097695605,99.00211598515554,64.26306637463959,137.17807130645298,136.29403744912932,60.476773293140845,37.64671260735657,60.758115206226904,58.508730080389896,2.990313141401151,71.2031653979435,114.75852791685321,18.77972910302153,166.47167349647955,118.6375347386626,87.0285199819517,33.25,2015,34.089876429878295,1598.785116070419,553.6347630551775,23.136271953582764
533.5960737794928,455.84771060045676,158.65897394603752,140.49934636398655,189.91239651038194,34.03752596702715,79.59841302356384,204.13896821179569,56.51448301948863,33.27448061490839,38.44857794298997,81.14390805509667,50.893127774081705,23.798567816977744,88.12930301742593,93.51512065264588,26.21608256490774,184.4706777285269,101.9975053283223,71.0954297367069,37.26785714285714,1930,32.85132570366497,1614.14429703714,529.1041628457045,23.236340761184692
559.511608208076,439.76844860819637,197.1066731234221,136.90097864394036,155.88273295690252,88.23716457134111,85.01999521437897,201.90461563080441,47.06501985220109,85.73485634477281,34.23101275665252,64.81076977753354,48.84824992321434,12.396136101577918,86.4886764038669,106.06492110136371,8.681162056000172,168.99808807074132,119.64651583275851,57.92691813936706,34.85714285714285,1867,30.81248197288769,1595.9547845504435,501.25657466791165,23.336570978164673
591.9238475177318,405.18204463123595,238.10281437135208,125.01663925808937,81.96826896886364,164.7929852779439,76.58432399461648,128.66014332657173,130.63427976733573,99.0019456411556,34.4472869684649,65.31288842271194,49.721308523053416,11.00544564917073,84.84990889458747,107.1170085664686,6.961520494719121,167.28442918303804,121.39528975247481,59.58206814399129,34.85714285714285,1782,32.968647094689096,1602.106896025126,497.2916626112991,23.436959505081177
621.2438981202397,362.3364610889196,266.556782379623,117.50891153791058,3.0016044492907072,204.73741332847158,72.29465322747595,73.35477371128073,155.8821437755986,57.02119725204101,37.33847930087831,67.35404874319319,56.02507138028243,4.441421197249423,76.67379045436115,114.28838368356716,0.9568368005897506,159.669363095912,128.7113056170245,57.982254772179786,34.85714285714285,1699,29.486352684587978,1612.3927878674754,497.03723140433266,23.53726077079773
645.3843061867927,315.25062256010756,279.54344549219985,114.9055452949014,77.39987323607204,200.83030112946045,72.45083053673935,139.26576577050454,113.56803629255717,18.40249831673857,37.92270787437468,67.25268818883181,57.12223514619198,3.312816754674758,75.708423919097,115.70950223587509,2.2384066034761534,158.8984519191052,129.30521119335816,54.882532924673,42.04761904761904,1624,30.183863058395094,1610.7595833585376,504.59121121603835,23.637269496917725
666.0683866399862,259.9902319981801,276.6955022966731,113.9728933364059,141.15470088832302,154.00251516344065,70.3223876158194,193.4624533473287,43.56314647319299,74.12111801646277,32.40303871326069,70.22435913256587,48.6587402202491,12.107191701087691,77.14584881790788,114.01031176797184,9.010518876170444,152.1360745361777,137.874870456917,56.14965457627259,39.33333333333333,1550,29.34700451190848,1600.7274664069448,493.1804436726979,23.737502574920654
684.9823291657402,194.88213210038202,259.1245068324075,118.93123555582632,187.93696102447154,75.56091264112415,74.31124790976122,187.93015248608825,106.074999493542,97.28963311768668,32.596076504210984,70.29778903359035,49.71243248009555,10.963956779496488,76.13282420899236,114.9767131561096,7.106675215776615,153.81974338455586,135.08782257847278,56.20957769571351,39.33333333333333,1468,29.59735377500354,1601.1849871932122,485.5334750901526,23.837695121765137
701.1063684287898,123.96011051907975,227.33060047817594,129.00858630359846,206.65054338167795,50.12038195844806,81.92871874293336,118.30885478311288,164.33379052064535,63.98464250406859,36.952280018199666,65.65024826221082,50.80812649676085,11.44824514985349,81.5018629322158,110.19608385992058,11.50929914321866,150.10105592084994,141.14233149734898,53.36788487242058,39.33333333333333,1386,29.113521905279697,1605.6204486277484,480.3963835569638,23.93790078163147
712.6832939816592,60.10417208313965,187.1546549115822,138.2368375561295,193.67267340075657,126.57090796052552,83.5869871623384,63.30670784726784,149.12237475266213,16.182577992203704,42.15806486719229,60.22496464267981,50.39522882073626,15.98553433673016,85.58595819967162,108.96424029416069,16.50568781346166,145.00709612425365,143.86680106784422,48.72490115150819,39.33333333333333,1309,28.95633490247256,1613.023147750314,486.09229546462154,24.038196086883545
719.5483187637467,38.358522459496434,143.02629955956758,141.23111335117005,155.2483587265621,180.09441294611977,74.37185651732068,123.26049466843152,82.58942517326518,62.83083501711686,46.41643455469492,55.79906576795776,49.3585993160161,20.586982209014085,87.68062232438534,110.74628979206683,20.11456957547127,141.62843025578988,141.94920084654458,46.51488433412966,39.33333333333333,1238,29.38222356997816,1621.9751191783178,488.2199870200353,24.13831377029419
721.7689183693342,86.5103930855216,91.64862690182565,133.3331991630712,91.98552702633623,194.6194029442544,52.94146991246018,173.29504170179612,77.47884916315137,78.17589986105892,49.3055666254465,53.625993848613085,46.13072165209625,21.27263323191409,83.78555911682695,112.88470146288473,15.355200476728687,145.8471500193606,144.08513913397093,46.64360389147431,39.33333333333333,1171,28.436669288736102,1625.4494823277525,470.61543878264496,24.23867917060852
720.3826597623887,136.12160750149044,51.72835268777153,121.32658595002884,34.07448857983829,175.76356737841834,47.54635675552079,172.3207290434146,137.01126307692462,60.10339911157423,51.29535991777579,51.1558818700875,44.9140439533183,24.998233914870443,82.48178060423027,118.42299873183396,12.737299482604087,152.85996137108174,137.98643302279834,56.98232077687789,39.33333333333333,1107,26.683974977788754,1616.2753976112576,435.9800501951879,24.338996410369873
713.1574626644033,190.0710361712545,42.683952736328266,96.28647019762828,64.03497120725726,115.08326787747289,54.08667168975458,110.4088568570628,149.61367329592562,8.57835748505796,51.142369320851,52.65489461715496,45.29549032798171,21.45885436752364,85.00693720782517,113.08235898626249,18.75593667112595,145.25291837570074,134.4234439777933,58.28963894169907,39.33333333333333,1045,26.684785553508753,1602.0000805785517,435.2071802844374,24.43912672996521
703.7590407373881,232.8291433648126,79.81820739684574,77.02096643105907,120.41666268771475,62.46304802251504,70.20180264590914,71.21768695273173,113.39900564310524,60.3266862023728,54.97962615911538,50.60730748378902,40.882782035428114,20.948522258640313,80.4330152350683,110.83420585258663,17.16842147137117,141.25346890935512,142.82707825295998,48.40849510919269,39.33333333333333,983,30.06927980001783,1971.0330794551335,479.87764879489623,24.539554595947266
688.9040348860453,271.8422029321068,122.50525286559854,61.87609667512082,164.28873460288818,85.46015172103759,70.65427100897105,123.63826104498975,63.587899791921,76.20005065506818,108.20269550219415,85.13585293548304,57.27397147189676,38.34634232403142,125.83042064128679,77.55933867244951,73.93845213881892,145.36729248705623,82.48880400814015,107.86816684157301,34.6,925,29.291885061879363,1716.386190360367,461.4201687245144,24.63985848426819
688.8255865163216,271.6233908657258,122.17221846459813,61.563921675239676,163.71015119947702,84.97681761880676,70.3645758869381,122.39454651599203,63.68505984005818,76.60905066592628,48.571997075012604,26.717571104632295,31.28358997890762,59.35347346621969,48.95809438435206,76.04474016663826,87.66520503536066,62.84659565920022,126.37890183372241,142.01085192985252,30.800000000000004,925,23.44966252670239,1664.7647452019164,385.84476088452766,24.740055799484253
653.1246093662651,295.7361260639839,149.22705241473275,41.85423410051799,135.21312885086755,143.81859770044414,15.01920066985126,109.90798416423532,139.9303743272257,64.61709124571091,68.36623700511964,53.39360338351422,34.09544176869736,20.463796699902307,69.75552581685817,97.33199295223513,47.61128890436291,93.25890883460444,149.41680785080396,110.11991291351907,34.2,843,20.488361434152246,1695.039330289558,336.1134181001125,24.84006142616272
629.9544948605405,303.8357507714569,160.75626179801554,62.84888085841607,103.01451840148435,152.522499602843,59.02726241993864,71.89601471312925,140.23455771974474,104.97867067951316,54.97406659357342,20.29300497342464,13.689056299640313,48.39776965783391,76.37709170849881,62.239189233209515,65.82459550452309,106.53515726708304,119.17222591898516,89.37624423607431,34.2,801,18.460088862290384,1631.6835452108849,301.73109957591214,24.940229177474976
587.048211723521,309.6239627114959,173.73371226314057,108.49731609229346,32.08328004700923,130.09944186874057,112.63923580829112,34.35045481535371,78.22011014739383,112.66190245669802,55.628229705911394,17.170653617930405,12.092164673918353,48.59289934702308,80.00437627171888,63.45212743790629,61.610075283202015,108.56074198898635,125.0251705379016,89.76071151891381,29.0,724,19.02305720721107,1642.9179039566363,317.35501867780874,25.040303230285645
536.640780537325,310.44568120967864,185.25774776106465,155.58637012823533,51.043065808080264,75.22643559786374,135.89507144985546,116.22951373529413,51.28011487525738,48.75366365561096,59.87721415000637,59.143606073089956,49.09033110304695,66.52515409652237,47.69080552087251,51.766726412450424,104.09090485108766,118.48394397291956,90.60576690071089,66.70066674621054,33.33333333333333,644,16.673216545539248,1744.0138363209212,281.1053942154485,25.140355348587036
511.37838938321414,306.3261770729365,185.19340050092734,168.04157248450932,84.26039645137138,40.10187404340157,122.6154218170257,132.7281531745012,87.88498792618994,22.021075184358338,62.0940778188771,23.47060083682063,12.64946230080097,25.83388256435297,59.50637994100732,88.35411671447366,90.33029747338574,75.17279924907518,76.26406689189092,109.75892202294465,24.333333333333332,606,13.884277122328449,1744.1555754541112,240.77619412948758,25.24052143096924
452.63885013000356,287.7006384672207,173.1314972494965,172.84491338074716,138.69250338635715,48.27332423890346,48.37783559032728,104.32597765073398,121.13874602724464,102.21472027941367,54.38823105413084,33.84107377191392,21.86193919670641,44.84345791473697,64.55751362223018,72.31108671986202,75.23594483571853,81.84269718804248,95.46504587046614,113.67026470457034,45.0,525,12.00000796950195,1769.7064296690141,222.79018568832055,25.3407940864563
405.1521616433669,268.79133744718337,159.88401477197036,163.3246805168906,162.62927830864265,106.18713331019033,27.575114944277423,48.23191912862166,96.1742978403223,122.7255144527601,56.08264358741556,31.93102033345563,20.144012011312046,41.61842791226269,60.9436644509974,72.7377347392519,79.19852198736353,84.43479521573065,93.91480605488486,109.43550031435203,34.5,463,12.01916834252822,1752.8589538212582,217.8703484059131,25.44094467163086
352.94800327348923,243.5617772362941,141.1663171625613,138.09558630417237,162.81642898720688,144.27719111797532,92.46001094878966,35.72405297828944,30.842413942291987,78.29231903002673,55.55681546659378,32.19388945626059,20.235962815238988,42.14247138215388,62.015340374504014,73.22770682020072,78.49464466013842,83.19887392728839,93.25896788860007,110.11144548826005,34.5,397,12.365532100555427,1743.414277429044,217.35497156465073,25.541317462921143
298.89315214944304,214.1408010766625,120.81033341335917,100.85692103674934,137.86522174621805,150.56935832321963,131.93711208784268,98.7749536190635,64.386664019226,36.68009880493575,52.744011843502996,31.56210606401068,18.134697301652757,40.49028311386575,63.324087929417175,76.9602380006129,82.2100482411969,84.79455909280159,92.03907343199931,106.52216536705919,34.5,332,11.661363299359355,1760.9733405330132,213.32960713016382,25.64132022857666
247.48062511773003,184.12523784138293,103.9534926363018,60.6860586036589,94.8294474570558,125.47394956012367,132.16785374753226,123.87491033856188,111.85323564030121,97.0607013765219,51.246638156848974,31.000119069944933,16.780532806421473,39.06530659867938,63.00352460046035,78.01556928000325,84.10718703773468,86.67655843833344,93.18024178147199,106.36213307009012,34.5,271,12.111119584594256,1816.9048857315042,210.05503692482722,25.7416512966156
196.27224808501524,153.09624950060473,92.76730200142202,32.454700228786166,38.5509209909007,74.90655918431462,94.96004566357907,102.94769407195321,108.48391163886062,115.53313390527428,47.034410607164034,28.293134255663304,12.060928505427846,34.05126247492175,58.51738016377064,75.2438704962098,83.63743472026897,88.33209627470696,96.5688905636312,111.12327693542996,34.5,212,11.704703526997768,1886.4364924529923,203.22485911438122,25.841703176498413
149.40208384394333,125.04289403326017,89.86101418066994,51.033925870717795,19.794800472649396,24.952851989929474,41.15114228756682,51.68225276102143,61.74719755963639,76.36532773524526,43.47285996735478,25.624084711282173,8.057092913976215,30.708202536141094,54.61718824829712,71.29256877206166,80.17340373549877,85.57687742755913,94.60089104619769,110.2322367018427,34.5,158,11.876495287829684,1929.8548388629265,198.62703514268583,25.94192600250244
105.8330574650224,100.70488597998548,92.54719076624328,81.96510695125937,69.86895155645983,57.59468696508501,47.11780090965285,41.03244672352374,41.03042724922308,45.67658048429615,16.60604020149949,31.505588828025665,43.2073926915688,50.65556785461454,53.47449036675953,52.29484950470399,49.23862738575719,48.23763810330107,53.29570114755751,64.59823530557466,34.5,108,8.220272013642582,1100.7410961383343,147.9299152135519,26.042348861694336
124.37666789901182,113.83145745379142,97.89724631251862,78.77432664515452,59.065437678288774,41.40471555383921,28.13867787704623,21.079928006929634,20.830046404908312,26.203783313951302,31.354478818942894,49.610696389410386,62.47983609620936,67.24993928422175,64.18171862657891,55.79036197509032,46.35502994273809,40.71347828942643,41.34489169326621,47.157039813210055,34.5,127,7.800431963767396,973.5840406824735,161.4716589437944,26.142361402511597
138.46595475942468,126.60312420927636,108.6101375848771,86.90592145016608,64.43706176995975,44.37023371711444,29.77706598963725,22.5292793603656,20.850387339810236,21.74529320752178,31.357084788454806,40.70316844709252,46.488011007376116,46.01186999959527,39.9744124251714,32.049131306324554,27.896241646624603,29.088508678046114,30.010177564850046,26.22710985813142,22.5,144,6.8958148586449735,1057.1631438570087,125.78897523547033,26.242568016052246
98.07674750502585,86.64168998956413,69.33541378859026,48.53353966407862,27.155252134087426,9.22930700565039,10.625886861936598,18.803265237246517,21.24752871761727,18.627034448942634,41.658993362352234,46.60443295751132,48.97276778900391,46.42287262259106,39.96106768896445,33.9196950247644,33.307332884875876,36.56979030350036,37.17380190074534,30.648421452387538,22.5,101,7.852224522017497,1396.9240326891959,151.6386685684774,26.34262442588806
78.63212669658647,67.32621476451969,50.227454233981405,29.69247425950917,8.647217996441269,10.917289830064087,25.270775082227864,33.373873885969026,34.36076400974987,28.491851525367203,22.67256711785288,24.809946461328575,23.33911061701935,17.653698814933875,15.952475523166706,28.310249269117868,45.144890807892146,58.8730494761463,65.08042173337894,61.232996666743375,22.5,83,6.941696049666754,901.9097649547981,133.97682751364258,26.442870140075684
78.79244055912933,67.46199027472049,50.32354217539761,29.734194239240317,8.602372172894194,10.949246107597814,25.383039226008705,33.544999911112264,34.57593301726852,28.728565500569296,32.028300104994955,41.974825802862874,47.062378239288606,43.91008785242613,32.51793158542262,16.107800474644684,12.500950198133303,28.62855406149043,41.324039591659826,46.00139918886193,20.0,83,6.160179087299725,997.9191602384652,118.96265784937106,26.542897939682007
79.7725427937263,68.28625189003664,50.89689807529717,29.968502634200686,8.333690850780089,11.279847210433527,26.19334767263342,34.7330418859506,36.0614074516657,30.39371998443058,23.29641904287066,15.636382980084333,4.977233091386875,9.873184155977329,22.19774212988125,31.88287994913077,36.86444224255208,35.949348143313685,28.964452104652416,17.36181000017261,20.0,83,4.561236615026203,562.895439107703,101.89366514065793,26.642998695373535
78.03503648844902,67.1651426320335,50.67459911642455,30.76165561700292,10.12111874272191,9.198900720602648,23.846797342922073,32.75435524310978,35.021726355831156,30.790489778839444,12.254802160586557,21.029516867449836,23.674996020375943,19.0208104188949,7.743580009361019,8.35884531184478,24.934885841851962,38.5209291204699,45.4997595889781,43.544503861834,22.0,83,4.710670917137623,380.68234778434294,101.975235843807,26.74332904815674
103.29619247004982,78.16038739448678,43.4210085804878,9.068026276309704,22.592256469718173,37.57754099575031,37.15746844208689,23.338194563646777,4.102762367213713,21.06648185286412,23.18763349295988,10.720003033776294,8.589820615039098,22.538598122133806,29.92376067670763,26.974202257748942,14.20864762962532,10.60732002163644,30.936527306198542,47.16834691390117,22.0,111,4.128722800078906,471.9021814581269,96.9051768154947,26.843668937683105
103.12629639074088,77.70160334052649,42.793804910456615,8.288458098863364,21.862541879307276,36.14681751019076,35.440487390030945,22.441119443696113,6.686585419377523,19.55546126723979,14.293010784323537,21.300625483988824,17.64202415424589,3.991349955147873,14.412405214139211,29.805313629940215,35.0862053144531,27.022450207456345,11.482905309558262,25.007500348423772,23.5,114,3.967673452676321,248.53065683148523,90.72717840863913,26.944072484970093
111.07817071293371,78.09737475639552,35.65686884188766,5.214532682680262,27.851032143202154,33.70497083814421,25.20768790631808,14.29389497186331,17.241221874747605,22.620965237682437,12.702655467667249,16.538094856554796,13.172402943786187,5.101822412234198,13.705593797370524,24.919439623782683,29.038708798372898,24.526203676869756,18.196807731322995,25.58086669450739,22.75,122,4.022869990186584,352.0160864882958,73.2508505996694,27.044301509857178
116.85399978611612,75.81214186918147,27.084960379584853,10.620072943508665,26.701667522027083,24.566713730700044,21.148327748419618,23.571337186009615,18.796824354643494,12.51551856756606,11.291661955278395,12.642139301917599,14.315568637869953,9.173009615568569,8.954805483077365,24.84295146399178,34.11963498806032,28.571208934212862,12.341548109122275,26.646161041821895,22.75,134,3.996656083436363,341.6738135497596,81.25347382444423,27.144434452056885
122.49263306539066,72.47046156122695,17.531300890432156,18.06737884026993,23.664311652977705,15.563874384303967,27.263988016959583,32.00831933169847,16.511246421621813,12.32381300946424,13.14610898005328,16.077572548286973,11.660236212608325,7.03811715055641,12.539425484415359,21.446467900439554,29.87700789278688,30.26390655079569,17.532331495831063,20.245440998205634,20.45,142,4.864722992239083,356.4416684778197,96.96892852458691,27.24480152130127
152.1711062619443,58.3967045612577,34.0247155790092,59.24467024599153,32.74491106347712,52.83330129959275,75.5481138588971,51.190299086247435,34.51520885901983,61.49384758047174,36.08065862362678,32.777241527157024,52.18772927056223,42.979479414716614,38.1536396594808,64.25187735383389,59.5486157058139,19.99893196378826,42.27730398494934,57.517581824079514,19.0,193,5.287489229046316,444.5513587061998,136.64771407847417,27.34517240524292
162.05085384297936,57.54708771720969,49.59806300474471,70.24662457627653,41.76470891183718,66.33931470495754,81.61779916554619,48.68619552275127,40.35233270119102,61.63242106449903,15.199410046175416,1.526163954080305,21.974141055853046,29.94504378330041,17.290008387748173,47.2952198733336,68.26545755893646,44.50852503442027,35.54194281500779,74.13341953162627,23.96666666666667,210,6.838359603913738,497.98273839149294,149.78132865282416,27.44541049003601
176.96995904363533,57.87983872833995,71.87929370832028,80.46355809842602,49.56117358925199,75.46626739488738,71.02697756971793,25.818822402783216,29.007235902940796,35.86927408255642,15.421085049394158,5.884798600971909,25.88472442639719,27.024024000278796,14.822542580551854,44.73179256611523,60.973262398802696,37.237303352744725,27.515282265433385,65.07094916298341,21.5,234,7.831738810817222,847.6971383045515,141.24077344688573,27.545536279678345
213.64473070232705,80.49885976043946,118.95358790958207,95.8983266630356,68.21313939282669,72.32697994127956,13.950657839418923,42.50132322305193,32.406126912396715,62.405373853625555,43.662158248062184,46.055475189445495,49.172535804895645,18.1093269320046,26.822650535993805,4.611847775336636,60.39521563528835,70.87603173479924,50.102272091643556,101.03045839341772,21.5,298,7.022653365767549,670.2267753436302,176.51664038520659,27.645948886871338
261.68299923823906,130.16487914769706,170.72107982266724,118.88415295532043,101.20190811243778,72.41193418427534,58.21114163337165,104.88708334563228,85.00333698408474,120.86807858396351,49.015192184514994,51.82413002458033,53.37312931793144,22.182611963268254,31.887001152868336,4.753071987100743,65.26471560013032,76.9067406052003,56.367967622845555,107.21352819325008,21.5,368,11.780265645395193,770.8601553010124,185.9078188869956,27.74613308906555
286.1059829637533,155.48969436296417,190.31034465946684,123.69942394615458,108.17663565654199,64.99752744086905,81.647971182529,109.33194857875527,82.33416004697163,108.15423245367768,29.142748087076278,31.286217111781088,56.32508919950526,38.458743487610235,44.79539169033132,27.504921743231247,51.40475241894055,92.98572831927204,76.231799574425,133.78198369608666,27.761904761904763,406,12.025930295762684,802.267152864989,215.22956442741236,27.846210479736328
335.1532548870506,204.3229650940485,216.9552679931163,122.01592984271099,104.67664827112198,50.49434575585096,99.72223903831714,66.87659385052407,28.79382716024151,35.73313104818858,49.14328314458981,48.39116277921871,37.23766594608733,2.652679738520952,8.8191924276739,28.43179097653125,31.024211260332283,61.542567890215686,55.10126003731481,122.6900607769185,23.0,480,14.178103683386741,1193.9194066017462,249.9003945487874,27.94633984565735
392.4472973255647,258.99442938328195,237.56842006592805,122.8669421155799,100.08810435230679,80.06831491424101,97.32035022530724,20.16096519244108,56.49612949587101,105.47398941278037,58.09695171325621,55.39092556111574,31.062748199101254,10.865869809575512,9.35049318049321,40.214867776105514,19.56656538723899,67.27467422569872,66.07560194921948,134.45527208520727,23.0,566,16.508140628438586,1072.7244767500342,262.95519402938777,28.04640817642212
442.47524038607406,303.0770551364413,245.88915619777987,126.49078295992693,98.99391270357904,110.58308212692363,77.79296673280815,76.53025755350558,99.94384266465825,147.6343337483607,50.67031139107057,51.905749688813785,40.72938296580987,4.75109694563472,2.497959158563655,35.92412983113214,29.30668267727955,55.9103307815832,61.271226250677934,134.69931269068726,29.69642857142857,640,16.80217934027695,1026.583457039204,275.9320293166257,28.14667797088623
493.2683753934477,342.4295343289221,241.92980701637808,128.8142133244609,97.9561955782253,122.86061187424117,49.71534066659094,111.46780576568457,96.37432894648123,109.36778099660742,52.78765604561068,51.499749456648,36.05636515925739,2.419131175469978,3.8690131344196543,32.81625561754242,29.964916515591025,55.77573465511378,56.733154249820814,129.60931586651083,21.625,719,18.41725849187408,1068.178478850827,282.07134555346204,28.24687886238098
510.5473763138683,352.60341368093594,233.43072073608414,123.94648556268211,91.29575904065875,113.46440052224746,36.72006662160933,102.96566521576133,73.30389733998194,81.41364568078136,57.93949277165591,82.24905857994544,84.13646950967986,50.558409908986306,45.962882980778815,82.63088429850785,24.511327566499006,103.01333110694901,98.68145610319903,141.29404524602154,26.055555555555557,748,18.253214230688837,1090.9303368214257,325.72598194275156,28.34719204902649
559.3807536233497,370.84725698260866,187.47611399396385,96.6650489351126,62.4262109761768,47.41626837870686,56.9227066211672,18.294633688133775,56.5165822543098,137.3651754883304,49.172609837138786,31.8954361268522,50.07886887892528,32.50012655815797,41.41800971389885,65.21504730957234,64.39868530262655,85.91314681932252,127.60749188644033,198.55995573569538,24.77777777777778,837,21.77549060685459,1731.0242874092087,369.51880999788693,28.44724440574646
576.0154662704255,372.4870501965054,164.0784404300517,84.87013054370351,55.83294881974772,18.2131940965624,72.41377230032927,18.26381510055745,87.01395351698152,157.03897276914873,59.63702044072825,79.77542488031025,61.11650570103234,25.637648551453594,12.235075742506714,33.01728729859404,39.984246919660855,39.08815287726048,84.6543229558282,185.2407569062831,29.322222222222223,874,22.368007944219894,1073.4908583889116,402.6883157576943,28.54730248451233
616.1250678153225,364.9261712135087,90.14879095807368,69.18743201570922,73.11592976420226,73.58087291428394,95.92305111178176,105.85773778400356,120.98456919261098,116.34717035297165,41.198674523764105,29.49602528208295,70.58785836324635,45.62567871869138,47.0141105916504,80.97912411526404,23.230205448400028,88.50763849929176,69.96608989665204,133.5876775155533,27.5,961,22.585447500551403,1132.153702225698,400.17390743808073,28.647613286972046
649.5033816604973,350.5348950284782,34.50681697106832,98.1563850636868,114.81669940677571,136.93126073497316,100.36583056209645,141.27263518866974,89.99184240285533,40.93646989739455,40.38621614346924,30.074843897001536,72.02832202910268,45.46956379328263,44.82677201423534,77.27631820628126,17.58685850481835,80.58491178253122,69.9579222710086,144.9719206072381,27.5,1049,23.472127661458607,1075.827790933003,355.97261057298516,28.7478768825531
664.5579392267852,338.69775901582244,41.29093347818931,115.71743565698839,129.34638177842143,153.50984748756258,88.65476632780975,131.9369989149525,52.43855827900728,70.90730154568128,69.68015138798465,73.23482211935232,21.545362514387268,36.49055877153202,61.87327834594996,102.16297339385348,68.40192176711504,132.02888943702754,83.85019461860959,92.49216159887129,31.127272727272725,1086,24.562485741267423,865.729846848529,423.99522667534694,28.84791588783264
689.0914153429901,300.62440750264864,103.82681804931043,138.6527606011455,128.30381687821486,134.54444010460057,25.504426529817277,44.96309886464637,72.32096621537181,130.6955072225211,32.23305479219727,43.23382355094782,73.38548061080361,26.108822632720795,8.61425785841797,48.382337405575406,66.42724421370059,117.17650856568865,128.58464720041607,102.37787976662953,29.636363636363637,1176,30.34539580702721,2568.666449276899,508.94658198990135,28.947925567626953
696.5872334329163,282.21917905477164,128.89319912814483,142.64987706721024,119.18256166345576,113.20377290010137,20.360788690087197,35.1163937577909,99.63726636316031,121.02904790458409,75.44988237962855,65.40539130373497,39.6243141147183,53.89619148224145,64.51899088340743,91.72403829915474,13.604499930238072,69.90284674992789,97.54957688605803,156.06581879800083,32.82575757575758,1211,32.11205058158182,1893.9181500262061,541.4561779500943,29.04805016517639
710.6599782145837,221.6692179047072,188.7563262052688,136.51097666867463,70.42321040506506,19.884673542367626,87.50064784857723,128.92769892512115,111.73493570409671,34.51350408775795,26.223555665250313,58.68020650501244,57.91755551820521,6.054555453901626,46.48874638706673,96.0833788853456,69.72689508906731,124.9817962986253,58.6552607567243,137.8097435093233,31.749999999999996,1300,31.41104549518947,1390.2630470951049,521.947374463725,29.148390531539917
720.269503923991,164.76492560541834,236.42588250585973,131.61279703987506,55.87221394765669,72.7342971246149,133.72310221163667,173.6056644223461,68.22043046712982,113.7864683631301,23.971700793603702,61.44226937851035,56.01703078558093,10.12898556103516,50.667386511215696,99.04191678666845,63.440556522494205,116.05589093463573,62.63085191346249,138.65164338906072,31.749999999999996,1391,29.089774631914793,1185.5311065873093,459.4408878098966,29.248796701431274
723.9071643044047,129.61845660158232,258.98835094239695,126.68806662134494,73.90373964789995,120.79084809047436,138.84255918041956,163.81984577367626,20.923229802290326,143.52854296135862,64.9386364411349,32.61891085584654,74.9425518254581,32.870843625789995,16.445162576996765,77.38964481260186,100.38540932487287,159.9614529435322,50.949231885598884,155.26580924052817,34.52564102564102,1440,32.50010596687896,1274.7756816159845,521.3528376128422,29.348851680755615
722.0345918975548,97.95110917655384,262.6474751463189,108.25949741298098,79.98417827328338,134.43478578391296,104.39664667134126,118.01052728281891,31.971509092318833,104.16173589857102,64.381548204287,33.95134301878099,73.50119200660983,33.52093634600454,12.974420076392542,73.06275301820564,101.15151756592763,163.54145493713176,57.740672948781416,153.6155745532544,34.52564102564102,1489,39.31806213478468,2478.936353843704,564.3622790098997,29.449102640151978
713.8844668655807,62.30467417350304,254.65927161033088,76.34340912311768,102.0754701032053,130.8880588039372,19.459433213809298,100.58571582517328,112.60853241059826,68.09460282980795,25.72165747543124,69.2944279216794,34.31306828012371,42.971368313061696,27.72598750989871,35.64904728886588,108.70984175906382,186.98786047745116,89.13263850120553,163.6804237256576,32.53846153846154,1578,40.75458285938426,2395.0995908644572,601.4390645838384,29.54919958114624
702.4649973900455,103.57308328967117,234.726535417268,86.41253615365889,129.71565228871617,103.17880827736363,98.4941942883752,190.86387449236716,136.0421427867145,158.00637347677682,25.270865765388358,69.84677545548031,33.58287493688073,43.80876510546473,28.6433191426001,34.2584601305573,110.61512563206821,189.16303749369249,88.16835487644907,166.79319907125648,32.53846153846154,1667,42.6787022655144,2305.0072248017227,585.9401337321679,29.64928674697876
702.833243707068,102.5991543084109,235.5717356534075,86.3346511407084,129.92394276789577,104.6358027511021,97.2131523066721,190.0957363122368,137.75669438566285,158.13239550579908,110.05089008044355,31.87717219396981,109.80496073554212,53.11991279491205,99.22394985972123,94.94824350897368,101.34123842443564,223.2340368560407,178.9171426184745,223.47378845641072,34.77472527472528,1667,44.412754368913085,2098.548788655814,664.2591037622583,29.749616384506226
680.6523523589631,138.85408960529315,182.91532600561925,74.86013524171655,87.626071908751,40.27246502994521,92.85239640532305,142.40644899680737,90.92102605886825,88.36933309271265,51.249754927020255,39.47580804707212,74.9777835004779,19.343722928313685,50.88275468534131,99.14772317378575,37.52089154910368,159.06984556153398,182.28640736663408,181.39884959728053,36.57142857142857,1733,49.416456147194765,2969.3867943048695,731.9893542397879,29.85005235671997
653.2762828046986,181.20771723625836,117.99000659634024,81.56768832408912,33.28244569584647,81.00598643249354,61.55312695940419,80.70980101443514,154.17191115121935,122.57582145909534,46.58886319605916,45.519803714990395,79.17025466957259,27.987443203182373,57.219077250527704,108.32327694459997,35.55057197837799,166.18998368244098,189.637774833328,192.97349626567134,36.57142857142857,1806,52.30747202231845,2409.674087059263,732.2533886956381,29.95025086402893
616.9203752488027,236.1951827833039,32.35330313104729,116.7336868174457,58.84698439528846,164.8379049187306,47.76455506303214,131.34071911622,215.62649644067656,199.58173213018583,48.32277321040108,46.564002796111474,66.8506904430141,31.905288583210886,49.82174983947649,120.11303550218997,18.751386733349086,164.58834557993757,216.78094422848153,222.30780358499825,39.71978021978022,1890,51.972141574959934,2241.5985922599184,711.2517474698532,30.050329208374023
588.8731285523525,268.72869503669955,28.956529589175616,135.65364626270954,98.59869666468897,192.96299828372756,58.44483348697632,177.9643605179671,186.253367827533,174.42278919058234,50.379009964545716,45.22414389496792,64.3551843128242,29.8169330953338,46.14025135979166,116.71301736683633,15.39848404738572,158.27038506404654,214.96916146731573,217.27669888236855,41.21428571428571,1949,51.14650365660485,2264.9497569732457,723.4851236080696,30.150556087493896
557.1904623248107,297.747489720898,88.82169801570838,147.79770150626808,130.0804504800886,191.52809938357746,73.60067667993894,184.9590058452322,126.48372126977678,114.76864195029914,49.60355842137837,38.85090207638034,76.95766908232305,14.711948508866573,36.05648345151052,106.66679008673958,5.274762599427677,150.53569612911846,228.5116624805683,230.85985529804634,39.417582417582416,2009,51.30803112542695,2335.402394021066,735.4209180778311,30.25061321258545
511.3957990778075,326.2910347304654,161.18365396195054,147.01962629186457,145.337060483376,138.71984385990365,76.16996114073171,119.59249793993213,152.67514164218753,156.07685743025357,48.61835898120887,53.22990846940256,68.58546746965622,35.53391448921549,56.46932397807532,105.60384158535305,24.68749707334186,141.5149790679684,222.4414533292613,231.5040857408531,42.76923076923077,2086,45.41757348756015,2345.2166926733116,750.3379643561093,30.35071849822998
476.2205404217253,341.8832611489078,207.20605193018653,139.65156786969683,141.87657427795003,83.1882137147546,73.22812388370724,71.10013446322158,206.73636156975385,203.5837428527038,53.831623945289536,31.78460044419427,68.91024984828418,22.74668938481375,38.32460377566096,123.19361591266126,20.0406575424771,163.5031706273358,205.4018550905559,210.47410266106058,36.84615384615384,2145,48.15323858670193,2350.2597696777384,765.5348182330777,30.45078682899475
423.36783575130767,353.59992607461464,257.7293961469823,116.40142049115538,110.47234078820664,58.429637303320185,57.31147121614623,129.31013203842176,210.1376784164809,173.8454187235627,44.16534612419614,59.58770302109914,82.11139353414514,26.523603224661525,44.89090229634255,96.73055320529656,8.549806069277944,155.68604769550646,227.6362550131438,218.75579286685428,41.0,2223,48.91303479571503,2301.5313788498515,768.4414750975734,30.551196336746216
388.12772045172574,354.7006290454021,279.0639392383024,97.48250041345462,79.25462846899342,107.94373452168287,51.407365996081474,170.48833441468264,165.25587440760404,124.4736224220999,56.43686775754089,32.60025412485427,58.65327435447211,36.5439876558698,57.918366836860486,105.99958137108099,27.52545959069281,132.072477863607,240.99868402633098,245.59441766479026,35.0,2276,48.51594514669645,2324.5951206780537,763.8032899416733,30.651472330093384
331.12273633037836,346.36358706445856,294.04142990601906,71.22760066074893,29.250985065652724,174.8417527529872,60.922352520216954,173.47006771365028,128.29141280594447,159.7499759949357,39.846809520932666,58.19349627978327,86.31436290185702,10.036910437415722,29.57146953331742,121.90880894233007,21.715570108736376,157.2578084057808,212.84593801261576,235.07717512996004,38.67307692307692,2355,47.47780086051863,2305.4516963215647,747.7509452292255,30.751903533935547
292.76149808774295,333.877240476566,290.21049167057004,66.39389574355158,43.332378006878855,190.13916363072437,69.26049283441603,131.1685747244968,178.96366788982246,200.9779843918967,57.42444656629635,39.202602295758105,62.11773584016683,36.07530490289441,53.311833916085824,95.5557741359664,5.39842278190149,161.78481334967313,211.15749361162855,210.39421056599545,35.833333333333336,2407,45.00735068390756,2338.591047043511,717.8650944024422,30.85216474533081
237.90910696424746,307.4411420680497,267.20728341021334,84.23193561129565,94.65646634324231,169.46417290260018,73.81985194988991,72.1161274976562,221.62590900743515,177.02316353687803,52.873357057124565,41.63036846558325,66.16274912854962,31.072966880977205,49.78034671020589,100.2959219218681,6.080102893344731,156.51400441331342,216.15479801940148,216.0927434066539,35.833333333333336,2484,45.578446429694125,2329.585957720833,703.3803616237988,30.952250719070435
186.49001168758772,274.47328492782225,228.96867464409843,117.20449459806856,137.56858498056465,111.77901146820386,74.84203565812858,132.1437025646938,182.9464944938564,103.41836308139753,49.90106406501738,40.985453120634645,65.41831588162867,32.49473794603643,53.72937587304285,96.24960895780144,9.422624846202666,158.78800167268562,213.13653639803312,209.08483256470146,41.62878787878788,2557,44.73875856218315,2323.136810592998,708.2450441181753,31.052347421646118
159.28378685688426,250.73622084818254,197.92929117704233,130.94888727236548,147.46235712078416,68.40585172792355,64.13945048736613,165.4577184240832,140.70926524931483,122.33896237278806,33.52647066026191,49.85672289551582,75.69877400997078,32.94050909156632,63.130268825724414,97.598265193246,32.584112280694804,148.33512042296283,225.5784403139262,187.43756195498275,38.68181818181818,2602,46.969495444907004,2302.3092341913025,734.1820355039881,31.15274715423584
125.02841228045455,206.9398504779613,138.17660266628002,137.65309483306117,134.92381741166565,65.94689022082274,34.27382761285723,158.55624219201667,162.62085887141862,180.26688935771682,8.463772940392976,51.29640320791801,61.306682388176604,63.536951640013,83.23555056262184,74.51411507419861,15.394301872443302,167.96073147623682,219.3292823416789,235.06615263728384,40.272727272727266,2667,46.05747965313036,2269.0351204284193,711.4501857430399,31.253005266189575
115.03364096664552,186.11195270150395,110.9264215555724,133.26605158863651,118.91502256479423,93.06914461952664,26.042638632641083,134.60416877887684,188.89002034314083,172.76323224034357,47.32510252764184,57.82095802329641,87.32977639522178,33.7049835926385,74.67355335129714,85.35755204939161,40.28345790297679,176.93402670504804,193.4249147965875,218.96079083175945,37.81818181818181,2697,43.84253190642656,2311.0230371400407,688.6918324468222,31.353238821029663
106.18622866020345,129.3258369383009,55.22962086926162,103.08894519923601,56.78818566934452,144.7387848731854,46.5147819661246,97.7832594250271,188.06869676366205,111.39975027958286,38.546388946511215,50.89662484136411,78.50955486336642,31.522698654252046,66.91717137442518,91.59443084194534,36.672166986698485,168.69582382439157,198.45904584792783,209.88339634008335,37.54545454545455,2759,42.78817282916931,2302.645789969319,672.632609297582,31.453300952911377
119.25520245596203,81.40700531637725,64.35514515151048,73.70833636816225,16.31522309331866,160.96363058429546,76.02690218957834,142.1843501008534,140.38474553869833,139.80392241462636,7.296700709526604,24.438557136656424,42.2625890922087,34.16305574807518,28.07022484423425,130.27930678909007,64.83267118987825,164.83302612530133,186.64954441270484,198.59886659454156,34.833333333333336,2815,39.16658076371584,2261.95232827849,637.9134754082273,31.553319931030273
125.8730193664435,64.34416723009136,80.37343569921401,60.237177357939736,30.741772583848885,153.7566328506142,75.07003307942934,155.43010248986292,130.01264768729425,154.11385283080796,10.947787857679888,21.286397230307045,40.26878529299069,33.8067431437862,25.82945791693455,133.1304162883353,69.7448239687734,172.8336552960985,178.81216748486324,207.89231021841172,36.1060606060606,2831,38.54624977997146,2260.169894941938,663.0562289039502,31.65370225906372
126.90164834218405,60.24346926634324,84.37402303713873,56.12857140116759,34.05618680077697,149.70744817431924,71.02876213117598,152.12766079262826,133.98177462114845,150.20988186146286,16.298689321314022,42.672577795622374,43.8955359138356,52.912933907358784,27.271540641652233,147.60059897489035,82.80902975004786,163.84168907566647,176.37266518482352,211.7592089612792,34.65151515151515,2834,39.420703365658106,2292.6152144279404,650.3802407754488,31.7540123462677
135.89199374243842,32.241914581867086,112.62782633269133,30.409862140435727,57.16563007584978,125.32040005021636,45.39394732229304,120.29099569239405,161.4101135205642,123.23724165406394,22.154242895425384,9.472769152073614,53.114820942441014,17.979085236411912,44.48257476679092,112.94695649849079,46.57147876245186,140.8391637698077,210.50170359709452,173.41295552289267,34.65151515151515,2869,37.48004203786106,2257.356729511216,596.8073150860705,31.85423731803894
134.7032029698077,34.956271061283196,109.4274199606788,32.63480465663245,54.17123453031987,127.66470467816515,47.54856562027705,125.42516945849455,158.44043451006974,124.97155726632238,42.17701599790787,12.720695571456975,70.80548816121855,3.7479965632564087,62.1418043137143,99.92161226935325,39.76199546861216,128.0946113325612,214.1591310045203,177.4773677409645,34.545454545454554,2860,35.040084849549416,2225.7081854988787,572.4860294878647,31.954410791397095
136.40887476971514,50.495590501877864,108.7980203253247,29.33542334673843,75.38866718099955,102.12625248287684,19.97239198762774,100.36558275312724,182.9147196784153,112.16246391254624,30.171422633732615,10.913473976815318,59.414719765539665,9.298679580133431,60.604740761625834,92.56744192385766,25.769136178735565,118.00125046967293,230.2580948098704,167.39639215093501,36.92727272727274,2839,34.48952315910468,2222.8439981952665,581.3332477139977,32.05444288253784
136.29047062506635,51.52366007772864,108.17828426372411,30.713433543775967,76.23503964466637,100.76362003299566,17.409555464118988,98.30050276227773,187.24570826839698,108.87478795275662,31.891069762537953,7.530609744600826,58.96519143498753,10.638172021200086,53.402275594725026,100.0958084598539,29.1700085448531,125.88557648070518,235.77695089825147,151.88286588086623,35.93636363636363,2833,39.70324969864744,2233.8627551524096,651.880613230069,32.15481162071228
146.98687238725105,60.19954135980153,126.58724581642439,20.614093361730447,89.78642331163762,98.83880721920539,33.30784056429841,107.22503637673395,164.81901509503314,120.8713396110601,20.04326218626246,49.70398841421996,59.967198989526075,44.18598904452029,98.74927787153369,62.280830484771414,47.456954681079885,114.25550741625733,195.97596674514108,202.96263984962096,32.327272727272735,2815,41.10268257632694,2313.126522147796,672.5227052594253,32.25519824028015
130.84769322056107,58.03598759269481,100.6510749201239,42.02005052066792,91.93969716867811,80.19304645339098,16.787581101506102,80.45281955336218,173.4474409381692,142.17988580075257,51.6323442320365,17.587377091345555,51.71437773202803,41.477914809114615,47.647176728862384,91.51891078060352,19.749216122929948,74.37616115840405,257.5146644095099,210.25187086027393,31.800000000000004,2841,37.57029646918913,2287.481302121868,640.439899345613,32.355287313461304
153.66975493809002,52.88533328083034,129.63620101453245,13.170954517495465,68.27584928473026,111.6122427004689,20.980614926866398,93.596581716623,200.4970992262756,122.89147542340793,20.667889836422532,34.49973816112729,72.10257801301003,11.51004560075884,61.56521515479101,111.70815474318331,38.98709754910482,127.84909572504974,266.1153113175816,157.34834972367105,30.200000000000003,2807,33.23856237873612,2330.557903037241,562.6463428184815,32.455660820007324
153.65299091901784,52.11764064701684,128.51322064226292,14.93443543093186,68.59310175983252,109.09786026712345,17.721969473158058,91.06434998409628,196.21593350774913,124.60034983672439,59.084197255350794,30.310133553348873,30.395523499918472,53.99639219977937,81.62820763415282,54.59347868941968,33.13623355061638,110.08210016938041,210.4335107477777,166.30901734723204,30.200000000000003,2812,28.96939894613255,2219.9966462634475,510.49743998535416,32.55578112602234
192.46767794761104,47.670285033761985,146.1401424843745,48.722231168015156,47.982086860262406,103.99272826752646,25.17937367879223,55.79368745471608,172.19645386782523,150.29325822641468,60.70046718279042,32.37968386562368,27.53716234367524,54.13165907607936,83.12803199886996,56.46357607123219,31.32413910385489,112.25935446968535,218.57635320057165,165.91205364300063,29.66666666666667,2766,32.19094536752182,2215.8176088145224,550.109679304007,32.65607476234436
253.59285920040813,76.98240116585544,162.12344190655523,108.12414632450029,98.84810690665374,63.83427158462246,69.06496165580009,101.42534185303774,122.94863578683174,105.05776915672632,40.333103667589405,20.08078812508249,69.76765313886162,64.27618284711602,76.02363116192407,54.000841752503085,67.5513214619596,118.87700073750429,165.76384083501105,147.30830117681302,27.66666666666667,2709,31.956201276597973,2338.3587271563315,555.2129601163891,32.756476402282715
267.50534257872107,85.73023428371128,162.92178036051482,118.54524255805259,111.92355268903471,51.08058438571128,72.85679919196542,112.39557915072193,129.85802211813504,93.71176808713506,76.30447437987002,49.57399214557305,12.974674141107869,39.00265375036017,65.4602171242559,88.05317520056367,18.098035777642316,68.57048185183616,193.5303712061347,201.77980464972268,26.75,2692,31.17865017586246,2386.6354052442857,530.4923871441069,32.85649108886719
324.6727275573747,121.69225280452008,150.6762547043852,143.95790313675528,147.32346251272207,32.066147481195486,52.3377238737628,109.04963293080434,183.20839651902432,136.5202338509343,50.4572654246732,36.53872067194537,68.359312337861,87.02013561843036,110.88071957124792,30.29948441197698,52.80892673339563,126.31450098531053,236.1557966275426,192.68464036969436,28.625,2635,28.558186698173905,2513.2957536304675,490.680575731857,32.95659804344177
328.73687149776185,123.88327172946099,148.42563005922796,143.71406692292626,147.0632926864817,36.345690267608845,48.543948573939154,105.0744018018162,181.49856766536112,137.92528985301314,60.22779864386552,27.87850778005185,45.401365967911794,36.45284548299783,60.737585199334646,55.78632294851831,73.20655618412454,141.18335822256637,204.69826180238138,138.18835413043675,23.20833333333333,2631,24.545019708235444,2452.16089600374,437.5269026126041,33.05701756477356
408.0254040908778,169.95452892137007,93.34459899706737,120.51358163160513,111.22679169537115,115.46836671668405,48.397369079833034,68.78583985837273,93.76702168807724,85.19969916701916,84.37664580309358,57.49778010329988,60.028287670492645,26.15536706413814,42.38800770083283,82.48638952163599,98.78398724969661,159.78237675474313,195.87851432393109,111.17649781378253,21.375,2542,25.33404589692345,2409.8583592046657,468.3514031618007,33.15742826461792
490.1575092633845,228.13101147929208,67.05594807475494,105.28383842648044,70.6982020249782,172.8366178744135,134.1824836922797,161.26767817120148,126.59948883105437,29.130959732861058,67.34233876588362,45.961380911590254,18.508784843244953,16.180129150373,15.238312026069313,114.59395322224748,112.12910092385752,169.83455608156558,178.3907169546953,75.32570159513375,20.785714285714285,2451,23.910395893799453,2356.548883406135,426.4579040230504,33.25750660896301
528.5448944064161,255.00030040167024,78.29454930564945,100.85900863330541,57.09928074299331,179.65813528632563,154.77396191261667,186.89403281067067,169.0779492486801,74.97729516675005,66.81575224525923,45.0328234125332,17.406362892763504,17.898686131265865,17.494568241683005,116.16627075935904,112.76155609863132,170.72951919518417,176.3193319564661,70.30815891145795,20.785714285714285,2402,24.329201897341388,2296.759043010422,420.819214175113,33.35785412788391
562.0489416275235,273.3831636844672,90.74498264012229,85.90550280884996,40.003068200495186,152.69100592616073,134.26553268766526,161.97625468788863,158.7661658204568,74.22814839939132,68.28136043525187,30.731412917031278,41.90402437843111,37.3291769118742,51.24919082193659,114.87224647741427,105.02305424216046,165.86372480483433,155.40395984565464,43.7294935427196,25.42857142857143,2362,22.754175304938258,2664.206135473898,391.9512243021411,33.45825242996216
622.2656074319164,302.49762865575207,128.8366275532423,71.27112000505882,66.89202922481735,71.23182700331678,55.62090666032137,79.46544824423759,78.55427367397492,34.6107455117044,69.9587841170553,30.548521178215303,46.831212072032756,42.27768982135576,55.84054051705627,116.59722083675261,106.19586737349839,166.99324741741046,155.86226887215113,44.19317476468808,17.5,2276,23.769402961935754,3290.2088246875965,395.9212301541178,33.558610677719116
683.0655751325792,329.4957890672384,178.08372896944638,100.33787561479637,125.56553132109076,55.38330229398977,54.85728369615354,113.6755080915056,89.09880586219019,60.319401410856834,107.23919499265573,103.15740578262935,83.20529160948452,62.07468926053174,96.16058259963722,50.25595412554431,57.31981624562651,133.62261564478015,115.71485902394065,85.36394880072268,10.785714285714285,2187,18.647066074585805,1058.4380168005791,292.8709208223552,33.65895485877991
683.1671919754356,329.69593459907605,178.37245571615335,100.7382376185921,126.0636314727229,55.33100241905025,55.107548740625155,113.9388450502775,89.382240326327,61.71650962108729,62.061087321953906,37.25171281465895,19.050316652163687,8.923380392892497,32.47844693172128,60.67290853014448,33.987901362722376,80.38451290871788,59.11774620597474,75.0678532464151,10.785714285714285,2187,13.473191117065014,1013.7621235620002,229.47602004378564,33.75899600982666
715.9757951483283,323.8638237977016,181.9184288925416,93.70395236683142,108.2786749513144,107.15950575370918,85.30409663121716,121.23886797311225,90.68794600334671,14.497441709249399,58.5461622317,30.829590461128788,11.90495202912374,15.725779237771537,30.58667093913807,59.96567059227863,30.78329440704183,73.31465130413669,52.71728052587616,82.79549473170009,10.785714285714285,2121,13.462324177244772,1007.4027885796884,226.05645026545545,33.859145164489746
747.7394961166162,310.3247300326183,179.86870033375467,95.07800485756013,78.13160894358207,140.6910004560757,99.31308714194682,81.78098438967639,48.83355393239607,86.11286924025171,52.90871332559799,24.578055490542948,5.168035986635037,26.054338240672735,38.22652006937849,51.037110041922986,20.014436038679428,76.06161584541358,59.722861850613185,80.18965392263242,8.0,2048,12.406095648983944,987.6508898031258,215.84398884552996,33.95943737030029
779.6849443096912,289.24468146866724,174.86479636053303,112.67664775208881,60.20076479811448,147.53011106444868,92.58112719299872,7.159158887693925,35.7661276996379,116.25011499428865,56.53457341410289,25.944567670809768,5.656589658456137,22.72271905009058,32.29751036259518,56.826040528540304,23.800644932433833,69.878008814257,54.67031748798673,86.54349315072812,8.0,1964,12.027722642590799,990.2765835509954,209.3829379865707,34.059820890426636
804.8560812131765,266.43436722641053,169.7978876028235,135.16550383794512,82.31735871894648,124.12545174553239,71.52377744625552,72.4903628863013,87.2353175891401,78.37048555453319,57.299176369242225,26.069516529527814,6.006748075180157,22.74675799231873,31.644057572800182,57.27128981106419,23.696905109993562,69.55446065400032,54.920297231362284,86.47712560457187,11.88095238095238,1886,11.780451640498578,992.9881407168576,209.84746532891387,34.160033226013184
825.028440755032,241.2610545485358,163.9892153387471,152.86462075834856,113.84282571002396,75.73158504236878,51.99314453442977,118.37500263559784,100.54047171598084,7.932953876418723,57.43208247730322,26.01296525947538,5.963500429161122,22.914715920720617,31.685051055916738,57.137768184254426,23.371737070034342,69.79297775100089,55.41997510231353,85.95284927021697,11.88095238095238,1809,11.838360812297614,995.9913018910503,210.2967361806359,34.260300397872925
840.207830277492,215.2421468929279,158.24386008926288,161.14388399182366,135.9037576672502,22.905413694022105,61.756667299203784,119.00917716575184,67.00288363906378,85.0551442107168,54.401193780419796,27.79946697483138,8.137249073506133,19.718115950327764,29.249061257067748,60.31577436235891,25.660944461762796,67.13186142852669,55.74123979685619,86.08705980842588,8.833333333333329,1732,11.602498625046636,992.2562981795146,207.18232818325396,34.360673904418945
850.8584068241253,190.64716951219887,154.47760627189797,158.96666880381187,142.69851525312703,66.93479532538626,87.2059751192415,73.35824277832543,18.76553224822115,117.09795943346167,56.488166646316586,26.072437054149667,6.067289025924809,21.589269441448508,31.268386373523125,59.126598911512566,26.453377811940673,66.37313016182598,54.056088089762326,87.6434516241499,14.466666666666661,1652,11.496718657358423,993.6265262303787,206.03018973548302,34.460893392562866
856.2321018306997,173.46855233844408,154.4332969697275,147.5257933271896,132.7390968172731,119.64916441085158,99.96167924447417,10.168491450241078,69.6684748538026,82.13054817877054,55.6357628757246,26.93365862608008,6.8246858980603315,21.552688959544113,31.16767552574257,58.284153829309226,25.658353802077666,67.08018735867739,52.96363915936244,89.02997472739182,14.466666666666661,1574,11.43680553660155,993.0235573654165,205.38316511665386,34.56130337715149
856.4446305059782,165.99992498079308,157.35224210614558,127.69643266067308,106.8361937785727,148.5414454696318,90.3251202942445,72.88628264758604,100.89863575758721,8.214388468337138,55.48060365382061,27.059817104684935,7.219440670372911,20.908783045832124,30.3482007175672,58.6196960193003,24.6333464440896,68.37459628586119,53.363139194298824,89.17705484347198,14.466666666666661,1495,11.16348539386067,992.5187402756558,200.3606047937909,34.66170573234558
851.7281132180949,171.45496524482166,163.29118590377053,107.45340759649201,77.11359300629509,146.48921072414424,66.97639696805989,118.52692916100732,87.35808368732373,86.04316351270768,54.52626090076719,27.950265418039958,7.337003597900924,22.012515977248658,31.576512248785747,58.26774841202469,26.08482194053025,66.81259891175048,54.455397063231885,87.1765518221469,14.466666666666661,1416,11.126598065716877,992.2632837237272,197.85161480146206,34.76191449165344
841.5566172245993,188.32970429079268,170.47902609996802,94.45251510840733,63.706757595445325,111.96608102823353,51.80983555470706,118.90065389233851,34.087555961040955,118.26579025810861,54.42888693251442,28.13396834554002,7.72317925936693,21.97569793671383,31.68463934931414,57.42778562335965,26.185431108283957,66.12904452056029,53.59514237971367,87.22527016860882,14.466666666666661,1336,11.086900843796792,992.8619022218974,197.31562521139153,34.86210799217224
826.677378577196,212.6442550535798,177.901772269513,99.36151164199168,85.22981832879294,57.0638689828793,71.50814877413977,75.55058430807216,46.2238062922424,82.48950660546168,53.685591008027075,28.587003241619705,7.191994322141933,22.691206328304588,31.982712587099606,58.588817736605,25.99765415363457,67.21494804498231,53.775734026090284,88.38453491228228,10.0,1256,10.539342512848588,991.1726625945397,197.35066316832396,34.962239503860474
806.5722288773204,240.80829007778726,184.03758775765124,118.4369377055254,117.23854757237636,31.223841617662664,95.52262734688202,11.891521326581158,94.23064901875739,5.999621356169789,73.54417450394357,29.85298913215287,29.295010076632217,24.172926564323003,41.74692719654446,35.78825946688531,45.47615892459223,43.0367302195494,71.617150554881,64.09725239351384,13.200000000000003,1175,9.194213221463162,1013.8967792259131,170.01490162552267,35.06224536895752
788.3351594001568,258.4805746396802,183.11569820444535,129.62520715003689,128.92390370372158,66.94158722796405,93.14688642007145,50.231724573535146,91.64002846286154,63.01012361533469,61.56790076786698,21.74332210990092,14.584827859504008,10.715021987645317,25.823013473191818,42.14443083737234,34.03068468726519,50.64399793460872,61.38519526639603,64.89180240524128,13.200000000000003,1118,8.451910579861845,998.135248457725,154.6951581696002,35.16249418258667
759.4504172175667,276.0539753991548,173.60455049016107,134.90699771229524,123.97734253129597,105.89700441422633,62.61960378193987,93.85642655158652,38.93060259199887,97.0277033083255,57.45528309031653,18.916653471091955,12.753139289838767,3.8209644089930808,19.9661732103397,40.214183944090664,38.10520494974341,46.632457919435815,67.3375880744529,56.93375229773582,6.5,1045,7.486549667579936,990.4513946605505,147.1421043281867,35.262848138809204
722.8545685265591,292.2662875110174,161.04617370943336,136.94959631721784,106.51851979063866,130.27158739515863,42.03118239869976,108.24791885235247,42.23650927942307,76.45203708460936,58.1348662792504,19.82914268904761,11.988253025478917,5.659508989189913,20.073800009014665,41.834456541800876,36.155111977392366,48.60086654001029,65.61101109206143,57.87331149853861,19.166666666666668,964,7.567027501399387,991.6158941631464,144.07101249795647,35.36307120323181
682.7084408529741,304.72001752919084,150.5463400258959,136.11049620738532,86.6680128249717,129.2738011539677,73.6603799771605,84.01400541068311,98.78614014360952,18.45279907158724,57.9152633898302,19.15090482782696,12.65357774567948,4.764832041105674,20.609140377814885,40.9083729133018,36.71229906067574,48.11865505159543,65.46946390862172,58.60376900539622,8.333333333333332,885,7.303188730887562,990.3266264133385,142.45160839355668,35.46333026885986
638.3730795500782,313.01246886978663,144.69000455127284,132.64974666621973,77.5764226532771,103.55766184537747,104.267035800127,35.95638620280393,109.42989994157693,62.19442097545439,57.94245155622135,19.108955997221347,12.694936262218782,4.857058965488935,20.646896778558954,41.07981076384303,36.50935153795132,48.31398035714098,65.48641053245758,58.28570714685905,8.333333333333332,805,7.449379396626069,991.5669994249988,141.93883764933554,35.56339693069458
590.2943021188959,316.6529446427442,145.5452870707618,127.85300186983591,88.36667589833736,62.75463332281982,110.33998713721367,49.44922788437049,68.14225532532022,97.2929694919147,57.461271795321785,26.109724595367577,6.32611141185946,7.5110974067191965,16.713148694275123,36.143684786765185,43.248270893906295,43.78773007445188,63.78894049307057,65.29506144573836,8.333333333333332,725,7.378579367623071,1000.2660682232913,133.8859919729936,35.66363525390625
543.3236140947042,314.75772710607293,150.5904650703749,121.93245759545212,104.8357082700174,40.7596943673564,88.2475984638248,88.75640492806866,7.092925178736212,75.8082309776444,57.46693499588357,26.106731659647124,6.316433831741352,7.526994541490564,16.687867680275176,36.155615092157625,43.2733366284411,43.74954977408713,63.81716097956905,65.31631603314722,8.333333333333332,652,6.959802816092964,1000.4575645540217,133.38760978881533,35.76404786109924
493.1816399743031,306.8745400885419,156.82063421107398,114.39167485696356,115.48294027891784,68.18609114660283,45.660322910742586,98.25966290816353,69.07969156484386,11.060065149979945,55.45970083244394,33.1074528764214,10.168134538083656,8.807594465490999,24.171423072927052,32.69960362478566,37.3501917787852,51.377087242636485,63.27064263156444,57.58085791132706,26.666666666666664,579,6.317323077668881,1007.6133187409903,125.73795217338372,35.864052057266235
446.0932668817126,294.0992184374433,160.63217591762765,106.54359746266866,113.89329143912603,96.39747814457735,29.705603775214545,73.01207089681891,98.45250016388822,54.02572350364471,55.492274395553174,33.162316580590186,10.159898018952555,8.956765920999059,24.292253620804267,32.53558137231168,37.19668139013259,51.71966658618388,63.35337859405363,57.07865033839182,26.666666666666664,514,6.204548102376654,1011.1166322839683,125.00290387278224,35.96432685852051
395.9349643646477,274.831637431661,160.2309888577268,97.63697816522199,98.74814572264009,107.3871712030442,65.79028728136763,21.561816481780152,80.04596137101468,85.76782523148361,56.93318885882477,31.723291675282514,7.256345048938821,10.785698624641089,23.300352714407108,29.531705356254232,38.324596572372506,54.367433691004166,61.79998689395397,54.2418419552092,11.0,449,5.924868454266417,1013.7695635525573,120.81288282268832,36.0644474029541
351.91077127134804,253.24276795125832,154.91174995003396,89.76194646702865,76.10926951530497,96.78047365520645,86.35618480099576,33.173417447282,30.827524833856874,67.30711890907132,48.634465620431186,42.311937418972775,26.075301894203587,11.192878877547708,28.717746645448862,47.38694780141848,43.405555888281675,37.45592708513843,61.736452337181944,69.41979161362164,14.333333333333332,394,6.139362499816435,1027.8979140524461,129.9508089314694,36.164573192596436
300.1992661745604,223.0072831500439,143.00696970118602,82.37001525739916,47.04409082929551,63.811493387374554,84.47572951558305,76.57511009215301,42.38441860368258,5.630975117232543,50.63534745951697,37.06842117104832,17.908575300854515,5.34541908989524,24.7757100835745,37.04231746438261,36.37128172445937,49.71544520578708,68.24377851712347,59.918013308036194,11.666666666666664,333,7.3759955651100135,1006.5411818341433,142.22341698384645,36.26484727859497
252.59074668875013,191.72140635843806,128.36295287348102,80.01189015490189,40.77632443060343,26.675004276717782,60.894587285245876,87.98183861327159,86.17227003224151,53.61670879742175,50.68881156298382,37.2068130462299,18.08064082057823,5.5661888656476055,25.02993162495901,37.5861708845281,36.685484572723134,48.90181498086296,67.35477780437179,60.033451636755196,11.666666666666664,278,7.9523338204335445,1004.3003975286016,141.85602391083444,36.365225315093994
202.8154643367524,156.390440954358,110.83729862288662,81.90686582434635,62.08456864437164,34.71304162850693,24.808519998458728,67.02411967870982,91.34303030586605,82.2709960687506,40.636951583991156,32.68330785469086,18.169619583173073,9.08037707583032,21.573655261694807,27.298280718514942,24.427561543619035,52.51996008839569,79.81755505522364,74.48364396791642,11.666666666666664,223,7.207280777581795,1034.0818428211505,128.08022173914978,36.46557974815369
197.84943123736792,152.28444811332642,107.93426975298789,80.50178089953855,62.4003107316971,35.94081376934087,19.932194538126552,61.77922085911484,86.4738938702578,78.19315813012851,30.018516525963086,45.19589322181525,46.90002339659212,45.436838918523065,42.90420306185066,27.656099484303287,21.414829701289793,74.42083747460039,113.10325471536471,110.15488751102184,13.333333333333332,217,7.081890742666417,1072.6106339657094,165.26432409619494,36.56561589241028
158.50711542043013,116.16800887029927,77.25035722836252,58.16826559332145,51.096660321706835,37.42422661380127,25.548608411586923,50.61225566768402,66.2638016758904,52.52641670597448,34.609778883925635,37.12111978556477,30.211945302240746,21.28832635077102,14.55423053180469,6.576517897106786,36.47358714135884,83.34779902477904,112.91996398729455,101.72385994306381,17.75,178,9.281939879462156,997.0777493564314,188.83103234353172,36.665719509124756
143.05642911212428,101.05525439338255,63.111189702331785,46.303141032739674,42.47126129918281,35.16273372331997,38.54026871577226,65.8551465899487,80.76181287099911,67.13089986167846,23.271840972157737,31.693232858277923,28.560470315059483,25.984348829653886,28.19739139368787,25.555344540617185,34.69447124292435,74.57396380642813,102.64260113221339,92.00258562500237,22.25,160,9.610891749421372,965.5138930365733,174.89169130160894,36.76611661911011
127.98236593702086,85.98200075737972,48.01994927660989,31.68931547928832,29.049191429009376,26.32348869382023,42.72375371743245,74.85376189555448,89.98503281664868,74.50594728949935,33.95772313022615,40.54948126840236,36.927432250108325,32.144107129387294,30.60253688656684,21.612289251456698,20.22521937661564,63.02007567901147,91.9458675115222,81.59395145584357,17.25,148,8.236967084488095,1024.6339768353535,143.81341287918735,36.86626362800598
106.46639119588555,66.09274880218518,29.98173391435629,13.573364128757037,9.569558453706925,5.5132491399597034,32.258474744871464,63.86168339224057,75.14920110383045,55.28952485503993,32.47355530988051,39.290003519053315,35.708654441776574,31.130530910418123,30.060685294234116,21.89487803380308,22.19941383496726,64.45487897063838,93.53274292438424,83.85514784535505,17.25,123,8.19208676525307,1171.7284845200093,148.93631660336104,36.96656918525696
88.23113579105922,54.167417150466996,30.162708488230933,24.177938470956725,22.663906555547307,14.659011595676443,15.149075708060321,43.785187946091035,56.594904237523885,43.905967321016654,12.896159749088223,6.156822794006858,8.13971208431693,17.15906308102677,21.593236659866154,22.48511450780038,22.778810960126073,45.279177243149476,61.3633250280508,50.65704975347519,15.25,105,6.676034299031569,674.4084274309447,130.4638748418983,37.06689929962158
